duplicate_group,sha256,repository,relative_path
1,08654ee73bbfa9d016a10709f3589fea6a343a19b6539206ed2eabbac69001f6,Chapter_1,.Rprofile
1,08654ee73bbfa9d016a10709f3589fea6a343a19b6539206ed2eabbac69001f6,upemba-boundary-disturbance,.Rprofile
2,a1ed3e537da132b601c8cb4eff3d5d46a65b5d165fa4c19f94a020462e42401b,Chapter_1,chapter 1 manuscript.docx
2,a1ed3e537da132b601c8cb4eff3d5d46a65b5d165fa4c19f94a020462e42401b,Chapter_1,evidence/chapter_1_historical_evidence.docx
3,7c17c519fb2f639d6b529345adb9f088ceeed399a253fa3e502873c7ae5285f9,Chapter_1,renv.lock
3,7c17c519fb2f639d6b529345adb9f088ceeed399a253fa3e502873c7ae5285f9,upemba-boundary-disturbance,renv.lock
4,38f8ff9f205068786c724b51821fe02ed1bfe8f10462a6a718e4625bab93e320,Chapter_1,config/disturbance_measurement_versions.csv
4,38f8ff9f205068786c724b51821fe02ed1bfe8f10462a6a718e4625bab93e320,upemba-boundary-disturbance,config/disturbance_measurement_versions.csv
5,d10b53080e92adefec595e3a6bdd095f42df2793bf31ebba61706537670be4bc,Chapter_1,config/disturbance_threshold_manifest.csv
5,d10b53080e92adefec595e3a6bdd095f42df2793bf31ebba61706537670be4bc,upemba-boundary-disturbance,config/disturbance_threshold_manifest.csv
6,8c1a6dd18c22d26c53894b327a64d407c80931202c5f0680fe1ffbfc8bf7062b,Chapter_1,config/fire_harmonized_2001_2022_manifest.csv
6,8c1a6dd18c22d26c53894b327a64d407c80931202c5f0680fe1ffbfc8bf7062b,upemba-boundary-disturbance,config/fire_harmonized_2001_2022_manifest.csv
7,4672e4cd5f7ddab2561befe922fdf7d546e5894e6a99f567629a8b016109fb4c,Chapter_1,data/accessibility_cities_2015_500m_epsg32735.tif
7,4672e4cd5f7ddab2561befe922fdf7d546e5894e6a99f567629a8b016109fb4c,Chapter_1,backup/Chapter_1_10022026/Chapter_1/data/accessibility_cities_2015_500m_epsg32735.tif
8,2fea7f5f1ef56f76688de00da036862924cac7580d201a028a21fd3444d2d4e0,Chapter_1,data/AFCD_stack.tif
8,2fea7f5f1ef56f76688de00da036862924cac7580d201a028a21fd3444d2d4e0,Chapter_1,backup/Chapter_1_10022026/Chapter_1/data/AFCD_stack.tif
9,86fe75a3d4432a7397029798dec7e839b81ccc97ae30fe51625d78bbaf2e7a06,Chapter_1,data/climate_summaries_1981_2010_500m_epsg32735.tif
9,86fe75a3d4432a7397029798dec7e839b81ccc97ae30fe51625d78bbaf2e7a06,Chapter_1,backup/Chapter_1_10022026/Chapter_1/data/climate_summaries_1981_2010_500m_epsg32735.tif
10,fb027a4ca8ede5c7ccbe865ce9d0f1e52705df8a9f784f2d54f358e1f850e37f,Chapter_1,data/dem_copernicus_glo30_mean_500m_epsg32735.tif
10,fb027a4ca8ede5c7ccbe865ce9d0f1e52705df8a9f784f2d54f358e1f850e37f,Chapter_1,backup/Chapter_1_10022026/Chapter_1/data/dem_copernicus_glo30_mean_500m_epsg32735.tif
11,5bde8d0100aeede46230374f6cadde3e9695918cd55fe02811ad2f82fd27815e,Chapter_1,data/dist_domaine_chasse_signed_m_500m_epsg32735.tif
11,5bde8d0100aeede46230374f6cadde3e9695918cd55fe02811ad2f82fd27815e,Chapter_1,backup/Chapter_1_10022026/Chapter_1/data/dist_domaine_chasse_signed_m_500m_epsg32735.tif
12,264aac9182aeeb6aa72d03bae95abb034c13a2831a2b3b37cdd4ac07b3052607,Chapter_1,data/dist_parc_national_signed_m_500m_epsg32735.tif
12,264aac9182aeeb6aa72d03bae95abb034c13a2831a2b3b37cdd4ac07b3052607,Chapter_1,backup/Chapter_1_10022026/Chapter_1/data/dist_parc_national_signed_m_500m_epsg32735.tif
13,70fa4dfc60698aca9c10ffbd0791111a3b44cb442a7dfacb72422dcec5540b93,Chapter_1,data/dist_perm_water_m_500m_epsg32735.tif
13,70fa4dfc60698aca9c10ffbd0791111a3b44cb442a7dfacb72422dcec5540b93,Chapter_1,backup/Chapter_1_10022026/Chapter_1/data/dist_perm_water_m_500m_epsg32735.tif
14,10d1804a2c45e237c47052e06c4e3672a0db68517f305820747b34db32473d07,Chapter_1,data/dist_zone_annexe_signed_m_500m_epsg32735.tif
14,10d1804a2c45e237c47052e06c4e3672a0db68517f305820747b34db32473d07,Chapter_1,backup/Chapter_1_10022026/Chapter_1/data/dist_zone_annexe_signed_m_500m_epsg32735.tif
15,392761ef4aca4ce3eafcdd532acb82fe9c7b3e0648dd54015a8ec25719eec215,Chapter_1,data/FireCCI51_season_DOYmin_tau_and_binary_2001_2020_500m_epsg32735.tif
15,392761ef4aca4ce3eafcdd532acb82fe9c7b3e0648dd54015a8ec25719eec215,Chapter_1,backup/Chapter_1_10022026/Chapter_1/data/FireCCI51_season_DOYmin_tau_and_binary_2001_2020_500m_epsg32735.tif
15,392761ef4aca4ce3eafcdd532acb82fe9c7b3e0648dd54015a8ec25719eec215,Chapter_1,backup/Chapter_1_10022026/Chapter_1/data/outdated/FireCCI51_season_DOYmin_tau_and_binary_2001_2020_500m_epsg32735.tif
15,392761ef4aca4ce3eafcdd532acb82fe9c7b3e0648dd54015a8ec25719eec215,Chapter_1,backup/Chapter_1_10022026/Chapter_1/data/tau075/FireCCI51_season_DOYmin_tau_and_binary_2001_2020_500m_epsg32735.tif
15,392761ef4aca4ce3eafcdd532acb82fe9c7b3e0648dd54015a8ec25719eec215,Chapter_1,data/outdated/FireCCI51_season_DOYmin_tau_and_binary_2001_2020_500m_epsg32735.tif
15,392761ef4aca4ce3eafcdd532acb82fe9c7b3e0648dd54015a8ec25719eec215,Chapter_1,data/tau075/FireCCI51_season_DOYmin_tau_and_binary_2001_2020_500m_epsg32735.tif
15,392761ef4aca4ce3eafcdd532acb82fe9c7b3e0648dd54015a8ec25719eec215,Chapter_1,data/tau_var/FireCCI51_season_DOYmin_tau025_and_binary_2001_2020_500m_epsg32735.tif
16,c3cd9c027abf72c7ee13b20b6cc143bdbaf70fbe4340295c8911579528ad5b7a,Chapter_1,data/fireDOY_season_2021_500m_tau0.25.tif
16,c3cd9c027abf72c7ee13b20b6cc143bdbaf70fbe4340295c8911579528ad5b7a,Chapter_1,backup/Chapter_1_10022026/Chapter_1/data/fireDOY_season_2021_500m_tau0.25.tif
16,c3cd9c027abf72c7ee13b20b6cc143bdbaf70fbe4340295c8911579528ad5b7a,Chapter_1,data/fire_precomputed_500m/fireDOY_max_AprOct_2021_500m_tau025.tif
17,c0a692e7224891f2f979bb046e2f08037e242c1af238ca389ee00688d4bea5e5,Chapter_1,data/fireDOY_season_2022_500m_tau0.25.tif
17,c0a692e7224891f2f979bb046e2f08037e242c1af238ca389ee00688d4bea5e5,Chapter_1,backup/Chapter_1_10022026/Chapter_1/data/fireDOY_season_2022_500m_tau0.25.tif
17,c0a692e7224891f2f979bb046e2f08037e242c1af238ca389ee00688d4bea5e5,Chapter_1,data/fire_precomputed_500m/fireDOY_max_AprOct_2022_500m_tau025.tif
18,b6bf66d0abd43652fdd9ea8b8477ca999194b816eb1a596c947df30a6ca4adbc,Chapter_1,data/gfc_lossyear_earliest_anysubpixel_500m_epsg32735.tif
18,b6bf66d0abd43652fdd9ea8b8477ca999194b816eb1a596c947df30a6ca4adbc,Chapter_1,backup/Chapter_1_10022026/Chapter_1/data/gfc_lossyear_earliest_anysubpixel_500m_epsg32735.tif
19,9e70ee772aba4ec77554b60ce20d53e23fc6245d04494d4489593bb1108b1628,Chapter_1,data/gfc_treecover2000_meanpct_500m_epsg32735.tif
19,9e70ee772aba4ec77554b60ce20d53e23fc6245d04494d4489593bb1108b1628,Chapter_1,backup/Chapter_1_10022026/Chapter_1/data/gfc_treecover2000_meanpct_500m_epsg32735.tif
20,af19ec9bd3c8ac7d78aea41493e5a34f7fd56c3a1b2d77d4216bad7ded6de9d4,Chapter_1,data/gfc_year_deforest_majority_tau_500m_epsg32735.tif
20,af19ec9bd3c8ac7d78aea41493e5a34f7fd56c3a1b2d77d4216bad7ded6de9d4,Chapter_1,backup/Chapter_1_10022026/Chapter_1/data/gfc_year_deforest_majority_tau_500m_epsg32735.tif
20,af19ec9bd3c8ac7d78aea41493e5a34f7fd56c3a1b2d77d4216bad7ded6de9d4,Chapter_1,backup/Chapter_1_10022026/Chapter_1/data/tau075/gfc_year_deforest_majority_tau_500m_epsg32735.tif
20,af19ec9bd3c8ac7d78aea41493e5a34f7fd56c3a1b2d77d4216bad7ded6de9d4,Chapter_1,data/tau075/gfc_year_deforest_majority_tau_500m_epsg32735.tif
21,1e481249b3d264224d8461b06f52b21abd834d03d1b2a3b1c1901d8eb791bb1e,Chapter_1,data/ghsl_built_surface_SUM_500m_1975_2030_step5_epsg32735.tif
21,1e481249b3d264224d8461b06f52b21abd834d03d1b2a3b1c1901d8eb791bb1e,Chapter_1,backup/Chapter_1_10022026/Chapter_1/data/ghsl_built_surface_SUM_500m_1975_2030_step5_epsg32735.tif
22,cd55c7b6e1054a368dadb67a5099854e56734cb2ae7d12cc5e3574d5c783677a,Chapter_1,data/ghsl_year_urban_earliest_500m_epsg32735.tif
22,cd55c7b6e1054a368dadb67a5099854e56734cb2ae7d12cc5e3574d5c783677a,Chapter_1,backup/Chapter_1_10022026/Chapter_1/data/ghsl_year_urban_earliest_500m_epsg32735.tif
23,c017186b96349678bd9efb65bd97b47772371d29b3f12c9deb7239554bee9af8,Chapter_1,data/ghsl_year_urban_majority_tau_500m_epsg32735.tif
23,c017186b96349678bd9efb65bd97b47772371d29b3f12c9deb7239554bee9af8,Chapter_1,backup/Chapter_1_10022026/Chapter_1/data/ghsl_year_urban_majority_tau_500m_epsg32735.tif
23,c017186b96349678bd9efb65bd97b47772371d29b3f12c9deb7239554bee9af8,Chapter_1,backup/Chapter_1_10022026/Chapter_1/data/tau075/ghsl_year_urban_majority_tau_500m_epsg32735.tif
23,c017186b96349678bd9efb65bd97b47772371d29b3f12c9deb7239554bee9af8,Chapter_1,data/tau075/ghsl_year_urban_majority_tau_500m_epsg32735.tif
24,05a144abdbe219d8368422857a654558cf6d4f2d851b444a6ba05a0e411f29da,Chapter_1,data/governance_covariates.csv
24,05a144abdbe219d8368422857a654558cf6d4f2d851b444a6ba05a0e411f29da,Chapter_1,backup/Chapter_1_10022026/Chapter_1/data/governance_covariates.csv
25,5adf695beeed37ac7047e0ae1a61e238749c530e590056ac9bc122463fb11fdb,Chapter_1,data/land_mask_nonwater_500m_epsg32735.tif
25,5adf695beeed37ac7047e0ae1a61e238749c530e590056ac9bc122463fb11fdb,Chapter_1,backup/Chapter_1_10022026/Chapter_1/data/land_mask_nonwater_500m_epsg32735.tif
26,f372a6f1727963539b1199a2d4de5c5a565589d0b87e99266ddfa1050d2ba90e,Chapter_1,data/openbuildings_fractional_count_SUM_500m_2016_2023_epsg32735.tif
26,f372a6f1727963539b1199a2d4de5c5a565589d0b87e99266ddfa1050d2ba90e,Chapter_1,backup/Chapter_1_10022026/Chapter_1/data/openbuildings_fractional_count_SUM_500m_2016_2023_epsg32735.tif
27,3ad3031f5503a4404af825262ee8232cc04d4ea6683d42c5dd0a2f2a27ac9824,Chapter_1,data/PA_designations.cpg
27,3ad3031f5503a4404af825262ee8232cc04d4ea6683d42c5dd0a2f2a27ac9824,Chapter_1,backup/Chapter_1_10022026/Chapter_1/data/PA_designations.cpg
28,d4374ce915a5a8f3364be6808f780bb5acf4cfed1f6b70f0bd3e9d337efce3f6,Chapter_1,data/PA_designations.dbf
28,d4374ce915a5a8f3364be6808f780bb5acf4cfed1f6b70f0bd3e9d337efce3f6,Chapter_1,backup/Chapter_1_10022026/Chapter_1/data/PA_designations.dbf
29,a02a27b1d1982c8516d83398e85a3c8b1aef1713c13ef4d84d7bde17430c07c4,Chapter_1,data/PA_designations.prj
29,a02a27b1d1982c8516d83398e85a3c8b1aef1713c13ef4d84d7bde17430c07c4,Chapter_1,backup/Chapter_1_10022026/Chapter_1/data/PA_designations.prj
30,e3b1998cc1b02393fb0e6d2cf0cf7159f7af5e0cbcc28d0e4013e37973d96c67,Chapter_1,data/PA_designations.qmd
30,e3b1998cc1b02393fb0e6d2cf0cf7159f7af5e0cbcc28d0e4013e37973d96c67,Chapter_1,backup/Chapter_1_10022026/Chapter_1/data/PA_designations.qmd
31,65c92bb111cbce883df32c117599a66fed69871c382489d8e37a6d9e197479fa,Chapter_1,data/PA_designations.shp
31,65c92bb111cbce883df32c117599a66fed69871c382489d8e37a6d9e197479fa,Chapter_1,backup/Chapter_1_10022026/Chapter_1/data/PA_designations.shp
32,97c141bb9a2b23d591069b8f1df4628270af120736f6934406cd3bfa187cfeef,Chapter_1,data/PA_designations.shx
32,97c141bb9a2b23d591069b8f1df4628270af120736f6934406cd3bfa187cfeef,Chapter_1,backup/Chapter_1_10022026/Chapter_1/data/PA_designations.shx
33,41ad1ea908e10302b3433336bd7b7f7dfe6d643a1d6d1c38490a7604b9fbbb1d,Chapter_1,data/soilgrids_0_30cm_mean_500m_epsg32735.tif
33,41ad1ea908e10302b3433336bd7b7f7dfe6d643a1d6d1c38490a7604b9fbbb1d,Chapter_1,backup/Chapter_1_10022026/Chapter_1/data/soilgrids_0_30cm_mean_500m_epsg32735.tif
34,2f8d63b84b90af31e878c6b56b1138b7774af4a3cb56199d9a0fcb97ee0ccd5a,Chapter_1,data/studyarea_chapter1.geojson
34,2f8d63b84b90af31e878c6b56b1138b7774af4a3cb56199d9a0fcb97ee0ccd5a,Chapter_1,backup/Chapter_1_10022026/Chapter_1/data/studyarea_chapter1.geojson
35,ce25af39365c9838c6411d484f36ecf7d73c1b669857ea8c43a76cb540c7d8a2,Chapter_1,data/upemba_sesu_year_regimes.csv
35,ce25af39365c9838c6411d484f36ecf7d73c1b669857ea8c43a76cb540c7d8a2,upemba-boundary-disturbance,data/upemba_sesu_year_regimes.csv
35,ce25af39365c9838c6411d484f36ecf7d73c1b669857ea8c43a76cb540c7d8a2,upemba-boundary-disturbance,data/governance_profiles/upemba_sesu_year_profiles.csv
36,6a4c3bcae64e17a1087ec9cc4e78e4c0aa902ab87d1da96c2623237456e0e19b,Chapter_1,data/year_agri_500m_tau0.25_2001_2022.tif
36,6a4c3bcae64e17a1087ec9cc4e78e4c0aa902ab87d1da96c2623237456e0e19b,Chapter_1,backup/Chapter_1_10022026/Chapter_1/data/year_agri_500m_tau0.25_2001_2022.tif
36,6a4c3bcae64e17a1087ec9cc4e78e4c0aa902ab87d1da96c2623237456e0e19b,Chapter_1,data/agri_precomputed_500m/year_agri_500m_tau025_2001_2022.tif
37,efc2ff8424d75bf4f7373fabc5565fa72f0c6a421a1eec9ff9cd9a95c7593a03,Chapter_1,docs/disturbance_measurement_provenance_report.md
37,efc2ff8424d75bf4f7373fabc5565fa72f0c6a421a1eec9ff9cd9a95c7593a03,upemba-boundary-disturbance,docs/provenance/disturbance_measurement_provenance_report.md
38,0ab157a11cd3af633c4d4dd233a17ff72c7f18c217bea7aac58288fc7e302bbf,Chapter_1,docs/fire_10km_optimizer_refinement_report.md
38,0ab157a11cd3af633c4d4dd233a17ff72c7f18c217bea7aac58288fc7e302bbf,upemba-boundary-disturbance,docs/decisions/fire_10km_optimizer_refinement_report.md
39,00a4e2fd7fc654f00f28b18242d30dd944b857bfaa74307ba99b21321c779ba5,Chapter_1,docs/fire_10km_optimizer_refinement_validation.md
39,00a4e2fd7fc654f00f28b18242d30dd944b857bfaa74307ba99b21321c779ba5,upemba-boundary-disturbance,docs/validation/fire_10km_optimizer_refinement_validation.md
40,704e5cf0f5d1440f7b981fcc47870334bd1e2985e624b7379b520022cffffd1e,Chapter_1,docs/fire_2021_2022_harmonization_report.md
40,704e5cf0f5d1440f7b981fcc47870334bd1e2985e624b7379b520022cffffd1e,upemba-boundary-disturbance,docs/decisions/fire_2021_2022_harmonization_report.md
41,30ec782a7eb0c0011c2c66365730fedb59ea208843ba72078e81c867b7cfff88,Chapter_1,docs/governance_profile_mapping.md
41,30ec782a7eb0c0011c2c66365730fedb59ea208843ba72078e81c867b7cfff88,upemba-boundary-disturbance,docs/methods/governance_profile_mapping.md
42,c5b29e0d6d6d8ce61e79ff9ab494642297f2f61b8921c7c8de5e98cae0d1ce8a,Chapter_1,docs/governance_profile_model_stability_report.md
42,c5b29e0d6d6d8ce61e79ff9ab494642297f2f61b8921c7c8de5e98cae0d1ce8a,upemba-boundary-disturbance,docs/validation/governance_profile_model_stability_report.md
43,68236f81be524fe1fcc525844e44ec13f8a62f4369aa61c5c83064179c33e298,Chapter_1,docs/governance_profile_phase2_validation.md
43,68236f81be524fe1fcc525844e44ec13f8a62f4369aa61c5c83064179c33e298,upemba-boundary-disturbance,docs/validation/governance_profile_phase2_validation.md
44,523cb3b006e7e3ca213c7903620e2c5a20f58a4fb80829d1cd6156c341551674,Chapter_1,docs/measurement_harmonization_validation.md
44,523cb3b006e7e3ca213c7903620e2c5a20f58a4fb80829d1cd6156c341551674,upemba-boundary-disturbance,docs/validation/measurement_harmonization_validation.md
45,b8ce151d020259a1ed5ca3bb13fb45dd5cffa2827cc4b1ac32cbe697c64c4dca,Chapter_1,docs/old_placebo_deprecation_note.md
45,b8ce151d020259a1ed5ca3bb13fb45dd5cffa2827cc4b1ac32cbe697c64c4dca,upemba-boundary-disturbance,docs/decisions/old_placebo_deprecation_note.md
46,7e050692ba2515fba1f2367842d41de9399fc5f3fbfbc8c7a2d3e2d51a7bf197,Chapter_1,docs/spatial_boundary_falsification_design_revision.md
46,7e050692ba2515fba1f2367842d41de9399fc5f3fbfbc8c7a2d3e2d51a7bf197,upemba-boundary-disturbance,docs/decisions/spatial_boundary_falsification_design_revision.md
47,365a1e2465a579ec9c14bfb987d15fd9dcdebfbeba67a735576c2945ca819642,Chapter_1,docs/spatial_boundary_falsification_revised_report.md
47,365a1e2465a579ec9c14bfb987d15fd9dcdebfbeba67a735576c2945ca819642,upemba-boundary-disturbance,docs/decisions/spatial_boundary_falsification_revised_report.md
47,365a1e2465a579ec9c14bfb987d15fd9dcdebfbeba67a735576c2945ca819642,upemba-boundary-disturbance,outputs/_validation/analysis_spatial_falsification_revised_dev/provenance/spatial_boundary_falsification_revised_report.md
48,f100e44df0f91268c51e67aed8a00b930a2db71695a6237687d6e14222ae981e,Chapter_1,docs/spatial_boundary_falsification_revised_validation.md
48,f100e44df0f91268c51e67aed8a00b930a2db71695a6237687d6e14222ae981e,upemba-boundary-disturbance,docs/validation/spatial_boundary_falsification_revised_validation.md
49,5a95ea219821ebd563551151612e9842a1b9f3f625d34231804c4cfab5ee8b80,Chapter_1,docs/spatial_threshold_phase3_validation.md
49,5a95ea219821ebd563551151612e9842a1b9f3f625d34231804c4cfab5ee8b80,upemba-boundary-disturbance,docs/validation/spatial_threshold_phase3_validation.md
50,2a7b62b439220cb62ef7867a22f78855eee538a490cb94583fa3ad5a2654cb15,Chapter_1,docs/spatial_threshold_sensitivity_report.md
50,2a7b62b439220cb62ef7867a22f78855eee538a490cb94583fa3ad5a2654cb15,upemba-boundary-disturbance,docs/decisions/spatial_threshold_sensitivity_report.md
51,4c673ae9f2e2f618f5e92cf1f26bfe9a1759c49c15433ae7242a316106d196c3,Chapter_1,evidence/governance_episode_evidence_ledger.csv
51,4c673ae9f2e2f618f5e92cf1f26bfe9a1759c49c15433ae7242a316106d196c3,upemba-boundary-disturbance,evidence/governance_episode_evidence_ledger.csv
52,7463306eae929f5e2365c53e095d2ad5826c836e66febdbf4bd021f433297938,Chapter_1,outdated/Script X_ORACLE.R
52,7463306eae929f5e2365c53e095d2ad5826c836e66febdbf4bd021f433297938,Chapter_1,backup/Chapter_1_10022026/Chapter_1/Script X_ORACLE.R
53,9b21f810728401a29675d989e533d4ed4626be7e18479cbce7e48f1cfe91747b,Chapter_1,renv/.gitignore
53,9b21f810728401a29675d989e533d4ed4626be7e18479cbce7e48f1cfe91747b,upemba-boundary-disturbance,renv/.gitignore
54,e94dd25c92b41d5137174135fe98825c153d42abe3ffe4ad7102d5475a341555,Chapter_1,renv/activate.R
54,e94dd25c92b41d5137174135fe98825c153d42abe3ffe4ad7102d5475a341555,upemba-boundary-disturbance,renv/activate.R
55,e9a3f038fdc32dd9827c335410a1f9b32831dc35bf36c92ce7863546b5ecb7d9,Chapter_1,renv/settings.json
55,e9a3f038fdc32dd9827c335410a1f9b32831dc35bf36c92ce7863546b5ecb7d9,upemba-boundary-disturbance,renv/settings.json
56,65ce8b16d24c723825e584d24566c092e9463d0478633be22e2d1100cca28790,Chapter_1,repository_audit/data_inventory.csv
56,65ce8b16d24c723825e584d24566c092e9463d0478633be22e2d1100cca28790,Chapter_1,repository_audit/data_tracking_recommendations.csv
57,0497433d5d974c373ceb8a0add1a7a056c7ba4d8b4b4ba7c99216b8b73c17537,Chapter_1,run_2026_04_07/corridor_pixel_counts_by_SESU_PA_side.csv
57,0497433d5d974c373ceb8a0add1a7a056c7ba4d8b4b4ba7c99216b8b73c17537,Chapter_1,run_2026_04_20/corridor_pixel_counts_by_SESU_PA_side.csv
57,0497433d5d974c373ceb8a0add1a7a056c7ba4d8b4b4ba7c99216b8b73c17537,Chapter_1,run_2026_05_27/corridor_pixel_counts_by_SESU_PA_side.csv
57,0497433d5d974c373ceb8a0add1a7a056c7ba4d8b4b4ba7c99216b8b73c17537,Chapter_1,backup/Chapter_1_10022026/Chapter_1/run_2026_02_10/corridor_pixel_counts_by_SESU_PA_side.csv
58,3aec80e1d23457aa09592c29739be632b89a1d9931bec9452a189bf451085e8b,Chapter_1,run_2026_04_07/corridor_pixel_counts_by_SESU_side.csv
58,3aec80e1d23457aa09592c29739be632b89a1d9931bec9452a189bf451085e8b,Chapter_1,run_2026_04_20/corridor_pixel_counts_by_SESU_side.csv
58,3aec80e1d23457aa09592c29739be632b89a1d9931bec9452a189bf451085e8b,Chapter_1,run_2026_05_27/corridor_pixel_counts_by_SESU_side.csv
58,3aec80e1d23457aa09592c29739be632b89a1d9931bec9452a189bf451085e8b,Chapter_1,backup/Chapter_1_10022026/Chapter_1/run_2026_02_10/corridor_pixel_counts_by_SESU_side.csv
59,cb3d0ae2d4435830bc044a27595c031419a4e67e58b77046703775082eb0ca48,Chapter_1,run_2026_04_07/corridor_selected_SESU_side_classes.tif
59,cb3d0ae2d4435830bc044a27595c031419a4e67e58b77046703775082eb0ca48,Chapter_1,run_2026_04_20/corridor_selected_SESU_side_classes.tif
59,cb3d0ae2d4435830bc044a27595c031419a4e67e58b77046703775082eb0ca48,Chapter_1,run_2026_05_27/corridor_selected_SESU_side_classes.tif
59,cb3d0ae2d4435830bc044a27595c031419a4e67e58b77046703775082eb0ca48,Chapter_1,backup/Chapter_1_10022026/Chapter_1/run_2026_02_10/corridor_selected_SESU_side_classes.tif
60,ade1b31f90c73a53d199b661a74ccd55085bbf76959db94e289b4c206e8428eb,Chapter_1,run_2026_04_07/corridor_selected_SESU_side_classes_legend.csv
60,ade1b31f90c73a53d199b661a74ccd55085bbf76959db94e289b4c206e8428eb,Chapter_1,run_2026_04_20/corridor_selected_SESU_side_classes_legend.csv
60,ade1b31f90c73a53d199b661a74ccd55085bbf76959db94e289b4c206e8428eb,Chapter_1,run_2026_05_27/corridor_selected_SESU_side_classes_legend.csv
60,ade1b31f90c73a53d199b661a74ccd55085bbf76959db94e289b4c206e8428eb,Chapter_1,backup/Chapter_1_10022026/Chapter_1/run_2026_02_10/corridor_selected_SESU_side_classes_legend.csv
61,c5a4cbf1061f3a13d77ab9d6349019e3bbe07758878491934ea2a8c2d566b3f8,Chapter_1,run_2026_04_07/elbow_plot.png
61,c5a4cbf1061f3a13d77ab9d6349019e3bbe07758878491934ea2a8c2d566b3f8,Chapter_1,run_2026_04_20/elbow_plot.png
61,c5a4cbf1061f3a13d77ab9d6349019e3bbe07758878491934ea2a8c2d566b3f8,Chapter_1,run_2026_05_27/elbow_plot.png
62,a78d683855388ccfa0f74d2c216823d18348d0b4dbf1a796856451f3be78e12f,Chapter_1,run_2026_04_07/kmeans_best_k_silhouette.txt
62,a78d683855388ccfa0f74d2c216823d18348d0b4dbf1a796856451f3be78e12f,Chapter_1,run_2026_04_20/kmeans_best_k_silhouette.txt
62,a78d683855388ccfa0f74d2c216823d18348d0b4dbf1a796856451f3be78e12f,Chapter_1,run_2026_05_27/kmeans_best_k_silhouette.txt
62,a78d683855388ccfa0f74d2c216823d18348d0b4dbf1a796856451f3be78e12f,Chapter_1,backup/Chapter_1_10022026/Chapter_1/run_2026_02_10/kmeans_best_k_silhouette.txt
63,fd936d3e8003473ad23080d8682bac9d484ca86010bae7adcf65cf3d990c58db,Chapter_1,run_2026_04_07/kmeans_seed_stability_ARI.csv
63,fd936d3e8003473ad23080d8682bac9d484ca86010bae7adcf65cf3d990c58db,Chapter_1,run_2026_04_20/kmeans_seed_stability_ARI.csv
63,fd936d3e8003473ad23080d8682bac9d484ca86010bae7adcf65cf3d990c58db,Chapter_1,run_2026_05_27/kmeans_seed_stability_ARI.csv
63,fd936d3e8003473ad23080d8682bac9d484ca86010bae7adcf65cf3d990c58db,Chapter_1,backup/Chapter_1_10022026/Chapter_1/run_2026_02_10/kmeans_seed_stability_ARI.csv
64,82f787a7c84fc97ca178048bec71a3518e4a70425df516665c01ca99b1f85562,Chapter_1,run_2026_04_07/kmeans_silhouette_by_k.csv
64,82f787a7c84fc97ca178048bec71a3518e4a70425df516665c01ca99b1f85562,Chapter_1,run_2026_04_20/kmeans_silhouette_by_k.csv
64,82f787a7c84fc97ca178048bec71a3518e4a70425df516665c01ca99b1f85562,Chapter_1,run_2026_05_27/kmeans_silhouette_by_k.csv
64,82f787a7c84fc97ca178048bec71a3518e4a70425df516665c01ca99b1f85562,Chapter_1,backup/Chapter_1_10022026/Chapter_1/run_2026_02_10/kmeans_silhouette_by_k.csv
65,3b37706a24e19490a587d2e29fec72ced22a6de9ac98e63951ed7cb66b0491da,Chapter_1,run_2026_04_07/pop_total_by_sesu_year.csv
65,3b37706a24e19490a587d2e29fec72ced22a6de9ac98e63951ed7cb66b0491da,Chapter_1,run_2026_04_20/pop_total_by_sesu_year.csv
65,3b37706a24e19490a587d2e29fec72ced22a6de9ac98e63951ed7cb66b0491da,Chapter_1,run_2026_05_27/pop_total_by_sesu_year.csv
66,8f24b747bcebc33d96dd5dc4270f761a284e0cde74f164e8fc0566f49caeb4d6,Chapter_1,run_2026_04_07/rs_surfaces_long.csv
66,8f24b747bcebc33d96dd5dc4270f761a284e0cde74f164e8fc0566f49caeb4d6,Chapter_1,run_2026_04_20/rs_surfaces_long.csv
66,8f24b747bcebc33d96dd5dc4270f761a284e0cde74f164e8fc0566f49caeb4d6,Chapter_1,run_2026_05_27/rs_surfaces_long.csv
66,8f24b747bcebc33d96dd5dc4270f761a284e0cde74f164e8fc0566f49caeb4d6,Chapter_1,backup/Chapter_1_10022026/Chapter_1/run_2026_02_10/rs_surfaces_long.csv
67,40f80618ed9d95a806f61c8e4604823996057faccd8379e7456c0bbd6b6cfad2,Chapter_1,run_2026_04_07/SESU_area_after_cleaning.csv
67,40f80618ed9d95a806f61c8e4604823996057faccd8379e7456c0bbd6b6cfad2,Chapter_1,run_2026_04_20/SESU_area_after_cleaning.csv
67,40f80618ed9d95a806f61c8e4604823996057faccd8379e7456c0bbd6b6cfad2,Chapter_1,run_2026_05_27/SESU_area_after_cleaning.csv
67,40f80618ed9d95a806f61c8e4604823996057faccd8379e7456c0bbd6b6cfad2,Chapter_1,backup/Chapter_1_10022026/Chapter_1/run_2026_02_10/SESU_area_after_cleaning.csv
68,b7a550ee164be04873a31b38ed718904a8ec6405cfb3d8d665dec85e80bb466e,Chapter_1,run_2026_04_07/SESU_area_before_cleaning.csv
68,b7a550ee164be04873a31b38ed718904a8ec6405cfb3d8d665dec85e80bb466e,Chapter_1,run_2026_04_20/SESU_area_before_cleaning.csv
68,b7a550ee164be04873a31b38ed718904a8ec6405cfb3d8d665dec85e80bb466e,Chapter_1,run_2026_05_27/SESU_area_before_cleaning.csv
68,b7a550ee164be04873a31b38ed718904a8ec6405cfb3d8d665dec85e80bb466e,Chapter_1,backup/Chapter_1_10022026/Chapter_1/run_2026_02_10/SESU_area_before_cleaning.csv
69,61bb84c24b56717ad2ae429caa936569d919526bdc8300f601678f20165c09c3,Chapter_1,run_2026_04_07/SESU_covariates_500m.tif
69,61bb84c24b56717ad2ae429caa936569d919526bdc8300f601678f20165c09c3,Chapter_1,run_2026_04_20/SESU_covariates_500m.tif
69,61bb84c24b56717ad2ae429caa936569d919526bdc8300f601678f20165c09c3,Chapter_1,run_2026_05_27/SESU_covariates_500m.tif
69,61bb84c24b56717ad2ae429caa936569d919526bdc8300f601678f20165c09c3,Chapter_1,backup/Chapter_1_10022026/Chapter_1/run_2026_02_10/SESU_covariates_500m.tif
70,39ff713fae5fa3e73c1d05134ef09a3558f87136f1462becdbe85c5f3652b66a,Chapter_1,run_2026_04_07/SESU_features_used.txt
70,39ff713fae5fa3e73c1d05134ef09a3558f87136f1462becdbe85c5f3652b66a,Chapter_1,run_2026_04_20/SESU_features_used.txt
70,39ff713fae5fa3e73c1d05134ef09a3558f87136f1462becdbe85c5f3652b66a,Chapter_1,run_2026_05_27/SESU_features_used.txt
70,39ff713fae5fa3e73c1d05134ef09a3558f87136f1462becdbe85c5f3652b66a,Chapter_1,backup/Chapter_1_10022026/Chapter_1/run_2026_02_10/SESU_features_used.txt
71,1fe9599790ef621f6f6dfc83f2c8994ebb8ab92ac79c106c5573574cc72faa61,Chapter_1,run_2026_04_07/SESU_feature_summary.csv
71,1fe9599790ef621f6f6dfc83f2c8994ebb8ab92ac79c106c5573574cc72faa61,Chapter_1,run_2026_04_20/SESU_feature_summary.csv
71,1fe9599790ef621f6f6dfc83f2c8994ebb8ab92ac79c106c5573574cc72faa61,Chapter_1,run_2026_05_27/SESU_feature_summary.csv
71,1fe9599790ef621f6f6dfc83f2c8994ebb8ab92ac79c106c5573574cc72faa61,Chapter_1,backup/Chapter_1_10022026/Chapter_1/run_2026_02_10/SESU_feature_summary.csv
72,82bf53a13d9eda0ecb5a2fdc96e649ecaef4731c1c839e81450b6152e75acb42,Chapter_1,run_2026_04_07/SESU_ID_500m.tif
72,82bf53a13d9eda0ecb5a2fdc96e649ecaef4731c1c839e81450b6152e75acb42,Chapter_1,run_2026_04_20/SESU_ID_500m.tif
72,82bf53a13d9eda0ecb5a2fdc96e649ecaef4731c1c839e81450b6152e75acb42,Chapter_1,run_2026_05_27/SESU_ID_500m.tif
72,82bf53a13d9eda0ecb5a2fdc96e649ecaef4731c1c839e81450b6152e75acb42,Chapter_1,backup/Chapter_1_10022026/Chapter_1/run_2026_02_10/SESU_ID_500m.tif
73,bb5e067b8c85972925e77bcff4fc0a1e8ca038ae5ace2c44c063df5c59f745e1,Chapter_1,run_2026_04_07/SESU_imputation_values.rds
73,bb5e067b8c85972925e77bcff4fc0a1e8ca038ae5ace2c44c063df5c59f745e1,Chapter_1,run_2026_04_20/SESU_imputation_values.rds
73,bb5e067b8c85972925e77bcff4fc0a1e8ca038ae5ace2c44c063df5c59f745e1,Chapter_1,run_2026_05_27/SESU_imputation_values.rds
74,d7432b88c9d8a2d96d457d26791b8443f4675d13ba0f9ea506704c4bc5a24af9,Chapter_1,run_2026_04_07/SESU_log1p_features.txt
74,d7432b88c9d8a2d96d457d26791b8443f4675d13ba0f9ea506704c4bc5a24af9,Chapter_1,run_2026_04_20/SESU_log1p_features.txt
74,d7432b88c9d8a2d96d457d26791b8443f4675d13ba0f9ea506704c4bc5a24af9,Chapter_1,run_2026_05_27/SESU_log1p_features.txt
74,d7432b88c9d8a2d96d457d26791b8443f4675d13ba0f9ea506704c4bc5a24af9,Chapter_1,backup/Chapter_1_10022026/Chapter_1/run_2026_02_10/SESU_log1p_features.txt
75,73ef48069abcc90d95da25444140b21ffeb5e23e38d580e027a752980463e24f,Chapter_1,run_2026_04_07/SESU_manifest.rds
75,73ef48069abcc90d95da25444140b21ffeb5e23e38d580e027a752980463e24f,Chapter_1,run_2026_04_07/provenance/SESU_manifest.rds
76,7310d6db123d1222de17fada5a30c7ec52a20c31f70b91e41b0d2c19248f16dd,Chapter_1,run_2026_04_07/SESU_scaling_params.rds
76,7310d6db123d1222de17fada5a30c7ec52a20c31f70b91e41b0d2c19248f16dd,Chapter_1,run_2026_04_20/SESU_scaling_params.rds
76,7310d6db123d1222de17fada5a30c7ec52a20c31f70b91e41b0d2c19248f16dd,Chapter_1,run_2026_05_27/SESU_scaling_params.rds
77,cb453a14ff6251d604a630317f67a72307cf49ab7924bf99d0a57215d2842d78,Chapter_1,run_2026_04_20/sessionInfo.txt
77,cb453a14ff6251d604a630317f67a72307cf49ab7924bf99d0a57215d2842d78,Chapter_1,run_2026_05_27/sessionInfo.txt
78,72875c4688c8d2a790f34f9d65db6317db8dbcca776612cc92d587c4f5acaad5,Chapter_1,run_2026_04_20/SESU_manifest.rds
78,72875c4688c8d2a790f34f9d65db6317db8dbcca776612cc92d587c4f5acaad5,Chapter_1,run_2026_05_27/SESU_manifest.rds
78,72875c4688c8d2a790f34f9d65db6317db8dbcca776612cc92d587c4f5acaad5,Chapter_1,run_2026_04_20/provenance/SESU_manifest.rds
78,72875c4688c8d2a790f34f9d65db6317db8dbcca776612cc92d587c4f5acaad5,Chapter_1,run_2026_05_27/provenance/SESU_manifest.rds
79,75d094d9d96558ef59ca107222fe667f4c488b32c87ff3af783345d2501ab871,Chapter_1,run_2026_05_27/oracle_boundary_1to10_long_REAL_NP.csv
79,75d094d9d96558ef59ca107222fe667f4c488b32c87ff3af783345d2501ab871,Chapter_1,backup/Chapter_1_10022026/Chapter_1/run_2026_02_10/oracle_boundary_1to10_long_REAL_NP.csv
80,2a6fefa669a0e009e7650fe33d09723c45327166636ccb3c0cf23ebc295a03e0,Chapter_1,scripts/Script 0_data acquisition.txt
80,2a6fefa669a0e009e7650fe33d09723c45327166636ccb3c0cf23ebc295a03e0,upemba-boundary-disturbance,scripts/acquisition/00_acquire_remote_sensing_gee.txt
81,f6250dbaff187c7dc59077a86d14cd6b96187a0f99fc6bc1d6432345ff12a400,Chapter_1,scripts/Script 1_Fire agri preprocessing.R
81,f6250dbaff187c7dc59077a86d14cd6b96187a0f99fc6bc1d6432345ff12a400,Chapter_1,backup/Chapter_1_10022026/Chapter_1/Script 1_Fire agri preprocessing.R
82,530576eb670d69fcbf40f0274d42422774a6d02bc56048e0c5a24b26147fb563,Chapter_1,scripts/Script 2_SESU clustering.R
82,530576eb670d69fcbf40f0274d42422774a6d02bc56048e0c5a24b26147fb563,Chapter_1,backup/Chapter_1_10022026/Chapter_1/Script 2_SESU clustering.R
83,e5ea0176a13795e4e3aab7958292af49b06074eb0cb2716b61b6350c2be31215,Chapter_1,scripts/Script 3_RS data preparation.R
83,e5ea0176a13795e4e3aab7958292af49b06074eb0cb2716b61b6350c2be31215,Chapter_1,backup/Chapter_1_10022026/Chapter_1/Script 3_RS data preparation.R
84,562763a27a7c882836bcc08b438cc7aa782e5ff1290d9ec74cc4c92d1cad9339,Chapter_1,analysis_fire_harmonization_dev/provenance/fire_harmonized_input_hashes.csv
84,562763a27a7c882836bcc08b438cc7aa782e5ff1290d9ec74cc4c92d1cad9339,upemba-boundary-disturbance,outputs/_validation/analysis_fire_harmonization_dev/provenance/fire_harmonized_input_hashes.csv
85,27b7c5d810c22169b3db343a4fcaa2704b9ce73ef8fb099ebbcbdfe957a89ad0,Chapter_1,analysis_fire_harmonization_dev/provenance/sessionInfo.txt
85,27b7c5d810c22169b3db343a4fcaa2704b9ce73ef8fb099ebbcbdfe957a89ad0,upemba-boundary-disturbance,outputs/_validation/analysis_fire_harmonization_dev/provenance/sessionInfo.txt
86,430aa3fb58232798e720de7628a7a5277d2570273a003a93ad04e42dd5255ea0,Chapter_1,analysis_fire_harmonization_dev/tables/fire_2021_2022_disagreement_by_distance.csv
86,430aa3fb58232798e720de7628a7a5277d2570273a003a93ad04e42dd5255ea0,upemba-boundary-disturbance,outputs/_validation/analysis_fire_harmonization_dev/tables/fire_2021_2022_disagreement_by_distance.csv
87,8e62a2fc750e9714771f74a2dd850a7cdc2c6e7661ad0e284fb6dd7352d86404,Chapter_1,analysis_fire_harmonization_dev/tables/fire_2021_2022_disagreement_by_sesu_side.csv
87,8e62a2fc750e9714771f74a2dd850a7cdc2c6e7661ad0e284fb6dd7352d86404,upemba-boundary-disturbance,outputs/_validation/analysis_fire_harmonization_dev/tables/fire_2021_2022_disagreement_by_sesu_side.csv
88,53d8edc2a9eb1caa825c9c6f988168584e2b5682e58646d0f92dc121d110dfd6,Chapter_1,analysis_fire_harmonization_dev/tables/fire_2021_2022_product_comparison.csv
88,53d8edc2a9eb1caa825c9c6f988168584e2b5682e58646d0f92dc121d110dfd6,upemba-boundary-disturbance,outputs/_validation/analysis_fire_harmonization_dev/tables/fire_2021_2022_product_comparison.csv
89,d2e09010d438854a71ba6e5c2b88ca4e7a5dfdde16c917dc5584728c8d10f869,Chapter_1,analysis_fire_harmonization_dev/tables/fire_2021_2022_source_inventory.csv
89,d2e09010d438854a71ba6e5c2b88ca4e7a5dfdde16c917dc5584728c8d10f869,upemba-boundary-disturbance,outputs/_validation/analysis_fire_harmonization_dev/tables/fire_2021_2022_source_inventory.csv
90,1af92ebc7ee1b9843a8945dcc5fbcbadd2e6f1532e3b7880a2fbf3c198102817,Chapter_1,analysis_fire_harmonization_dev/tables/fire_canonical_vs_harmonized_tau025.csv
90,1af92ebc7ee1b9843a8945dcc5fbcbadd2e6f1532e3b7880a2fbf3c198102817,upemba-boundary-disturbance,outputs/_validation/analysis_fire_harmonization_dev/tables/fire_canonical_vs_harmonized_tau025.csv
91,05afcdea9ce7f474ec4761b3f2a14394b5ed1fbee269d63e7da5f5ef20879534,Chapter_1,analysis_fire_harmonization_dev/tables/fire_harmonized_event_counts.csv
91,05afcdea9ce7f474ec4761b3f2a14394b5ed1fbee269d63e7da5f5ef20879534,upemba-boundary-disturbance,outputs/_validation/analysis_fire_harmonization_dev/tables/fire_harmonized_event_counts.csv
92,a7ce4dbbf5558920f97dd77cd5c07f90b15b72a5e2ab052d7b1e5dda708d1c52,Chapter_1,analysis_fire_harmonization_dev/tables/fire_harmonized_fit_diagnostics.csv
92,a7ce4dbbf5558920f97dd77cd5c07f90b15b72a5e2ab052d7b1e5dda708d1c52,upemba-boundary-disturbance,outputs/_validation/analysis_fire_harmonization_dev/tables/fire_harmonized_fit_diagnostics.csv
93,5e29fc7da7c79e0ff990a59aa3653bb14b2ddc8772c81b0f2cc630d37baee9da,Chapter_1,analysis_fire_harmonization_dev/tables/fire_harmonized_pairwise_differences.csv
93,5e29fc7da7c79e0ff990a59aa3653bb14b2ddc8772c81b0f2cc630d37baee9da,upemba-boundary-disturbance,outputs/_validation/analysis_fire_harmonization_dev/tables/fire_harmonized_pairwise_differences.csv
94,af645074e829a97c25bca256ba80dc5e86fcfb1d92b23939d3163f5487fb2504,Chapter_1,analysis_fire_harmonization_dev/tables/fire_harmonized_profile_contrasts.csv
94,af645074e829a97c25bca256ba80dc5e86fcfb1d92b23939d3163f5487fb2504,upemba-boundary-disturbance,outputs/_validation/analysis_fire_harmonization_dev/tables/fire_harmonized_profile_contrasts.csv
95,48d058f77cbfc06ecfc0f64240957d0c39e28d7e47196c8340ec9213deb2b344,Chapter_1,analysis_fire_harmonization_dev/tables/fire_harmonized_surface_summary.csv
95,48d058f77cbfc06ecfc0f64240957d0c39e28d7e47196c8340ec9213deb2b344,upemba-boundary-disturbance,outputs/_validation/analysis_fire_harmonization_dev/tables/fire_harmonized_surface_summary.csv
96,02981872a9e1747fdf4287d713366e5c3ff75a88ebfcb9f26cbe8c7fc58327f5,Chapter_1,analysis_fire_harmonization_dev/tables/fire_previous_workflow_audit.csv
96,02981872a9e1747fdf4287d713366e5c3ff75a88ebfcb9f26cbe8c7fc58327f5,upemba-boundary-disturbance,outputs/_validation/analysis_fire_harmonization_dev/tables/fire_previous_workflow_audit.csv
97,1e64fe129b697ca2cfe754fffd6004c906a0f975c875b2b5afbd2d4c0a135f6a,Chapter_1,analysis_fire_optimizer_refinement_dev/provenance/sessionInfo.txt
97,1e64fe129b697ca2cfe754fffd6004c906a0f975c875b2b5afbd2d4c0a135f6a,upemba-boundary-disturbance,analysis_fire_optimizer_refinement_dev/provenance/sessionInfo.txt
97,1e64fe129b697ca2cfe754fffd6004c906a0f975c875b2b5afbd2d4c0a135f6a,upemba-boundary-disturbance,outputs/_validation/analysis_fire_optimizer_refinement_dev/provenance/sessionInfo.txt
97,1e64fe129b697ca2cfe754fffd6004c906a0f975c875b2b5afbd2d4c0a135f6a,upemba-boundary-disturbance,outputs/_validation/analysis_governance_profiles_dev/provenance/sessionInfo.txt
97,1e64fe129b697ca2cfe754fffd6004c906a0f975c875b2b5afbd2d4c0a135f6a,upemba-boundary-disturbance,outputs/_validation/analysis_governance_profiles_robustness_dev/provenance/sessionInfo.txt
98,39eb96b8f796f52d905ca5bdeefe5c482c51a51e03c40aa53bfb9b6e7ef02f6e,Chapter_1,analysis_fire_optimizer_refinement_dev/tables/baseline_10km_fit_diagnostics.csv
98,39eb96b8f796f52d905ca5bdeefe5c482c51a51e03c40aa53bfb9b6e7ef02f6e,upemba-boundary-disturbance,analysis_fire_optimizer_refinement_dev/tables/baseline_10km_fit_diagnostics.csv
98,39eb96b8f796f52d905ca5bdeefe5c482c51a51e03c40aa53bfb9b6e7ef02f6e,upemba-boundary-disturbance,outputs/_validation/analysis_fire_optimizer_refinement_dev/tables/baseline_10km_fit_diagnostics.csv
99,f80f847a2d3e86617bf7934625196b95fe6fd4033b2e92fbb4252ab0440b351d,Chapter_1,analysis_fire_optimizer_refinement_dev/tables/baseline_10km_pairwise_differences.csv
99,f80f847a2d3e86617bf7934625196b95fe6fd4033b2e92fbb4252ab0440b351d,upemba-boundary-disturbance,analysis_fire_optimizer_refinement_dev/tables/baseline_10km_pairwise_differences.csv
99,f80f847a2d3e86617bf7934625196b95fe6fd4033b2e92fbb4252ab0440b351d,upemba-boundary-disturbance,outputs/_validation/analysis_fire_optimizer_refinement_dev/tables/baseline_10km_pairwise_differences.csv
100,fd68110e5181b4665a907f83e6d23e97dd2e53ebf536e855bc4836acadc7970e,Chapter_1,analysis_fire_optimizer_refinement_dev/tables/baseline_10km_profile_contrasts.csv
100,fd68110e5181b4665a907f83e6d23e97dd2e53ebf536e855bc4836acadc7970e,upemba-boundary-disturbance,analysis_fire_optimizer_refinement_dev/tables/baseline_10km_profile_contrasts.csv
100,fd68110e5181b4665a907f83e6d23e97dd2e53ebf536e855bc4836acadc7970e,upemba-boundary-disturbance,outputs/_validation/analysis_fire_optimizer_refinement_dev/tables/baseline_10km_profile_contrasts.csv
101,cb34a6ab3d92a72ef65d2f65577e212ce9af8e2ad83c6bd3ca50356687397cf1,Chapter_1,analysis_fire_optimizer_refinement_dev/tables/baseline_10km_reproduction_check.csv
101,cb34a6ab3d92a72ef65d2f65577e212ce9af8e2ad83c6bd3ca50356687397cf1,upemba-boundary-disturbance,analysis_fire_optimizer_refinement_dev/tables/baseline_10km_reproduction_check.csv
101,cb34a6ab3d92a72ef65d2f65577e212ce9af8e2ad83c6bd3ca50356687397cf1,upemba-boundary-disturbance,outputs/_validation/analysis_fire_optimizer_refinement_dev/tables/baseline_10km_reproduction_check.csv
102,0cc2bdda169b5d8ed04f9eb5140a1159b2f481da5fd6acf84e935a1cd3d33892,Chapter_1,analysis_fire_optimizer_refinement_dev/tables/fire_10km_optimizer_diagnostics.csv
102,0cc2bdda169b5d8ed04f9eb5140a1159b2f481da5fd6acf84e935a1cd3d33892,upemba-boundary-disturbance,analysis_fire_optimizer_refinement_dev/tables/fire_10km_optimizer_diagnostics.csv
103,c5a465f27ca9ed1bb3e3511b41db7d2a0b2bab5ae97c860fb9ff2723d9e3f0b5,Chapter_1,analysis_fire_optimizer_refinement_dev/tables/fire_10km_optimizer_pairwise_differences.csv
103,c5a465f27ca9ed1bb3e3511b41db7d2a0b2bab5ae97c860fb9ff2723d9e3f0b5,upemba-boundary-disturbance,analysis_fire_optimizer_refinement_dev/tables/fire_10km_optimizer_pairwise_differences.csv
104,6547b0385fa3acc1626ce1a218960fb8c99d05c5f2bcf61092642b866c259cf5,Chapter_1,analysis_fire_optimizer_refinement_dev/tables/fire_10km_optimizer_parameter_comparison.csv
104,6547b0385fa3acc1626ce1a218960fb8c99d05c5f2bcf61092642b866c259cf5,upemba-boundary-disturbance,analysis_fire_optimizer_refinement_dev/tables/fire_10km_optimizer_parameter_comparison.csv
105,cd55ff4f0022fbab86badfe77914244174f8e95657b8af2a1ccd57bee13ab406,Chapter_1,analysis_fire_optimizer_refinement_dev/tables/fire_10km_optimizer_profile_contrasts.csv
105,cd55ff4f0022fbab86badfe77914244174f8e95657b8af2a1ccd57bee13ab406,upemba-boundary-disturbance,analysis_fire_optimizer_refinement_dev/tables/fire_10km_optimizer_profile_contrasts.csv
106,70caf876b080e555da80e3dff53bc34938d7ba3dd996649d4914322ea1630485,Chapter_1,analysis_fire_optimizer_refinement_dev/tables/fire_10km_optimizer_retained_fits.csv
106,70caf876b080e555da80e3dff53bc34938d7ba3dd996649d4914322ea1630485,upemba-boundary-disturbance,analysis_fire_optimizer_refinement_dev/tables/fire_10km_optimizer_retained_fits.csv
107,5351d3497ffbd22d16bfde0b29c16cadc8a5d32f67717ebb42f31b59922eb562,Chapter_1,analysis_governance_profiles_dev/provenance/sessionInfo.txt
107,5351d3497ffbd22d16bfde0b29c16cadc8a5d32f67717ebb42f31b59922eb562,Chapter_1,analysis_governance_profiles_robustness_dev/provenance/sessionInfo.txt
107,5351d3497ffbd22d16bfde0b29c16cadc8a5d32f67717ebb42f31b59922eb562,upemba-boundary-disturbance,analysis_governance_profiles_robustness_dev/provenance/sessionInfo.txt
108,f94b4a5336b7054f84b3dd4569d47f07a36e5549cc15723921ed138e05e03c69,Chapter_1,analysis_governance_profiles_dev/tables/model_fit_diagnostics.csv
108,f94b4a5336b7054f84b3dd4569d47f07a36e5549cc15723921ed138e05e03c69,upemba-boundary-disturbance,outputs/_validation/analysis_governance_profiles_dev/tables/model_fit_diagnostics.csv
109,69e5a861b5f85d3974cc50a153764aa1032b509bb855691b4965c90280b1fed0,Chapter_1,analysis_governance_profiles_dev/tables/model_sample_attrition.csv
109,69e5a861b5f85d3974cc50a153764aa1032b509bb855691b4965c90280b1fed0,upemba-boundary-disturbance,outputs/_validation/analysis_governance_profiles_dev/tables/model_sample_attrition.csv
110,4d7e4d91d390b0358a12ad2da6a83bc3e81edcbb6c72f51d1068f2320cb62d6e,Chapter_1,analysis_governance_profiles_dev/tables/profile_episode_support.csv
110,4d7e4d91d390b0358a12ad2da6a83bc3e81edcbb6c72f51d1068f2320cb62d6e,upemba-boundary-disturbance,outputs/_validation/analysis_governance_profiles_dev/tables/profile_episode_support.csv
111,d62499ed3fd07f66763c8d28ada731857f88710a1fe72fc1a88c4954527af5ae,Chapter_1,analysis_governance_profiles_dev/tables/profile_pairwise_contrast_differences.csv
111,d62499ed3fd07f66763c8d28ada731857f88710a1fe72fc1a88c4954527af5ae,upemba-boundary-disturbance,outputs/_validation/analysis_governance_profiles_dev/tables/profile_pairwise_contrast_differences.csv
112,7996c1f017aaae837d597e9ee10a31f378991fbe829f97c011ea0179b6193984,Chapter_1,analysis_governance_profiles_dev/tables/profile_shift_coefficients.csv
112,7996c1f017aaae837d597e9ee10a31f378991fbe829f97c011ea0179b6193984,upemba-boundary-disturbance,outputs/_validation/analysis_governance_profiles_dev/tables/profile_shift_coefficients.csv
113,e5b8ca5e28e28ce7d5fd3fc7b7694d60b7dbca37fc6a3d5df33ec0a180990e3e,Chapter_1,analysis_governance_profiles_dev/tables/profile_specific_inside_outside_contrasts.csv
113,e5b8ca5e28e28ce7d5fd3fc7b7694d60b7dbca37fc6a3d5df33ec0a180990e3e,upemba-boundary-disturbance,outputs/_validation/analysis_governance_profiles_dev/tables/profile_specific_inside_outside_contrasts.csv
114,eb1086baae1251bdb96032909b893bac011726d69f5d7b5ebae3173d2f54087a,Chapter_1,analysis_governance_profiles_robustness_dev/logs/diagnose_agriculture_canonical_nlminb_default.txt
114,eb1086baae1251bdb96032909b893bac011726d69f5d7b5ebae3173d2f54087a,Chapter_1,analysis_governance_profiles_robustness_dev/logs/diagnose_agriculture_canonical_nlminb_strict.txt
114,eb1086baae1251bdb96032909b893bac011726d69f5d7b5ebae3173d2f54087a,upemba-boundary-disturbance,analysis_governance_profiles_robustness_dev/logs/diagnose_agriculture_canonical_nlminb_default.txt
114,eb1086baae1251bdb96032909b893bac011726d69f5d7b5ebae3173d2f54087a,upemba-boundary-disturbance,analysis_governance_profiles_robustness_dev/logs/diagnose_agriculture_canonical_nlminb_strict.txt
114,eb1086baae1251bdb96032909b893bac011726d69f5d7b5ebae3173d2f54087a,upemba-boundary-disturbance,outputs/_validation/analysis_governance_profiles_robustness_dev/logs/diagnose_agriculture_canonical_nlminb_default.txt
114,eb1086baae1251bdb96032909b893bac011726d69f5d7b5ebae3173d2f54087a,upemba-boundary-disturbance,outputs/_validation/analysis_governance_profiles_robustness_dev/logs/diagnose_agriculture_canonical_nlminb_strict.txt
115,ce39e181048ec43c781f04d5f375c871d1463f99ea9ac4208ff14b152310b8ad,Chapter_1,analysis_governance_profiles_robustness_dev/logs/diagnose_agriculture_canonical_optim_bfgs.txt
115,ce39e181048ec43c781f04d5f375c871d1463f99ea9ac4208ff14b152310b8ad,upemba-boundary-disturbance,analysis_governance_profiles_robustness_dev/logs/diagnose_agriculture_canonical_optim_bfgs.txt
115,ce39e181048ec43c781f04d5f375c871d1463f99ea9ac4208ff14b152310b8ad,upemba-boundary-disturbance,outputs/_validation/analysis_governance_profiles_robustness_dev/logs/diagnose_agriculture_canonical_optim_bfgs.txt
116,bee0d7578d3b6c0abc0f1603cf3faeba76ad02743c0d40b7219b44a3c48c9e87,Chapter_1,analysis_governance_profiles_robustness_dev/logs/diagnose_deforestation_canonical_nlminb_default.txt
116,bee0d7578d3b6c0abc0f1603cf3faeba76ad02743c0d40b7219b44a3c48c9e87,Chapter_1,analysis_governance_profiles_robustness_dev/logs/diagnose_deforestation_canonical_nlminb_strict.txt
116,bee0d7578d3b6c0abc0f1603cf3faeba76ad02743c0d40b7219b44a3c48c9e87,upemba-boundary-disturbance,analysis_governance_profiles_robustness_dev/logs/diagnose_deforestation_canonical_nlminb_default.txt
116,bee0d7578d3b6c0abc0f1603cf3faeba76ad02743c0d40b7219b44a3c48c9e87,upemba-boundary-disturbance,analysis_governance_profiles_robustness_dev/logs/diagnose_deforestation_canonical_nlminb_strict.txt
116,bee0d7578d3b6c0abc0f1603cf3faeba76ad02743c0d40b7219b44a3c48c9e87,upemba-boundary-disturbance,outputs/_validation/analysis_governance_profiles_robustness_dev/logs/diagnose_deforestation_canonical_nlminb_default.txt
116,bee0d7578d3b6c0abc0f1603cf3faeba76ad02743c0d40b7219b44a3c48c9e87,upemba-boundary-disturbance,outputs/_validation/analysis_governance_profiles_robustness_dev/logs/diagnose_deforestation_canonical_nlminb_strict.txt
117,2d26a2dd75ba061634645612731d8a8e1498d48119cf1516364622b2c8e3047b,Chapter_1,analysis_governance_profiles_robustness_dev/logs/diagnose_deforestation_canonical_optim_bfgs.txt
117,2d26a2dd75ba061634645612731d8a8e1498d48119cf1516364622b2c8e3047b,upemba-boundary-disturbance,analysis_governance_profiles_robustness_dev/logs/diagnose_deforestation_canonical_optim_bfgs.txt
117,2d26a2dd75ba061634645612731d8a8e1498d48119cf1516364622b2c8e3047b,upemba-boundary-disturbance,outputs/_validation/analysis_governance_profiles_robustness_dev/logs/diagnose_deforestation_canonical_optim_bfgs.txt
118,7ee19070d925cfac3e888b8b819d3406cb8887f63c240f54314c8dafa6119f3b,Chapter_1,analysis_governance_profiles_robustness_dev/logs/diagnose_fire_canonical_nlminb_default.txt
118,7ee19070d925cfac3e888b8b819d3406cb8887f63c240f54314c8dafa6119f3b,Chapter_1,analysis_governance_profiles_robustness_dev/logs/diagnose_fire_canonical_nlminb_strict.txt
118,7ee19070d925cfac3e888b8b819d3406cb8887f63c240f54314c8dafa6119f3b,upemba-boundary-disturbance,analysis_governance_profiles_robustness_dev/logs/diagnose_fire_canonical_nlminb_default.txt
118,7ee19070d925cfac3e888b8b819d3406cb8887f63c240f54314c8dafa6119f3b,upemba-boundary-disturbance,analysis_governance_profiles_robustness_dev/logs/diagnose_fire_canonical_nlminb_strict.txt
118,7ee19070d925cfac3e888b8b819d3406cb8887f63c240f54314c8dafa6119f3b,upemba-boundary-disturbance,outputs/_validation/analysis_governance_profiles_robustness_dev/logs/diagnose_fire_canonical_nlminb_default.txt
118,7ee19070d925cfac3e888b8b819d3406cb8887f63c240f54314c8dafa6119f3b,upemba-boundary-disturbance,outputs/_validation/analysis_governance_profiles_robustness_dev/logs/diagnose_fire_canonical_nlminb_strict.txt
119,43a09579deb2fa069bc4607632c328a26af7e17b9efe04570367305f2b0d58a6,Chapter_1,analysis_governance_profiles_robustness_dev/logs/diagnose_fire_canonical_optim_bfgs.txt
119,43a09579deb2fa069bc4607632c328a26af7e17b9efe04570367305f2b0d58a6,upemba-boundary-disturbance,analysis_governance_profiles_robustness_dev/logs/diagnose_fire_canonical_optim_bfgs.txt
119,43a09579deb2fa069bc4607632c328a26af7e17b9efe04570367305f2b0d58a6,upemba-boundary-disturbance,outputs/_validation/analysis_governance_profiles_robustness_dev/logs/diagnose_fire_canonical_optim_bfgs.txt
120,0e271e3b588937b908ce05d7ed0cf6b720d6c73358a822fd2b9a90915d14f095,Chapter_1,analysis_governance_profiles_robustness_dev/provenance/input_provenance.csv
120,0e271e3b588937b908ce05d7ed0cf6b720d6c73358a822fd2b9a90915d14f095,upemba-boundary-disturbance,analysis_governance_profiles_robustness_dev/provenance/input_provenance.csv
121,317028ea0447fedeee4f98ca139cb70a1bfe95973d312e2ad8af0e70e8026e8d,Chapter_1,analysis_governance_profiles_robustness_dev/tables/best_diagnostic_candidate_optimizer.csv
121,317028ea0447fedeee4f98ca139cb70a1bfe95973d312e2ad8af0e70e8026e8d,upemba-boundary-disturbance,analysis_governance_profiles_robustness_dev/tables/best_diagnostic_candidate_optimizer.csv
121,317028ea0447fedeee4f98ca139cb70a1bfe95973d312e2ad8af0e70e8026e8d,upemba-boundary-disturbance,outputs/_validation/analysis_governance_profiles_robustness_dev/tables/best_diagnostic_candidate_optimizer.csv
122,f05442598a84e0435fc5143c8d3718272608e74225cf3483b5f2b1cdfed6920b,Chapter_1,analysis_governance_profiles_robustness_dev/tables/bootstrap_failure_reasons.csv
122,f05442598a84e0435fc5143c8d3718272608e74225cf3483b5f2b1cdfed6920b,upemba-boundary-disturbance,analysis_governance_profiles_robustness_dev/tables/bootstrap_failure_reasons.csv
122,f05442598a84e0435fc5143c8d3718272608e74225cf3483b5f2b1cdfed6920b,upemba-boundary-disturbance,outputs/_validation/analysis_governance_profiles_robustness_dev/tables/bootstrap_failure_reasons.csv
123,99ec2b64ed9fe63a8079ae9f349467c20b1411189250f5810cb0b7bee8ab6f70,Chapter_1,analysis_governance_profiles_robustness_dev/tables/bootstrap_profile_contrasts_finite.csv
123,99ec2b64ed9fe63a8079ae9f349467c20b1411189250f5810cb0b7bee8ab6f70,upemba-boundary-disturbance,analysis_governance_profiles_robustness_dev/tables/bootstrap_profile_contrasts_finite.csv
123,99ec2b64ed9fe63a8079ae9f349467c20b1411189250f5810cb0b7bee8ab6f70,upemba-boundary-disturbance,outputs/_validation/analysis_governance_profiles_robustness_dev/tables/bootstrap_profile_contrasts_finite.csv
124,57955fe37bbcde60a3ffc9b6b9f997f9336cd062bf89aef12abbec2db7111df3,Chapter_1,analysis_governance_profiles_robustness_dev/tables/bootstrap_profile_contrasts_strict.csv
124,57955fe37bbcde60a3ffc9b6b9f997f9336cd062bf89aef12abbec2db7111df3,upemba-boundary-disturbance,analysis_governance_profiles_robustness_dev/tables/bootstrap_profile_contrasts_strict.csv
124,57955fe37bbcde60a3ffc9b6b9f997f9336cd062bf89aef12abbec2db7111df3,upemba-boundary-disturbance,outputs/_validation/analysis_governance_profiles_robustness_dev/tables/bootstrap_profile_contrasts_strict.csv
125,990083086585d816bfc4a48b43c9b7a7e5cc7d7d2474e57dd3dfcd5bc26c8166,Chapter_1,analysis_governance_profiles_robustness_dev/tables/bootstrap_replicate_diagnostics.csv
125,990083086585d816bfc4a48b43c9b7a7e5cc7d7d2474e57dd3dfcd5bc26c8166,upemba-boundary-disturbance,analysis_governance_profiles_robustness_dev/tables/bootstrap_replicate_diagnostics.csv
125,990083086585d816bfc4a48b43c9b7a7e5cc7d7d2474e57dd3dfcd5bc26c8166,upemba-boundary-disturbance,outputs/_validation/analysis_governance_profiles_robustness_dev/tables/bootstrap_replicate_diagnostics.csv
126,7bcffb3429a57775f2e7a06306dd6ed460c053907dcf72b8c1f169e58d913293,Chapter_1,analysis_governance_profiles_robustness_dev/tables/episode_influence_summary.csv
126,7bcffb3429a57775f2e7a06306dd6ed460c053907dcf72b8c1f169e58d913293,upemba-boundary-disturbance,analysis_governance_profiles_robustness_dev/tables/episode_influence_summary.csv
126,7bcffb3429a57775f2e7a06306dd6ed460c053907dcf72b8c1f169e58d913293,upemba-boundary-disturbance,outputs/_validation/analysis_governance_profiles_robustness_dev/tables/episode_influence_summary.csv
127,fd8d05c84e545db4f3e33b53f402c92f30e54111b2227a97241c54402c84c915,Chapter_1,analysis_governance_profiles_robustness_dev/tables/governance_profile_robustness_summary.csv
127,fd8d05c84e545db4f3e33b53f402c92f30e54111b2227a97241c54402c84c915,upemba-boundary-disturbance,analysis_governance_profiles_robustness_dev/tables/governance_profile_robustness_summary.csv
127,fd8d05c84e545db4f3e33b53f402c92f30e54111b2227a97241c54402c84c915,upemba-boundary-disturbance,outputs/_validation/analysis_governance_profiles_robustness_dev/tables/governance_profile_robustness_summary.csv
128,d183e0eda0565ad402649c064368bef88f87a3e967e67b0a4b204faf1a629ef4,Chapter_1,analysis_governance_profiles_robustness_dev/tables/governance_transitions.csv
128,d183e0eda0565ad402649c064368bef88f87a3e967e67b0a4b204faf1a629ef4,upemba-boundary-disturbance,analysis_governance_profiles_robustness_dev/tables/governance_transitions.csv
128,d183e0eda0565ad402649c064368bef88f87a3e967e67b0a4b204faf1a629ef4,upemba-boundary-disturbance,outputs/_validation/analysis_governance_profiles_robustness_dev/tables/governance_transitions.csv
129,2dd253eee60e6ca5f8cc8dc1d659fe9bb9dd4511e7592f9e3cd9b3d7b4a48550,Chapter_1,analysis_governance_profiles_robustness_dev/tables/governance_transition_review_sheet.csv
129,2dd253eee60e6ca5f8cc8dc1d659fe9bb9dd4511e7592f9e3cd9b3d7b4a48550,upemba-boundary-disturbance,analysis_governance_profiles_robustness_dev/tables/governance_transition_review_sheet.csv
129,2dd253eee60e6ca5f8cc8dc1d659fe9bb9dd4511e7592f9e3cd9b3d7b4a48550,upemba-boundary-disturbance,outputs/_validation/analysis_governance_profiles_robustness_dev/tables/governance_transition_review_sheet.csv
130,5c4a81560634c2315a2a495b88418375531ecff7d6d4d20c26a1e0ce0e07b25f,Chapter_1,analysis_governance_profiles_robustness_dev/tables/leave_one_episode_out_fit_diagnostics.csv
130,5c4a81560634c2315a2a495b88418375531ecff7d6d4d20c26a1e0ce0e07b25f,upemba-boundary-disturbance,analysis_governance_profiles_robustness_dev/tables/leave_one_episode_out_fit_diagnostics.csv
130,5c4a81560634c2315a2a495b88418375531ecff7d6d4d20c26a1e0ce0e07b25f,upemba-boundary-disturbance,outputs/_validation/analysis_governance_profiles_robustness_dev/tables/leave_one_episode_out_fit_diagnostics.csv
131,9df9818394ca6b0c073984d534e0cd86233f53698b24e464a64859143dd4689e,Chapter_1,analysis_governance_profiles_robustness_dev/tables/leave_one_episode_out_pairwise_differences.csv
131,9df9818394ca6b0c073984d534e0cd86233f53698b24e464a64859143dd4689e,upemba-boundary-disturbance,analysis_governance_profiles_robustness_dev/tables/leave_one_episode_out_pairwise_differences.csv
131,9df9818394ca6b0c073984d534e0cd86233f53698b24e464a64859143dd4689e,upemba-boundary-disturbance,outputs/_validation/analysis_governance_profiles_robustness_dev/tables/leave_one_episode_out_pairwise_differences.csv
132,16edcf335e7e0cfe4839d8d3491163e3a975e9e56bf017ede48b63b9d2d91637,Chapter_1,analysis_governance_profiles_robustness_dev/tables/leave_one_episode_out_profile_contrasts.csv
132,16edcf335e7e0cfe4839d8d3491163e3a975e9e56bf017ede48b63b9d2d91637,upemba-boundary-disturbance,analysis_governance_profiles_robustness_dev/tables/leave_one_episode_out_profile_contrasts.csv
132,16edcf335e7e0cfe4839d8d3491163e3a975e9e56bf017ede48b63b9d2d91637,upemba-boundary-disturbance,outputs/_validation/analysis_governance_profiles_robustness_dev/tables/leave_one_episode_out_profile_contrasts.csv
133,3f48aae95bfc412978f9339c9bf690cd318fca7b254e33aa66b82adb23b01223,Chapter_1,analysis_governance_profiles_robustness_dev/tables/optimizer_coefficient_comparison.csv
133,3f48aae95bfc412978f9339c9bf690cd318fca7b254e33aa66b82adb23b01223,upemba-boundary-disturbance,analysis_governance_profiles_robustness_dev/tables/optimizer_coefficient_comparison.csv
133,3f48aae95bfc412978f9339c9bf690cd318fca7b254e33aa66b82adb23b01223,upemba-boundary-disturbance,outputs/_validation/analysis_governance_profiles_robustness_dev/tables/optimizer_coefficient_comparison.csv
134,768d5bb902acca12730a73be23b847568080e5a17e678da3ed71d7653ec9a570,Chapter_1,analysis_governance_profiles_robustness_dev/tables/optimizer_fit_diagnostics.csv
134,768d5bb902acca12730a73be23b847568080e5a17e678da3ed71d7653ec9a570,upemba-boundary-disturbance,analysis_governance_profiles_robustness_dev/tables/optimizer_fit_diagnostics.csv
134,768d5bb902acca12730a73be23b847568080e5a17e678da3ed71d7653ec9a570,upemba-boundary-disturbance,outputs/_validation/analysis_governance_profiles_robustness_dev/tables/optimizer_fit_diagnostics.csv
135,5eabdfd0a44a2e1d6fababf1320ce4e42bc1e3b3a5e6c6837564d7e1e7978b23,Chapter_1,analysis_governance_profiles_robustness_dev/tables/optimizer_profile_contrast_comparison.csv
135,5eabdfd0a44a2e1d6fababf1320ce4e42bc1e3b3a5e6c6837564d7e1e7978b23,upemba-boundary-disturbance,analysis_governance_profiles_robustness_dev/tables/optimizer_profile_contrast_comparison.csv
135,5eabdfd0a44a2e1d6fababf1320ce4e42bc1e3b3a5e6c6837564d7e1e7978b23,upemba-boundary-disturbance,outputs/_validation/analysis_governance_profiles_robustness_dev/tables/optimizer_profile_contrast_comparison.csv
136,87b61b820c01e28d9197ba04b030283b62497a447c90558069afb85f4558354f,Chapter_1,analysis_governance_profiles_robustness_dev/tables/optimizer_stability_summary.csv
136,87b61b820c01e28d9197ba04b030283b62497a447c90558069afb85f4558354f,upemba-boundary-disturbance,analysis_governance_profiles_robustness_dev/tables/optimizer_stability_summary.csv
136,87b61b820c01e28d9197ba04b030283b62497a447c90558069afb85f4558354f,upemba-boundary-disturbance,outputs/_validation/analysis_governance_profiles_robustness_dev/tables/optimizer_stability_summary.csv
137,82f3f17188e99733c7bd7c9f3d7fa58e4376e2d73fc5d72fa8c3c18cc21fddbc,Chapter_1,analysis_governance_profiles_robustness_dev/tables/phase1_point_estimate_reproduction.csv
137,82f3f17188e99733c7bd7c9f3d7fa58e4376e2d73fc5d72fa8c3c18cc21fddbc,upemba-boundary-disturbance,analysis_governance_profiles_robustness_dev/tables/phase1_point_estimate_reproduction.csv
137,82f3f17188e99733c7bd7c9f3d7fa58e4376e2d73fc5d72fa8c3c18cc21fddbc,upemba-boundary-disturbance,outputs/_validation/analysis_governance_profiles_robustness_dev/tables/phase1_point_estimate_reproduction.csv
138,f8b2c90685660e3a6c082a02e760bb75ecf400413b04f222f453c847e165ec53,Chapter_1,analysis_governance_profiles_robustness_dev/tables/profile_episode_support_corrected.csv
138,f8b2c90685660e3a6c082a02e760bb75ecf400413b04f222f453c847e165ec53,upemba-boundary-disturbance,analysis_governance_profiles_robustness_dev/tables/profile_episode_support_corrected.csv
138,f8b2c90685660e3a6c082a02e760bb75ecf400413b04f222f453c847e165ec53,upemba-boundary-disturbance,outputs/_validation/analysis_governance_profiles_robustness_dev/tables/profile_episode_support_corrected.csv
139,78436a5e179aa44f21d92f41fb2fb99123ae41a72135464eded88a5d21d86beb,Chapter_1,analysis_governance_profiles_robustness_dev/tables/profile_model_support_corrected.csv
139,78436a5e179aa44f21d92f41fb2fb99123ae41a72135464eded88a5d21d86beb,upemba-boundary-disturbance,analysis_governance_profiles_robustness_dev/tables/profile_model_support_corrected.csv
139,78436a5e179aa44f21d92f41fb2fb99123ae41a72135464eded88a5d21d86beb,upemba-boundary-disturbance,outputs/_validation/analysis_governance_profiles_robustness_dev/tables/profile_model_support_corrected.csv
140,6a8f119af2576d70f0ef789503c8f02a9139881c31207624ba4eb53b373f7f67,Chapter_1,analysis_governance_profiles_robustness_dev/tables/sesu_between_landscape_differences.csv
140,6a8f119af2576d70f0ef789503c8f02a9139881c31207624ba4eb53b373f7f67,upemba-boundary-disturbance,analysis_governance_profiles_robustness_dev/tables/sesu_between_landscape_differences.csv
140,6a8f119af2576d70f0ef789503c8f02a9139881c31207624ba4eb53b373f7f67,upemba-boundary-disturbance,outputs/_validation/analysis_governance_profiles_robustness_dev/tables/sesu_between_landscape_differences.csv
141,cab0609e2a856c8e66aa7c163f3df4aa8307d88d033191262f2dd09a7895f3ed,Chapter_1,analysis_governance_profiles_robustness_dev/tables/sesu_heterogeneity_fit_diagnostics.csv
141,cab0609e2a856c8e66aa7c163f3df4aa8307d88d033191262f2dd09a7895f3ed,upemba-boundary-disturbance,analysis_governance_profiles_robustness_dev/tables/sesu_heterogeneity_fit_diagnostics.csv
141,cab0609e2a856c8e66aa7c163f3df4aa8307d88d033191262f2dd09a7895f3ed,upemba-boundary-disturbance,outputs/_validation/analysis_governance_profiles_robustness_dev/tables/sesu_heterogeneity_fit_diagnostics.csv
142,a87a1cdccbb2d6a6eea7bbe7ae8fd6bececea5cd4d9f44fdc07f8c8470e954fd,Chapter_1,analysis_governance_profiles_robustness_dev/tables/sesu_specific_profile_contrasts.csv
142,a87a1cdccbb2d6a6eea7bbe7ae8fd6bececea5cd4d9f44fdc07f8c8470e954fd,upemba-boundary-disturbance,analysis_governance_profiles_robustness_dev/tables/sesu_specific_profile_contrasts.csv
142,a87a1cdccbb2d6a6eea7bbe7ae8fd6bececea5cd4d9f44fdc07f8c8470e954fd,upemba-boundary-disturbance,outputs/_validation/analysis_governance_profiles_robustness_dev/tables/sesu_specific_profile_contrasts.csv
143,94bf9634b973b9a9f102e517bb2a3902c268020bbd436bad5623d932ee33ee66,Chapter_1,analysis_governance_profiles_robustness_dev/tables/sesu_year_inside_outside_contrasts.csv
143,94bf9634b973b9a9f102e517bb2a3902c268020bbd436bad5623d932ee33ee66,upemba-boundary-disturbance,analysis_governance_profiles_robustness_dev/tables/sesu_year_inside_outside_contrasts.csv
143,94bf9634b973b9a9f102e517bb2a3902c268020bbd436bad5623d932ee33ee66,upemba-boundary-disturbance,outputs/_validation/analysis_governance_profiles_robustness_dev/tables/sesu_year_inside_outside_contrasts.csv
144,dcd0c4cdfb135e7c5d30de5237f7ebe0a5b35e13127a3bce42b8636a98328439,Chapter_1,analysis_governance_profiles_robustness_dev/tables/transition_sensitivity_fit_diagnostics.csv
144,dcd0c4cdfb135e7c5d30de5237f7ebe0a5b35e13127a3bce42b8636a98328439,upemba-boundary-disturbance,analysis_governance_profiles_robustness_dev/tables/transition_sensitivity_fit_diagnostics.csv
144,dcd0c4cdfb135e7c5d30de5237f7ebe0a5b35e13127a3bce42b8636a98328439,upemba-boundary-disturbance,outputs/_validation/analysis_governance_profiles_robustness_dev/tables/transition_sensitivity_fit_diagnostics.csv
145,b487fc553ef37a2b9777e94018c0209c205a9d39edc87e42473effbe1670a83a,Chapter_1,analysis_governance_profiles_robustness_dev/tables/transition_sensitivity_pairwise_differences.csv
145,b487fc553ef37a2b9777e94018c0209c205a9d39edc87e42473effbe1670a83a,upemba-boundary-disturbance,analysis_governance_profiles_robustness_dev/tables/transition_sensitivity_pairwise_differences.csv
145,b487fc553ef37a2b9777e94018c0209c205a9d39edc87e42473effbe1670a83a,upemba-boundary-disturbance,outputs/_validation/analysis_governance_profiles_robustness_dev/tables/transition_sensitivity_pairwise_differences.csv
146,e0ee9912644564f7baa63c41d13e47ae0bd6e1083540ff1346751b4ab95f5026,Chapter_1,analysis_governance_profiles_robustness_dev/tables/transition_sensitivity_profile_contrasts.csv
146,e0ee9912644564f7baa63c41d13e47ae0bd6e1083540ff1346751b4ab95f5026,upemba-boundary-disturbance,analysis_governance_profiles_robustness_dev/tables/transition_sensitivity_profile_contrasts.csv
146,e0ee9912644564f7baa63c41d13e47ae0bd6e1083540ff1346751b4ab95f5026,upemba-boundary-disturbance,outputs/_validation/analysis_governance_profiles_robustness_dev/tables/transition_sensitivity_profile_contrasts.csv
147,57506728922e9b56284b5d4b31fa068200833d71ef98e7070d1c3230909048e6,Chapter_1,analysis_governance_profiles_robustness_dev/tables/transition_sensitivity_scenarios.csv
147,57506728922e9b56284b5d4b31fa068200833d71ef98e7070d1c3230909048e6,upemba-boundary-disturbance,analysis_governance_profiles_robustness_dev/tables/transition_sensitivity_scenarios.csv
147,57506728922e9b56284b5d4b31fa068200833d71ef98e7070d1c3230909048e6,upemba-boundary-disturbance,outputs/_validation/analysis_governance_profiles_robustness_dev/tables/transition_sensitivity_scenarios.csv
148,179e94bef71cabdd4fc59bc402bd7602e87187862a55c0029b0c1a37d8ee4e47,Chapter_1,analysis_governance_profiles_robustness_dev/tables/two_stage_model_diagnostics.csv
148,179e94bef71cabdd4fc59bc402bd7602e87187862a55c0029b0c1a37d8ee4e47,upemba-boundary-disturbance,analysis_governance_profiles_robustness_dev/tables/two_stage_model_diagnostics.csv
148,179e94bef71cabdd4fc59bc402bd7602e87187862a55c0029b0c1a37d8ee4e47,upemba-boundary-disturbance,outputs/_validation/analysis_governance_profiles_robustness_dev/tables/two_stage_model_diagnostics.csv
149,0fd774d6ef4759b16ef993e11d6d766f7521bd4f153c80528613d08d06c63d46,Chapter_1,analysis_governance_profiles_robustness_dev/tables/two_stage_pairwise_differences.csv
149,0fd774d6ef4759b16ef993e11d6d766f7521bd4f153c80528613d08d06c63d46,upemba-boundary-disturbance,analysis_governance_profiles_robustness_dev/tables/two_stage_pairwise_differences.csv
149,0fd774d6ef4759b16ef993e11d6d766f7521bd4f153c80528613d08d06c63d46,upemba-boundary-disturbance,outputs/_validation/analysis_governance_profiles_robustness_dev/tables/two_stage_pairwise_differences.csv
150,e66b7b41159eddbd106fcbac1a5edfdc81a43a69b4766a7b103620fb453dd7e1,Chapter_1,analysis_governance_profiles_robustness_dev/tables/two_stage_profile_estimates.csv
150,e66b7b41159eddbd106fcbac1a5edfdc81a43a69b4766a7b103620fb453dd7e1,upemba-boundary-disturbance,analysis_governance_profiles_robustness_dev/tables/two_stage_profile_estimates.csv
150,e66b7b41159eddbd106fcbac1a5edfdc81a43a69b4766a7b103620fb453dd7e1,upemba-boundary-disturbance,outputs/_validation/analysis_governance_profiles_robustness_dev/tables/two_stage_profile_estimates.csv
151,91801eaa31af1a5f374dd5e769617673b7281683215389c3ac0f3583ff5dfa43,Chapter_1,analysis_spatial_falsification_revised_dev/figures/actual_vs_spaced_outer_comparison.png
151,91801eaa31af1a5f374dd5e769617673b7281683215389c3ac0f3583ff5dfa43,upemba-boundary-disturbance,analysis_spatial_falsification_revised_dev/figures/actual_vs_spaced_outer_comparison.png
151,91801eaa31af1a5f374dd5e769617673b7281683215389c3ac0f3583ff5dfa43,upemba-boundary-disturbance,outputs/_validation/analysis_spatial_falsification_revised_dev/figures/actual_vs_spaced_outer_comparison.png
152,b0aaa4ab54e5d3cdb09413f35ae897f370212f6b21aaedc567f714bf61bbcdad,Chapter_1,analysis_spatial_falsification_revised_dev/figures/fire_profile_contrasts_by_boundary_center.png
152,b0aaa4ab54e5d3cdb09413f35ae897f370212f6b21aaedc567f714bf61bbcdad,upemba-boundary-disturbance,analysis_spatial_falsification_revised_dev/figures/fire_profile_contrasts_by_boundary_center.png
152,b0aaa4ab54e5d3cdb09413f35ae897f370212f6b21aaedc567f714bf61bbcdad,upemba-boundary-disturbance,outputs/_validation/analysis_spatial_falsification_revised_dev/figures/fire_profile_contrasts_by_boundary_center.png
153,3f1c4f06c688b660b54e797ea5abafea40ffa40aa2d1acb6c73084f33246d10c,Chapter_1,analysis_spatial_falsification_revised_dev/figures/revised_boundary_covariate_balance.png
153,3f1c4f06c688b660b54e797ea5abafea40ffa40aa2d1acb6c73084f33246d10c,upemba-boundary-disturbance,analysis_spatial_falsification_revised_dev/figures/revised_boundary_covariate_balance.png
153,3f1c4f06c688b660b54e797ea5abafea40ffa40aa2d1acb6c73084f33246d10c,upemba-boundary-disturbance,outputs/_validation/analysis_spatial_falsification_revised_dev/figures/revised_boundary_covariate_balance.png
154,3d31f3d33f010658bde4337ffec9d1c4873db17384ff95d2b68e1f45b1878558,Chapter_1,analysis_spatial_falsification_revised_dev/figures/revised_pseudo_boundary_map.png
154,3d31f3d33f010658bde4337ffec9d1c4873db17384ff95d2b68e1f45b1878558,upemba-boundary-disturbance,analysis_spatial_falsification_revised_dev/figures/revised_pseudo_boundary_map.png
155,ed27fc9259daa8d50074bbf496754d3b8caf960ca0f487eab3361d6957396374,Chapter_1,analysis_spatial_falsification_revised_dev/figures/sparse_profile_contrasts_by_boundary_center.png
155,ed27fc9259daa8d50074bbf496754d3b8caf960ca0f487eab3361d6957396374,upemba-boundary-disturbance,analysis_spatial_falsification_revised_dev/figures/sparse_profile_contrasts_by_boundary_center.png
155,ed27fc9259daa8d50074bbf496754d3b8caf960ca0f487eab3361d6957396374,upemba-boundary-disturbance,outputs/_validation/analysis_spatial_falsification_revised_dev/figures/sparse_profile_contrasts_by_boundary_center.png
156,e6d02264c1f27652a62b0e9c2ebf6ab8710e1f0e92caeaf499230acd530d0434,Chapter_1,analysis_spatial_falsification_revised_dev/provenance/sessionInfo.txt
156,e6d02264c1f27652a62b0e9c2ebf6ab8710e1f0e92caeaf499230acd530d0434,Chapter_1,analysis_spatial_threshold_sensitivity_dev/provenance/sessionInfo.txt
156,e6d02264c1f27652a62b0e9c2ebf6ab8710e1f0e92caeaf499230acd530d0434,upemba-boundary-disturbance,analysis_spatial_falsification_revised_dev/provenance/sessionInfo.txt
156,e6d02264c1f27652a62b0e9c2ebf6ab8710e1f0e92caeaf499230acd530d0434,upemba-boundary-disturbance,analysis_spatial_threshold_sensitivity_dev/provenance/sessionInfo.txt
157,57cee332e44c1325779a5e64ab6adbea69f599151f43eaa9822286888b007e47,Chapter_1,analysis_spatial_falsification_revised_dev/tables/actual_boundary_reproduction_check.csv
157,57cee332e44c1325779a5e64ab6adbea69f599151f43eaa9822286888b007e47,upemba-boundary-disturbance,analysis_spatial_falsification_revised_dev/tables/actual_boundary_reproduction_check.csv
157,57cee332e44c1325779a5e64ab6adbea69f599151f43eaa9822286888b007e47,upemba-boundary-disturbance,outputs/_validation/analysis_spatial_falsification_revised_dev/tables/actual_boundary_reproduction_check.csv
158,66b0c577dc51bdf2a8bdb9777a183b3744873f0fb0f1b7d4134a04e150507267,Chapter_1,analysis_spatial_falsification_revised_dev/tables/actual_vs_all_outer_summary.csv
158,66b0c577dc51bdf2a8bdb9777a183b3744873f0fb0f1b7d4134a04e150507267,upemba-boundary-disturbance,analysis_spatial_falsification_revised_dev/tables/actual_vs_all_outer_summary.csv
158,66b0c577dc51bdf2a8bdb9777a183b3744873f0fb0f1b7d4134a04e150507267,upemba-boundary-disturbance,outputs/_validation/analysis_spatial_falsification_revised_dev/tables/actual_vs_all_outer_summary.csv
159,1f94adbda69f5285adce782d6f6ff779f859a5ffcb684ef9f201ae414e299082,Chapter_1,analysis_spatial_falsification_revised_dev/tables/actual_vs_spaced_outer_pairwise_comparison.csv
159,1f94adbda69f5285adce782d6f6ff779f859a5ffcb684ef9f201ae414e299082,upemba-boundary-disturbance,analysis_spatial_falsification_revised_dev/tables/actual_vs_spaced_outer_pairwise_comparison.csv
159,1f94adbda69f5285adce782d6f6ff779f859a5ffcb684ef9f201ae414e299082,upemba-boundary-disturbance,outputs/_validation/analysis_spatial_falsification_revised_dev/tables/actual_vs_spaced_outer_pairwise_comparison.csv
160,4d6095bc30b7c165074aeedada33a900962ddbfa74318256ec74ba8a8283a37d,Chapter_1,analysis_spatial_falsification_revised_dev/tables/actual_vs_spaced_outer_profile_comparison.csv
160,4d6095bc30b7c165074aeedada33a900962ddbfa74318256ec74ba8a8283a37d,upemba-boundary-disturbance,analysis_spatial_falsification_revised_dev/tables/actual_vs_spaced_outer_profile_comparison.csv
160,4d6095bc30b7c165074aeedada33a900962ddbfa74318256ec74ba8a8283a37d,upemba-boundary-disturbance,outputs/_validation/analysis_spatial_falsification_revised_dev/tables/actual_vs_spaced_outer_profile_comparison.csv
161,ba05c8e38e0adf13681e2547e7af0ceb09a5baeb2cf10c06ab5a1af7153e5c50,Chapter_1,analysis_spatial_falsification_revised_dev/tables/boundary_specificity_classification.csv
161,ba05c8e38e0adf13681e2547e7af0ceb09a5baeb2cf10c06ab5a1af7153e5c50,upemba-boundary-disturbance,analysis_spatial_falsification_revised_dev/tables/boundary_specificity_classification.csv
161,ba05c8e38e0adf13681e2547e7af0ceb09a5baeb2cf10c06ab5a1af7153e5c50,upemba-boundary-disturbance,outputs/_validation/analysis_spatial_falsification_revised_dev/tables/boundary_specificity_classification.csv
162,5c391878cac36095075f787a7ce50add0e5a886a8dbe1496f75c59380c2debf4,Chapter_1,analysis_spatial_falsification_revised_dev/tables/boundary_surface_summary.csv
162,5c391878cac36095075f787a7ce50add0e5a886a8dbe1496f75c59380c2debf4,upemba-boundary-disturbance,analysis_spatial_falsification_revised_dev/tables/boundary_surface_summary.csv
162,5c391878cac36095075f787a7ce50add0e5a886a8dbe1496f75c59380c2debf4,upemba-boundary-disturbance,outputs/_validation/analysis_spatial_falsification_revised_dev/tables/boundary_surface_summary.csv
163,08c4c36592e7e31ef5c71167d3780daa1ace9bdf71be7c58a71d41e2b63df93e,Chapter_1,analysis_spatial_falsification_revised_dev/tables/fire_boundary_fit_diagnostics.csv
163,08c4c36592e7e31ef5c71167d3780daa1ace9bdf71be7c58a71d41e2b63df93e,upemba-boundary-disturbance,analysis_spatial_falsification_revised_dev/tables/fire_boundary_fit_diagnostics.csv
163,08c4c36592e7e31ef5c71167d3780daa1ace9bdf71be7c58a71d41e2b63df93e,upemba-boundary-disturbance,outputs/_validation/analysis_spatial_falsification_revised_dev/tables/fire_boundary_fit_diagnostics.csv
164,c5ffcc866ab0cca05fc6383cba236379d29a4dd1692e14f4926171cff43eb075,Chapter_1,analysis_spatial_falsification_revised_dev/tables/fire_boundary_pairwise_differences.csv
164,c5ffcc866ab0cca05fc6383cba236379d29a4dd1692e14f4926171cff43eb075,upemba-boundary-disturbance,analysis_spatial_falsification_revised_dev/tables/fire_boundary_pairwise_differences.csv
164,c5ffcc866ab0cca05fc6383cba236379d29a4dd1692e14f4926171cff43eb075,upemba-boundary-disturbance,outputs/_validation/analysis_spatial_falsification_revised_dev/tables/fire_boundary_pairwise_differences.csv
165,0cca4133e4d6e678e405cf3170167b17affde0b2107115393fed12e5eb102dfc,Chapter_1,analysis_spatial_falsification_revised_dev/tables/fire_boundary_profile_contrasts.csv
165,0cca4133e4d6e678e405cf3170167b17affde0b2107115393fed12e5eb102dfc,upemba-boundary-disturbance,analysis_spatial_falsification_revised_dev/tables/fire_boundary_profile_contrasts.csv
165,0cca4133e4d6e678e405cf3170167b17affde0b2107115393fed12e5eb102dfc,upemba-boundary-disturbance,outputs/_validation/analysis_spatial_falsification_revised_dev/tables/fire_boundary_profile_contrasts.csv
166,d3fe2f0ab41f19fcce8225f7c02d6aee7183db134df71ca2462422fbed946365,Chapter_1,analysis_spatial_falsification_revised_dev/tables/fire_boundary_retained_fits.csv
166,d3fe2f0ab41f19fcce8225f7c02d6aee7183db134df71ca2462422fbed946365,upemba-boundary-disturbance,analysis_spatial_falsification_revised_dev/tables/fire_boundary_retained_fits.csv
166,d3fe2f0ab41f19fcce8225f7c02d6aee7183db134df71ca2462422fbed946365,upemba-boundary-disturbance,outputs/_validation/analysis_spatial_falsification_revised_dev/tables/fire_boundary_retained_fits.csv
167,cedc56e1b53f421f0d0a40778cef86820fdd272a099213050818f6d7df42f020,Chapter_1,analysis_spatial_falsification_revised_dev/tables/inner_check_pairwise_results.csv
167,cedc56e1b53f421f0d0a40778cef86820fdd272a099213050818f6d7df42f020,upemba-boundary-disturbance,analysis_spatial_falsification_revised_dev/tables/inner_check_pairwise_results.csv
167,cedc56e1b53f421f0d0a40778cef86820fdd272a099213050818f6d7df42f020,upemba-boundary-disturbance,outputs/_validation/analysis_spatial_falsification_revised_dev/tables/inner_check_pairwise_results.csv
168,32e9d9506e2156d340acb78517bf96ad3ba3ef6b4dbb0fee95ab53dba83f5665,Chapter_1,analysis_spatial_falsification_revised_dev/tables/inner_check_profile_results.csv
168,32e9d9506e2156d340acb78517bf96ad3ba3ef6b4dbb0fee95ab53dba83f5665,upemba-boundary-disturbance,analysis_spatial_falsification_revised_dev/tables/inner_check_profile_results.csv
168,32e9d9506e2156d340acb78517bf96ad3ba3ef6b4dbb0fee95ab53dba83f5665,upemba-boundary-disturbance,outputs/_validation/analysis_spatial_falsification_revised_dev/tables/inner_check_profile_results.csv
169,a732536659803a253a37e50fd209d67e88a554ecce7c5ae49058a51996c68418,Chapter_1,analysis_spatial_falsification_revised_dev/tables/outer_gradient_pairwise_results.csv
169,a732536659803a253a37e50fd209d67e88a554ecce7c5ae49058a51996c68418,upemba-boundary-disturbance,analysis_spatial_falsification_revised_dev/tables/outer_gradient_pairwise_results.csv
169,a732536659803a253a37e50fd209d67e88a554ecce7c5ae49058a51996c68418,upemba-boundary-disturbance,outputs/_validation/analysis_spatial_falsification_revised_dev/tables/outer_gradient_pairwise_results.csv
170,dceb9d53323b8072a0d86f131d7591788ce1183fa73f02d37bbacf7bc7d4e079,Chapter_1,analysis_spatial_falsification_revised_dev/tables/outer_gradient_profile_results.csv
170,dceb9d53323b8072a0d86f131d7591788ce1183fa73f02d37bbacf7bc7d4e079,upemba-boundary-disturbance,analysis_spatial_falsification_revised_dev/tables/outer_gradient_profile_results.csv
170,dceb9d53323b8072a0d86f131d7591788ce1183fa73f02d37bbacf7bc7d4e079,upemba-boundary-disturbance,outputs/_validation/analysis_spatial_falsification_revised_dev/tables/outer_gradient_profile_results.csv
171,d9848997d0a837e82d099e8723fb0c0083643f392850462bff63dd499997ad0d,Chapter_1,analysis_spatial_falsification_revised_dev/tables/revised_boundary_balance_summary.csv
171,d9848997d0a837e82d099e8723fb0c0083643f392850462bff63dd499997ad0d,upemba-boundary-disturbance,analysis_spatial_falsification_revised_dev/tables/revised_boundary_balance_summary.csv
171,d9848997d0a837e82d099e8723fb0c0083643f392850462bff63dd499997ad0d,upemba-boundary-disturbance,outputs/_validation/analysis_spatial_falsification_revised_dev/tables/revised_boundary_balance_summary.csv
172,0a601b1764a5f5664a32334e6b7f5e1b15496b9de40652061c8216617e85b2e1,Chapter_1,analysis_spatial_falsification_revised_dev/tables/revised_boundary_covariate_balance.csv
172,0a601b1764a5f5664a32334e6b7f5e1b15496b9de40652061c8216617e85b2e1,upemba-boundary-disturbance,analysis_spatial_falsification_revised_dev/tables/revised_boundary_covariate_balance.csv
172,0a601b1764a5f5664a32334e6b7f5e1b15496b9de40652061c8216617e85b2e1,upemba-boundary-disturbance,outputs/_validation/analysis_spatial_falsification_revised_dev/tables/revised_boundary_covariate_balance.csv
173,a214f8b470cbcc0ebb9dc4df78bdced6318ef623492e802e4b804df1e060c1bf,Chapter_1,analysis_spatial_falsification_revised_dev/tables/revised_boundary_registry.csv
173,a214f8b470cbcc0ebb9dc4df78bdced6318ef623492e802e4b804df1e060c1bf,upemba-boundary-disturbance,analysis_spatial_falsification_revised_dev/tables/revised_boundary_registry.csv
173,a214f8b470cbcc0ebb9dc4df78bdced6318ef623492e802e4b804df1e060c1bf,upemba-boundary-disturbance,outputs/_validation/analysis_spatial_falsification_revised_dev/tables/revised_boundary_registry.csv
174,516108cc3bb3c04a1173d7f1b97f9c9f74749d683d02bf87161d1087ddbbc56a,Chapter_1,analysis_spatial_falsification_revised_dev/tables/sparse_boundary_pairwise_differences.csv
174,516108cc3bb3c04a1173d7f1b97f9c9f74749d683d02bf87161d1087ddbbc56a,upemba-boundary-disturbance,analysis_spatial_falsification_revised_dev/tables/sparse_boundary_pairwise_differences.csv
174,516108cc3bb3c04a1173d7f1b97f9c9f74749d683d02bf87161d1087ddbbc56a,upemba-boundary-disturbance,outputs/_validation/analysis_spatial_falsification_revised_dev/tables/sparse_boundary_pairwise_differences.csv
175,1e988dee2f70568dd11ed4e26f95934fb108094ee491190b99402ad99f910a58,Chapter_1,analysis_spatial_falsification_revised_dev/tables/sparse_boundary_profile_estimates.csv
175,1e988dee2f70568dd11ed4e26f95934fb108094ee491190b99402ad99f910a58,upemba-boundary-disturbance,analysis_spatial_falsification_revised_dev/tables/sparse_boundary_profile_estimates.csv
175,1e988dee2f70568dd11ed4e26f95934fb108094ee491190b99402ad99f910a58,upemba-boundary-disturbance,outputs/_validation/analysis_spatial_falsification_revised_dev/tables/sparse_boundary_profile_estimates.csv
176,e3df3b345415615aa109a1b69007501f5cb3a81c61902135d00c2c4e460bc947,Chapter_1,analysis_spatial_falsification_revised_dev/tables/sparse_boundary_sesu_year_contrasts.csv
176,e3df3b345415615aa109a1b69007501f5cb3a81c61902135d00c2c4e460bc947,upemba-boundary-disturbance,analysis_spatial_falsification_revised_dev/tables/sparse_boundary_sesu_year_contrasts.csv
176,e3df3b345415615aa109a1b69007501f5cb3a81c61902135d00c2c4e460bc947,upemba-boundary-disturbance,outputs/_validation/analysis_spatial_falsification_revised_dev/tables/sparse_boundary_sesu_year_contrasts.csv
177,3d246e3ecf46b5dbaa45e06f0640babb8c87f6b739470c5f86815e03fa0874e0,Chapter_1,analysis_spatial_falsification_revised_dev/tables/sparse_boundary_support.csv
177,3d246e3ecf46b5dbaa45e06f0640babb8c87f6b739470c5f86815e03fa0874e0,upemba-boundary-disturbance,analysis_spatial_falsification_revised_dev/tables/sparse_boundary_support.csv
177,3d246e3ecf46b5dbaa45e06f0640babb8c87f6b739470c5f86815e03fa0874e0,upemba-boundary-disturbance,outputs/_validation/analysis_spatial_falsification_revised_dev/tables/sparse_boundary_support.csv
178,f2e709920f4296212e93cb4152f16e06b3ed28df16f33a8ce0bb09157561286d,Chapter_1,analysis_spatial_threshold_sensitivity_dev/figures/covariate_balance_by_buffer.png
178,f2e709920f4296212e93cb4152f16e06b3ed28df16f33a8ce0bb09157561286d,upemba-boundary-disturbance,analysis_spatial_threshold_sensitivity_dev/figures/covariate_balance_by_buffer.png
179,45ef96200765820d69653d732df98ba9265869297979bab5506f34924d8b4d47,Chapter_1,analysis_spatial_threshold_sensitivity_dev/figures/event_support_by_threshold_and_buffer.png
179,45ef96200765820d69653d732df98ba9265869297979bab5506f34924d8b4d47,upemba-boundary-disturbance,analysis_spatial_threshold_sensitivity_dev/figures/event_support_by_threshold_and_buffer.png
180,ba7f95da060673876b5e0b2c95ec19634047dccfa578e54593156384eca95464,Chapter_1,analysis_spatial_threshold_sensitivity_dev/figures/profile_contrasts_by_threshold_and_buffer.png
180,ba7f95da060673876b5e0b2c95ec19634047dccfa578e54593156384eca95464,upemba-boundary-disturbance,analysis_spatial_threshold_sensitivity_dev/figures/profile_contrasts_by_threshold_and_buffer.png
181,42b33b79e73f55ac70d625a08503504f86f5bb6245cde51efe6cc1511a9593ed,Chapter_1,analysis_spatial_threshold_sensitivity_dev/provenance/disturbance_threshold_manifest_resolved.csv
181,42b33b79e73f55ac70d625a08503504f86f5bb6245cde51efe6cc1511a9593ed,upemba-boundary-disturbance,analysis_spatial_threshold_sensitivity_dev/provenance/disturbance_threshold_manifest_resolved.csv
182,347bc0fdec2f3a23f74e4157d65e4a3a7fcbb6747194636d0f5750d2c9e5fcb4,Chapter_1,analysis_spatial_threshold_sensitivity_dev/provenance/tau025_reproduction_audit.md
182,347bc0fdec2f3a23f74e4157d65e4a3a7fcbb6747194636d0f5750d2c9e5fcb4,upemba-boundary-disturbance,analysis_spatial_threshold_sensitivity_dev/provenance/tau025_reproduction_audit.md
183,5b35e39ff87a22cf61e08769b38f37bc635788884e8847b27113ce849c0c9876,Chapter_1,analysis_spatial_threshold_sensitivity_dev/tables/covariate_balance_by_sesu.csv
183,5b35e39ff87a22cf61e08769b38f37bc635788884e8847b27113ce849c0c9876,upemba-boundary-disturbance,analysis_spatial_threshold_sensitivity_dev/tables/covariate_balance_by_sesu.csv
184,d42daa4b02718bd84b8ff428070aef8555961281765c8688df88d9414a16a043,Chapter_1,analysis_spatial_threshold_sensitivity_dev/tables/covariate_balance_summary.csv
184,d42daa4b02718bd84b8ff428070aef8555961281765c8688df88d9414a16a043,upemba-boundary-disturbance,analysis_spatial_threshold_sensitivity_dev/tables/covariate_balance_summary.csv
185,93cc72feadda2b0db01042824b6f9a9d55e733b0810346a063a6b84f0a6f5ddc,Chapter_1,analysis_spatial_threshold_sensitivity_dev/tables/event_support_detailed.csv
185,93cc72feadda2b0db01042824b6f9a9d55e733b0810346a063a6b84f0a6f5ddc,upemba-boundary-disturbance,analysis_spatial_threshold_sensitivity_dev/tables/event_support_detailed.csv
186,c5d288bb3097296e025ae95d18e2c33e82ab247c9e5b92ec9b4dbab1fe198f01,Chapter_1,analysis_spatial_threshold_sensitivity_dev/tables/event_support_summary.csv
186,c5d288bb3097296e025ae95d18e2c33e82ab247c9e5b92ec9b4dbab1fe198f01,upemba-boundary-disturbance,analysis_spatial_threshold_sensitivity_dev/tables/event_support_summary.csv
187,fa5660274c55a453282060b41c1d04e2fd2699e662cf5df04601269064db6648,Chapter_1,analysis_spatial_threshold_sensitivity_dev/tables/fire_fit_diagnostics.csv
187,fa5660274c55a453282060b41c1d04e2fd2699e662cf5df04601269064db6648,upemba-boundary-disturbance,analysis_spatial_threshold_sensitivity_dev/tables/fire_fit_diagnostics.csv
188,c3459395588b88a8ef6a70b798d089aba0ea3cd16d74cec172274aa32b7d456b,Chapter_1,analysis_spatial_threshold_sensitivity_dev/tables/fire_pairwise_differences.csv
188,c3459395588b88a8ef6a70b798d089aba0ea3cd16d74cec172274aa32b7d456b,upemba-boundary-disturbance,analysis_spatial_threshold_sensitivity_dev/tables/fire_pairwise_differences.csv
189,5ca80ecc7168f18111d03f2ffe0279513e8d6c81aa1313aee5324fd6bf7bb6c7,Chapter_1,analysis_spatial_threshold_sensitivity_dev/tables/fire_profile_contrasts.csv
189,5ca80ecc7168f18111d03f2ffe0279513e8d6c81aa1313aee5324fd6bf7bb6c7,upemba-boundary-disturbance,analysis_spatial_threshold_sensitivity_dev/tables/fire_profile_contrasts.csv
190,b8aaa12422a8be4b74521719dfe7c30b305f20cf2d3c9a03111134c8b44c0ecb,Chapter_1,analysis_spatial_threshold_sensitivity_dev/tables/input_raster_validation.csv
190,b8aaa12422a8be4b74521719dfe7c30b305f20cf2d3c9a03111134c8b44c0ecb,upemba-boundary-disturbance,analysis_spatial_threshold_sensitivity_dev/tables/input_raster_validation.csv
191,917f7cd067285fa917a03c6ff7861647b616ca7185a7ce8d711f1a42d4f69633,Chapter_1,analysis_spatial_threshold_sensitivity_dev/tables/rare_outcome_beta_binomial_diagnostics.csv
191,917f7cd067285fa917a03c6ff7861647b616ca7185a7ce8d711f1a42d4f69633,upemba-boundary-disturbance,analysis_spatial_threshold_sensitivity_dev/tables/rare_outcome_beta_binomial_diagnostics.csv
192,632ab655cf38f2fed6afa78b0dbe8483f5f8ca2131e95f9b4bf8f1fb979cc5ae,Chapter_1,analysis_spatial_threshold_sensitivity_dev/tables/rare_outcome_beta_binomial_profile_contrasts.csv
192,632ab655cf38f2fed6afa78b0dbe8483f5f8ca2131e95f9b4bf8f1fb979cc5ae,upemba-boundary-disturbance,analysis_spatial_threshold_sensitivity_dev/tables/rare_outcome_beta_binomial_profile_contrasts.csv
193,f7d740542ef25ef961ea6c0a0f697d8201ab24836573a6aa2967f4b5c284313c,Chapter_1,analysis_spatial_threshold_sensitivity_dev/tables/sparse_outcome_model_diagnostics.csv
193,f7d740542ef25ef961ea6c0a0f697d8201ab24836573a6aa2967f4b5c284313c,upemba-boundary-disturbance,analysis_spatial_threshold_sensitivity_dev/tables/sparse_outcome_model_diagnostics.csv
194,921b1a2e6f4d00fc394e2ea8ac52a59285845c8be055d26fbb16353402b90b71,Chapter_1,analysis_spatial_threshold_sensitivity_dev/tables/sparse_outcome_pairwise_differences.csv
194,921b1a2e6f4d00fc394e2ea8ac52a59285845c8be055d26fbb16353402b90b71,upemba-boundary-disturbance,analysis_spatial_threshold_sensitivity_dev/tables/sparse_outcome_pairwise_differences.csv
195,14ca9936d18b6a3110a0c78aa4756939a7d014fc962d32efcc2e598758c58e4e,Chapter_1,analysis_spatial_threshold_sensitivity_dev/tables/sparse_outcome_profile_estimates.csv
195,14ca9936d18b6a3110a0c78aa4756939a7d014fc962d32efcc2e598758c58e4e,upemba-boundary-disturbance,analysis_spatial_threshold_sensitivity_dev/tables/sparse_outcome_profile_estimates.csv
196,353114a8b3ba6f6fa98e3aff80d21129e095dabeeffc96b68a5f570a28d4afc5,Chapter_1,analysis_spatial_threshold_sensitivity_dev/tables/sparse_outcome_sesu_year_contrasts.csv
196,353114a8b3ba6f6fa98e3aff80d21129e095dabeeffc96b68a5f570a28d4afc5,upemba-boundary-disturbance,analysis_spatial_threshold_sensitivity_dev/tables/sparse_outcome_sesu_year_contrasts.csv
197,558e1ba8e881f2268635b028aea4078578918e60cfa5df09b49525d65791825a,Chapter_1,analysis_spatial_threshold_sensitivity_dev/tables/sparse_strata_flags.csv
197,558e1ba8e881f2268635b028aea4078578918e60cfa5df09b49525d65791825a,upemba-boundary-disturbance,analysis_spatial_threshold_sensitivity_dev/tables/sparse_strata_flags.csv
198,3aa5cb4fc08b1492c523414eecb6df6ca67e9c6f703b1fcf934ca4eaff752ac8,Chapter_1,analysis_spatial_threshold_sensitivity_dev/tables/spatial_design_decision_matrix.csv
198,3aa5cb4fc08b1492c523414eecb6df6ca67e9c6f703b1fcf934ca4eaff752ac8,upemba-boundary-disturbance,analysis_spatial_threshold_sensitivity_dev/tables/spatial_design_decision_matrix.csv
199,50a64d92141c3e56163e5669d10374231128a72b3160ec766240ab0312350d81,Chapter_1,analysis_spatial_threshold_sensitivity_dev/tables/spatial_threshold_contrast_comparison.csv
199,50a64d92141c3e56163e5669d10374231128a72b3160ec766240ab0312350d81,upemba-boundary-disturbance,analysis_spatial_threshold_sensitivity_dev/tables/spatial_threshold_contrast_comparison.csv
200,769cd47c5ce1f9cafbf5caf35f3a1a9602dc8534a74c310b80bdb1e361853957,Chapter_1,analysis_spatial_threshold_sensitivity_dev/tables/spatial_threshold_pairwise_comparison.csv
200,769cd47c5ce1f9cafbf5caf35f3a1a9602dc8534a74c310b80bdb1e361853957,upemba-boundary-disturbance,analysis_spatial_threshold_sensitivity_dev/tables/spatial_threshold_pairwise_comparison.csv
201,61390a7bac04e259c24a52e5ba10136b993ab8f3c564b62d857304b96fdcf92e,Chapter_1,analysis_spatial_threshold_sensitivity_dev/tables/spatial_threshold_stability_summary.csv
201,61390a7bac04e259c24a52e5ba10136b993ab8f3c564b62d857304b96fdcf92e,upemba-boundary-disturbance,analysis_spatial_threshold_sensitivity_dev/tables/spatial_threshold_stability_summary.csv
202,7c95b5d6110280e5566907d5a03d5104b1fee248c66dfe10c9bbe010403bc47a,Chapter_1,analysis_spatial_threshold_sensitivity_dev/tables/tau025_allcell_reproduction_check.csv
202,7c95b5d6110280e5566907d5a03d5104b1fee248c66dfe10c9bbe010403bc47a,upemba-boundary-disturbance,analysis_spatial_threshold_sensitivity_dev/tables/tau025_allcell_reproduction_check.csv
203,42a4e2cb7be731206f4d1f365017c202f5b904b28bc3a54156fe79ba9d12382b,Chapter_1,analysis_spatial_threshold_sensitivity_dev/tables/tau025_cell_value_discrepancies_summary.csv
203,42a4e2cb7be731206f4d1f365017c202f5b904b28bc3a54156fe79ba9d12382b,upemba-boundary-disturbance,analysis_spatial_threshold_sensitivity_dev/tables/tau025_cell_value_discrepancies_summary.csv
204,0eae99aa37eff85f257cf191843998ea4b11378509c3b176581878fcdc2de2cb,Chapter_1,analysis_spatial_threshold_sensitivity_dev/tables/tau025_input_comparison.csv
204,0eae99aa37eff85f257cf191843998ea4b11378509c3b176581878fcdc2de2cb,upemba-boundary-disturbance,analysis_spatial_threshold_sensitivity_dev/tables/tau025_input_comparison.csv
205,d0941e704b21ce1b6240df9dc9b486dea32fe2cbbdcdbbee7dde0cda4d588f48,Chapter_1,backup/Chapter_1_10022026/Chapter_1/run_2026_02_10/SESU_manifest.rds
205,d0941e704b21ce1b6240df9dc9b486dea32fe2cbbdcdbbee7dde0cda4d588f48,Chapter_1,backup/Chapter_1_10022026/Chapter_1/run_2026_02_10/provenance/SESU_manifest.rds
206,7f66689fedcc84363efc3040d208a898e1319724bba7af19811ffe2715dafc2c,Chapter_1,backup/Chapter_1_10022026/Chapter_1/data/fire/README_FireCCI51_pixel.txt
206,7f66689fedcc84363efc3040d208a898e1319724bba7af19811ffe2715dafc2c,Chapter_1,data/fire/README_FireCCI51_pixel.txt
207,7229495b9e42e5088d8dbc6ce156f4de4879f0d5bd50c9c942c4d72db0925ad3,Chapter_1,backup/Chapter_1_10022026/Chapter_1/data/governance_sources/Barbier  2011. Analyse critique de l’impact de la présence des familles du personnel de l’ICCN.pdf
207,7229495b9e42e5088d8dbc6ce156f4de4879f0d5bd50c9c942c4d72db0925ad3,Chapter_1,data/governance_sources/Barbier  2011. Analyse critique de l’impact de la présence des familles du personnel de l’ICCN.pdf
208,3c0c698b7a051c3f73997f723722f0f2d3eb03f625587dc919458b7fe3d467c8,Chapter_1,backup/Chapter_1_10022026/Chapter_1/data/governance_sources/D'Huart 2017. PAG.docx
208,3c0c698b7a051c3f73997f723722f0f2d3eb03f625587dc919458b7fe3d467c8,Chapter_1,data/governance_sources/D'Huart 2017. PAG.docx
209,c03fda48b126833d63a032d980d4298000e10a5f13f63cc84fa380a572414c4d,Chapter_1,backup/Chapter_1_10022026/Chapter_1/data/governance_sources/D.R. Congo s neglected Triangle of Death.pdf
209,c03fda48b126833d63a032d980d4298000e10a5f13f63cc84fa380a572414c4d,Chapter_1,data/governance_sources/D.R. Congo s neglected Triangle of Death.pdf
210,efa795678d7ffb5a7db714df9ce47a93dafc7e51057301f9f2db76d513e8969e,Chapter_1,backup/Chapter_1_10022026/Chapter_1/data/governance_sources/Econews-493.pdf
210,efa795678d7ffb5a7db714df9ce47a93dafc7e51057301f9f2db76d513e8969e,Chapter_1,data/governance_sources/Econews-493.pdf
211,1b12e08597b0f48a13645ef5a2181ea0d970c9f580a24da6038f5510f618abbb,Chapter_1,backup/Chapter_1_10022026/Chapter_1/data/governance_sources/Global witness 2021. How an ‘illegal’ dam project could destroy forests and biodiversity in one of Congo’s oldest national parks.pdf
211,1b12e08597b0f48a13645ef5a2181ea0d970c9f580a24da6038f5510f618abbb,Chapter_1,data/governance_sources/Global witness 2021. How an ‘illegal’ dam project could destroy forests and biodiversity in one of Congo’s oldest national parks.pdf
212,6f4d314069a764c552c6953cd7adabcf6af61db17b7e1df022841d43c5d81125,Chapter_1,"backup/Chapter_1_10022026/Chapter_1/data/governance_sources/Hasson - 2003 - Upemba, le parc oublié.PDF"
212,6f4d314069a764c552c6953cd7adabcf6af61db17b7e1df022841d43c5d81125,Chapter_1,"data/governance_sources/Hasson - 2003 - Upemba, le parc oublié.PDF"
213,dd0d960ac6726db70ce2feea832931337cd6990ee14eeda5c95de0a07e5237a0,Chapter_1,backup/Chapter_1_10022026/Chapter_1/data/governance_sources/Hasson 1997.docx
213,dd0d960ac6726db70ce2feea832931337cd6990ee14eeda5c95de0a07e5237a0,Chapter_1,data/governance_sources/Hasson 1997.docx
214,bb8d795479cf92216c185d162f992e05f26a8d3c0410baf62be75ea1305e84d5,Chapter_1,backup/Chapter_1_10022026/Chapter_1/data/governance_sources/Hasson 2008. Création d’une réserve de faune en chefferie kayumba.doc
214,bb8d795479cf92216c185d162f992e05f26a8d3c0410baf62be75ea1305e84d5,Chapter_1,data/governance_sources/Hasson 2008. Création d’une réserve de faune en chefferie kayumba.doc
215,39419768af8e241783dafc8bd998076e1f5af5ec11e452d7d8a87a74beef0dca,Chapter_1,backup/Chapter_1_10022026/Chapter_1/data/governance_sources/Hasson 2016 des animaux et des hommes - PNU récent.docx
215,39419768af8e241783dafc8bd998076e1f5af5ec11e452d7d8a87a74beef0dca,Chapter_1,data/governance_sources/Hasson 2016 des animaux et des hommes - PNU récent.docx
216,cbf9262b39cc69a4ae4d0db24db08ac449abe1a71e7643861b14119e3272dd19,Chapter_1,backup/Chapter_1_10022026/Chapter_1/data/governance_sources/Hasson_1999_Upemba National Park shall not die.pdf
216,cbf9262b39cc69a4ae4d0db24db08ac449abe1a71e7643861b14119e3272dd19,Chapter_1,data/governance_sources/Hasson_1999_Upemba National Park shall not die.pdf
217,1d6cc022da634d69ff1b2727cb5916f594bcac2df1f99911319cf5c51b382853,Chapter_1,backup/Chapter_1_10022026/Chapter_1/data/governance_sources/IPIS map.docx
217,1d6cc022da634d69ff1b2727cb5916f594bcac2df1f99911319cf5c51b382853,Chapter_1,data/governance_sources/IPIS map.docx
218,6d51ed2702ae5da25f712d0d56fcd8ce5b91c7307d3ea4e67d96e64e4ded363d,Chapter_1,backup/Chapter_1_10022026/Chapter_1/data/governance_sources/Katembo 2016. Rapport technique sur l’opération de gardiennage et protection des derniers éléphants du parc national de l’upemba.pdf
218,6d51ed2702ae5da25f712d0d56fcd8ce5b91c7307d3ea4e67d96e64e4ded363d,Chapter_1,data/governance_sources/Katembo 2016. Rapport technique sur l’opération de gardiennage et protection des derniers éléphants du parc national de l’upemba.pdf
219,490e715417c49a76458beb190b910439a71105350defac5f0b3f23a981441b4c,Chapter_1,backup/Chapter_1_10022026/Chapter_1/data/governance_sources/Katembo 2017. Rapport technique sur l’opération de gardiennage et protection des derniers éléphants du parc national de l’Upemba.pdf
219,490e715417c49a76458beb190b910439a71105350defac5f0b3f23a981441b4c,Chapter_1,data/governance_sources/Katembo 2017. Rapport technique sur l’opération de gardiennage et protection des derniers éléphants du parc national de l’Upemba.pdf
220,73844305cd5bbcb77fddf819a99af4d65ad15e8563a7441a2d2d3e0835d90b7f,Chapter_1,backup/Chapter_1_10022026/Chapter_1/data/governance_sources/Mai-Mai Kata Katanga.html
220,73844305cd5bbcb77fddf819a99af4d65ad15e8563a7441a2d2d3e0835d90b7f,Chapter_1,data/governance_sources/Mai-Mai Kata Katanga.html
221,03e8e0dee928777598a14b8d21fcfb033e9a010677bada4924836684e214472a,Chapter_1,backup/Chapter_1_10022026/Chapter_1/data/governance_sources/Meynen 2007.docx
221,03e8e0dee928777598a14b8d21fcfb033e9a010677bada4924836684e214472a,Chapter_1,data/governance_sources/Meynen 2007.docx
222,4d8492b7fae3fd6274b5f9fcb5093b6ba498b0a453c7cc65bea7df45f68942b9,Chapter_1,backup/Chapter_1_10022026/Chapter_1/data/governance_sources/Meynen_Spittaels_2007_Cartographie des intérêts dans les zones de conflit.pdf
222,4d8492b7fae3fd6274b5f9fcb5093b6ba498b0a453c7cc65bea7df45f68942b9,Chapter_1,data/governance_sources/Meynen_Spittaels_2007_Cartographie des intérêts dans les zones de conflit.pdf
223,d58080ad2906873e5a3dcde1992e7c6a46c3017ef011586ed2f189401db20e18,Chapter_1,backup/Chapter_1_10022026/Chapter_1/data/governance_sources/Narrative FZS PNU RDC 10eme FED 161109 dernier ICCN.doc
223,d58080ad2906873e5a3dcde1992e7c6a46c3017ef011586ed2f189401db20e18,Chapter_1,data/governance_sources/Narrative FZS PNU RDC 10eme FED 161109 dernier ICCN.doc
224,a2d15df4c478ae39fca177f389332628e225987358eef2bc4f7e49fe109f6866,Chapter_1,backup/Chapter_1_10022026/Chapter_1/data/governance_sources/OKA Kanyundu achievements.docx
224,a2d15df4c478ae39fca177f389332628e225987358eef2bc4f7e49fe109f6866,Chapter_1,data/governance_sources/OKA Kanyundu achievements.docx
225,f78b5a3af8b38ebfee4a8901a628a149190dd1eeefe73d9e9df42b8cb2e7822d,Chapter_1,backup/Chapter_1_10022026/Chapter_1/data/governance_sources/ramsar.pdf
225,f78b5a3af8b38ebfee4a8901a628a149190dd1eeefe73d9e9df42b8cb2e7822d,Chapter_1,data/governance_sources/ramsar.pdf
226,3bcf5abb8c9e373a2e1001a49b8e8f9ad3ce0b55d4cbc2fd2b5a5c1b1f1e8a6d,Chapter_1,backup/Chapter_1_10022026/Chapter_1/data/governance_sources/TdR plan d_aménagement - PNKL_GFA_Carlo_20190212.docx
226,3bcf5abb8c9e373a2e1001a49b8e8f9ad3ce0b55d4cbc2fd2b5a5c1b1f1e8a6d,Chapter_1,data/governance_sources/TdR plan d_aménagement - PNKL_GFA_Carlo_20190212.docx
227,fac2564d6d7fb103ace6c3000c3c7dfeaad9b9f78a73c6aaed3494eb28e6502d,Chapter_1,backup/Chapter_1_10022026/Chapter_1/data/governance_sources/Upemba and Kundelungu National Park_background doc (1).pdf
227,fac2564d6d7fb103ace6c3000c3c7dfeaad9b9f78a73c6aaed3494eb28e6502d,Chapter_1,data/governance_sources/Upemba and Kundelungu National Park_background doc (1).pdf
228,f64e1c02ed86cac90d5d56a73829c6ce8d21ac8d17e496eb93bf41de24df222b,Chapter_1,backup/Chapter_1_10022026/Chapter_1/data/governance_sources/Upemba-Kundelungu - Rapport mensuel - Janvier 2018.pdf
228,f64e1c02ed86cac90d5d56a73829c6ce8d21ac8d17e496eb93bf41de24df222b,Chapter_1,data/governance_sources/Upemba-Kundelungu - Rapport mensuel - Janvier 2018.pdf
229,4f6d87321a94d097449db126978cba637fceb958479dc892b10c736ea69bf330,Chapter_1,backup/Chapter_1_10022026/Chapter_1/data/governance_sources/Van Leeuwe et al. - 2009 - Recensement des Grands Mammifères et Impacts Humai.pdf
229,4f6d87321a94d097449db126978cba637fceb958479dc892b10c736ea69bf330,Chapter_1,data/governance_sources/Van Leeuwe et al. - 2009 - Recensement des Grands Mammifères et Impacts Humai.pdf
230,9f35caa10de367f6608e4b41c29b5ef55342a607dc5fd9a62cd7fed234f56450,Chapter_1,backup/Chapter_1_10022026/Chapter_1/data/governance_sources/VanAcker&Vlassenroot_2005.pdf
230,9f35caa10de367f6608e4b41c29b5ef55342a607dc5fd9a62cd7fed234f56450,Chapter_1,data/governance_sources/VanAcker&Vlassenroot_2005.pdf
231,fe21385871124bc91776e5e7d445a82b25ab21f6a2fdc049c723e7a4c80bd1f9,Chapter_1,backup/Chapter_1_10022026/Chapter_1/data/outdated/2015_accessibility_to_cities.tif
231,fe21385871124bc91776e5e7d445a82b25ab21f6a2fdc049c723e7a4c80bd1f9,Chapter_1,data/outdated/2015_accessibility_to_cities.tif
232,da06328d30613bab5a2588463c0473d3ac1b25357fa5973521a4b8857768d329,Chapter_1,backup/Chapter_1_10022026/Chapter_1/data/outdated/chirps_annual_precip_mm_1981_2025_full.tif
232,da06328d30613bab5a2588463c0473d3ac1b25357fa5973521a4b8857768d329,Chapter_1,data/outdated/chirps_annual_precip_mm_1981_2025_full.tif
233,cff1bb27d7eebde0658bc7cecff2d40b5bf766b0d05f40ed43cb5a1347d6bc0c,Chapter_1,backup/Chapter_1_10022026/Chapter_1/data/outdated/dem_copernicus_glo30.tif
233,cff1bb27d7eebde0658bc7cecff2d40b5bf766b0d05f40ed43cb5a1347d6bc0c,Chapter_1,data/outdated/dem_copernicus_glo30.tif
234,65ea4c9c2bf7405b3e4400577c439c90173cb8f77c207d28b09e6faad409e2a9,Chapter_1,backup/Chapter_1_10022026/Chapter_1/data/outdated/gfc_lossyear_2001_2024_coded_30m_full.tif
234,65ea4c9c2bf7405b3e4400577c439c90173cb8f77c207d28b09e6faad409e2a9,Chapter_1,data/outdated/gfc_lossyear_2001_2024_coded_30m_full.tif
235,b28b8a0ad2c4d1292853e63d48d784daa5fef8061bb7a3a2b41953ca91cb1083,Chapter_1,backup/Chapter_1_10022026/Chapter_1/data/outdated/gfc_treecover2000_pct_30m_full.tif
235,b28b8a0ad2c4d1292853e63d48d784daa5fef8061bb7a3a2b41953ca91cb1083,Chapter_1,data/outdated/gfc_treecover2000_pct_30m_full.tif
236,f9ea182c817c885bc905e8e77fca6cbd10e33f2f1d0fe12bb83a773107be5832,Chapter_1,backup/Chapter_1_10022026/Chapter_1/data/outdated/GHS_BUILT_S_1975_2030_built_surface.tif
236,f9ea182c817c885bc905e8e77fca6cbd10e33f2f1d0fe12bb83a773107be5832,Chapter_1,data/outdated/GHS_BUILT_S_1975_2030_built_surface.tif
237,85af61e1b5b768243186784e0ac6fe14e8808704c48f75aefd854851c27f9e01,Chapter_1,backup/Chapter_1_10022026/Chapter_1/data/outdated/openbuildings_building_fractional_count_2016_2023.tif
237,85af61e1b5b768243186784e0ac6fe14e8808704c48f75aefd854851c27f9e01,Chapter_1,data/outdated/openbuildings_building_fractional_count_2016_2023.tif
238,2c66b6027f50621ff052d8470911c1a42ce844cc99936829d99c398a3e3996e8,Chapter_1,backup/Chapter_1_10022026/Chapter_1/data/outdated/soilgrids_0_30cm_mean_upemba_aoi.tif
238,2c66b6027f50621ff052d8470911c1a42ce844cc99936829d99c398a3e3996e8,Chapter_1,data/outdated/soilgrids_0_30cm_mean_upemba_aoi.tif
239,7963e3db2187df15fcbd041589a15d5c77e0e69b24b5af2137958c618e59ea75,Chapter_1,backup/Chapter_1_10022026/Chapter_1/data/outdated/terraclimate_annual_aet_mm_1958_2025_full.tif
239,7963e3db2187df15fcbd041589a15d5c77e0e69b24b5af2137958c618e59ea75,Chapter_1,data/outdated/terraclimate_annual_aet_mm_1958_2025_full.tif
240,55da7daf96490217a5289a2fe8e7d6e3a06c0bb29c4bb1e9e275762387c69543,Chapter_1,backup/Chapter_1_10022026/Chapter_1/data/outdated/terraclimate_annual_pet_mm_1958_2025_full.tif
240,55da7daf96490217a5289a2fe8e7d6e3a06c0bb29c4bb1e9e275762387c69543,Chapter_1,data/outdated/terraclimate_annual_pet_mm_1958_2025_full.tif
241,85d612941c00dec0d97ab3e75bf7b9ba405e4ce96a960c841f13eb0e840cc923,Chapter_1,backup/Chapter_1_10022026/Chapter_1/data/outdated/worldcover_map_2021_30m.tif
241,85d612941c00dec0d97ab3e75bf7b9ba405e4ce96a960c841f13eb0e840cc923,Chapter_1,data/outdated/worldcover_map_2021_30m.tif
242,cd511c3e0e872d83b07f6e639375a8b7794479da1b12596e0b1b5244529b21b7,Chapter_1,backup/Chapter_1_10022026/Chapter_1/data/fire/20210401-ESACCI-L3S_FIRE-BA-MODIS-AREA_5-fv5.1/20210401-ESACCI-L3S_FIRE-BA-MODIS-AREA_5-fv5.1-CL.tif
242,cd511c3e0e872d83b07f6e639375a8b7794479da1b12596e0b1b5244529b21b7,Chapter_1,data/fire/20210401-ESACCI-L3S_FIRE-BA-MODIS-AREA_5-fv5.1/20210401-ESACCI-L3S_FIRE-BA-MODIS-AREA_5-fv5.1-CL.tif
243,01ce3fcda1ce5c518c3119ade06d20dc3097f596a186d5676138911e6cdb019b,Chapter_1,backup/Chapter_1_10022026/Chapter_1/data/fire/20210401-ESACCI-L3S_FIRE-BA-MODIS-AREA_5-fv5.1/20210401-ESACCI-L3S_FIRE-BA-MODIS-AREA_5-fv5.1-JD.tif
243,01ce3fcda1ce5c518c3119ade06d20dc3097f596a186d5676138911e6cdb019b,Chapter_1,data/fire/20210401-ESACCI-L3S_FIRE-BA-MODIS-AREA_5-fv5.1/20210401-ESACCI-L3S_FIRE-BA-MODIS-AREA_5-fv5.1-JD.tif
244,f7c57931a5bf1e9fa5f71ad0fd862f9a80993cbc22ace3933cb98727ed17ebb5,Chapter_1,backup/Chapter_1_10022026/Chapter_1/data/fire/20210401-ESACCI-L3S_FIRE-BA-MODIS-AREA_5-fv5.1/20210401-ESACCI-L3S_FIRE-BA-MODIS-AREA_5-fv5.1-LC.tif
244,f7c57931a5bf1e9fa5f71ad0fd862f9a80993cbc22ace3933cb98727ed17ebb5,Chapter_1,data/fire/20210401-ESACCI-L3S_FIRE-BA-MODIS-AREA_5-fv5.1/20210401-ESACCI-L3S_FIRE-BA-MODIS-AREA_5-fv5.1-LC.tif
245,908b02b62a288150c5370c4956f9c71dc2ec75f9841996cc3ab0cfc1ba22f33c,Chapter_1,backup/Chapter_1_10022026/Chapter_1/data/fire/20210401-ESACCI-L3S_FIRE-BA-MODIS-AREA_5-fv5.1/20210401-ESACCI-L3S_FIRE-BA-MODIS-AREA_5-fv5.1.xml
245,908b02b62a288150c5370c4956f9c71dc2ec75f9841996cc3ab0cfc1ba22f33c,Chapter_1,data/fire/20210401-ESACCI-L3S_FIRE-BA-MODIS-AREA_5-fv5.1/20210401-ESACCI-L3S_FIRE-BA-MODIS-AREA_5-fv5.1.xml
246,3573b28b192cd8a54fd9955100fb1feeace50ad1ff37b927f72e70cab884e1f7,Chapter_1,backup/Chapter_1_10022026/Chapter_1/data/fire/20210501-ESACCI-L3S_FIRE-BA-MODIS-AREA_5-fv5.1/20210501-ESACCI-L3S_FIRE-BA-MODIS-AREA_5-fv5.1-CL.tif
246,3573b28b192cd8a54fd9955100fb1feeace50ad1ff37b927f72e70cab884e1f7,Chapter_1,data/fire/20210501-ESACCI-L3S_FIRE-BA-MODIS-AREA_5-fv5.1/20210501-ESACCI-L3S_FIRE-BA-MODIS-AREA_5-fv5.1-CL.tif
247,5fd28256d3fe800d589956ee7b288aedbd35925575c161d7a710c9760c2a9647,Chapter_1,backup/Chapter_1_10022026/Chapter_1/data/fire/20210501-ESACCI-L3S_FIRE-BA-MODIS-AREA_5-fv5.1/20210501-ESACCI-L3S_FIRE-BA-MODIS-AREA_5-fv5.1-JD.tif
247,5fd28256d3fe800d589956ee7b288aedbd35925575c161d7a710c9760c2a9647,Chapter_1,data/fire/20210501-ESACCI-L3S_FIRE-BA-MODIS-AREA_5-fv5.1/20210501-ESACCI-L3S_FIRE-BA-MODIS-AREA_5-fv5.1-JD.tif
248,b3b444217043fc8efa79bebbdd77372ad7d00bf78fabfa8ee6c8e751b74144a1,Chapter_1,backup/Chapter_1_10022026/Chapter_1/data/fire/20210501-ESACCI-L3S_FIRE-BA-MODIS-AREA_5-fv5.1/20210501-ESACCI-L3S_FIRE-BA-MODIS-AREA_5-fv5.1-LC.tif
248,b3b444217043fc8efa79bebbdd77372ad7d00bf78fabfa8ee6c8e751b74144a1,Chapter_1,data/fire/20210501-ESACCI-L3S_FIRE-BA-MODIS-AREA_5-fv5.1/20210501-ESACCI-L3S_FIRE-BA-MODIS-AREA_5-fv5.1-LC.tif
249,d190b330f059bebf723037f265ff5416cd59d64d02fecd827ef65a0d5f024bdf,Chapter_1,backup/Chapter_1_10022026/Chapter_1/data/fire/20210501-ESACCI-L3S_FIRE-BA-MODIS-AREA_5-fv5.1/20210501-ESACCI-L3S_FIRE-BA-MODIS-AREA_5-fv5.1.xml
249,d190b330f059bebf723037f265ff5416cd59d64d02fecd827ef65a0d5f024bdf,Chapter_1,data/fire/20210501-ESACCI-L3S_FIRE-BA-MODIS-AREA_5-fv5.1/20210501-ESACCI-L3S_FIRE-BA-MODIS-AREA_5-fv5.1.xml
250,04f1a2d6e706fe05677ee34cb7c02d6a12e0af4ff2c8cf8d0c27733f8d300027,Chapter_1,backup/Chapter_1_10022026/Chapter_1/data/fire/20210601-ESACCI-L3S_FIRE-BA-MODIS-AREA_5-fv5.1/20210601-ESACCI-L3S_FIRE-BA-MODIS-AREA_5-fv5.1-CL.tif
250,04f1a2d6e706fe05677ee34cb7c02d6a12e0af4ff2c8cf8d0c27733f8d300027,Chapter_1,data/fire/20210601-ESACCI-L3S_FIRE-BA-MODIS-AREA_5-fv5.1/20210601-ESACCI-L3S_FIRE-BA-MODIS-AREA_5-fv5.1-CL.tif
251,23359440b969de1cc01968c474a0583d0d1a7ab78e41f413cecd86a8a5ea5686,Chapter_1,backup/Chapter_1_10022026/Chapter_1/data/fire/20210601-ESACCI-L3S_FIRE-BA-MODIS-AREA_5-fv5.1/20210601-ESACCI-L3S_FIRE-BA-MODIS-AREA_5-fv5.1-JD.tif
251,23359440b969de1cc01968c474a0583d0d1a7ab78e41f413cecd86a8a5ea5686,Chapter_1,data/fire/20210601-ESACCI-L3S_FIRE-BA-MODIS-AREA_5-fv5.1/20210601-ESACCI-L3S_FIRE-BA-MODIS-AREA_5-fv5.1-JD.tif
252,320d007a339e332b4b77b253c0d24210a11d52adff212bd112f6e77915ac5927,Chapter_1,backup/Chapter_1_10022026/Chapter_1/data/fire/20210601-ESACCI-L3S_FIRE-BA-MODIS-AREA_5-fv5.1/20210601-ESACCI-L3S_FIRE-BA-MODIS-AREA_5-fv5.1-LC.tif
252,320d007a339e332b4b77b253c0d24210a11d52adff212bd112f6e77915ac5927,Chapter_1,data/fire/20210601-ESACCI-L3S_FIRE-BA-MODIS-AREA_5-fv5.1/20210601-ESACCI-L3S_FIRE-BA-MODIS-AREA_5-fv5.1-LC.tif
253,612d4b43944a6c173c0391e98915cf8b06934250c0a5a379317dffc3c4fd25de,Chapter_1,backup/Chapter_1_10022026/Chapter_1/data/fire/20210601-ESACCI-L3S_FIRE-BA-MODIS-AREA_5-fv5.1/20210601-ESACCI-L3S_FIRE-BA-MODIS-AREA_5-fv5.1.xml
253,612d4b43944a6c173c0391e98915cf8b06934250c0a5a379317dffc3c4fd25de,Chapter_1,data/fire/20210601-ESACCI-L3S_FIRE-BA-MODIS-AREA_5-fv5.1/20210601-ESACCI-L3S_FIRE-BA-MODIS-AREA_5-fv5.1.xml
254,b0fe025b8dab928f743fdddf02a4463e6fac0d499db73f98bfc6cc6a8bcd660b,Chapter_1,backup/Chapter_1_10022026/Chapter_1/data/fire/20210701-ESACCI-L3S_FIRE-BA-MODIS-AREA_5-fv5.1/20210701-ESACCI-L3S_FIRE-BA-MODIS-AREA_5-fv5.1-CL.tif
254,b0fe025b8dab928f743fdddf02a4463e6fac0d499db73f98bfc6cc6a8bcd660b,Chapter_1,data/fire/20210701-ESACCI-L3S_FIRE-BA-MODIS-AREA_5-fv5.1/20210701-ESACCI-L3S_FIRE-BA-MODIS-AREA_5-fv5.1-CL.tif
255,bf7f9d0ecb55030a9201e59dcbd3f9c897ed9c22f42f86c867f0a2c380640a7e,Chapter_1,backup/Chapter_1_10022026/Chapter_1/data/fire/20210701-ESACCI-L3S_FIRE-BA-MODIS-AREA_5-fv5.1/20210701-ESACCI-L3S_FIRE-BA-MODIS-AREA_5-fv5.1-JD.tif
255,bf7f9d0ecb55030a9201e59dcbd3f9c897ed9c22f42f86c867f0a2c380640a7e,Chapter_1,data/fire/20210701-ESACCI-L3S_FIRE-BA-MODIS-AREA_5-fv5.1/20210701-ESACCI-L3S_FIRE-BA-MODIS-AREA_5-fv5.1-JD.tif
256,a11b14fd368b3ea770e38648aa46da380a87f78a75b7830d8cf2027728044ea5,Chapter_1,backup/Chapter_1_10022026/Chapter_1/data/fire/20210701-ESACCI-L3S_FIRE-BA-MODIS-AREA_5-fv5.1/20210701-ESACCI-L3S_FIRE-BA-MODIS-AREA_5-fv5.1-LC.tif
256,a11b14fd368b3ea770e38648aa46da380a87f78a75b7830d8cf2027728044ea5,Chapter_1,data/fire/20210701-ESACCI-L3S_FIRE-BA-MODIS-AREA_5-fv5.1/20210701-ESACCI-L3S_FIRE-BA-MODIS-AREA_5-fv5.1-LC.tif
257,3ddf6592c17aa9bfa315877c85b93be48a6a2a7cde1c36bbc1b0c1417d0977bc,Chapter_1,backup/Chapter_1_10022026/Chapter_1/data/fire/20210701-ESACCI-L3S_FIRE-BA-MODIS-AREA_5-fv5.1/20210701-ESACCI-L3S_FIRE-BA-MODIS-AREA_5-fv5.1.xml
257,3ddf6592c17aa9bfa315877c85b93be48a6a2a7cde1c36bbc1b0c1417d0977bc,Chapter_1,data/fire/20210701-ESACCI-L3S_FIRE-BA-MODIS-AREA_5-fv5.1/20210701-ESACCI-L3S_FIRE-BA-MODIS-AREA_5-fv5.1.xml
258,7afaf72d9758670077c47a1d85f6884e2a6c620d1fdb708d12f8f535f9c1bdf5,Chapter_1,backup/Chapter_1_10022026/Chapter_1/data/fire/20210801-ESACCI-L3S_FIRE-BA-MODIS-AREA_5-fv5.1/20210801-ESACCI-L3S_FIRE-BA-MODIS-AREA_5-fv5.1-CL.tif
258,7afaf72d9758670077c47a1d85f6884e2a6c620d1fdb708d12f8f535f9c1bdf5,Chapter_1,data/fire/20210801-ESACCI-L3S_FIRE-BA-MODIS-AREA_5-fv5.1/20210801-ESACCI-L3S_FIRE-BA-MODIS-AREA_5-fv5.1-CL.tif
259,aeb06287b48c3267efff14ee903b9c086dcea36734e4867ce0684472fee1bdf4,Chapter_1,backup/Chapter_1_10022026/Chapter_1/data/fire/20210801-ESACCI-L3S_FIRE-BA-MODIS-AREA_5-fv5.1/20210801-ESACCI-L3S_FIRE-BA-MODIS-AREA_5-fv5.1-JD.tif
259,aeb06287b48c3267efff14ee903b9c086dcea36734e4867ce0684472fee1bdf4,Chapter_1,data/fire/20210801-ESACCI-L3S_FIRE-BA-MODIS-AREA_5-fv5.1/20210801-ESACCI-L3S_FIRE-BA-MODIS-AREA_5-fv5.1-JD.tif
260,9cb65cb98900f9952298d798a48f88235938d248b2d87873ba3d04a9262c3459,Chapter_1,backup/Chapter_1_10022026/Chapter_1/data/fire/20210801-ESACCI-L3S_FIRE-BA-MODIS-AREA_5-fv5.1/20210801-ESACCI-L3S_FIRE-BA-MODIS-AREA_5-fv5.1-LC.tif
260,9cb65cb98900f9952298d798a48f88235938d248b2d87873ba3d04a9262c3459,Chapter_1,data/fire/20210801-ESACCI-L3S_FIRE-BA-MODIS-AREA_5-fv5.1/20210801-ESACCI-L3S_FIRE-BA-MODIS-AREA_5-fv5.1-LC.tif
261,3e151fa9301e07c114d165ccbf514ad983d8d5ad8034481a6202eeedf56cba85,Chapter_1,backup/Chapter_1_10022026/Chapter_1/data/fire/20210801-ESACCI-L3S_FIRE-BA-MODIS-AREA_5-fv5.1/20210801-ESACCI-L3S_FIRE-BA-MODIS-AREA_5-fv5.1.xml
261,3e151fa9301e07c114d165ccbf514ad983d8d5ad8034481a6202eeedf56cba85,Chapter_1,data/fire/20210801-ESACCI-L3S_FIRE-BA-MODIS-AREA_5-fv5.1/20210801-ESACCI-L3S_FIRE-BA-MODIS-AREA_5-fv5.1.xml
262,bfec2f6dd53c5619258b1881ef01642af95472e83a6a63c25632ddd18614bfdf,Chapter_1,backup/Chapter_1_10022026/Chapter_1/data/fire/20210901-ESACCI-L3S_FIRE-BA-MODIS-AREA_5-fv5.1/20210901-ESACCI-L3S_FIRE-BA-MODIS-AREA_5-fv5.1-CL.tif
262,bfec2f6dd53c5619258b1881ef01642af95472e83a6a63c25632ddd18614bfdf,Chapter_1,data/fire/20210901-ESACCI-L3S_FIRE-BA-MODIS-AREA_5-fv5.1/20210901-ESACCI-L3S_FIRE-BA-MODIS-AREA_5-fv5.1-CL.tif
263,50801c84bc784430fdeabdc80ed57df101517ba1ab6df91f4ec4c4daea8d311a,Chapter_1,backup/Chapter_1_10022026/Chapter_1/data/fire/20210901-ESACCI-L3S_FIRE-BA-MODIS-AREA_5-fv5.1/20210901-ESACCI-L3S_FIRE-BA-MODIS-AREA_5-fv5.1-JD.tif
263,50801c84bc784430fdeabdc80ed57df101517ba1ab6df91f4ec4c4daea8d311a,Chapter_1,data/fire/20210901-ESACCI-L3S_FIRE-BA-MODIS-AREA_5-fv5.1/20210901-ESACCI-L3S_FIRE-BA-MODIS-AREA_5-fv5.1-JD.tif
264,5ee9805acc871b8ce0f7e0950d884e3df02036d9b0f87f70e8f8c3bb77e121be,Chapter_1,backup/Chapter_1_10022026/Chapter_1/data/fire/20210901-ESACCI-L3S_FIRE-BA-MODIS-AREA_5-fv5.1/20210901-ESACCI-L3S_FIRE-BA-MODIS-AREA_5-fv5.1-LC.tif
264,5ee9805acc871b8ce0f7e0950d884e3df02036d9b0f87f70e8f8c3bb77e121be,Chapter_1,data/fire/20210901-ESACCI-L3S_FIRE-BA-MODIS-AREA_5-fv5.1/20210901-ESACCI-L3S_FIRE-BA-MODIS-AREA_5-fv5.1-LC.tif
265,eeaa5c25d666fff9d90bffca489f6ffb40cdd1ffa4269ac0d6147048bb5aa73c,Chapter_1,backup/Chapter_1_10022026/Chapter_1/data/fire/20210901-ESACCI-L3S_FIRE-BA-MODIS-AREA_5-fv5.1/20210901-ESACCI-L3S_FIRE-BA-MODIS-AREA_5-fv5.1.xml
265,eeaa5c25d666fff9d90bffca489f6ffb40cdd1ffa4269ac0d6147048bb5aa73c,Chapter_1,data/fire/20210901-ESACCI-L3S_FIRE-BA-MODIS-AREA_5-fv5.1/20210901-ESACCI-L3S_FIRE-BA-MODIS-AREA_5-fv5.1.xml
266,91922274113b68e61950d621bdab3e8ba2e01d48cd406157148fd945009d3ebf,Chapter_1,backup/Chapter_1_10022026/Chapter_1/data/fire/20211001-ESACCI-L3S_FIRE-BA-MODIS-AREA_5-fv5.1/20211001-ESACCI-L3S_FIRE-BA-MODIS-AREA_5-fv5.1-CL.tif
266,91922274113b68e61950d621bdab3e8ba2e01d48cd406157148fd945009d3ebf,Chapter_1,data/fire/20211001-ESACCI-L3S_FIRE-BA-MODIS-AREA_5-fv5.1/20211001-ESACCI-L3S_FIRE-BA-MODIS-AREA_5-fv5.1-CL.tif
267,d223299ae0ac7a5c91c2fafe127ec03d6b2526e50f7aff1b1e6ed82de082544f,Chapter_1,backup/Chapter_1_10022026/Chapter_1/data/fire/20211001-ESACCI-L3S_FIRE-BA-MODIS-AREA_5-fv5.1/20211001-ESACCI-L3S_FIRE-BA-MODIS-AREA_5-fv5.1-JD.tif
267,d223299ae0ac7a5c91c2fafe127ec03d6b2526e50f7aff1b1e6ed82de082544f,Chapter_1,data/fire/20211001-ESACCI-L3S_FIRE-BA-MODIS-AREA_5-fv5.1/20211001-ESACCI-L3S_FIRE-BA-MODIS-AREA_5-fv5.1-JD.tif
268,6215a50e1f2db705bfd098e5866e13313a99eea4e0ac863ffe9f3a078d42925f,Chapter_1,backup/Chapter_1_10022026/Chapter_1/data/fire/20211001-ESACCI-L3S_FIRE-BA-MODIS-AREA_5-fv5.1/20211001-ESACCI-L3S_FIRE-BA-MODIS-AREA_5-fv5.1-LC.tif
268,6215a50e1f2db705bfd098e5866e13313a99eea4e0ac863ffe9f3a078d42925f,Chapter_1,data/fire/20211001-ESACCI-L3S_FIRE-BA-MODIS-AREA_5-fv5.1/20211001-ESACCI-L3S_FIRE-BA-MODIS-AREA_5-fv5.1-LC.tif
269,420b3e8ad4353e55394868a2dea99e5ef0a5de819f4bd23b5f30a725de97073c,Chapter_1,backup/Chapter_1_10022026/Chapter_1/data/fire/20211001-ESACCI-L3S_FIRE-BA-MODIS-AREA_5-fv5.1/20211001-ESACCI-L3S_FIRE-BA-MODIS-AREA_5-fv5.1.xml
269,420b3e8ad4353e55394868a2dea99e5ef0a5de819f4bd23b5f30a725de97073c,Chapter_1,data/fire/20211001-ESACCI-L3S_FIRE-BA-MODIS-AREA_5-fv5.1/20211001-ESACCI-L3S_FIRE-BA-MODIS-AREA_5-fv5.1.xml
270,767aea28cf7e68854d0fd55ede88b98e4a1e2b523fa1b6560899e827b1d5d9b0,Chapter_1,backup/Chapter_1_10022026/Chapter_1/data/fire/20220401-ESACCI-L3S_FIRE-BA-MODIS-AREA_5-fv5.1/20220401-ESACCI-L3S_FIRE-BA-MODIS-AREA_5-fv5.1-CL.tif
270,767aea28cf7e68854d0fd55ede88b98e4a1e2b523fa1b6560899e827b1d5d9b0,Chapter_1,data/fire/20220401-ESACCI-L3S_FIRE-BA-MODIS-AREA_5-fv5.1/20220401-ESACCI-L3S_FIRE-BA-MODIS-AREA_5-fv5.1-CL.tif
271,0e73a3c6780ac6394e0d370d3d26e878613c18ff960aa4ec9e012ca8877d15e8,Chapter_1,backup/Chapter_1_10022026/Chapter_1/data/fire/20220401-ESACCI-L3S_FIRE-BA-MODIS-AREA_5-fv5.1/20220401-ESACCI-L3S_FIRE-BA-MODIS-AREA_5-fv5.1-JD.tif
271,0e73a3c6780ac6394e0d370d3d26e878613c18ff960aa4ec9e012ca8877d15e8,Chapter_1,data/fire/20220401-ESACCI-L3S_FIRE-BA-MODIS-AREA_5-fv5.1/20220401-ESACCI-L3S_FIRE-BA-MODIS-AREA_5-fv5.1-JD.tif
272,e36cc7a17052e857e4e7060315c397dc9cc71d31a01caa094df01b50048c358e,Chapter_1,backup/Chapter_1_10022026/Chapter_1/data/fire/20220401-ESACCI-L3S_FIRE-BA-MODIS-AREA_5-fv5.1/20220401-ESACCI-L3S_FIRE-BA-MODIS-AREA_5-fv5.1-LC.tif
272,e36cc7a17052e857e4e7060315c397dc9cc71d31a01caa094df01b50048c358e,Chapter_1,data/fire/20220401-ESACCI-L3S_FIRE-BA-MODIS-AREA_5-fv5.1/20220401-ESACCI-L3S_FIRE-BA-MODIS-AREA_5-fv5.1-LC.tif
273,0e3731c3b1d335464e851d4a6383cc65a3a79c05bd4cc5cf424338bf6b517c1e,Chapter_1,backup/Chapter_1_10022026/Chapter_1/data/fire/20220401-ESACCI-L3S_FIRE-BA-MODIS-AREA_5-fv5.1/20220401-ESACCI-L3S_FIRE-BA-MODIS-AREA_5-fv5.1.xml
273,0e3731c3b1d335464e851d4a6383cc65a3a79c05bd4cc5cf424338bf6b517c1e,Chapter_1,data/fire/20220401-ESACCI-L3S_FIRE-BA-MODIS-AREA_5-fv5.1/20220401-ESACCI-L3S_FIRE-BA-MODIS-AREA_5-fv5.1.xml
274,2952e83d90d15be729c6368e588b848e42785eff2c2e9764a1625ab005557ba6,Chapter_1,backup/Chapter_1_10022026/Chapter_1/data/fire/20220501-ESACCI-L3S_FIRE-BA-MODIS-AREA_5-fv5.1/20220501-ESACCI-L3S_FIRE-BA-MODIS-AREA_5-fv5.1-CL.tif
274,2952e83d90d15be729c6368e588b848e42785eff2c2e9764a1625ab005557ba6,Chapter_1,data/fire/20220501-ESACCI-L3S_FIRE-BA-MODIS-AREA_5-fv5.1/20220501-ESACCI-L3S_FIRE-BA-MODIS-AREA_5-fv5.1-CL.tif
275,e93ea30c6ebe5824ccb3243f2b12b3d98d60ce575c39c600a91512a36aab4550,Chapter_1,backup/Chapter_1_10022026/Chapter_1/data/fire/20220501-ESACCI-L3S_FIRE-BA-MODIS-AREA_5-fv5.1/20220501-ESACCI-L3S_FIRE-BA-MODIS-AREA_5-fv5.1-JD.tif
275,e93ea30c6ebe5824ccb3243f2b12b3d98d60ce575c39c600a91512a36aab4550,Chapter_1,data/fire/20220501-ESACCI-L3S_FIRE-BA-MODIS-AREA_5-fv5.1/20220501-ESACCI-L3S_FIRE-BA-MODIS-AREA_5-fv5.1-JD.tif
276,0795c4de23da0dd3deb46ec7826f05b922f8ed72078ddd7667174508d186e2da,Chapter_1,backup/Chapter_1_10022026/Chapter_1/data/fire/20220501-ESACCI-L3S_FIRE-BA-MODIS-AREA_5-fv5.1/20220501-ESACCI-L3S_FIRE-BA-MODIS-AREA_5-fv5.1-LC.tif
276,0795c4de23da0dd3deb46ec7826f05b922f8ed72078ddd7667174508d186e2da,Chapter_1,data/fire/20220501-ESACCI-L3S_FIRE-BA-MODIS-AREA_5-fv5.1/20220501-ESACCI-L3S_FIRE-BA-MODIS-AREA_5-fv5.1-LC.tif
277,1ff7a1cdcacaf05c9f91ae45b448cb815350c54b53773e04e13e928ee7e88bcf,Chapter_1,backup/Chapter_1_10022026/Chapter_1/data/fire/20220501-ESACCI-L3S_FIRE-BA-MODIS-AREA_5-fv5.1/20220501-ESACCI-L3S_FIRE-BA-MODIS-AREA_5-fv5.1.xml
277,1ff7a1cdcacaf05c9f91ae45b448cb815350c54b53773e04e13e928ee7e88bcf,Chapter_1,data/fire/20220501-ESACCI-L3S_FIRE-BA-MODIS-AREA_5-fv5.1/20220501-ESACCI-L3S_FIRE-BA-MODIS-AREA_5-fv5.1.xml
278,e78eab767f785bca7672cb0b2b97a1bc35b0bbea614eda420dbe39b26953da1d,Chapter_1,backup/Chapter_1_10022026/Chapter_1/data/fire/20220601-ESACCI-L3S_FIRE-BA-MODIS-AREA_5-fv5.1/20220601-ESACCI-L3S_FIRE-BA-MODIS-AREA_5-fv5.1-CL.tif
278,e78eab767f785bca7672cb0b2b97a1bc35b0bbea614eda420dbe39b26953da1d,Chapter_1,data/fire/20220601-ESACCI-L3S_FIRE-BA-MODIS-AREA_5-fv5.1/20220601-ESACCI-L3S_FIRE-BA-MODIS-AREA_5-fv5.1-CL.tif
279,b8783a0618f56686adb8a315f583be04f89e8fa2e5662d0d957759d12ea54629,Chapter_1,backup/Chapter_1_10022026/Chapter_1/data/fire/20220601-ESACCI-L3S_FIRE-BA-MODIS-AREA_5-fv5.1/20220601-ESACCI-L3S_FIRE-BA-MODIS-AREA_5-fv5.1-JD.tif
279,b8783a0618f56686adb8a315f583be04f89e8fa2e5662d0d957759d12ea54629,Chapter_1,data/fire/20220601-ESACCI-L3S_FIRE-BA-MODIS-AREA_5-fv5.1/20220601-ESACCI-L3S_FIRE-BA-MODIS-AREA_5-fv5.1-JD.tif
280,7c34422dcb7e426487c2e7c2ba2409a98a72e692567d6f7b15a257f4f76c3ec2,Chapter_1,backup/Chapter_1_10022026/Chapter_1/data/fire/20220601-ESACCI-L3S_FIRE-BA-MODIS-AREA_5-fv5.1/20220601-ESACCI-L3S_FIRE-BA-MODIS-AREA_5-fv5.1-LC.tif
280,7c34422dcb7e426487c2e7c2ba2409a98a72e692567d6f7b15a257f4f76c3ec2,Chapter_1,data/fire/20220601-ESACCI-L3S_FIRE-BA-MODIS-AREA_5-fv5.1/20220601-ESACCI-L3S_FIRE-BA-MODIS-AREA_5-fv5.1-LC.tif
281,4e703b00d817b356f61917951fa8f19da953d000ec2c5ef5ea74d861ff16f475,Chapter_1,backup/Chapter_1_10022026/Chapter_1/data/fire/20220601-ESACCI-L3S_FIRE-BA-MODIS-AREA_5-fv5.1/20220601-ESACCI-L3S_FIRE-BA-MODIS-AREA_5-fv5.1.xml
281,4e703b00d817b356f61917951fa8f19da953d000ec2c5ef5ea74d861ff16f475,Chapter_1,data/fire/20220601-ESACCI-L3S_FIRE-BA-MODIS-AREA_5-fv5.1/20220601-ESACCI-L3S_FIRE-BA-MODIS-AREA_5-fv5.1.xml
282,34d46d1c4279d8187f48d9eb417d0e8a639e3a0355cb5c0669d65fff59faa33c,Chapter_1,backup/Chapter_1_10022026/Chapter_1/data/fire/20220701-ESACCI-L3S_FIRE-BA-MODIS-AREA_5-fv5.1/20220701-ESACCI-L3S_FIRE-BA-MODIS-AREA_5-fv5.1-CL.tif
282,34d46d1c4279d8187f48d9eb417d0e8a639e3a0355cb5c0669d65fff59faa33c,Chapter_1,data/fire/20220701-ESACCI-L3S_FIRE-BA-MODIS-AREA_5-fv5.1/20220701-ESACCI-L3S_FIRE-BA-MODIS-AREA_5-fv5.1-CL.tif
283,4fb7bcebd0a7e64b8e3571f6b9c4f2e3acc20d64e4c5df2c5346595cc47db692,Chapter_1,backup/Chapter_1_10022026/Chapter_1/data/fire/20220701-ESACCI-L3S_FIRE-BA-MODIS-AREA_5-fv5.1/20220701-ESACCI-L3S_FIRE-BA-MODIS-AREA_5-fv5.1-JD.tif
283,4fb7bcebd0a7e64b8e3571f6b9c4f2e3acc20d64e4c5df2c5346595cc47db692,Chapter_1,data/fire/20220701-ESACCI-L3S_FIRE-BA-MODIS-AREA_5-fv5.1/20220701-ESACCI-L3S_FIRE-BA-MODIS-AREA_5-fv5.1-JD.tif
284,fed2915c6acd65c0d9b47476a9d87b738e1b18a5525d2f060b49467cd3af7400,Chapter_1,backup/Chapter_1_10022026/Chapter_1/data/fire/20220701-ESACCI-L3S_FIRE-BA-MODIS-AREA_5-fv5.1/20220701-ESACCI-L3S_FIRE-BA-MODIS-AREA_5-fv5.1-LC.tif
284,fed2915c6acd65c0d9b47476a9d87b738e1b18a5525d2f060b49467cd3af7400,Chapter_1,data/fire/20220701-ESACCI-L3S_FIRE-BA-MODIS-AREA_5-fv5.1/20220701-ESACCI-L3S_FIRE-BA-MODIS-AREA_5-fv5.1-LC.tif
285,e55a596ff5ed5f09f7762973723171bee0e81edf81140fc21c62fdbdf588af36,Chapter_1,backup/Chapter_1_10022026/Chapter_1/data/fire/20220701-ESACCI-L3S_FIRE-BA-MODIS-AREA_5-fv5.1/20220701-ESACCI-L3S_FIRE-BA-MODIS-AREA_5-fv5.1.xml
285,e55a596ff5ed5f09f7762973723171bee0e81edf81140fc21c62fdbdf588af36,Chapter_1,data/fire/20220701-ESACCI-L3S_FIRE-BA-MODIS-AREA_5-fv5.1/20220701-ESACCI-L3S_FIRE-BA-MODIS-AREA_5-fv5.1.xml
286,4bb7753cacae51d0ab1fe083a83c847ee3339eba004122b8813d21618383fbb2,Chapter_1,backup/Chapter_1_10022026/Chapter_1/data/fire/20220801-ESACCI-L3S_FIRE-BA-MODIS-AREA_5-fv5.1/20220801-ESACCI-L3S_FIRE-BA-MODIS-AREA_5-fv5.1-CL.tif
286,4bb7753cacae51d0ab1fe083a83c847ee3339eba004122b8813d21618383fbb2,Chapter_1,data/fire/20220801-ESACCI-L3S_FIRE-BA-MODIS-AREA_5-fv5.1/20220801-ESACCI-L3S_FIRE-BA-MODIS-AREA_5-fv5.1-CL.tif
287,d3fae1e4c026491b04465c00545b45857336f9c67829531b2a6c0c4d9f559299,Chapter_1,backup/Chapter_1_10022026/Chapter_1/data/fire/20220801-ESACCI-L3S_FIRE-BA-MODIS-AREA_5-fv5.1/20220801-ESACCI-L3S_FIRE-BA-MODIS-AREA_5-fv5.1-JD.tif
287,d3fae1e4c026491b04465c00545b45857336f9c67829531b2a6c0c4d9f559299,Chapter_1,data/fire/20220801-ESACCI-L3S_FIRE-BA-MODIS-AREA_5-fv5.1/20220801-ESACCI-L3S_FIRE-BA-MODIS-AREA_5-fv5.1-JD.tif
288,0c2341f42324f6b1eef09b9231d8dde44c75f4ca1cfb13a5a4c33ae7c1416880,Chapter_1,backup/Chapter_1_10022026/Chapter_1/data/fire/20220801-ESACCI-L3S_FIRE-BA-MODIS-AREA_5-fv5.1/20220801-ESACCI-L3S_FIRE-BA-MODIS-AREA_5-fv5.1-LC.tif
288,0c2341f42324f6b1eef09b9231d8dde44c75f4ca1cfb13a5a4c33ae7c1416880,Chapter_1,data/fire/20220801-ESACCI-L3S_FIRE-BA-MODIS-AREA_5-fv5.1/20220801-ESACCI-L3S_FIRE-BA-MODIS-AREA_5-fv5.1-LC.tif
289,0210eddcf14133f57e79e34d9dd581694eef443fee341f7360f407b2c7460f10,Chapter_1,backup/Chapter_1_10022026/Chapter_1/data/fire/20220801-ESACCI-L3S_FIRE-BA-MODIS-AREA_5-fv5.1/20220801-ESACCI-L3S_FIRE-BA-MODIS-AREA_5-fv5.1.xml
289,0210eddcf14133f57e79e34d9dd581694eef443fee341f7360f407b2c7460f10,Chapter_1,data/fire/20220801-ESACCI-L3S_FIRE-BA-MODIS-AREA_5-fv5.1/20220801-ESACCI-L3S_FIRE-BA-MODIS-AREA_5-fv5.1.xml
290,0def151d2883bf970b991145bf6163138b294a556d4d995337d50146bc9c6b66,Chapter_1,backup/Chapter_1_10022026/Chapter_1/data/fire/20220901-ESACCI-L3S_FIRE-BA-MODIS-AREA_5-fv5.1/20220901-ESACCI-L3S_FIRE-BA-MODIS-AREA_5-fv5.1-CL.tif
290,0def151d2883bf970b991145bf6163138b294a556d4d995337d50146bc9c6b66,Chapter_1,data/fire/20220901-ESACCI-L3S_FIRE-BA-MODIS-AREA_5-fv5.1/20220901-ESACCI-L3S_FIRE-BA-MODIS-AREA_5-fv5.1-CL.tif
291,8f4405c28d539df82f3d53386dba15b7a3dd6a7f3d5f03a8ce398eab50fec662,Chapter_1,backup/Chapter_1_10022026/Chapter_1/data/fire/20220901-ESACCI-L3S_FIRE-BA-MODIS-AREA_5-fv5.1/20220901-ESACCI-L3S_FIRE-BA-MODIS-AREA_5-fv5.1-JD.tif
291,8f4405c28d539df82f3d53386dba15b7a3dd6a7f3d5f03a8ce398eab50fec662,Chapter_1,data/fire/20220901-ESACCI-L3S_FIRE-BA-MODIS-AREA_5-fv5.1/20220901-ESACCI-L3S_FIRE-BA-MODIS-AREA_5-fv5.1-JD.tif
292,154195e6b7cf67afb0a8794cdecfbb29160b6f78de222e184e804d7bb8cdfa2d,Chapter_1,backup/Chapter_1_10022026/Chapter_1/data/fire/20220901-ESACCI-L3S_FIRE-BA-MODIS-AREA_5-fv5.1/20220901-ESACCI-L3S_FIRE-BA-MODIS-AREA_5-fv5.1-LC.tif
292,154195e6b7cf67afb0a8794cdecfbb29160b6f78de222e184e804d7bb8cdfa2d,Chapter_1,data/fire/20220901-ESACCI-L3S_FIRE-BA-MODIS-AREA_5-fv5.1/20220901-ESACCI-L3S_FIRE-BA-MODIS-AREA_5-fv5.1-LC.tif
293,37f4e71d81db1806bb483be89cf829713ebfff5e2a823837a7b3209e8db5d3a2,Chapter_1,backup/Chapter_1_10022026/Chapter_1/data/fire/20220901-ESACCI-L3S_FIRE-BA-MODIS-AREA_5-fv5.1/20220901-ESACCI-L3S_FIRE-BA-MODIS-AREA_5-fv5.1.xml
293,37f4e71d81db1806bb483be89cf829713ebfff5e2a823837a7b3209e8db5d3a2,Chapter_1,data/fire/20220901-ESACCI-L3S_FIRE-BA-MODIS-AREA_5-fv5.1/20220901-ESACCI-L3S_FIRE-BA-MODIS-AREA_5-fv5.1.xml
294,31792863dfed0b94a407759864ae7b2303304ec4c74fefc4e2ec2b4ce05d1a7e,Chapter_1,backup/Chapter_1_10022026/Chapter_1/data/fire/20221001-ESACCI-L3S_FIRE-BA-MODIS-AREA_5-fv5.1/20221001-ESACCI-L3S_FIRE-BA-MODIS-AREA_5-fv5.1-CL.tif
294,31792863dfed0b94a407759864ae7b2303304ec4c74fefc4e2ec2b4ce05d1a7e,Chapter_1,data/fire/20221001-ESACCI-L3S_FIRE-BA-MODIS-AREA_5-fv5.1/20221001-ESACCI-L3S_FIRE-BA-MODIS-AREA_5-fv5.1-CL.tif
295,033000fb0fa8c0cc37d24b6e6b59cfa7ddaa387d8d731acd1fc4dd609763d388,Chapter_1,backup/Chapter_1_10022026/Chapter_1/data/fire/20221001-ESACCI-L3S_FIRE-BA-MODIS-AREA_5-fv5.1/20221001-ESACCI-L3S_FIRE-BA-MODIS-AREA_5-fv5.1-JD.tif
295,033000fb0fa8c0cc37d24b6e6b59cfa7ddaa387d8d731acd1fc4dd609763d388,Chapter_1,data/fire/20221001-ESACCI-L3S_FIRE-BA-MODIS-AREA_5-fv5.1/20221001-ESACCI-L3S_FIRE-BA-MODIS-AREA_5-fv5.1-JD.tif
296,1d2f61d711800d115f842baae31a6b0e62ef0916dba70ffb50af8fab068a138c,Chapter_1,backup/Chapter_1_10022026/Chapter_1/data/fire/20221001-ESACCI-L3S_FIRE-BA-MODIS-AREA_5-fv5.1/20221001-ESACCI-L3S_FIRE-BA-MODIS-AREA_5-fv5.1-LC.tif
296,1d2f61d711800d115f842baae31a6b0e62ef0916dba70ffb50af8fab068a138c,Chapter_1,data/fire/20221001-ESACCI-L3S_FIRE-BA-MODIS-AREA_5-fv5.1/20221001-ESACCI-L3S_FIRE-BA-MODIS-AREA_5-fv5.1-LC.tif
297,e90aec1f70043bf141502fb963502d32d98aafa381e9767ac0e9904fd92f7628,Chapter_1,backup/Chapter_1_10022026/Chapter_1/data/fire/20221001-ESACCI-L3S_FIRE-BA-MODIS-AREA_5-fv5.1/20221001-ESACCI-L3S_FIRE-BA-MODIS-AREA_5-fv5.1.xml
297,e90aec1f70043bf141502fb963502d32d98aafa381e9767ac0e9904fd92f7628,Chapter_1,data/fire/20221001-ESACCI-L3S_FIRE-BA-MODIS-AREA_5-fv5.1/20221001-ESACCI-L3S_FIRE-BA-MODIS-AREA_5-fv5.1.xml
298,9ed365b0b52fdd4d82c81d44dbed6546e642153f00046c9a14e60fcca98c5542,Chapter_1,backup/Chapter_1_10022026/Chapter_1/data/governance_sources/Frère Louis/0000 2019 07 19 CLASSEMENT DES RAPPORTS d'OKA pour les éléphants totalité.pdf
298,9ed365b0b52fdd4d82c81d44dbed6546e642153f00046c9a14e60fcca98c5542,Chapter_1,data/governance_sources/Frère Louis/0000 2019 07 19 CLASSEMENT DES RAPPORTS d'OKA pour les éléphants totalité.pdf
299,8e0425940886a3ad09d283bc683e41a7965d6bb5b2380bfbdef961902d9ac7de,Chapter_1,backup/Chapter_1_10022026/Chapter_1/data/governance_sources/Frère Louis/263 2017 01 28  Situation route vers Luena.pdf
299,8e0425940886a3ad09d283bc683e41a7965d6bb5b2380bfbdef961902d9ac7de,Chapter_1,data/governance_sources/Frère Louis/263 2017 01 28  Situation route vers Luena.pdf
300,745ed89e9da7b2a20a721700e4558bb019ebdea102a0fec9a9b2786c8c857efd,Chapter_1,backup/Chapter_1_10022026/Chapter_1/data/governance_sources/Frère Louis/267 2017 06 04  Situation éléphants catastrophique du Parc Upemba (1).pdf
300,745ed89e9da7b2a20a721700e4558bb019ebdea102a0fec9a9b2786c8c857efd,Chapter_1,data/governance_sources/Frère Louis/267 2017 06 04  Situation éléphants catastrophique du Parc Upemba (1).pdf
301,9589e1d30a3f6f7f47f5ecdfc7a392e5c6a073d1389c012d6373834e46d181fc,Chapter_1,backup/Chapter_1_10022026/Chapter_1/data/governance_sources/Frère Louis/291 2019 06 23 les éléphants deretour vers leurs Parc.pdf
301,9589e1d30a3f6f7f47f5ecdfc7a392e5c6a073d1389c012d6373834e46d181fc,Chapter_1,data/governance_sources/Frère Louis/291 2019 06 23 les éléphants deretour vers leurs Parc.pdf
302,3be878579f6077f94097e891343058b0f989e12157566b366e47a70adc2aa197,Chapter_1,backup/Chapter_1_10022026/Chapter_1/data/governance_sources/Frère Louis/296 2021 04 23 Suite d’abattage d’un éléphant géant au PNU à Katondo  avec commentaire d'OKA.pdf
302,3be878579f6077f94097e891343058b0f989e12157566b366e47a70adc2aa197,Chapter_1,data/governance_sources/Frère Louis/296 2021 04 23 Suite d’abattage d’un éléphant géant au PNU à Katondo  avec commentaire d'OKA.pdf
303,ab9baa7ef9559dcf3f5983441533190df4e29bf17cf72058344ba3f966b8b079,Chapter_1,backup/Chapter_1_10022026/Chapter_1/data/governance_sources/Frère Louis/frère louis.pdf
303,ab9baa7ef9559dcf3f5983441533190df4e29bf17cf72058344ba3f966b8b079,Chapter_1,data/governance_sources/Frère Louis/frère louis.pdf
304,7e9f2c2ed2d7936f93a20272f0f0f4553ab621a34ea82e971cfc26b9eedd6cd7,Chapter_1,backup/Chapter_1_10022026/Chapter_1/data/governance_sources/Mai-Mai Kata Katanga_files/1538-2b2ad6aced6552e7.js.download
304,7e9f2c2ed2d7936f93a20272f0f0f4553ab621a34ea82e971cfc26b9eedd6cd7,Chapter_1,data/governance_sources/Mai-Mai Kata Katanga_files/1538-2b2ad6aced6552e7.js.download
305,71685d55e0844bf885222371b298c6f58a629c2d1e0d24340922e0a2af508d49,Chapter_1,backup/Chapter_1_10022026/Chapter_1/data/governance_sources/Mai-Mai Kata Katanga_files/1540-36e17899add1246b.js.download
305,71685d55e0844bf885222371b298c6f58a629c2d1e0d24340922e0a2af508d49,Chapter_1,data/governance_sources/Mai-Mai Kata Katanga_files/1540-36e17899add1246b.js.download
306,4a532dcd8ba4c475c6b3d5b5e9ecc3363c937a77b223289b5330fd9c0bde78d0,Chapter_1,backup/Chapter_1_10022026/Chapter_1/data/governance_sources/Mai-Mai Kata Katanga_files/1750-7f0b1f9efe2bead4.js.download
306,4a532dcd8ba4c475c6b3d5b5e9ecc3363c937a77b223289b5330fd9c0bde78d0,Chapter_1,data/governance_sources/Mai-Mai Kata Katanga_files/1750-7f0b1f9efe2bead4.js.download
307,c20f4fdfb6343c3b90e7a780d3f06272cf2d82f8ceafda02adae71da8baa576b,Chapter_1,backup/Chapter_1_10022026/Chapter_1/data/governance_sources/Mai-Mai Kata Katanga_files/216-f8f1b1705ab5996b.js.download
307,c20f4fdfb6343c3b90e7a780d3f06272cf2d82f8ceafda02adae71da8baa576b,Chapter_1,data/governance_sources/Mai-Mai Kata Katanga_files/216-f8f1b1705ab5996b.js.download
308,6813a949d7073a15e43bdfe8c2103ba71d4c7d0d2ac84a96c15e4e9884560569,Chapter_1,backup/Chapter_1_10022026/Chapter_1/data/governance_sources/Mai-Mai Kata Katanga_files/24cf1b50-5ee3d272f2a14b50.js.download
308,6813a949d7073a15e43bdfe8c2103ba71d4c7d0d2ac84a96c15e4e9884560569,Chapter_1,data/governance_sources/Mai-Mai Kata Katanga_files/24cf1b50-5ee3d272f2a14b50.js.download
309,508b134af134462a0cb83f8005eb3f99c271da29d26e6367fbd260b617f3a5de,Chapter_1,backup/Chapter_1_10022026/Chapter_1/data/governance_sources/Mai-Mai Kata Katanga_files/26-ac646389483a64c6.js.download
309,508b134af134462a0cb83f8005eb3f99c271da29d26e6367fbd260b617f3a5de,Chapter_1,data/governance_sources/Mai-Mai Kata Katanga_files/26-ac646389483a64c6.js.download
310,50a857213a73834cfa000643e6395863e150d13c6f9afeb798260295412feab4,Chapter_1,backup/Chapter_1_10022026/Chapter_1/data/governance_sources/Mai-Mai Kata Katanga_files/3110-d1cf58f9355f435d.js.download
310,50a857213a73834cfa000643e6395863e150d13c6f9afeb798260295412feab4,Chapter_1,data/governance_sources/Mai-Mai Kata Katanga_files/3110-d1cf58f9355f435d.js.download
311,37da5dbf8fdf835bd1505d8ae242ca79a319d0a1f292126fe40eed281924c19b,Chapter_1,backup/Chapter_1_10022026/Chapter_1/data/governance_sources/Mai-Mai Kata Katanga_files/3120-3e210aec5472c8fb.js.download
311,37da5dbf8fdf835bd1505d8ae242ca79a319d0a1f292126fe40eed281924c19b,Chapter_1,data/governance_sources/Mai-Mai Kata Katanga_files/3120-3e210aec5472c8fb.js.download
312,d7522cc223ad8d2eb800512fbde36a04083caa5b7e35c3348246fcee085f7b15,Chapter_1,backup/Chapter_1_10022026/Chapter_1/data/governance_sources/Mai-Mai Kata Katanga_files/3300-be49ab4a1a6273dd.js.download
312,d7522cc223ad8d2eb800512fbde36a04083caa5b7e35c3348246fcee085f7b15,Chapter_1,data/governance_sources/Mai-Mai Kata Katanga_files/3300-be49ab4a1a6273dd.js.download
313,889ff43b7ec2a41df8cc77579540357cb182e0273714bd2816cf2da2bea43cf3,Chapter_1,backup/Chapter_1_10022026/Chapter_1/data/governance_sources/Mai-Mai Kata Katanga_files/3311-36b76d81c7605c54.js.download
313,889ff43b7ec2a41df8cc77579540357cb182e0273714bd2816cf2da2bea43cf3,Chapter_1,data/governance_sources/Mai-Mai Kata Katanga_files/3311-36b76d81c7605c54.js.download
314,1e751cfe8acfc808496535750569d7606b28cfdf151239ae69f19b03e05d47c4,Chapter_1,backup/Chapter_1_10022026/Chapter_1/data/governance_sources/Mai-Mai Kata Katanga_files/3781-5c2a2b3f3c4f36ff.js.download
314,1e751cfe8acfc808496535750569d7606b28cfdf151239ae69f19b03e05d47c4,Chapter_1,data/governance_sources/Mai-Mai Kata Katanga_files/3781-5c2a2b3f3c4f36ff.js.download
315,be6fd8f942b17783368f316f6c9f48d5105b3cab3be7a5e2f618bafeece3dba2,Chapter_1,backup/Chapter_1_10022026/Chapter_1/data/governance_sources/Mai-Mai Kata Katanga_files/4314-0086a41adb1e42e1.js.download
315,be6fd8f942b17783368f316f6c9f48d5105b3cab3be7a5e2f618bafeece3dba2,Chapter_1,data/governance_sources/Mai-Mai Kata Katanga_files/4314-0086a41adb1e42e1.js.download
316,a8eaf0f1e11ef8152a6c907b2b9f724d3b5ce2c3a06db0bc71083c46deb6c26f,Chapter_1,backup/Chapter_1_10022026/Chapter_1/data/governance_sources/Mai-Mai Kata Katanga_files/432edd54-176376ee77841a52.js.download
316,a8eaf0f1e11ef8152a6c907b2b9f724d3b5ce2c3a06db0bc71083c46deb6c26f,Chapter_1,data/governance_sources/Mai-Mai Kata Katanga_files/432edd54-176376ee77841a52.js.download
317,6e3b0ee19ec79b0723e88e12bff0dbdd43ba570a44a4599d3474f50e9cad254e,Chapter_1,backup/Chapter_1_10022026/Chapter_1/data/governance_sources/Mai-Mai Kata Katanga_files/4554-f6b991d236f8194c.js.download
317,6e3b0ee19ec79b0723e88e12bff0dbdd43ba570a44a4599d3474f50e9cad254e,Chapter_1,data/governance_sources/Mai-Mai Kata Katanga_files/4554-f6b991d236f8194c.js.download
318,4d187c08cc0744c80d377cf4b4b6999e2e39af517dcd16cbce4493006699cc6c,Chapter_1,backup/Chapter_1_10022026/Chapter_1/data/governance_sources/Mai-Mai Kata Katanga_files/4827-3fac985b399a4f91.js.download
318,4d187c08cc0744c80d377cf4b4b6999e2e39af517dcd16cbce4493006699cc6c,Chapter_1,data/governance_sources/Mai-Mai Kata Katanga_files/4827-3fac985b399a4f91.js.download
319,bf050c69106f72cbcd839e06635f8aefc0193abbc267958bf44c5de26307ae74,Chapter_1,backup/Chapter_1_10022026/Chapter_1/data/governance_sources/Mai-Mai Kata Katanga_files/4886-abe39bd20fd1d2b9.js.download
319,bf050c69106f72cbcd839e06635f8aefc0193abbc267958bf44c5de26307ae74,Chapter_1,data/governance_sources/Mai-Mai Kata Katanga_files/4886-abe39bd20fd1d2b9.js.download
320,0b45b4e30361aca39bdeb1986c726958653cc29e8b0a7c3f48d7be141d5fe426,Chapter_1,backup/Chapter_1_10022026/Chapter_1/data/governance_sources/Mai-Mai Kata Katanga_files/4973572f-1810fe79acd41668.js.download
320,0b45b4e30361aca39bdeb1986c726958653cc29e8b0a7c3f48d7be141d5fe426,Chapter_1,data/governance_sources/Mai-Mai Kata Katanga_files/4973572f-1810fe79acd41668.js.download
321,0fe94786251b99c241c74b8e99deffb7b641a545de1209552eb780c6a6053f89,Chapter_1,backup/Chapter_1_10022026/Chapter_1/data/governance_sources/Mai-Mai Kata Katanga_files/4c0e99bc29567cfa.css
321,0fe94786251b99c241c74b8e99deffb7b641a545de1209552eb780c6a6053f89,Chapter_1,data/governance_sources/Mai-Mai Kata Katanga_files/4c0e99bc29567cfa.css
322,e8e8df639d9a0e01f8899a612ad22e89dbf139f6ca7f956a474f506523a8ace3,Chapter_1,backup/Chapter_1_10022026/Chapter_1/data/governance_sources/Mai-Mai Kata Katanga_files/5357-5667761e3f0fb3d3.js.download
322,e8e8df639d9a0e01f8899a612ad22e89dbf139f6ca7f956a474f506523a8ace3,Chapter_1,data/governance_sources/Mai-Mai Kata Katanga_files/5357-5667761e3f0fb3d3.js.download
323,486ecb8383cfc988fd7ae2ed4c29b7b18471a1a0c2cd740444bf9f103163f2e3,Chapter_1,backup/Chapter_1_10022026/Chapter_1/data/governance_sources/Mai-Mai Kata Katanga_files/5717-b85987c6495d9a27.js.download
323,486ecb8383cfc988fd7ae2ed4c29b7b18471a1a0c2cd740444bf9f103163f2e3,Chapter_1,data/governance_sources/Mai-Mai Kata Katanga_files/5717-b85987c6495d9a27.js.download
324,7da7ee544f9e3e1960bb24f5e9601756afdf23d63134343ebdf2fc9c63ebee62,Chapter_1,backup/Chapter_1_10022026/Chapter_1/data/governance_sources/Mai-Mai Kata Katanga_files/5aff0a3d-5904b2fa9e0504eb.js.download
324,7da7ee544f9e3e1960bb24f5e9601756afdf23d63134343ebdf2fc9c63ebee62,Chapter_1,data/governance_sources/Mai-Mai Kata Katanga_files/5aff0a3d-5904b2fa9e0504eb.js.download
325,79fdde1242e058fd8b3f7d1b9cd25acfe4be3bfc1eb9404075a4617ffc70da39,Chapter_1,backup/Chapter_1_10022026/Chapter_1/data/governance_sources/Mai-Mai Kata Katanga_files/62c4caba71dfda84.css
325,79fdde1242e058fd8b3f7d1b9cd25acfe4be3bfc1eb9404075a4617ffc70da39,Chapter_1,data/governance_sources/Mai-Mai Kata Katanga_files/62c4caba71dfda84.css
326,478c270e3cd78686a16c0d09b443b12f981fec03f084c4f5e09124256c183809,Chapter_1,backup/Chapter_1_10022026/Chapter_1/data/governance_sources/Mai-Mai Kata Katanga_files/6817-89fd2ee029d39a6f.js.download
326,478c270e3cd78686a16c0d09b443b12f981fec03f084c4f5e09124256c183809,Chapter_1,data/governance_sources/Mai-Mai Kata Katanga_files/6817-89fd2ee029d39a6f.js.download
327,0b22e85efaba292f62f43d754a200688c15e646f39f4267aef0d4b2127cb84f2,Chapter_1,backup/Chapter_1_10022026/Chapter_1/data/governance_sources/Mai-Mai Kata Katanga_files/6935-66d869a5c875dd08.js.download
327,0b22e85efaba292f62f43d754a200688c15e646f39f4267aef0d4b2127cb84f2,Chapter_1,data/governance_sources/Mai-Mai Kata Katanga_files/6935-66d869a5c875dd08.js.download
328,f0d3a06d93ad212b71e4a28f9e357346b6192191acb1e1923864ed6c5aefc026,Chapter_1,backup/Chapter_1_10022026/Chapter_1/data/governance_sources/Mai-Mai Kata Katanga_files/6984-c78735b56d665c72.js.download
328,f0d3a06d93ad212b71e4a28f9e357346b6192191acb1e1923864ed6c5aefc026,Chapter_1,data/governance_sources/Mai-Mai Kata Katanga_files/6984-c78735b56d665c72.js.download
329,b422510586c2dbc12cf936675d3bb873b9fc444909a95c2bf52165050d69b0f3,Chapter_1,backup/Chapter_1_10022026/Chapter_1/data/governance_sources/Mai-Mai Kata Katanga_files/7213-ad1542cfc2a6d9e6.js.download
329,b422510586c2dbc12cf936675d3bb873b9fc444909a95c2bf52165050d69b0f3,Chapter_1,data/governance_sources/Mai-Mai Kata Katanga_files/7213-ad1542cfc2a6d9e6.js.download
330,fe4452e19395b7b9b1d2561628758eb8d5593ef9cbf87a1186097e06e883b171,Chapter_1,backup/Chapter_1_10022026/Chapter_1/data/governance_sources/Mai-Mai Kata Katanga_files/7795-bcc1fad6cd04abff.js.download
330,fe4452e19395b7b9b1d2561628758eb8d5593ef9cbf87a1186097e06e883b171,Chapter_1,data/governance_sources/Mai-Mai Kata Katanga_files/7795-bcc1fad6cd04abff.js.download
331,3b22a9162804f529b1bc5cf1c9cf901377fb7f58191227ac92e13997f9a6a82c,Chapter_1,backup/Chapter_1_10022026/Chapter_1/data/governance_sources/Mai-Mai Kata Katanga_files/7843-2f281882d020def3.js.download
331,3b22a9162804f529b1bc5cf1c9cf901377fb7f58191227ac92e13997f9a6a82c,Chapter_1,data/governance_sources/Mai-Mai Kata Katanga_files/7843-2f281882d020def3.js.download
332,9019de17e9327812c92c5187b0afa8071701092a47c750ad4367c1c62db6bea1,Chapter_1,backup/Chapter_1_10022026/Chapter_1/data/governance_sources/Mai-Mai Kata Katanga_files/7873-a08fa65a8220382c.js.download
332,9019de17e9327812c92c5187b0afa8071701092a47c750ad4367c1c62db6bea1,Chapter_1,data/governance_sources/Mai-Mai Kata Katanga_files/7873-a08fa65a8220382c.js.download
333,7ff2af4a07a264c716b9ee02f256d5cb79f99aa2fa91047665b6c3a46d7ded76,Chapter_1,backup/Chapter_1_10022026/Chapter_1/data/governance_sources/Mai-Mai Kata Katanga_files/7be69531daeab58b.css
333,7ff2af4a07a264c716b9ee02f256d5cb79f99aa2fa91047665b6c3a46d7ded76,Chapter_1,data/governance_sources/Mai-Mai Kata Katanga_files/7be69531daeab58b.css
334,b4458b6d6c6161603574e76c154820d5e95827db209e6ee425a7837361fc36c4,Chapter_1,backup/Chapter_1_10022026/Chapter_1/data/governance_sources/Mai-Mai Kata Katanga_files/8154-5494115707319095.js.download
334,b4458b6d6c6161603574e76c154820d5e95827db209e6ee425a7837361fc36c4,Chapter_1,data/governance_sources/Mai-Mai Kata Katanga_files/8154-5494115707319095.js.download
335,4205a1ac1a6de654ddd1276469c326398c1a0d4d49e2f3dbad5e558d090ed940,Chapter_1,backup/Chapter_1_10022026/Chapter_1/data/governance_sources/Mai-Mai Kata Katanga_files/8208b75a-42848b149a10ae60.js.download
335,4205a1ac1a6de654ddd1276469c326398c1a0d4d49e2f3dbad5e558d090ed940,Chapter_1,data/governance_sources/Mai-Mai Kata Katanga_files/8208b75a-42848b149a10ae60.js.download
336,d6901626c8496f1f5d4ae54049c1140ff007e7d8705f28b64b764b050343e104,Chapter_1,backup/Chapter_1_10022026/Chapter_1/data/governance_sources/Mai-Mai Kata Katanga_files/8355-4888d209f8f3289e.js.download
336,d6901626c8496f1f5d4ae54049c1140ff007e7d8705f28b64b764b050343e104,Chapter_1,data/governance_sources/Mai-Mai Kata Katanga_files/8355-4888d209f8f3289e.js.download
337,db682cf1c1a93ba598804ecf1d134b8905fd9d372e9684a90ace3c79e82d7d94,Chapter_1,backup/Chapter_1_10022026/Chapter_1/data/governance_sources/Mai-Mai Kata Katanga_files/8439-90a7084658eba187.js.download
337,db682cf1c1a93ba598804ecf1d134b8905fd9d372e9684a90ace3c79e82d7d94,Chapter_1,data/governance_sources/Mai-Mai Kata Katanga_files/8439-90a7084658eba187.js.download
338,8ef85c00cec87cb39f0b388da5a840190d58c024078a7ee9ed2767edda89d1c0,Chapter_1,backup/Chapter_1_10022026/Chapter_1/data/governance_sources/Mai-Mai Kata Katanga_files/8451-383571fc83082700.js.download
338,8ef85c00cec87cb39f0b388da5a840190d58c024078a7ee9ed2767edda89d1c0,Chapter_1,data/governance_sources/Mai-Mai Kata Katanga_files/8451-383571fc83082700.js.download
339,bbd6b8793b663596e3b39afe5842a1524f80729998282fb4d674236fd66b787d,Chapter_1,backup/Chapter_1_10022026/Chapter_1/data/governance_sources/Mai-Mai Kata Katanga_files/9079-50a484604963498d.js.download
339,bbd6b8793b663596e3b39afe5842a1524f80729998282fb4d674236fd66b787d,Chapter_1,data/governance_sources/Mai-Mai Kata Katanga_files/9079-50a484604963498d.js.download
340,d060139a46d2037261a3b08b9d8f83d2584e5a1782021c7c899983fa5ede0812,Chapter_1,backup/Chapter_1_10022026/Chapter_1/data/governance_sources/Mai-Mai Kata Katanga_files/9ffa21ba-75005f8887f42257.js.download
340,d060139a46d2037261a3b08b9d8f83d2584e5a1782021c7c899983fa5ede0812,Chapter_1,data/governance_sources/Mai-Mai Kata Katanga_files/9ffa21ba-75005f8887f42257.js.download
341,3d2ad4b4dd193db9a5cb26ace4e22f113b88adb2ab40d9a5630de1716ebe1056,Chapter_1,backup/Chapter_1_10022026/Chapter_1/data/governance_sources/Mai-Mai Kata Katanga_files/b94de87b232f219f.css
341,3d2ad4b4dd193db9a5cb26ace4e22f113b88adb2ab40d9a5630de1716ebe1056,Chapter_1,data/governance_sources/Mai-Mai Kata Katanga_files/b94de87b232f219f.css
342,8d31de2e1990072a01bc55e9b24ca1cfa53ebf99f4bed2f5d37bd7afeb216059,Chapter_1,backup/Chapter_1_10022026/Chapter_1/data/governance_sources/Mai-Mai Kata Katanga_files/error-64035d14a3b54f01.js.download
342,8d31de2e1990072a01bc55e9b24ca1cfa53ebf99f4bed2f5d37bd7afeb216059,Chapter_1,data/governance_sources/Mai-Mai Kata Katanga_files/error-64035d14a3b54f01.js.download
343,4cac7493d3c1662442ba26bcc0f769ef1e1dbafff508c850bb1bc50758dfdcda,Chapter_1,backup/Chapter_1_10022026/Chapter_1/data/governance_sources/Mai-Mai Kata Katanga_files/f87fff2ab93d05a7.css
343,4cac7493d3c1662442ba26bcc0f769ef1e1dbafff508c850bb1bc50758dfdcda,Chapter_1,data/governance_sources/Mai-Mai Kata Katanga_files/f87fff2ab93d05a7.css
344,f25ce550fb89a640e4e351691302234ee8253b11c4d54b0b12aebec95c5710c1,Chapter_1,backup/Chapter_1_10022026/Chapter_1/data/governance_sources/Mai-Mai Kata Katanga_files/global-error-f5d7756d21bec78a.js.download
344,f25ce550fb89a640e4e351691302234ee8253b11c4d54b0b12aebec95c5710c1,Chapter_1,data/governance_sources/Mai-Mai Kata Katanga_files/global-error-f5d7756d21bec78a.js.download
345,2e48df507066d990de90e5136fdb1e8983c9fc36cc44b3f96863bfb35afd9ba7,Chapter_1,backup/Chapter_1_10022026/Chapter_1/data/governance_sources/Mai-Mai Kata Katanga_files/layout-219150fe331dd9bc.js.download
345,2e48df507066d990de90e5136fdb1e8983c9fc36cc44b3f96863bfb35afd9ba7,Chapter_1,data/governance_sources/Mai-Mai Kata Katanga_files/layout-219150fe331dd9bc.js.download
346,447872b2388b1b249f4007f095735887cd43aee9d3bf11a7ed14345feccd1a15,Chapter_1,backup/Chapter_1_10022026/Chapter_1/data/governance_sources/Mai-Mai Kata Katanga_files/layout-b250ecfa885976c9.js.download
346,447872b2388b1b249f4007f095735887cd43aee9d3bf11a7ed14345feccd1a15,Chapter_1,data/governance_sources/Mai-Mai Kata Katanga_files/layout-b250ecfa885976c9.js.download
347,e8520e0822b1c09f0f02f33f23b185d479e993fb6f0a29a037f27022c9351ed9,Chapter_1,backup/Chapter_1_10022026/Chapter_1/data/governance_sources/Mai-Mai Kata Katanga_files/main-app-146a454f06b0e5e1.js.download
347,e8520e0822b1c09f0f02f33f23b185d479e993fb6f0a29a037f27022c9351ed9,Chapter_1,data/governance_sources/Mai-Mai Kata Katanga_files/main-app-146a454f06b0e5e1.js.download
348,ae686985334f846559aa29d71890efe53148495138383384671266521eef866c,Chapter_1,backup/Chapter_1_10022026/Chapter_1/data/governance_sources/Mai-Mai Kata Katanga_files/not-found-bbaacc82610c9deb.js.download
348,ae686985334f846559aa29d71890efe53148495138383384671266521eef866c,Chapter_1,data/governance_sources/Mai-Mai Kata Katanga_files/not-found-bbaacc82610c9deb.js.download
349,96fb14422bc5ad713b1003396b850c1779d72ba15a698c2e9fe2513f3b6c10e2,Chapter_1,backup/Chapter_1_10022026/Chapter_1/data/governance_sources/Mai-Mai Kata Katanga_files/not-found-cf7f440278b708b4.js.download
349,96fb14422bc5ad713b1003396b850c1779d72ba15a698c2e9fe2513f3b6c10e2,Chapter_1,data/governance_sources/Mai-Mai Kata Katanga_files/not-found-cf7f440278b708b4.js.download
350,cac61f9728da3c84d4b5ce05dc3ee1bd54bf77cb7c4289c0c56dc6441949196e,Chapter_1,backup/Chapter_1_10022026/Chapter_1/data/governance_sources/Mai-Mai Kata Katanga_files/page-382401229b5c0190.js.download
350,cac61f9728da3c84d4b5ce05dc3ee1bd54bf77cb7c4289c0c56dc6441949196e,Chapter_1,data/governance_sources/Mai-Mai Kata Katanga_files/page-382401229b5c0190.js.download
351,0973c1d64c88adc8e3c950410cb58b288f72118d5965b78049438deb8f2f9683,Chapter_1,backup/Chapter_1_10022026/Chapter_1/data/governance_sources/Mai-Mai Kata Katanga_files/polyfills-42372ed130431b0a.js.download
351,0973c1d64c88adc8e3c950410cb58b288f72118d5965b78049438deb8f2f9683,Chapter_1,data/governance_sources/Mai-Mai Kata Katanga_files/polyfills-42372ed130431b0a.js.download
352,8774b981fe21bcf8ae39028cdf0725c1acecd238edd6d546bc0142635fcfb6e2,Chapter_1,backup/Chapter_1_10022026/Chapter_1/data/governance_sources/Mai-Mai Kata Katanga_files/webpack-8d4b59038d97ffc3.js.download
352,8774b981fe21bcf8ae39028cdf0725c1acecd238edd6d546bc0142635fcfb6e2,Chapter_1,data/governance_sources/Mai-Mai Kata Katanga_files/webpack-8d4b59038d97ffc3.js.download
353,2e0bab2611ba9699b9b9576b2aa6edbf1e623bab36e413adc6ce4a215dddb235,Chapter_1,backup/Chapter_1_10022026/Chapter_1/data/governance_sources/Patrols/Arrests made.csv
353,2e0bab2611ba9699b9b9576b2aa6edbf1e623bab36e413adc6ce4a215dddb235,Chapter_1,data/governance_sources/Patrols/Arrests made.csv
354,ea79f06d52bc688d9d2dcf3ec739794e895cc2104a48dac859f36ab36078a8a3,Chapter_1,backup/Chapter_1_10022026/Chapter_1/data/governance_sources/Patrols/Conflict events (ACLED).csv
354,ea79f06d52bc688d9d2dcf3ec739794e895cc2104a48dac859f36ab36078a8a3,Chapter_1,data/governance_sources/Patrols/Conflict events (ACLED).csv
355,65291a30c703017f3426a0ae6e704b8ed1aeebf01cb12913d4539b50bfc6723a,Chapter_1,backup/Chapter_1_10022026/Chapter_1/data/governance_sources/Patrols/Illegal fishing events.csv
355,65291a30c703017f3426a0ae6e704b8ed1aeebf01cb12913d4539b50bfc6723a,Chapter_1,data/governance_sources/Patrols/Illegal fishing events.csv
356,f2dce3b65623b7acd9b19940f01b50be087d4756120a1dc0cfe0e1713aa46744,Chapter_1,backup/Chapter_1_10022026/Chapter_1/data/governance_sources/Patrols/Poacher camps found.csv
356,f2dce3b65623b7acd9b19940f01b50be087d4756120a1dc0cfe0e1713aa46744,Chapter_1,data/governance_sources/Patrols/Poacher camps found.csv
357,25c1131ed317048795df32e3719fe6c3bf5b9e92db0ca8aa211463cbb4496b59,Chapter_1,backup/Chapter_1_10022026/Chapter_1/data/governance_sources/Patrols/Shoot-outs.csv
357,25c1131ed317048795df32e3719fe6c3bf5b9e92db0ca8aa211463cbb4496b59,Chapter_1,data/governance_sources/Patrols/Shoot-outs.csv
358,ea2521a4bbf0567051191f8a19de2e4de0d0c792d5fba657379f56aa70fe0226,Chapter_1,backup/Chapter_1_10022026/Chapter_1/data/governance_sources/Patrols/Snares found.csv
358,ea2521a4bbf0567051191f8a19de2e4de0d0c792d5fba657379f56aa70fe0226,Chapter_1,data/governance_sources/Patrols/Snares found.csv
359,ef73cd7fc8a5d4f680c96de9fd9e415a20edc29400c76334b2e17d678df89c97,Chapter_1,backup/Chapter_1_10022026/Chapter_1/data/governance_sources/Patrols/Patrol cover/Couverture grille de 2.5X2.5 km PNU 2016.tiff
359,ef73cd7fc8a5d4f680c96de9fd9e415a20edc29400c76334b2e17d678df89c97,Chapter_1,data/governance_sources/Patrols/Patrol cover/Couverture grille de 2.5X2.5 km PNU 2016.tiff
360,ef2279d9a621cf4cc5c013506d2757fc5b440afe861207742fa708bdd60ce022,Chapter_1,backup/Chapter_1_10022026/Chapter_1/data/governance_sources/Patrols/Patrol cover/Couverture grille de 2.5X2.5 km PNU 2017.tiff
360,ef2279d9a621cf4cc5c013506d2757fc5b440afe861207742fa708bdd60ce022,Chapter_1,data/governance_sources/Patrols/Patrol cover/Couverture grille de 2.5X2.5 km PNU 2017.tiff
361,c75a6e4bd39fef13e1a6ac6d9b295ce0e88b3e5e0a5288b514eb5f8c86f5f463,Chapter_1,backup/Chapter_1_10022026/Chapter_1/data/governance_sources/Patrols/Patrol cover/Couverture grille de 2.5X2.5 km PNU 2018.tiff
361,c75a6e4bd39fef13e1a6ac6d9b295ce0e88b3e5e0a5288b514eb5f8c86f5f463,Chapter_1,data/governance_sources/Patrols/Patrol cover/Couverture grille de 2.5X2.5 km PNU 2018.tiff
362,f962f1339eb1806754e3c6eaeb95da73a3417c932627472eaa4c43cc93039aa1,Chapter_1,backup/Chapter_1_10022026/Chapter_1/data/governance_sources/Patrols/Patrol cover/Couverture grille de 2.5X2.5 km PNU 2019.tiff
362,f962f1339eb1806754e3c6eaeb95da73a3417c932627472eaa4c43cc93039aa1,Chapter_1,data/governance_sources/Patrols/Patrol cover/Couverture grille de 2.5X2.5 km PNU 2019.tiff
363,8674bc1635dfdf352db9096cbecc876ff014558879b8039c862c8225debae5cc,Chapter_1,backup/Chapter_1_10022026/Chapter_1/data/governance_sources/Patrols/Patrol cover/Couverture grille de 2.5X2.5 km PNU 2020.tiff
363,8674bc1635dfdf352db9096cbecc876ff014558879b8039c862c8225debae5cc,Chapter_1,data/governance_sources/Patrols/Patrol cover/Couverture grille de 2.5X2.5 km PNU 2020.tiff
364,49a5dc46ac1d806fbf5fcb6968ccf22310873b2a7941e38debe4074fd7772592,Chapter_1,backup/Chapter_1_10022026/Chapter_1/data/governance_sources/Patrols/Patrol cover/Couverture grille de 2.5X2.5 km PNU 2021.tiff
364,49a5dc46ac1d806fbf5fcb6968ccf22310873b2a7941e38debe4074fd7772592,Chapter_1,data/governance_sources/Patrols/Patrol cover/Couverture grille de 2.5X2.5 km PNU 2021.tiff
365,da58ee5e0d544e8b63a2ddd90c4d00e9c5319e5b37983047ee610048382ce71c,Chapter_1,backup/Chapter_1_10022026/Chapter_1/data/governance_sources/Patrols/Patrol cover/Couverture grille de 2.5X2.5 km PNU 2022.tiff
365,da58ee5e0d544e8b63a2ddd90c4d00e9c5319e5b37983047ee610048382ce71c,Chapter_1,data/governance_sources/Patrols/Patrol cover/Couverture grille de 2.5X2.5 km PNU 2022.tiff
366,423a82605ada54ab051510f2d1d627ffb7db51c9681391403c2f35a09d285d5d,Chapter_1,backup/Chapter_1_10022026/Chapter_1/data/governance_sources/Patrols/Patrol cover/Couverture grille de 2.5X2.5 km PNU 2023.tiff
366,423a82605ada54ab051510f2d1d627ffb7db51c9681391403c2f35a09d285d5d,Chapter_1,data/governance_sources/Patrols/Patrol cover/Couverture grille de 2.5X2.5 km PNU 2023.tiff
367,cacdaf26d9b29eb274207cd9a1c86e5a4d2c86bad33141a8371388b514c7a299,Chapter_1,backup/Chapter_1_10022026/Chapter_1/data/governance_sources/Patrols/Patrol cover/Couverture grille de 2.5X2.5 km PNU 2024.tiff
367,cacdaf26d9b29eb274207cd9a1c86e5a4d2c86bad33141a8371388b514c7a299,Chapter_1,data/governance_sources/Patrols/Patrol cover/Couverture grille de 2.5X2.5 km PNU 2024.tiff
368,bd488f28f2ccf9e5c5d1621dcf36c5ced83f28fc1aa65c12db2d8a59943654d7,Chapter_1,backup/Chapter_1_10022026/Chapter_1/run_2026_02_10/provenance/pixel_selection_mode.txt
368,bd488f28f2ccf9e5c5d1621dcf36c5ced83f28fc1aa65c12db2d8a59943654d7,Chapter_1,run_2026_04_07/provenance/pixel_selection_mode.txt
368,bd488f28f2ccf9e5c5d1621dcf36c5ced83f28fc1aa65c12db2d8a59943654d7,Chapter_1,run_2026_04_20/provenance/pixel_selection_mode.txt
368,bd488f28f2ccf9e5c5d1621dcf36c5ced83f28fc1aa65c12db2d8a59943654d7,Chapter_1,run_2026_05_27/provenance/pixel_selection_mode.txt
369,40c31a5c96a24c9bd5fe1d84772e290aa7a706328e89c3c47782dc223f79377c,Chapter_1,backup/Chapter_1_10022026/Chapter_1/run_2026_02_10/provenance/sessionInfo_Script2.txt
369,40c31a5c96a24c9bd5fe1d84772e290aa7a706328e89c3c47782dc223f79377c,Chapter_1,backup/Chapter_1_10022026/Chapter_1/run_2026_02_10/provenance/sessionInfo_Script4.txt
369,40c31a5c96a24c9bd5fe1d84772e290aa7a706328e89c3c47782dc223f79377c,Chapter_1,backup/Chapter_1_10022026/Chapter_1/run_2026_02_10/analysis_final_boundary_models/provenance/sessionInfo.txt
370,c7ea8f3c651ee514c2e5fe290a17bc186cf21d9f2b613839ee57633fbce73d3b,Chapter_1,backup/Chapter_1_10022026/Chapter_1/run_2026_02_10/analysis_final_boundary_models/tables/INDEX_runs_tags.csv
370,c7ea8f3c651ee514c2e5fe290a17bc186cf21d9f2b613839ee57633fbce73d3b,Chapter_1,run_2026_04_07/analysis_final_boundary_models/tables/INDEX_runs_tags.csv
370,c7ea8f3c651ee514c2e5fe290a17bc186cf21d9f2b613839ee57633fbce73d3b,Chapter_1,run_2026_04_20/analysis_final_boundary_models/tables/INDEX_runs_tags.csv
370,c7ea8f3c651ee514c2e5fe290a17bc186cf21d9f2b613839ee57633fbce73d3b,Chapter_1,run_2026_05_27/analysis_final_boundary_models/tables/INDEX_runs_tags.csv
371,16d6313f57b1c3b6e6ac96bd90d9cb99108e71eda4fde1c7740a617ca83c0082,Chapter_1,backup/Chapter_1_10022026/Chapter_1/run_2026_02_10/analysis_final_boundary_models/tables/RS_ONLY_delta_logit_agriculture__National_Park.csv
371,16d6313f57b1c3b6e6ac96bd90d9cb99108e71eda4fde1c7740a617ca83c0082,Chapter_1,run_2026_04_07/analysis_final_boundary_models/tables/RS_ONLY_delta_logit_agriculture__National_Park.csv
371,16d6313f57b1c3b6e6ac96bd90d9cb99108e71eda4fde1c7740a617ca83c0082,Chapter_1,run_2026_04_20/analysis_final_boundary_models/tables/RS_ONLY_delta_logit_agriculture__National_Park.csv
371,16d6313f57b1c3b6e6ac96bd90d9cb99108e71eda4fde1c7740a617ca83c0082,Chapter_1,run_2026_05_27/analysis_final_boundary_models/tables/RS_ONLY_delta_logit_agriculture__National_Park.csv
372,b5062dde20eb0563bef1a4cc522d56333a26e27d2a69731a862c2cc71f19312f,Chapter_1,backup/Chapter_1_10022026/Chapter_1/run_2026_02_10/analysis_final_boundary_models/tables/RS_ONLY_delta_logit_agriculture__National_Park_placebo__random_side____true.csv
372,b5062dde20eb0563bef1a4cc522d56333a26e27d2a69731a862c2cc71f19312f,Chapter_1,run_2026_04_07/analysis_final_boundary_models/tables/RS_ONLY_delta_logit_agriculture__National_Park_placebo__random_side____true.csv
372,b5062dde20eb0563bef1a4cc522d56333a26e27d2a69731a862c2cc71f19312f,Chapter_1,run_2026_04_20/analysis_final_boundary_models/tables/RS_ONLY_delta_logit_agriculture__National_Park_placebo__random_side____true.csv
372,b5062dde20eb0563bef1a4cc522d56333a26e27d2a69731a862c2cc71f19312f,Chapter_1,run_2026_05_27/analysis_final_boundary_models/tables/RS_ONLY_delta_logit_agriculture__National_Park_placebo__random_side____true.csv
373,bd60fb4c438469aa72414025a2c1cfcfdf0639cfe53ca84a16ac4a9232749be6,Chapter_1,backup/Chapter_1_10022026/Chapter_1/run_2026_02_10/analysis_final_boundary_models/tables/RS_ONLY_delta_logit_deforestation__National_Park.csv
373,bd60fb4c438469aa72414025a2c1cfcfdf0639cfe53ca84a16ac4a9232749be6,Chapter_1,run_2026_04_07/analysis_final_boundary_models/tables/RS_ONLY_delta_logit_deforestation__National_Park.csv
373,bd60fb4c438469aa72414025a2c1cfcfdf0639cfe53ca84a16ac4a9232749be6,Chapter_1,run_2026_04_20/analysis_final_boundary_models/tables/RS_ONLY_delta_logit_deforestation__National_Park.csv
373,bd60fb4c438469aa72414025a2c1cfcfdf0639cfe53ca84a16ac4a9232749be6,Chapter_1,run_2026_05_27/analysis_final_boundary_models/tables/RS_ONLY_delta_logit_deforestation__National_Park.csv
374,c0e60affb4765bcce8b59ad640d015db8ab16b1ea4cd30e32222c947ef0e2ccd,Chapter_1,backup/Chapter_1_10022026/Chapter_1/run_2026_02_10/analysis_final_boundary_models/tables/RS_ONLY_delta_logit_deforestation__National_Park_placebo__random_side____true.csv
374,c0e60affb4765bcce8b59ad640d015db8ab16b1ea4cd30e32222c947ef0e2ccd,Chapter_1,run_2026_04_07/analysis_final_boundary_models/tables/RS_ONLY_delta_logit_deforestation__National_Park_placebo__random_side____true.csv
374,c0e60affb4765bcce8b59ad640d015db8ab16b1ea4cd30e32222c947ef0e2ccd,Chapter_1,run_2026_04_20/analysis_final_boundary_models/tables/RS_ONLY_delta_logit_deforestation__National_Park_placebo__random_side____true.csv
374,c0e60affb4765bcce8b59ad640d015db8ab16b1ea4cd30e32222c947ef0e2ccd,Chapter_1,run_2026_05_27/analysis_final_boundary_models/tables/RS_ONLY_delta_logit_deforestation__National_Park_placebo__random_side____true.csv
375,15b3a4f0b71687c8acd8dcacf5993d334f5aadea31cd0045cb70355d03b2e1b4,Chapter_1,backup/Chapter_1_10022026/Chapter_1/run_2026_02_10/analysis_final_boundary_models/tables/RS_ONLY_delta_logit_fire__National_Park.csv
375,15b3a4f0b71687c8acd8dcacf5993d334f5aadea31cd0045cb70355d03b2e1b4,Chapter_1,run_2026_04_07/analysis_final_boundary_models/tables/RS_ONLY_delta_logit_fire__National_Park.csv
375,15b3a4f0b71687c8acd8dcacf5993d334f5aadea31cd0045cb70355d03b2e1b4,Chapter_1,run_2026_04_20/analysis_final_boundary_models/tables/RS_ONLY_delta_logit_fire__National_Park.csv
375,15b3a4f0b71687c8acd8dcacf5993d334f5aadea31cd0045cb70355d03b2e1b4,Chapter_1,run_2026_05_27/analysis_final_boundary_models/tables/RS_ONLY_delta_logit_fire__National_Park.csv
376,49ab42d311595c5f61c25849da861421b103147c91874ac6688e828c50627e7b,Chapter_1,backup/Chapter_1_10022026/Chapter_1/run_2026_02_10/analysis_final_boundary_models/tables/RS_ONLY_delta_logit_fire__National_Park_placebo__random_side____true.csv
376,49ab42d311595c5f61c25849da861421b103147c91874ac6688e828c50627e7b,Chapter_1,run_2026_04_07/analysis_final_boundary_models/tables/RS_ONLY_delta_logit_fire__National_Park_placebo__random_side____true.csv
376,49ab42d311595c5f61c25849da861421b103147c91874ac6688e828c50627e7b,Chapter_1,run_2026_04_20/analysis_final_boundary_models/tables/RS_ONLY_delta_logit_fire__National_Park_placebo__random_side____true.csv
376,49ab42d311595c5f61c25849da861421b103147c91874ac6688e828c50627e7b,Chapter_1,run_2026_05_27/analysis_final_boundary_models/tables/RS_ONLY_delta_logit_fire__National_Park_placebo__random_side____true.csv
377,16186edc89054feb20e14cfa0705bc394d636082e9e7de85c267e5b87ed91ce5,Chapter_1,backup/Chapter_1_10022026/Chapter_1/run_2026_02_10/analysis_final_boundary_models/tables/RS_ONLY_observed_inside_outside_agriculture__National_Park.csv
377,16186edc89054feb20e14cfa0705bc394d636082e9e7de85c267e5b87ed91ce5,Chapter_1,run_2026_04_07/analysis_final_boundary_models/tables/RS_ONLY_observed_inside_outside_agriculture__National_Park.csv
377,16186edc89054feb20e14cfa0705bc394d636082e9e7de85c267e5b87ed91ce5,Chapter_1,run_2026_04_20/analysis_final_boundary_models/tables/RS_ONLY_observed_inside_outside_agriculture__National_Park.csv
377,16186edc89054feb20e14cfa0705bc394d636082e9e7de85c267e5b87ed91ce5,Chapter_1,run_2026_05_27/analysis_final_boundary_models/tables/RS_ONLY_observed_inside_outside_agriculture__National_Park.csv
378,bf835e6d95d1c85c895064535df7de85b2822a851db858abe46ce1ebfc122240,Chapter_1,backup/Chapter_1_10022026/Chapter_1/run_2026_02_10/analysis_final_boundary_models/tables/RS_ONLY_observed_inside_outside_agriculture__National_Park_placebo__random_side____true.csv
378,bf835e6d95d1c85c895064535df7de85b2822a851db858abe46ce1ebfc122240,Chapter_1,run_2026_04_07/analysis_final_boundary_models/tables/RS_ONLY_observed_inside_outside_agriculture__National_Park_placebo__random_side____true.csv
378,bf835e6d95d1c85c895064535df7de85b2822a851db858abe46ce1ebfc122240,Chapter_1,run_2026_04_20/analysis_final_boundary_models/tables/RS_ONLY_observed_inside_outside_agriculture__National_Park_placebo__random_side____true.csv
378,bf835e6d95d1c85c895064535df7de85b2822a851db858abe46ce1ebfc122240,Chapter_1,run_2026_05_27/analysis_final_boundary_models/tables/RS_ONLY_observed_inside_outside_agriculture__National_Park_placebo__random_side____true.csv
379,e5606a53be6328e418f1c6d96d02397ef4aec4780364c8cd4f2ca7e35b8d7d1b,Chapter_1,backup/Chapter_1_10022026/Chapter_1/run_2026_02_10/analysis_final_boundary_models/tables/RS_ONLY_observed_inside_outside_deforestation__National_Park.csv
379,e5606a53be6328e418f1c6d96d02397ef4aec4780364c8cd4f2ca7e35b8d7d1b,Chapter_1,run_2026_04_07/analysis_final_boundary_models/tables/RS_ONLY_observed_inside_outside_deforestation__National_Park.csv
379,e5606a53be6328e418f1c6d96d02397ef4aec4780364c8cd4f2ca7e35b8d7d1b,Chapter_1,run_2026_04_20/analysis_final_boundary_models/tables/RS_ONLY_observed_inside_outside_deforestation__National_Park.csv
379,e5606a53be6328e418f1c6d96d02397ef4aec4780364c8cd4f2ca7e35b8d7d1b,Chapter_1,run_2026_05_27/analysis_final_boundary_models/tables/RS_ONLY_observed_inside_outside_deforestation__National_Park.csv
380,972c1c9bddb6e602461dd60d3a33fe94f6be2817246e88b223a26e848a19a152,Chapter_1,backup/Chapter_1_10022026/Chapter_1/run_2026_02_10/analysis_final_boundary_models/tables/RS_ONLY_observed_inside_outside_deforestation__National_Park_placebo__random_side____true.csv
380,972c1c9bddb6e602461dd60d3a33fe94f6be2817246e88b223a26e848a19a152,Chapter_1,run_2026_04_07/analysis_final_boundary_models/tables/RS_ONLY_observed_inside_outside_deforestation__National_Park_placebo__random_side____true.csv
380,972c1c9bddb6e602461dd60d3a33fe94f6be2817246e88b223a26e848a19a152,Chapter_1,run_2026_04_20/analysis_final_boundary_models/tables/RS_ONLY_observed_inside_outside_deforestation__National_Park_placebo__random_side____true.csv
380,972c1c9bddb6e602461dd60d3a33fe94f6be2817246e88b223a26e848a19a152,Chapter_1,run_2026_05_27/analysis_final_boundary_models/tables/RS_ONLY_observed_inside_outside_deforestation__National_Park_placebo__random_side____true.csv
381,c7a49074a63f17b0707e66f87d45e1e2483b575005635566cc2be9b2af33100e,Chapter_1,backup/Chapter_1_10022026/Chapter_1/run_2026_02_10/analysis_final_boundary_models/tables/RS_ONLY_observed_inside_outside_fire__National_Park.csv
381,c7a49074a63f17b0707e66f87d45e1e2483b575005635566cc2be9b2af33100e,Chapter_1,run_2026_04_07/analysis_final_boundary_models/tables/RS_ONLY_observed_inside_outside_fire__National_Park.csv
381,c7a49074a63f17b0707e66f87d45e1e2483b575005635566cc2be9b2af33100e,Chapter_1,run_2026_04_20/analysis_final_boundary_models/tables/RS_ONLY_observed_inside_outside_fire__National_Park.csv
381,c7a49074a63f17b0707e66f87d45e1e2483b575005635566cc2be9b2af33100e,Chapter_1,run_2026_05_27/analysis_final_boundary_models/tables/RS_ONLY_observed_inside_outside_fire__National_Park.csv
382,f4023049b1610cbe28e8cdd9f95a23d1b035af73b7f6c20355867163e3a97f9f,Chapter_1,backup/Chapter_1_10022026/Chapter_1/run_2026_02_10/analysis_final_boundary_models/tables/RS_ONLY_observed_inside_outside_fire__National_Park_placebo__random_side____true.csv
382,f4023049b1610cbe28e8cdd9f95a23d1b035af73b7f6c20355867163e3a97f9f,Chapter_1,run_2026_04_07/analysis_final_boundary_models/tables/RS_ONLY_observed_inside_outside_fire__National_Park_placebo__random_side____true.csv
382,f4023049b1610cbe28e8cdd9f95a23d1b035af73b7f6c20355867163e3a97f9f,Chapter_1,run_2026_04_20/analysis_final_boundary_models/tables/RS_ONLY_observed_inside_outside_fire__National_Park_placebo__random_side____true.csv
382,f4023049b1610cbe28e8cdd9f95a23d1b035af73b7f6c20355867163e3a97f9f,Chapter_1,run_2026_05_27/analysis_final_boundary_models/tables/RS_ONLY_observed_inside_outside_fire__National_Park_placebo__random_side____true.csv
383,8f471fe57af41851ce5a1d83f4445a0624ec5f18038fdf5b3b439bddaea11f49,Chapter_1,data/fire_harmonized_500m/fireBurned_AprOct_2021_500m_tau010_harmonized.tif
383,8f471fe57af41851ce5a1d83f4445a0624ec5f18038fdf5b3b439bddaea11f49,upemba-boundary-disturbance,outputs/_validation/stage_outputs/fire_harmonized_500m/fireBurned_AprOct_2021_500m_tau010_harmonized.tif
384,001f48c0cbc19d8f914da2e100ebf0b92df6b3730dadf58fe6537174847acd7a,Chapter_1,data/fire_harmonized_500m/fireBurned_AprOct_2021_500m_tau025_harmonized.tif
384,001f48c0cbc19d8f914da2e100ebf0b92df6b3730dadf58fe6537174847acd7a,upemba-boundary-disturbance,outputs/_validation/stage_outputs/fire_harmonized_500m/fireBurned_AprOct_2021_500m_tau025_harmonized.tif
385,081ac74360096fc311c262c63f91d509f4cd9c9a69f5d845b287789dcfed612e,Chapter_1,data/fire_harmonized_500m/fireBurned_AprOct_2021_500m_tau050_harmonized.tif
385,081ac74360096fc311c262c63f91d509f4cd9c9a69f5d845b287789dcfed612e,upemba-boundary-disturbance,outputs/_validation/stage_outputs/fire_harmonized_500m/fireBurned_AprOct_2021_500m_tau050_harmonized.tif
386,d4ff424ea6180d0fe08b2b0fa302adea61941a8f47e5d322107a1ce2b84c9ba9,Chapter_1,data/fire_harmonized_500m/fireBurned_AprOct_2022_500m_tau010_harmonized.tif
386,d4ff424ea6180d0fe08b2b0fa302adea61941a8f47e5d322107a1ce2b84c9ba9,upemba-boundary-disturbance,outputs/_validation/stage_outputs/fire_harmonized_500m/fireBurned_AprOct_2022_500m_tau010_harmonized.tif
387,9ad1b9cd7577f6613be81ad62d99c437b47060ac340ebd4284c3412871023215,Chapter_1,data/fire_harmonized_500m/fireBurned_AprOct_2022_500m_tau025_harmonized.tif
387,9ad1b9cd7577f6613be81ad62d99c437b47060ac340ebd4284c3412871023215,upemba-boundary-disturbance,outputs/_validation/stage_outputs/fire_harmonized_500m/fireBurned_AprOct_2022_500m_tau025_harmonized.tif
388,bb5e945387af32ddd23ceb027aec3ff92738f5222e29bde5c71a1ba2f81f3251,Chapter_1,data/fire_harmonized_500m/fireBurned_AprOct_2022_500m_tau050_harmonized.tif
388,bb5e945387af32ddd23ceb027aec3ff92738f5222e29bde5c71a1ba2f81f3251,upemba-boundary-disturbance,outputs/_validation/stage_outputs/fire_harmonized_500m/fireBurned_AprOct_2022_500m_tau050_harmonized.tif
389,1e0b687837aadfd3be9df595e2623048a081f4badb5fcdfe10c02166800cb445,Chapter_1,data/fire_harmonized_500m/fireDOY_min_AprOct_2021_500m_tau010_harmonized.tif
389,1e0b687837aadfd3be9df595e2623048a081f4badb5fcdfe10c02166800cb445,upemba-boundary-disturbance,outputs/_validation/stage_outputs/fire_harmonized_500m/fireDOY_min_AprOct_2021_500m_tau010_harmonized.tif
390,334918505ae8a47fbc38da6879c88f0c7086cf6c6e1bca3d948afc55c79a9fab,Chapter_1,data/fire_harmonized_500m/fireDOY_min_AprOct_2021_500m_tau025_harmonized.tif
390,334918505ae8a47fbc38da6879c88f0c7086cf6c6e1bca3d948afc55c79a9fab,upemba-boundary-disturbance,outputs/_validation/stage_outputs/fire_harmonized_500m/fireDOY_min_AprOct_2021_500m_tau025_harmonized.tif
391,a22aa6f65be6f13306d8e61edad99f131f662928eeb32a5763ee67ac018af9ec,Chapter_1,data/fire_harmonized_500m/fireDOY_min_AprOct_2021_500m_tau050_harmonized.tif
391,a22aa6f65be6f13306d8e61edad99f131f662928eeb32a5763ee67ac018af9ec,upemba-boundary-disturbance,outputs/_validation/stage_outputs/fire_harmonized_500m/fireDOY_min_AprOct_2021_500m_tau050_harmonized.tif
392,72bbfbc515b688a55ebf47a1ee9d0c9303db835f244b50c8a82144f945520496,Chapter_1,data/fire_harmonized_500m/fireDOY_min_AprOct_2022_500m_tau010_harmonized.tif
392,72bbfbc515b688a55ebf47a1ee9d0c9303db835f244b50c8a82144f945520496,upemba-boundary-disturbance,outputs/_validation/stage_outputs/fire_harmonized_500m/fireDOY_min_AprOct_2022_500m_tau010_harmonized.tif
393,facb4efa364f1e2fea2f938e1622168009f416df1c30198fad149b63afd416a3,Chapter_1,data/fire_harmonized_500m/fireDOY_min_AprOct_2022_500m_tau025_harmonized.tif
393,facb4efa364f1e2fea2f938e1622168009f416df1c30198fad149b63afd416a3,upemba-boundary-disturbance,outputs/_validation/stage_outputs/fire_harmonized_500m/fireDOY_min_AprOct_2022_500m_tau025_harmonized.tif
394,7d8014f942a6f915b01fede22134cb6c986771e2277e680ac637a76d4326ead9,Chapter_1,data/fire_harmonized_500m/fireDOY_min_AprOct_2022_500m_tau050_harmonized.tif
394,7d8014f942a6f915b01fede22134cb6c986771e2277e680ac637a76d4326ead9,upemba-boundary-disturbance,outputs/_validation/stage_outputs/fire_harmonized_500m/fireDOY_min_AprOct_2022_500m_tau050_harmonized.tif
395,19c3967bf4bf4af6d65763619ed6e14d87f9b396047549bcaedf6ad52b63e69e,Chapter_1,outputs/publication/figure_source_data/Figure_1_layer_registry.csv
395,19c3967bf4bf4af6d65763619ed6e14d87f9b396047549bcaedf6ad52b63e69e,upemba-boundary-disturbance,outputs/publication/figure_source_data/Figure_1_layer_registry.csv
396,7e0c5c9d2044ac5d87ec827e4c1500f147809cd59a98baa998668ebdb39feb1a,Chapter_1,outputs/publication/figure_source_data/Figure_2_annual_trajectories.csv
396,7e0c5c9d2044ac5d87ec827e4c1500f147809cd59a98baa998668ebdb39feb1a,upemba-boundary-disturbance,outputs/publication/figure_source_data/Figure_2_annual_trajectories.csv
397,32e6598a612d9790513d247a042a180f7d38b38deaa902a25ba84b0882dcf666,Chapter_1,outputs/publication/figure_source_data/Figure_2_profile_chronology.csv
397,32e6598a612d9790513d247a042a180f7d38b38deaa902a25ba84b0882dcf666,upemba-boundary-disturbance,outputs/publication/figure_source_data/Figure_2_profile_chronology.csv
398,44420b11e4b8d6c11fecc18e8db9c1d44708a19122f1f475c297d91dd1c3e31c,Chapter_1,outputs/publication/figure_source_data/Figure_3_pairwise_differences.csv
398,44420b11e4b8d6c11fecc18e8db9c1d44708a19122f1f475c297d91dd1c3e31c,upemba-boundary-disturbance,outputs/publication/figure_source_data/Figure_3_pairwise_differences.csv
399,4928f4bf3bedab945f0a048c3b12f55e2cac9044471f77dcad291fa49d218192,Chapter_1,outputs/publication/figure_source_data/Figure_3_profile_contrasts.csv
399,4928f4bf3bedab945f0a048c3b12f55e2cac9044471f77dcad291fa49d218192,upemba-boundary-disturbance,outputs/publication/figure_source_data/Figure_3_profile_contrasts.csv
400,eb5f859bf7030caa9340e3b5a052c5cb198910767b1fa6b13deb431a0158f7ad,Chapter_1,outputs/publication/figure_source_data/Figure_4_pairwise_boundary_estimates.csv
400,eb5f859bf7030caa9340e3b5a052c5cb198910767b1fa6b13deb431a0158f7ad,upemba-boundary-disturbance,outputs/publication/figure_source_data/Figure_4_pairwise_boundary_estimates.csv
401,054a0f2fed01c30b446efd2a72ae04e63d41ec0c7c93b7fb98734bfc980131c3,Chapter_1,outputs/publication/figure_source_data/Figure_4_profile_boundary_estimates.csv
401,054a0f2fed01c30b446efd2a72ae04e63d41ec0c7c93b7fb98734bfc980131c3,upemba-boundary-disturbance,outputs/publication/figure_source_data/Figure_4_profile_boundary_estimates.csv
402,1dbceedb154a07207d44d3e683104b2da7e3130778b764b4e9de5967267bc9c4,Chapter_1,outputs/publication/main_figures/Figure_1_study_design.pdf
402,1dbceedb154a07207d44d3e683104b2da7e3130778b764b4e9de5967267bc9c4,upemba-boundary-disturbance,outputs/publication/main_figures/Figure_1_study_design.pdf
403,681fc2e0f0376805fbf75207d06ab851eb96d5dee8a83e0a15ab1b0a8d531dd4,Chapter_1,outputs/publication/main_figures/Figure_1_study_design.png
403,681fc2e0f0376805fbf75207d06ab851eb96d5dee8a83e0a15ab1b0a8d531dd4,upemba-boundary-disturbance,outputs/publication/main_figures/Figure_1_study_design.png
404,7717744f1490e640eb9aa618fed21cfee7c82a87e51393a8369b8e3ec7532e34,Chapter_1,outputs/publication/main_figures/Figure_2_chronology_time_series.pdf
404,7717744f1490e640eb9aa618fed21cfee7c82a87e51393a8369b8e3ec7532e34,upemba-boundary-disturbance,outputs/publication/main_figures/Figure_2_chronology_time_series.pdf
405,2645439c863fbd23b9e61b79d2c2936b7b6082bbda8e244c47af186aa2a471e1,Chapter_1,outputs/publication/main_figures/Figure_2_chronology_time_series.png
405,2645439c863fbd23b9e61b79d2c2936b7b6082bbda8e244c47af186aa2a471e1,upemba-boundary-disturbance,outputs/publication/main_figures/Figure_2_chronology_time_series.png
406,9fcf54a0f50c47f7e949e6f85865b46232c9327d7c995b92d560aec98e18ac51,Chapter_1,outputs/publication/main_figures/Figure_3_primary_contrasts.pdf
406,9fcf54a0f50c47f7e949e6f85865b46232c9327d7c995b92d560aec98e18ac51,upemba-boundary-disturbance,outputs/publication/main_figures/Figure_3_primary_contrasts.pdf
407,f8836e0cbd9f03ce0fadac93dbd414dead52cc18fb03152fa3c8dc5764c92964,Chapter_1,outputs/publication/main_figures/Figure_3_primary_contrasts.png
407,f8836e0cbd9f03ce0fadac93dbd414dead52cc18fb03152fa3c8dc5764c92964,upemba-boundary-disturbance,outputs/publication/main_figures/Figure_3_primary_contrasts.png
408,995b10a24cbdc0ae3cf61f2b67f265d18873c79a38906d9055d31ce097f14f7f,Chapter_1,outputs/publication/main_figures/Figure_4_boundary_location_diagnostic.pdf
408,995b10a24cbdc0ae3cf61f2b67f265d18873c79a38906d9055d31ce097f14f7f,upemba-boundary-disturbance,outputs/publication/main_figures/Figure_4_boundary_location_diagnostic.pdf
409,050a5de739ee853463be3aa655600152913f0af78b8fa79648647d28828109c0,Chapter_1,outputs/publication/main_figures/Figure_4_boundary_location_diagnostic.png
409,050a5de739ee853463be3aa655600152913f0af78b8fa79648647d28828109c0,upemba-boundary-disturbance,outputs/publication/main_figures/Figure_4_boundary_location_diagnostic.png
410,1760499e2905e57b224660a657129f49f93c386f8c61b582a4a05cb9ef273c7c,Chapter_1,outputs/publication/main_tables/Table_1_data_products.csv
410,1760499e2905e57b224660a657129f49f93c386f8c61b582a4a05cb9ef273c7c,Chapter_1,outputs/publication/table_source_data/Table_1_data_products_source.csv
410,1760499e2905e57b224660a657129f49f93c386f8c61b582a4a05cb9ef273c7c,upemba-boundary-disturbance,outputs/publication/main_tables/Table_1_data_products.csv
410,1760499e2905e57b224660a657129f49f93c386f8c61b582a4a05cb9ef273c7c,upemba-boundary-disturbance,outputs/publication/table_source_data/Table_1_data_products_source.csv
411,f119c9cae6aa17a43be28967d7f1cc50a0be403df4ab8d324dbeb2a3e5d92757,Chapter_1,outputs/publication/main_tables/Table_1_data_products.html
411,f119c9cae6aa17a43be28967d7f1cc50a0be403df4ab8d324dbeb2a3e5d92757,upemba-boundary-disturbance,outputs/publication/main_tables/Table_1_data_products.html
412,ffd0e59c7b7bc7e02bd130c9bd12e7791cdbb8684c15c2d2102e74c1496e75f5,Chapter_1,outputs/publication/main_tables/Table_2_primary_evidence.csv
412,ffd0e59c7b7bc7e02bd130c9bd12e7791cdbb8684c15c2d2102e74c1496e75f5,Chapter_1,outputs/publication/table_source_data/Table_2_primary_evidence_source.csv
412,ffd0e59c7b7bc7e02bd130c9bd12e7791cdbb8684c15c2d2102e74c1496e75f5,upemba-boundary-disturbance,outputs/publication/main_tables/Table_2_primary_evidence.csv
412,ffd0e59c7b7bc7e02bd130c9bd12e7791cdbb8684c15c2d2102e74c1496e75f5,upemba-boundary-disturbance,outputs/publication/table_source_data/Table_2_primary_evidence_source.csv
413,6b0be0192c2eba77f25d2a7e700e5274bdb992cb08a41a204763f1a0423ff57e,Chapter_1,outputs/publication/main_tables/Table_2_primary_evidence.html
413,6b0be0192c2eba77f25d2a7e700e5274bdb992cb08a41a204763f1a0423ff57e,upemba-boundary-disturbance,outputs/publication/main_tables/Table_2_primary_evidence.html
414,7f0883ca23f2cf8052031e7549e7a6b22cb7157a2f9f9f032afcb3bbd02dc038,Chapter_1,outputs/publication/supplement/README_supplementary_data.md
414,7f0883ca23f2cf8052031e7549e7a6b22cb7157a2f9f9f032afcb3bbd02dc038,upemba-boundary-disturbance,outputs/publication/supplement/README_supplementary_data.md
415,0e18ef951be8420e6eeaa77dbabe494d90ca7186716f01e631b80b8cd311b4e5,Chapter_1,outputs/publication/supplement/figures/Figure_S1_clustering_diagnostics.png
415,0e18ef951be8420e6eeaa77dbabe494d90ca7186716f01e631b80b8cd311b4e5,upemba-boundary-disturbance,outputs/publication/supplement/figures/Figure_S1_clustering_diagnostics.png
416,771a016e57e9827a1e5f14879b9ccab6575b93d34647167440a32856814281ba,Chapter_1,outputs/publication/supplement/figures/Figure_S2_threshold_spatial_sensitivities.png
416,771a016e57e9827a1e5f14879b9ccab6575b93d34647167440a32856814281ba,upemba-boundary-disturbance,outputs/publication/supplement/figures/Figure_S2_threshold_spatial_sensitivities.png
417,c63504bb623f632e741b3abc59b25dbbc0713cbfd92b0c4bb7784fe1ed9aa4c3,Chapter_1,outputs/publication/supplement/figures/Figure_S4_pairwise_pseudo_boundary_diagnostic.png
417,c63504bb623f632e741b3abc59b25dbbc0713cbfd92b0c4bb7784fe1ed9aa4c3,upemba-boundary-disturbance,outputs/publication/supplement/figures/Figure_S3_pairwise_pseudo_boundary_diagnostic.png
418,34444b31397f2c5d06277f2b3aa21de402bedda9b13a5b43dfe45644485a9dfb,Chapter_1,outputs/publication/supplement/source_data/Figure_S1_source_data.csv
418,34444b31397f2c5d06277f2b3aa21de402bedda9b13a5b43dfe45644485a9dfb,upemba-boundary-disturbance,outputs/publication/supplement/source_data/Figure_S1_source_data.csv
419,c2e6ab3fe1ab890e0949e166960e8d18d4b11a14654384ca2cafafcf9b496b86,Chapter_1,outputs/publication/supplement/source_data/Figure_S2_source_data.csv
419,c2e6ab3fe1ab890e0949e166960e8d18d4b11a14654384ca2cafafcf9b496b86,upemba-boundary-disturbance,outputs/publication/supplement/source_data/Figure_S2_source_data.csv
420,b15535f3cb3291cc307fbbb35a944f15ee9406c127822ceb90c201033593c213,Chapter_1,outputs/publication/supplement/source_data/Figure_S4_source_data.csv
420,b15535f3cb3291cc307fbbb35a944f15ee9406c127822ceb90c201033593c213,upemba-boundary-disturbance,outputs/publication/supplement/source_data/Figure_S3_pairwise_pseudo_boundary_diagnostic_source_data.csv
421,91814d670be1e4c94654042ff6902da6d723ca017b7cffc04ef7a31ce3c1f8fb,Chapter_1,outputs/publication/supplement/source_data/Table_S06A_annual_profile_assignments.csv
421,91814d670be1e4c94654042ff6902da6d723ca017b7cffc04ef7a31ce3c1f8fb,upemba-boundary-disturbance,outputs/publication/supplement/source_data/Table_S06A_annual_profile_assignments.csv
422,03948d1043daa5b5b1d9e820d0b39b6453adbbd5687ef669b65196ab805859aa,Chapter_1,outputs/publication/supplement/source_data/Table_S06B_approved_episode_evidence.csv
422,03948d1043daa5b5b1d9e820d0b39b6453adbbd5687ef669b65196ab805859aa,upemba-boundary-disturbance,outputs/publication/supplement/source_data/Table_S06B_approved_episode_evidence.csv
423,8019732fd061480762736890452da11c6c307feb41d58a835a246330967bf09a,Chapter_1,outputs/publication/supplement/source_data/Table_S13_full_historical_diagnostics.csv
423,8019732fd061480762736890452da11c6c307feb41d58a835a246330967bf09a,upemba-boundary-disturbance,outputs/publication/supplement/source_data/Table_S13_full_historical_diagnostics.csv
424,47d9ccd9b302c9c334260087954f1683915106052726b4796d578060b86e5430,Chapter_1,outputs/publication/supplement/source_data/Table_S15_complete_actual_and_pseudo_boundary_profile_contrasts.csv
424,47d9ccd9b302c9c334260087954f1683915106052726b4796d578060b86e5430,upemba-boundary-disturbance,outputs/publication/supplement/source_data/Table_S15_complete_actual_and_pseudo_boundary_profile_contrasts.csv
425,a835cb9f7ae138e2131768dceef7e3bb50aebdc35877ab524883de4556aced2b,Chapter_1,outputs/publication/supplement/source_data/Table_S16_complete_pseudo_boundary_pairwise_differences.csv
425,a835cb9f7ae138e2131768dceef7e3bb50aebdc35877ab524883de4556aced2b,upemba-boundary-disturbance,outputs/publication/supplement/source_data/Table_S16_complete_pseudo_boundary_pairwise_differences.csv
426,b67ccddc2d64104f3e35456c9b0248de4589b56dd3103c4bc014182e2465818f,Chapter_1,outputs/publication/supplement/tables/Table_S01_landscape_comparison_covariates.csv
426,b67ccddc2d64104f3e35456c9b0248de4589b56dd3103c4bc014182e2465818f,upemba-boundary-disturbance,outputs/publication/supplement/tables/Table_S01_landscape_comparison_covariates.csv
427,74a7e255ae963b21f6589cda584e50ea1d593e6bc36db74490d5c17d5451588a,Chapter_1,outputs/publication/supplement/tables/Table_S02_clustering_solution_selection.csv
427,74a7e255ae963b21f6589cda584e50ea1d593e6bc36db74490d5c17d5451588a,upemba-boundary-disturbance,outputs/publication/supplement/tables/Table_S02_clustering_solution_selection.csv
428,ab680f9cbd8f2c4f9eb09ca95734889cf3ca7efa680cbb4837317f9efe242bbb,Chapter_1,outputs/publication/supplement/tables/Table_S03_clustering_stability_and_accessibility_sensitivity.csv
428,ab680f9cbd8f2c4f9eb09ca95734889cf3ca7efa680cbb4837317f9efe242bbb,upemba-boundary-disturbance,outputs/publication/supplement/tables/Table_S03_clustering_stability_and_accessibility_sensitivity.csv
429,0a035ebc8238ebaef644e84ebf4e8ec7e370905c4872a8edda65225c9cbeb579,Chapter_1,outputs/publication/supplement/tables/Table_S04_spatial_design_balance_and_event_support.csv
429,0a035ebc8238ebaef644e84ebf4e8ec7e370905c4872a8edda65225c9cbeb579,upemba-boundary-disturbance,outputs/publication/supplement/tables/Table_S04_spatial_design_balance_and_event_support.csv
430,4fe043898b51c4f6483ea7ebf96383becccd1fd0d04e9dccad104fa2e0b80c58,Chapter_1,outputs/publication/supplement/tables/Table_S05_landscape_group_and_side_support.csv
430,4fe043898b51c4f6483ea7ebf96383becccd1fd0d04e9dccad104fa2e0b80c58,upemba-boundary-disturbance,outputs/publication/supplement/tables/Table_S05_landscape_group_and_side_support.csv
431,e5f0b0967e43834f983fe9563b87b91e80693232ccc6cbbed4400f3ca3468f37,Chapter_1,outputs/publication/supplement/tables/Table_S06_territorial_control_chronology.csv
431,e5f0b0967e43834f983fe9563b87b91e80693232ccc6cbbed4400f3ca3468f37,upemba-boundary-disturbance,outputs/publication/supplement/tables/Table_S06_territorial_control_chronology.csv
432,288c60c0903f83c0b97541bf8f689f4c548665ad491ae82c88fb451f0e7c36aa,Chapter_1,outputs/publication/supplement/tables/Table_S07_profile_and_episode_support.csv
432,288c60c0903f83c0b97541bf8f689f4c548665ad491ae82c88fb451f0e7c36aa,upemba-boundary-disturbance,outputs/publication/supplement/tables/Table_S07_profile_and_episode_support.csv
433,47d465b61b89f8b53309e89425ba142f66e1885fefc9962eee4a5ca8478259e7,Chapter_1,outputs/publication/supplement/tables/Table_S08_primary_profile_specific_contrasts.csv
433,47d465b61b89f8b53309e89425ba142f66e1885fefc9962eee4a5ca8478259e7,upemba-boundary-disturbance,outputs/publication/supplement/tables/Table_S08_primary_profile_specific_contrasts.csv
434,a9073cd51d65f5f4feb4bd83a9c1bc5d0ef6164025f84af8a45640aff588be8a,Chapter_1,outputs/publication/supplement/tables/Table_S09_primary_pairwise_profile_differences.csv
434,a9073cd51d65f5f4feb4bd83a9c1bc5d0ef6164025f84af8a45640aff588be8a,upemba-boundary-disturbance,outputs/publication/supplement/tables/Table_S09_primary_pairwise_profile_differences.csv
435,61d79a5dd7077e5c8bd358fd29614768efe3081160922b278c44d6f2fb0b9736,Chapter_1,outputs/publication/supplement/tables/Table_S10_weighted_and_unweighted_sparse_outcome_models.csv
435,61d79a5dd7077e5c8bd358fd29614768efe3081160922b278c44d6f2fb0b9736,upemba-boundary-disturbance,outputs/publication/supplement/tables/Table_S10_weighted_and_unweighted_sparse_outcome_models.csv
436,f85678a3a34c15af301722f394dd25de3df4b663510adae3775dc3f10157cffa,Chapter_1,outputs/publication/supplement/tables/Table_S11_threshold_sensitivity.csv
436,f85678a3a34c15af301722f394dd25de3df4b663510adae3775dc3f10157cffa,upemba-boundary-disturbance,outputs/publication/supplement/tables/Table_S11_threshold_sensitivity.csv
437,b554c20fbe200a1c212299ce8e18ab38457a3f8ec515fa0d7379ccccb95d9872,Chapter_1,outputs/publication/supplement/tables/Table_S12_spatial_domain_sensitivity.csv
437,b554c20fbe200a1c212299ce8e18ab38457a3f8ec515fa0d7379ccccb95d9872,upemba-boundary-disturbance,outputs/publication/supplement/tables/Table_S12_spatial_domain_sensitivity.csv
438,5ac1fc049c5134fc24ab8ce769d76c58dc45adc8240c68abe03d8c79eee9f293,Chapter_1,outputs/publication/supplement/tables/Table_S14_fire_optimizer_diagnostics.csv
438,5ac1fc049c5134fc24ab8ce769d76c58dc45adc8240c68abe03d8c79eee9f293,upemba-boundary-disturbance,outputs/publication/supplement/tables/Table_S14_fire_optimizer_diagnostics.csv
439,8a3a9d5c6c89508d00692f9e2db3f578da6be76f7333bd3991947e01baf09b9a,Chapter_1,outputs/publication/supplement/tables/Table_S15_actual_and_pseudo_boundary_profile_contrasts.csv
439,8a3a9d5c6c89508d00692f9e2db3f578da6be76f7333bd3991947e01baf09b9a,upemba-boundary-disturbance,outputs/publication/supplement/tables/Table_S15_actual_and_pseudo_boundary_profile_contrasts.csv
440,8e764c4eabe85ee8947717d0f33c082aceb7664fdc044059fd03ea5dd1e5b90b,Chapter_1,outputs/publication/supplement/tables/Table_S16_boundary_specificity_classifications.csv
440,8e764c4eabe85ee8947717d0f33c082aceb7664fdc044059fd03ea5dd1e5b90b,upemba-boundary-disturbance,outputs/publication/supplement/tables/Table_S16_boundary_specificity_classifications.csv
441,167156ac218a8a73ff4a238673c253b844820a9b1b162cddb12fa550f05ba175,Chapter_1,outputs/publication/supplement/tables/Table_S16_pseudo_boundary_pairwise_differences.csv
441,167156ac218a8a73ff4a238673c253b844820a9b1b162cddb12fa550f05ba175,upemba-boundary-disturbance,outputs/publication/supplement/tables/Table_S16_pseudo_boundary_pairwise_differences.csv
442,bbd941b8dcb750fe9e8b5f62018b24ce19650a34ad7eae756ab32fe4197d974c,Chapter_1,outputs/publication/supplement/tables/Table_S17_measurement_and_validation_decisions.csv
442,bbd941b8dcb750fe9e8b5f62018b24ce19650a34ad7eae756ab32fe4197d974c,upemba-boundary-disturbance,outputs/publication/supplement/tables/Table_S17_measurement_and_validation_decisions.csv
443,2ad17f97f1f2173d0ff642e76eb458149e0e421543c21e1ba85a41c228a73fcc,Chapter_1,reports/fire_missingness_resolution/authoritative_fire_reproduction.csv
443,2ad17f97f1f2173d0ff642e76eb458149e0e421543c21e1ba85a41c228a73fcc,upemba-boundary-disturbance,reports/fire_missingness_resolution/authoritative_fire_reproduction.csv
444,52cd50c48c84ee76ef58fd704a470d6d28106c7c117e0b839877f70552322521,Chapter_1,reports/fire_missingness_resolution/authoritative_fire_reproduction.md
444,52cd50c48c84ee76ef58fd704a470d6d28106c7c117e0b839877f70552322521,upemba-boundary-disturbance,reports/fire_missingness_resolution/authoritative_fire_reproduction.md
445,317bd6b513d3ee76c51dff8a1fc0d462bd8f470c4d8ae174ef87441860ef07f7,Chapter_1,reports/fire_missingness_resolution/fire_authoritative_missingness_comparison.csv
445,317bd6b513d3ee76c51dff8a1fc0d462bd8f470c4d8ae174ef87441860ef07f7,upemba-boundary-disturbance,reports/fire_missingness_resolution/fire_authoritative_missingness_comparison.csv
446,307dd364f7076d9047588db6d547b557f810a8dc2a7e5963a6b183efbdb8a03f,Chapter_1,reports/fire_missingness_resolution/fire_missingness_bounds_500m.csv
446,307dd364f7076d9047588db6d547b557f810a8dc2a7e5963a6b183efbdb8a03f,upemba-boundary-disturbance,reports/fire_missingness_resolution/fire_missingness_bounds_500m.csv
447,b541f49cd6a50836293fdabf020b4fb652efa889bd5d5724c61de44309fa9b1a,Chapter_1,reports/fire_missingness_resolution/fire_missingness_bounds_validation.csv
447,b541f49cd6a50836293fdabf020b4fb652efa889bd5d5724c61de44309fa9b1a,upemba-boundary-disturbance,reports/fire_missingness_resolution/fire_missingness_bounds_validation.csv
448,618f48a7b3b4e61e77bd44ee9d9a915874116a7acac089f77c033d3a4bcc8994,Chapter_1,reports/fire_missingness_resolution/fire_missingness_by_stratum.csv
448,618f48a7b3b4e61e77bd44ee9d9a915874116a7acac089f77c033d3a4bcc8994,upemba-boundary-disturbance,reports/fire_missingness_resolution/fire_missingness_by_stratum.csv
449,c499c0dd832d79680381e172130739dabed7ec5ce5bd5b3c7801d17831f0790e,Chapter_1,reports/fire_missingness_resolution/fire_missingness_final_decision.csv
449,c499c0dd832d79680381e172130739dabed7ec5ce5bd5b3c7801d17831f0790e,upemba-boundary-disturbance,reports/fire_missingness_resolution/fire_missingness_final_decision.csv
450,a5801bf924c8cfa9603cfbc75fdd0b4f5f87ba0ae2e19d37942162e469ee3516,Chapter_1,reports/fire_missingness_resolution/fire_missingness_final_decision.md
450,a5801bf924c8cfa9603cfbc75fdd0b4f5f87ba0ae2e19d37942162e469ee3516,upemba-boundary-disturbance,reports/fire_missingness_resolution/fire_missingness_final_decision.md
451,6d3b14b9c60f5cc589b37d84e984af6bd3a1ca997ac750bf7b228d6890f25173,Chapter_1,reports/fire_missingness_resolution/fire_missingness_maps.png
451,6d3b14b9c60f5cc589b37d84e984af6bd3a1ca997ac750bf7b228d6890f25173,upemba-boundary-disturbance,reports/fire_missingness_resolution/fire_missingness_maps.png
452,8cde7b81aaf17b780e1e39926abae4c70d5e414181718eb90014dd2e41a3d899,Chapter_1,reports/fire_missingness_resolution/fire_missingness_model_comparison.md
452,8cde7b81aaf17b780e1e39926abae4c70d5e414181718eb90014dd2e41a3d899,upemba-boundary-disturbance,reports/fire_missingness_resolution/fire_missingness_model_comparison.md
453,bb0995ecad01d4f057660ee6ef509dafd64df8da26dd2be057db9d3d91441dce,Chapter_1,reports/fire_missingness_resolution/fire_missingness_optimizer_diagnostics.csv
453,bb0995ecad01d4f057660ee6ef509dafd64df8da26dd2be057db9d3d91441dce,upemba-boundary-disturbance,reports/fire_missingness_resolution/fire_missingness_optimizer_diagnostics.csv
454,30aa46e1e1dfbe6be1af6feef3730cb87eaf2e487dde23a4c487637b4c985793,Chapter_1,reports/fire_missingness_resolution/fire_missingness_summary.csv
454,30aa46e1e1dfbe6be1af6feef3730cb87eaf2e487dde23a4c487637b4c985793,upemba-boundary-disturbance,reports/fire_missingness_resolution/fire_missingness_summary.csv
455,f610627739abb73d57fbee5f0f7b85cccdbe97cda7b9731a122b140d81c92513,Chapter_1,reports/fire_missingness_resolution/fire_native_state_counts.csv
455,f610627739abb73d57fbee5f0f7b85cccdbe97cda7b9731a122b140d81c92513,upemba-boundary-disturbance,reports/fire_missingness_resolution/fire_native_state_counts.csv
456,407049cee3179cd30b50b296d6291d74d92107afbaab3ebab0fae6955875975a,Chapter_1,reports/fire_missingness_resolution/fire_native_state_inconsistencies.csv
456,407049cee3179cd30b50b296d6291d74d92107afbaab3ebab0fae6955875975a,upemba-boundary-disturbance,reports/fire_missingness_resolution/fire_native_state_inconsistencies.csv
457,b4f9c54824200f5ac8b399a1501b8dc104ee13c50c3d06fd6bdd5b658f423831,Chapter_1,reports/methods_review_final_audits/clustering_near_reproduction_acceptance.md
457,b4f9c54824200f5ac8b399a1501b8dc104ee13c50c3d06fd6bdd5b658f423831,upemba-boundary-disturbance,reports/methods_review_final_audits/clustering_near_reproduction_acceptance.md
458,ea46de930134fce2a33f127614c01fd0156afba2af5139ceba0e7a548f6bbb06,Chapter_1,reports/methods_review_final_audits/clustering_near_reproduction_discrepancies.csv
458,ea46de930134fce2a33f127614c01fd0156afba2af5139ceba0e7a548f6bbb06,upemba-boundary-disturbance,reports/methods_review_final_audits/clustering_near_reproduction_discrepancies.csv
459,4436ef8915a320eb6f2bb4b5211f0b5300390b45386ef92940992e9a4fce8ada,Chapter_1,reports/methods_review_final_audits/clustering_near_reproduction_discrepancy_map.png
459,4436ef8915a320eb6f2bb4b5211f0b5300390b45386ef92940992e9a4fce8ada,upemba-boundary-disturbance,reports/methods_review_final_audits/clustering_near_reproduction_discrepancy_map.png
460,0ec7eae467f09bb5758797a24eda7e3d07abd07e558bd1e6bb183183d1a47a93,Chapter_1,reports/methods_review_final_audits/final_methods_audit_decision.md
460,0ec7eae467f09bb5758797a24eda7e3d07abd07e558bd1e6bb183183d1a47a93,upemba-boundary-disturbance,reports/methods_review_final_audits/final_methods_audit_decision.md
461,d59b46c0132af3c7a98b320c6cd06d465a3349b6e96f8f51abfedc984e5324af,Chapter_1,reports/methods_review_final_audits/final_methods_audit_issue_classification.csv
461,d59b46c0132af3c7a98b320c6cd06d465a3349b6e96f8f51abfedc984e5324af,upemba-boundary-disturbance,reports/methods_review_final_audits/final_methods_audit_issue_classification.csv
462,70074fcf269b6b548f6ffedbc59b378ae78c3ec47651642625cef323b3283e9f,Chapter_1,reports/methods_review_final_audits/final_methods_reporting_facts.csv
462,70074fcf269b6b548f6ffedbc59b378ae78c3ec47651642625cef323b3283e9f,upemba-boundary-disturbance,reports/methods_review_final_audits/final_methods_reporting_facts.csv
463,aa15f77b23e7e5ff80995eb97d5136ab2f3ce5ea7d8f5ab2c71805477ef8df8d,Chapter_1,reports/methods_review_final_audits/fire_authoritative_vs_observation_aware_cells.csv
463,aa15f77b23e7e5ff80995eb97d5136ab2f3ce5ea7d8f5ab2c71805477ef8df8d,upemba-boundary-disturbance,reports/methods_review_final_audits/fire_authoritative_vs_observation_aware_cells.csv
464,8ae4671467230c49513730a0b22f06bfb4d9d51cc41d35f6a4aa60d5cbe32f42,Chapter_1,reports/methods_review_final_audits/fire_authoritative_vs_observation_aware_strata.csv
464,8ae4671467230c49513730a0b22f06bfb4d9d51cc41d35f6a4aa60d5cbe32f42,upemba-boundary-disturbance,reports/methods_review_final_audits/fire_authoritative_vs_observation_aware_strata.csv
465,7b5902034c93e6c5b270a7e90a18efb24685bad1a28b05e8e1d774eb7d268715,Chapter_1,reports/methods_review_final_audits/fire_authoritative_vs_observation_aware_summary.csv
465,7b5902034c93e6c5b270a7e90a18efb24685bad1a28b05e8e1d774eb7d268715,upemba-boundary-disturbance,reports/methods_review_final_audits/fire_authoritative_vs_observation_aware_summary.csv
466,c1fad690f081500fc56452a3063de99d60f2586d0ba768ae7c1e99d33e256c4e,Chapter_1,reports/methods_review_final_audits/fire_changed_cells_map.png
466,c1fad690f081500fc56452a3063de99d60f2586d0ba768ae7c1e99d33e256c4e,upemba-boundary-disturbance,reports/methods_review_final_audits/fire_changed_cells_map.png
467,b04346e1a6ec2f432abf58b4ccde84158b3748c635df59ba93be6854b728522b,Chapter_1,reports/methods_review_final_audits/fire_monthly_jd_code_counts_completed.csv
467,b04346e1a6ec2f432abf58b4ccde84158b3748c635df59ba93be6854b728522b,upemba-boundary-disturbance,reports/methods_review_final_audits/fire_monthly_jd_code_counts_completed.csv
468,714e702f4527748eb3f2f05f8412a40c848482f029f06b5f702748e2163a7324,Chapter_1,reports/methods_review_final_audits/fire_observation_aware_aggregation_diagnostics.csv
468,714e702f4527748eb3f2f05f8412a40c848482f029f06b5f702748e2163a7324,upemba-boundary-disturbance,reports/methods_review_final_audits/fire_observation_aware_aggregation_diagnostics.csv
469,c1273eadf7d869805c4b773966dd6dde7774a3f226d866f29d37043e0efb1060,Chapter_1,reports/methods_review_final_audits/fire_observation_aware_audit.md
469,c1273eadf7d869805c4b773966dd6dde7774a3f226d866f29d37043e0efb1060,upemba-boundary-disturbance,reports/methods_review_final_audits/fire_observation_aware_audit.md
470,be83388408eae1092966e424bbc94dd3cd5b323bcfa680f008b517b2bc600fc7,Chapter_1,reports/methods_review_final_audits/fire_observation_aware_fit_diagnostics.csv
470,be83388408eae1092966e424bbc94dd3cd5b323bcfa680f008b517b2bc600fc7,upemba-boundary-disturbance,reports/methods_review_final_audits/fire_observation_aware_fit_diagnostics.csv
471,34af1d261ead95633ba39acd3616db608934eae86678fc51f0a792ea5ed1c2b6,Chapter_1,reports/methods_review_final_audits/fire_observation_aware_geometry_validation.csv
471,34af1d261ead95633ba39acd3616db608934eae86678fc51f0a792ea5ed1c2b6,upemba-boundary-disturbance,reports/methods_review_final_audits/fire_observation_aware_geometry_validation.csv
472,87722bc4d8ec36d15cf07c16f40272952727896a9441b7127da6667735acd3fc,Chapter_1,reports/methods_review_final_audits/fire_observation_aware_model_comparison.md
472,87722bc4d8ec36d15cf07c16f40272952727896a9441b7127da6667735acd3fc,upemba-boundary-disturbance,reports/methods_review_final_audits/fire_observation_aware_model_comparison.md
473,f5cf86238a03d18a02474aa5d59d07964bf0a9150f9a423a3b8b46998764dec1,Chapter_1,reports/methods_review_final_audits/fire_observation_aware_pairwise_differences.csv
473,f5cf86238a03d18a02474aa5d59d07964bf0a9150f9a423a3b8b46998764dec1,upemba-boundary-disturbance,reports/methods_review_final_audits/fire_observation_aware_pairwise_differences.csv
474,3d3187e53818cb025f2a9b25478db15dcd4ab25672bad6638f299917ba998c0c,Chapter_1,reports/methods_review_final_audits/fire_observation_aware_profile_contrasts.csv
474,3d3187e53818cb025f2a9b25478db15dcd4ab25672bad6638f299917ba998c0c,upemba-boundary-disturbance,reports/methods_review_final_audits/fire_observation_aware_profile_contrasts.csv
475,e87aa56e2720e85588bd86592fecd14f2db1f1bfe5691a6a8a63fa8366522eab,Chapter_1,reports/methods_review_final_audits/fire_valid_coverage_500m.csv
475,e87aa56e2720e85588bd86592fecd14f2db1f1bfe5691a6a8a63fa8366522eab,upemba-boundary-disturbance,reports/methods_review_final_audits/fire_valid_coverage_500m.csv
476,1c878bff74cf5d7bf9f63ce30495cd965ccf4bbdcddeb4059e014cd735566d82,Chapter_1,reports/methods_review_final_audits/fire_valid_coverage_by_stratum.csv
476,1c878bff74cf5d7bf9f63ce30495cd965ccf4bbdcddeb4059e014cd735566d82,upemba-boundary-disturbance,reports/methods_review_final_audits/fire_valid_coverage_by_stratum.csv
477,7e41ba6d70bad31500952029d6a1fb69efa3f7059c4e966752cd27a566da2708,Chapter_1,reports/methods_review_final_audits/fire_valid_coverage_map_2021.png
477,7e41ba6d70bad31500952029d6a1fb69efa3f7059c4e966752cd27a566da2708,upemba-boundary-disturbance,reports/methods_review_final_audits/fire_valid_coverage_map_2021.png
478,237305647312910a3632fc36d093bd57a2fbc9017fd08deddbf1ea6adfbaa3fa,Chapter_1,reports/methods_review_final_audits/fire_valid_coverage_map_2022.png
478,237305647312910a3632fc36d093bd57a2fbc9017fd08deddbf1ea6adfbaa3fa,upemba-boundary-disturbance,reports/methods_review_final_audits/fire_valid_coverage_map_2022.png
479,8b1a5546c3b50d45d2b37aa93ca3b3b8d1396c0471505191cf8c1ca48e2706aa,Chapter_1,reports/methods_review_final_audits/no_accessibility_clustering_audit.md
479,8b1a5546c3b50d45d2b37aa93ca3b3b8d1396c0471505191cf8c1ca48e2706aa,upemba-boundary-disturbance,reports/methods_review_final_audits/no_accessibility_clustering_audit.md
480,79c7a2fb4606ce1ca2078024fc5be6c438e5553c09567c206176e0a013ebde15,Chapter_1,reports/methods_review_final_audits/no_accessibility_clustering_map.png
480,79c7a2fb4606ce1ca2078024fc5be6c438e5553c09567c206176e0a013ebde15,upemba-boundary-disturbance,reports/methods_review_final_audits/no_accessibility_clustering_map.png
481,0674c87f6143ea1a16576d3bcaaac67381526501e5b5af320316772c682be582,Chapter_1,reports/methods_review_final_audits/no_accessibility_cluster_support.csv
481,0674c87f6143ea1a16576d3bcaaac67381526501e5b5af320316772c682be582,upemba-boundary-disturbance,reports/methods_review_final_audits/no_accessibility_cluster_support.csv
482,2f579875c7a1db8d12ee4b43b801ac6b6818507759def835b3c6cc365df1c384,Chapter_1,reports/methods_review_final_audits/no_accessibility_k3_comparison.csv
482,2f579875c7a1db8d12ee4b43b801ac6b6818507759def835b3c6cc365df1c384,upemba-boundary-disturbance,reports/methods_review_final_audits/no_accessibility_k3_comparison.csv
483,9c8091ef395c1e3d2af40a1767319c177df6ac25ec28ad5b4cefbbbf88f74afd,Chapter_1,reports/methods_review_final_audits/no_accessibility_seed_stability.csv
483,9c8091ef395c1e3d2af40a1767319c177df6ac25ec28ad5b4cefbbbf88f74afd,upemba-boundary-disturbance,reports/methods_review_final_audits/no_accessibility_seed_stability.csv
484,5d82f3c3a60dacfabdffaefa1194a661ca5e33178c632a04fe2155ced4a902ce,Chapter_1,reports/methods_review_final_audits/no_accessibility_selected_k_comparison.csv
484,5d82f3c3a60dacfabdffaefa1194a661ca5e33178c632a04fe2155ced4a902ce,upemba-boundary-disturbance,reports/methods_review_final_audits/no_accessibility_selected_k_comparison.csv
485,fb59c7bc2c84947b6064f46f3b2058a547a56adffacbd5dc96a081ef7ce88229,Chapter_1,reports/methods_review_final_audits/no_accessibility_silhouette_profile.csv
485,fb59c7bc2c84947b6064f46f3b2058a547a56adffacbd5dc96a081ef7ce88229,upemba-boundary-disturbance,reports/methods_review_final_audits/no_accessibility_silhouette_profile.csv
486,55837a11f30a5be50272d9a43c288e24677438661cbf3ebe111c237a9b9c7083,Chapter_1,reports/methods_review_targeted_audits/clustering_area_after_cleaning.csv
486,55837a11f30a5be50272d9a43c288e24677438661cbf3ebe111c237a9b9c7083,upemba-boundary-disturbance,reports/methods_review_targeted_audits/clustering_area_after_cleaning.csv
487,3cfcea4debebfdcd6da74c717b174f2ebe3f878f3774dc4a7b7d9fd3235f2ffc,Chapter_1,reports/methods_review_targeted_audits/clustering_area_before_cleaning.csv
487,3cfcea4debebfdcd6da74c717b174f2ebe3f878f3774dc4a7b7d9fd3235f2ffc,upemba-boundary-disturbance,reports/methods_review_targeted_audits/clustering_area_before_cleaning.csv
488,ccd868e964691e514929c11b47b48d4aeae7e73113004dfec5dc333ce671bbcf,Chapter_1,reports/methods_review_targeted_audits/clustering_despeckling_summary.csv
488,ccd868e964691e514929c11b47b48d4aeae7e73113004dfec5dc333ce671bbcf,upemba-boundary-disturbance,reports/methods_review_targeted_audits/clustering_despeckling_summary.csv
489,db9c4cb9fc45ff2b2989ce866e0117f6b5d99bc7d0cbf4834031f875448e76e0,Chapter_1,reports/methods_review_targeted_audits/clustering_no_accessibility_audit.md
489,db9c4cb9fc45ff2b2989ce866e0117f6b5d99bc7d0cbf4834031f875448e76e0,upemba-boundary-disturbance,reports/methods_review_targeted_audits/clustering_no_accessibility_audit.md
490,dec1154eb562038c493f0b2ca51a2e5e70c8068c72f20995db61fa3fb7264470,Chapter_1,reports/methods_review_targeted_audits/clustering_no_accessibility_comparison.csv
490,dec1154eb562038c493f0b2ca51a2e5e70c8068c72f20995db61fa3fb7264470,upemba-boundary-disturbance,reports/methods_review_targeted_audits/clustering_no_accessibility_comparison.csv
491,4bde381d5bee6149525035d233440ce4cda1f2ed40cae3683e4be8bf887a976d,Chapter_1,reports/methods_review_targeted_audits/clustering_no_accessibility_map.png
491,4bde381d5bee6149525035d233440ce4cda1f2ed40cae3683e4be8bf887a976d,upemba-boundary-disturbance,reports/methods_review_targeted_audits/clustering_no_accessibility_map.png
492,3a8f2bd7c9a642650ab28ab41cbc600bc63b1024b0d59f48ac37dcc9f78e476a,Chapter_1,reports/methods_review_targeted_audits/clustering_no_accessibility_silhouette.csv
492,3a8f2bd7c9a642650ab28ab41cbc600bc63b1024b0d59f48ac37dcc9f78e476a,upemba-boundary-disturbance,reports/methods_review_targeted_audits/clustering_no_accessibility_silhouette.csv
493,720effaef5835742e54ab6d1ca2cb71f830fd5b6e34b6f66aee94b3926ceb5a3,Chapter_1,reports/methods_review_targeted_audits/clustering_reproduction_summary.csv
493,720effaef5835742e54ab6d1ca2cb71f830fd5b6e34b6f66aee94b3926ceb5a3,upemba-boundary-disturbance,reports/methods_review_targeted_audits/clustering_reproduction_summary.csv
494,44434ff84ca0b288dab5cd99efd1a801755b8231b70fda083dc2bdd92fd0caac,Chapter_1,reports/methods_review_targeted_audits/clustering_reproduction_validation.md
494,44434ff84ca0b288dab5cd99efd1a801755b8231b70fda083dc2bdd92fd0caac,upemba-boundary-disturbance,reports/methods_review_targeted_audits/clustering_reproduction_validation.md
495,a637dd89f7cd08f17b339eb028a63f61b299c7c3285f48d44b5c5063868791f5,Chapter_1,reports/methods_review_targeted_audits/clustering_seed_stability.csv
495,a637dd89f7cd08f17b339eb028a63f61b299c7c3285f48d44b5c5063868791f5,upemba-boundary-disturbance,reports/methods_review_targeted_audits/clustering_seed_stability.csv
496,a51850c4f05b4a9ba29f2546a6e94e5afca93dcc63bb57dc2ecb864c2b82ed19,Chapter_1,reports/methods_review_targeted_audits/clustering_silhouette_profile_full.csv
496,a51850c4f05b4a9ba29f2546a6e94e5afca93dcc63bb57dc2ecb864c2b82ed19,upemba-boundary-disturbance,reports/methods_review_targeted_audits/clustering_silhouette_profile_full.csv
497,865a1b483dd7c06f8351c587829121d530e5bb4ab5c3d1ff8d1170e497d24f4f,Chapter_1,reports/methods_review_targeted_audits/fire_authoritative_vs_observation_aware.csv
497,865a1b483dd7c06f8351c587829121d530e5bb4ab5c3d1ff8d1170e497d24f4f,upemba-boundary-disturbance,reports/methods_review_targeted_audits/fire_authoritative_vs_observation_aware.csv
498,143412e3171f3371745091f9d5b6f6c49aa5db2687e14ea718f454ede481522e,Chapter_1,reports/methods_review_targeted_audits/fire_authoritative_vs_observation_aware_by_stratum.csv
498,143412e3171f3371745091f9d5b6f6c49aa5db2687e14ea718f454ede481522e,upemba-boundary-disturbance,reports/methods_review_targeted_audits/fire_authoritative_vs_observation_aware_by_stratum.csv
499,c959aefde5bd0dc20af47e0cac0f0e753eddb6da9d3982f445d9168942a80516,Chapter_1,reports/methods_review_targeted_audits/fire_monthly_jd_code_counts.csv
499,c959aefde5bd0dc20af47e0cac0f0e753eddb6da9d3982f445d9168942a80516,upemba-boundary-disturbance,reports/methods_review_targeted_audits/fire_monthly_jd_code_counts.csv
500,3d15dbb0c7e850c458c6ab6f013e4fee222326c9eaf3cbe4b9bca7b391fd1eef,Chapter_1,reports/methods_review_targeted_audits/fire_observation_aware_fit_diagnostics.csv
500,3d15dbb0c7e850c458c6ab6f013e4fee222326c9eaf3cbe4b9bca7b391fd1eef,upemba-boundary-disturbance,reports/methods_review_targeted_audits/fire_observation_aware_fit_diagnostics.csv
501,1a0575bd4cd2b3a85f448311ba652b81365e11212adedd654dab0d3833cd0f8f,Chapter_1,reports/methods_review_targeted_audits/fire_observation_aware_pairwise_differences.csv
501,1a0575bd4cd2b3a85f448311ba652b81365e11212adedd654dab0d3833cd0f8f,Chapter_1,reports/methods_review_targeted_audits/fire_observation_aware_profile_contrasts.csv
501,1a0575bd4cd2b3a85f448311ba652b81365e11212adedd654dab0d3833cd0f8f,upemba-boundary-disturbance,reports/methods_review_targeted_audits/fire_observation_aware_pairwise_differences.csv
501,1a0575bd4cd2b3a85f448311ba652b81365e11212adedd654dab0d3833cd0f8f,upemba-boundary-disturbance,reports/methods_review_targeted_audits/fire_observation_aware_profile_contrasts.csv
502,bb0f0eccaa2b9a4b1a62761d3d35420e27b7be16b775e5e56d76164655768b17,Chapter_1,reports/methods_review_targeted_audits/fire_valid_coverage_500m.csv
502,bb0f0eccaa2b9a4b1a62761d3d35420e27b7be16b775e5e56d76164655768b17,upemba-boundary-disturbance,reports/methods_review_targeted_audits/fire_valid_coverage_500m.csv
503,e1cd391d97ec6c7e1a906bc895466f85bcd746e39e3bb9feaeacee54260440ad,Chapter_1,reports/methods_review_targeted_audits/fire_valid_observation_audit.md
503,e1cd391d97ec6c7e1a906bc895466f85bcd746e39e3bb9feaeacee54260440ad,upemba-boundary-disturbance,reports/methods_review_targeted_audits/fire_valid_observation_audit.md
504,a24333b60587e506839aea898e620f7a130f5d4c834c624dac24f7b34c8e99df,Chapter_1,reports/methods_review_targeted_audits/methods_reporting_facts.csv
504,a24333b60587e506839aea898e620f7a130f5d4c834c624dac24f7b34c8e99df,upemba-boundary-disturbance,reports/methods_review_targeted_audits/methods_reporting_facts.csv
505,36368529d51c746aa5c6e4d6262f15c0290faf4fe6ae2a11b714fd400ad5a392,Chapter_1,reports/methods_review_targeted_audits/methods_review_targeted_audit_decision.md
505,36368529d51c746aa5c6e4d6262f15c0290faf4fe6ae2a11b714fd400ad5a392,upemba-boundary-disturbance,reports/methods_review_targeted_audits/methods_review_targeted_audit_decision.md
506,1d4ddafec3a765affde4e793092c0356cfc5e4e1d93b032c6d2b85221ee335b5,Chapter_1,reports/methods_review_targeted_audits/sesu2_event_support.csv
506,1d4ddafec3a765affde4e793092c0356cfc5e4e1d93b032c6d2b85221ee335b5,upemba-boundary-disturbance,reports/methods_review_targeted_audits/sesu2_event_support.csv
507,a47af1a9967c4f134503087e566cd5a6a7dfe4e01b45e47e12c62d8008f38c05,Chapter_1,reports/methods_review_targeted_audits/sesu2_profile_availability.csv
507,a47af1a9967c4f134503087e566cd5a6a7dfe4e01b45e47e12c62d8008f38c05,upemba-boundary-disturbance,reports/methods_review_targeted_audits/sesu2_profile_availability.csv
508,9db9cc67a3458c0e6b74c3844c383b3195b40fb0faf4ff937b229a579c2ea7ca,Chapter_1,reports/methods_review_targeted_audits/sesu2_support_audit.md
508,9db9cc67a3458c0e6b74c3844c383b3195b40fb0faf4ff937b229a579c2ea7ca,upemba-boundary-disturbance,reports/methods_review_targeted_audits/sesu2_support_audit.md
509,2391dfc32f05ae7b4de4ddd8be2172c4c82fbc6d1a005be17ef41f9b2a11d026,Chapter_1,reports/methods_review_targeted_audits/sesu2_support_by_spatial_design.csv
509,2391dfc32f05ae7b4de4ddd8be2172c4c82fbc6d1a005be17ef41f9b2a11d026,upemba-boundary-disturbance,reports/methods_review_targeted_audits/sesu2_support_by_spatial_design.csv
510,4baca448c5c4c4f68dd8ae3abcf9954f70796ea41b5967f3c861afa3f008ac54,Chapter_1,reports/publication/two_repository_preflight.md
510,4baca448c5c4c4f68dd8ae3abcf9954f70796ea41b5967f3c861afa3f008ac54,upemba-boundary-disturbance,reports/publication/two_repository_preflight.md
511,89a8fa1b58b7a799abb1b7e2de50da70af4ff19e2521daf936c04e0472c6e9e7,Chapter_1,reports/publication_outputs/event_total_validation.csv
511,89a8fa1b58b7a799abb1b7e2de50da70af4ff19e2521daf936c04e0472c6e9e7,upemba-boundary-disturbance,reports/publication_outputs/event_total_validation.csv
512,868423a0135c9080bc9c8d9fb7587197c85e72b0205040dc23e097210dd28fea,Chapter_1,reports/publication_outputs/figure_layout_revision_v2.md
512,868423a0135c9080bc9c8d9fb7587197c85e72b0205040dc23e097210dd28fea,upemba-boundary-disturbance,reports/publication_outputs/figure_layout_revision_v2.md
513,a78f0556fa45fab810c512c6a99628d63edf0432489b73f61bd76f6f0bd5837b,Chapter_1,reports/publication_outputs/main_figure_captions.md
513,a78f0556fa45fab810c512c6a99628d63edf0432489b73f61bd76f6f0bd5837b,upemba-boundary-disturbance,reports/publication_outputs/main_figure_captions.md
514,00ae96aa28a003d53eda5a1ab756f276ea27395172fd10b0693c1a7cbfae9e58,Chapter_1,reports/publication_outputs/main_table_captions.md
514,00ae96aa28a003d53eda5a1ab756f276ea27395172fd10b0693c1a7cbfae9e58,upemba-boundary-disturbance,reports/publication_outputs/main_table_captions.md
515,e708073dc13244e4f0ebf91e95330eb95bda22b92a8fb8a6e65ad303a79efbce,Chapter_1,reports/publication_outputs/publication_input_registry.csv
515,e708073dc13244e4f0ebf91e95330eb95bda22b92a8fb8a6e65ad303a79efbce,upemba-boundary-disturbance,reports/publication_outputs/publication_input_registry.csv
516,2e22f0eb871fadd9409f73b9bc12cf285898048781272d5c4eba0b1354c412ec,Chapter_1,reports/publication_outputs/publication_output_provenance.csv
516,2e22f0eb871fadd9409f73b9bc12cf285898048781272d5c4eba0b1354c412ec,upemba-boundary-disturbance,reports/publication_outputs/publication_output_provenance.csv
517,e2a0f0dbee375a0ec587928f30d5c5bec15ad341212da5fe9c91f79b3f0c2f98,Chapter_1,reports/publication_outputs/publication_output_validation.md
517,e2a0f0dbee375a0ec587928f30d5c5bec15ad341212da5fe9c91f79b3f0c2f98,upemba-boundary-disturbance,reports/publication_outputs/publication_output_validation.md
518,6001fbfb5d27e4794b5f0886b8985abcfeba636996f23d73dddf3b91c57d417b,Chapter_1,reports/supplement/governance_episode_evidence_audit.md
518,6001fbfb5d27e4794b5f0886b8985abcfeba636996f23d73dddf3b91c57d417b,upemba-boundary-disturbance,reports/supplement/governance_episode_evidence_audit.md
519,d9fe662974cfb0acf6b064a52d63d793cf044f39c1e53d379eb639b04fb293b0,Chapter_1,reports/supplement/table_s5_fire_reconciliation.md
519,d9fe662974cfb0acf6b064a52d63d793cf044f39c1e53d379eb639b04fb293b0,upemba-boundary-disturbance,reports/supplement/table_s5_fire_reconciliation.md
520,1fef9ad7d0987b26c5ab3279b1727a3efc64499c6e920d431d74fd9cc351c212,Chapter_1,run_2026_04_07/provenance/sessionInfo_Script2.txt
520,1fef9ad7d0987b26c5ab3279b1727a3efc64499c6e920d431d74fd9cc351c212,Chapter_1,run_2026_04_20/provenance/sessionInfo_Script2.txt
521,c5831509084cce44f06f909f5910ce4ce393c73d5564591e9c7f8bd2d9326975,Chapter_1,run_2026_04_07/provenance/sessionInfo_Script4.txt
521,c5831509084cce44f06f909f5910ce4ce393c73d5564591e9c7f8bd2d9326975,Chapter_1,run_2026_04_20/provenance/sessionInfo_Script4.txt
521,c5831509084cce44f06f909f5910ce4ce393c73d5564591e9c7f8bd2d9326975,Chapter_1,run_2026_05_27/provenance/sessionInfo_Script4.txt
522,cc2cc95216d7fe1afad04826e0299bb6e16517b1cf927c7fc0e8ae797bd4d6dc,Chapter_1,run_2026_04_07/analysis_final_boundary_models/plots/MONEYFIG_COMPOSITE_2x5.png
522,cc2cc95216d7fe1afad04826e0299bb6e16517b1cf927c7fc0e8ae797bd4d6dc,Chapter_1,run_2026_04_20/analysis_final_boundary_models/plots/MONEYFIG_COMPOSITE_2x5.png
523,cbd826a6c93a39c9f2846acbc9a21fd48b47f69bbaed8fc4a66223e89c671d71,Chapter_1,run_2026_04_07/analysis_final_boundary_models/plots/MONEYFIG_RS_ONLY_delta_logit_agriculture__National_Park.png
523,cbd826a6c93a39c9f2846acbc9a21fd48b47f69bbaed8fc4a66223e89c671d71,Chapter_1,run_2026_04_20/analysis_final_boundary_models/plots/MONEYFIG_RS_ONLY_delta_logit_agriculture__National_Park.png
523,cbd826a6c93a39c9f2846acbc9a21fd48b47f69bbaed8fc4a66223e89c671d71,Chapter_1,run_2026_05_27/analysis_final_boundary_models/plots/MONEYFIG_RS_ONLY_delta_logit_agriculture__National_Park.png
524,68ae5e780d60a0c742584e9b404ef14663a9cd1a64f068b0b10cd95112c36f1c,Chapter_1,run_2026_04_07/analysis_final_boundary_models/plots/MONEYFIG_RS_ONLY_delta_logit_agriculture__National_Park_placebo__random_side____true.png
524,68ae5e780d60a0c742584e9b404ef14663a9cd1a64f068b0b10cd95112c36f1c,Chapter_1,run_2026_05_27/analysis_final_boundary_models/plots/MONEYFIG_RS_ONLY_delta_logit_agriculture__National_Park_placebo__random_side____true.png
525,51fc9870a3cbac44b41a6a48e127f60255f4fb92fce672e1df07830cc16cc5b8,Chapter_1,run_2026_04_07/analysis_final_boundary_models/plots/MONEYFIG_RS_ONLY_delta_logit_deforestation__National_Park.png
525,51fc9870a3cbac44b41a6a48e127f60255f4fb92fce672e1df07830cc16cc5b8,Chapter_1,run_2026_04_20/analysis_final_boundary_models/plots/MONEYFIG_RS_ONLY_delta_logit_deforestation__National_Park.png
525,51fc9870a3cbac44b41a6a48e127f60255f4fb92fce672e1df07830cc16cc5b8,Chapter_1,run_2026_05_27/analysis_final_boundary_models/plots/MONEYFIG_RS_ONLY_delta_logit_deforestation__National_Park.png
526,9419fc6d8280ac706323beca71f52daaf35ed3dc6573c98503e15f6869f7ad11,Chapter_1,run_2026_04_07/analysis_final_boundary_models/plots/MONEYFIG_RS_ONLY_delta_logit_deforestation__National_Park_placebo__random_side____true.png
526,9419fc6d8280ac706323beca71f52daaf35ed3dc6573c98503e15f6869f7ad11,Chapter_1,run_2026_05_27/analysis_final_boundary_models/plots/MONEYFIG_RS_ONLY_delta_logit_deforestation__National_Park_placebo__random_side____true.png
527,3f3eec4f1eabe4a9ac3849e12a5100cdcb26e719819d9a160f4f9d8a298c61d7,Chapter_1,run_2026_04_07/analysis_final_boundary_models/plots/MONEYFIG_RS_ONLY_delta_logit_fire__National_Park.png
527,3f3eec4f1eabe4a9ac3849e12a5100cdcb26e719819d9a160f4f9d8a298c61d7,Chapter_1,run_2026_04_20/analysis_final_boundary_models/plots/MONEYFIG_RS_ONLY_delta_logit_fire__National_Park.png
527,3f3eec4f1eabe4a9ac3849e12a5100cdcb26e719819d9a160f4f9d8a298c61d7,Chapter_1,run_2026_05_27/analysis_final_boundary_models/plots/MONEYFIG_RS_ONLY_delta_logit_fire__National_Park.png
528,13c1c24cda902eba2fa27ef082e7b35ebc643c6819769d89d1e2ff40bc552e19,Chapter_1,run_2026_04_07/analysis_final_boundary_models/plots/MONEYFIG_RS_ONLY_delta_logit_fire__National_Park_placebo__random_side____true.png
528,13c1c24cda902eba2fa27ef082e7b35ebc643c6819769d89d1e2ff40bc552e19,Chapter_1,run_2026_05_27/analysis_final_boundary_models/plots/MONEYFIG_RS_ONLY_delta_logit_fire__National_Park_placebo__random_side____true.png
529,7ee311a1f1faed07da93fb53d4ab4762c6da75e02c47d4fcd2be9e9c5648424b,Chapter_1,run_2026_04_07/analysis_final_boundary_models/plots/MONEYFIG_RS_ONLY_inside_outside_agriculture__National_Park.png
529,7ee311a1f1faed07da93fb53d4ab4762c6da75e02c47d4fcd2be9e9c5648424b,Chapter_1,run_2026_04_20/analysis_final_boundary_models/plots/MONEYFIG_RS_ONLY_inside_outside_agriculture__National_Park.png
529,7ee311a1f1faed07da93fb53d4ab4762c6da75e02c47d4fcd2be9e9c5648424b,Chapter_1,run_2026_05_27/analysis_final_boundary_models/plots/MONEYFIG_RS_ONLY_inside_outside_agriculture__National_Park.png
530,9360b8ccd8dd26e5d7ea9002883209f890458bc930e3b83f9ade3675ea56fd72,Chapter_1,run_2026_04_07/analysis_final_boundary_models/plots/MONEYFIG_RS_ONLY_inside_outside_agriculture__National_Park_placebo__random_side____true.png
530,9360b8ccd8dd26e5d7ea9002883209f890458bc930e3b83f9ade3675ea56fd72,Chapter_1,run_2026_04_20/analysis_final_boundary_models/plots/MONEYFIG_RS_ONLY_inside_outside_agriculture__National_Park_placebo__random_side____true.png
530,9360b8ccd8dd26e5d7ea9002883209f890458bc930e3b83f9ade3675ea56fd72,Chapter_1,run_2026_05_27/analysis_final_boundary_models/plots/MONEYFIG_RS_ONLY_inside_outside_agriculture__National_Park_placebo__random_side____true.png
531,76e6232176e14bf1e3895bb1431e91b6d8ddf96299e8e6f2549a3026f88b7df0,Chapter_1,run_2026_04_07/analysis_final_boundary_models/plots/MONEYFIG_RS_ONLY_inside_outside_deforestation__National_Park.png
531,76e6232176e14bf1e3895bb1431e91b6d8ddf96299e8e6f2549a3026f88b7df0,Chapter_1,run_2026_04_20/analysis_final_boundary_models/plots/MONEYFIG_RS_ONLY_inside_outside_deforestation__National_Park.png
531,76e6232176e14bf1e3895bb1431e91b6d8ddf96299e8e6f2549a3026f88b7df0,Chapter_1,run_2026_05_27/analysis_final_boundary_models/plots/MONEYFIG_RS_ONLY_inside_outside_deforestation__National_Park.png
532,cafd42ac552885f8081e62ff396f7e0511dd8142d78742dfa40d1799f0ac8c2d,Chapter_1,run_2026_04_07/analysis_final_boundary_models/plots/MONEYFIG_RS_ONLY_inside_outside_deforestation__National_Park_placebo__random_side____true.png
532,cafd42ac552885f8081e62ff396f7e0511dd8142d78742dfa40d1799f0ac8c2d,Chapter_1,run_2026_04_20/analysis_final_boundary_models/plots/MONEYFIG_RS_ONLY_inside_outside_deforestation__National_Park_placebo__random_side____true.png
532,cafd42ac552885f8081e62ff396f7e0511dd8142d78742dfa40d1799f0ac8c2d,Chapter_1,run_2026_05_27/analysis_final_boundary_models/plots/MONEYFIG_RS_ONLY_inside_outside_deforestation__National_Park_placebo__random_side____true.png
533,03289d61823f388127bfe3b41fc2c00f22ec246c86556d26cb6140112c1365ac,Chapter_1,run_2026_04_07/analysis_final_boundary_models/plots/MONEYFIG_RS_ONLY_inside_outside_fire__National_Park.png
533,03289d61823f388127bfe3b41fc2c00f22ec246c86556d26cb6140112c1365ac,Chapter_1,run_2026_04_20/analysis_final_boundary_models/plots/MONEYFIG_RS_ONLY_inside_outside_fire__National_Park.png
533,03289d61823f388127bfe3b41fc2c00f22ec246c86556d26cb6140112c1365ac,Chapter_1,run_2026_05_27/analysis_final_boundary_models/plots/MONEYFIG_RS_ONLY_inside_outside_fire__National_Park.png
534,32cc7f0ab0f9e262d73440e4a71b35b7307623eb588bbd7df16402860d8eb45e,Chapter_1,run_2026_04_07/analysis_final_boundary_models/plots/MONEYFIG_RS_ONLY_inside_outside_fire__National_Park_placebo__random_side____true.png
534,32cc7f0ab0f9e262d73440e4a71b35b7307623eb588bbd7df16402860d8eb45e,Chapter_1,run_2026_04_20/analysis_final_boundary_models/plots/MONEYFIG_RS_ONLY_inside_outside_fire__National_Park_placebo__random_side____true.png
534,32cc7f0ab0f9e262d73440e4a71b35b7307623eb588bbd7df16402860d8eb45e,Chapter_1,run_2026_05_27/analysis_final_boundary_models/plots/MONEYFIG_RS_ONLY_inside_outside_fire__National_Park_placebo__random_side____true.png
535,c9f94cd4ea0f8576be918d5025555ce94eaf252e435eab3bf69e68e494d1df56,Chapter_1,run_2026_04_07/analysis_final_boundary_models/tables/betaBinomial_coef_table_bootYear final.csv
535,c9f94cd4ea0f8576be918d5025555ce94eaf252e435eab3bf69e68e494d1df56,Chapter_1,run_2026_04_20/analysis_final_boundary_models/tables/POOLED_PRIMARY_betaBinomial_coef_table_bootYear.csv
536,a41bc092421965c2a54292a11e4273bc89bf2f0c8f9570d5867ab910c14fb9ac,Chapter_1,run_2026_04_07/analysis_final_boundary_models/tables/betaBinomial_coef_table_modelZ final.csv
536,a41bc092421965c2a54292a11e4273bc89bf2f0c8f9570d5867ab910c14fb9ac,Chapter_1,run_2026_04_20/analysis_final_boundary_models/tables/POOLED_PRIMARY_betaBinomial_coef_table_modelZ.csv
537,0ac366041c7b2daeed3d43c5c2d53d028f713fcefea8888fdf75e77d6d0669d7,Chapter_1,run_2026_04_07/analysis_final_boundary_models/tables/POOLED_PRIMARY_betaBinomial_fit_stats.csv
537,0ac366041c7b2daeed3d43c5c2d53d028f713fcefea8888fdf75e77d6d0669d7,Chapter_1,run_2026_04_20/analysis_final_boundary_models/tables/POOLED_PRIMARY_betaBinomial_fit_stats.csv
538,5cf582ec8bfe66da00fafe50a761300ed3dea5f5061b727b5971d530759865a8,Chapter_1,run_2026_04_20/provenance/input_md5_Script4.csv
538,5cf582ec8bfe66da00fafe50a761300ed3dea5f5061b727b5971d530759865a8,Chapter_1,run_2026_05_27/provenance/input_md5_Script4.csv
539,b0696d47c8634dd459ada6dea60256a0c0507b57f95fc626c5eec902edcce815,Chapter_1,scripts/publication/06_generate_main_figures_tables.R
539,b0696d47c8634dd459ada6dea60256a0c0507b57f95fc626c5eec902edcce815,upemba-boundary-disturbance,scripts/publication/06_generate_main_figures_tables.R
540,e3b0c44298fc1c149afbf4c8996fb92427ae41e4649b934ca495991b7852b855,upemba-boundary-disturbance,.here
540,e3b0c44298fc1c149afbf4c8996fb92427ae41e4649b934ca495991b7852b855,upemba-boundary-disturbance,outputs/_validation/analysis_governance_profiles_dev/tables/bootstrap_diagnostics.csv
540,e3b0c44298fc1c149afbf4c8996fb92427ae41e4649b934ca495991b7852b855,upemba-boundary-disturbance,outputs/_validation/analysis_governance_profiles_dev/tables/profile_specific_inside_outside_contrasts_bootstrap.csv
