repository,relative_path,extension,size_bytes,sha256,git_tracked,modified_time,referenced_by_code_or_docs,referenced_by_manuscript,referenced_by_supplement,referenced_by_manifest,listed_in_Table_S18,sensitive_or_restricted_concern,appears_generated,byte_identical_in_other_directory,classification
Chapter_1,.gitignore,,2419,bdd8b9192a12638d6073190ba3cc8664ab2b03100d3a4984fec8f9d466f55c34,True,2026-06-24T12:38:27,True,False,False,False,False,,False,False,unknown
Chapter_1,.Rbuildignore,,22,79198c52da09e55573496f3721996771e024abd22ef1809ad3168e4a31c52cf1,True,2026-06-23T10:08:23,True,False,False,False,False,,False,False,unknown
Chapter_1,.Rprofile,,27,08654ee73bbfa9d016a10709f3589fea6a343a19b6539206ed2eabbac69001f6,True,2026-06-23T10:07:55,True,False,False,False,False,,False,True,unknown
Chapter_1,chapter 1 manuscript.docx,.docx,1193902,a1ed3e537da132b601c8cb4eff3d5d46a65b5d165fa4c19f94a020462e42401b,False,2026-06-05T13:19:46,True,True,False,False,False,,False,False,unknown
Chapter_1,Chapter_1_10022026.zip,.zip,1162228258,9d3e1b035ba9ee250f17a7b35079200b45fa82d64a3efb2ddbba87d283c613be,False,2026-02-10T10:54:27,True,False,False,False,False,,False,False,unknown
Chapter_1,De Beurs Malaria Caucasus.pdf,.pdf,5034774,712a4506d8e2a64db378f97d11c64a349f1fa35d0b4a978d9de308c56fd97e92,False,2025-05-28T13:12:36,True,False,False,False,False,,True,False,generated intermediate
Chapter_1,DESCRIPTION,,402,ce54248412875d13b233332ce690b7e0273f043eedeb198f512c2326bf1abeef,True,2026-06-23T10:08:20,True,False,False,False,False,,False,False,unknown
Chapter_1,draft_new_2506.docx,.docx,831195,40819cd73a9c0887ca43e593e1c6a10a23cd95977b65a03e5b9a0d0e3aaf6a1c,False,2026-06-25T08:20:51,False,False,False,False,False,,False,False,unknown
Chapter_1,feedback Nik.docx,.docx,28401,d876ec565952f14e9cdb373d346d189524e204def7827a8871d08b40fdac1019,False,2026-06-11T18:54:29,True,False,False,False,False,,False,False,unknown
Chapter_1,PROJECT_STATE.md,.md,11404,135bcc007d4e1e49d0f16f131549d37955d8c22199a7748f8f71a73059c17944,True,2026-06-24T12:47:11,True,True,False,False,False,,False,False,unknown
Chapter_1,README.md,.md,7845,7f5dbbc50e53f8f6b27d85ae7bd9b59e2535fbca11f00564373f9ecd068d0780,True,2026-06-24T12:47:13,True,True,False,True,False,restricted_security,False,False,restricted or sensitive evidence
Chapter_1,renv.lock,.lock,362192,7c17c519fb2f639d6b529345adb9f088ceeed399a253fa3e502873c7ae5285f9,True,2026-06-23T10:13:38,True,False,False,False,False,,False,True,unknown
Chapter_1,RUN_ANALYSIS.md,.md,8814,a405f7bade0a59e67a6fc7d09c7039bbca3b99ccf1a85230bfb973dd5ec12931,True,2026-06-24T12:47:16,True,True,False,False,False,,False,False,unknown
Chapter_1,backup/phd files backup 23032026.zip,.zip,382904308,aece3ce813f268a8c838a5960bd0270a2df28d280fc371076ef7d17d03b4db92,False,2026-04-15T14:12:14,True,False,False,True,False,,False,False,unknown
Chapter_1,config/analysis_config.R,.r,3192,dd7703a53537cb8cebe9576539545f89d12550c29ba2b2571277ae54823317e6,True,2026-06-23T18:06:36,True,False,False,True,True,,False,False,authoritative analytical input
Chapter_1,config/disturbance_measurement_versions.csv,.csv,10330,38f8ff9f205068786c724b51821fe02ed1bfe8f10462a6a718e4625bab93e320,True,2026-06-24T09:16:23,True,False,False,True,False,,False,True,authoritative analytical input
Chapter_1,config/disturbance_threshold_manifest.csv,.csv,3413,d10b53080e92adefec595e3a6bdd095f42df2793bf31ebba61706537670be4bc,True,2026-06-23T18:06:40,True,False,False,True,False,,False,True,authoritative analytical input
Chapter_1,config/fire_harmonized_2001_2022_manifest.csv,.csv,34484,8c1a6dd18c22d26c53894b327a64d407c80931202c5f0680fe1ffbfc8bf7062b,True,2026-06-24T10:31:46,True,False,False,True,False,,False,True,authoritative analytical input
Chapter_1,data/accessibility_cities_2015_500m_epsg32735.tif,.tif,1066458,4672e4cd5f7ddab2561befe922fdf7d546e5894e6a99f567629a8b016109fb4c,False,2026-02-01T13:41:06,True,False,False,False,False,,False,False,authoritative analytical input
Chapter_1,data/AFCD_stack.tif,.tif,31896288,2fea7f5f1ef56f76688de00da036862924cac7580d201a028a21fd3444d2d4e0,False,2025-10-14T14:58:40,True,False,False,False,False,,False,False,authoritative analytical input
Chapter_1,data/climate_summaries_1981_2010_500m_epsg32735.tif,.tif,2669583,86fe75a3d4432a7397029798dec7e839b81ccc97ae30fe51625d78bbaf2e7a06,False,2026-02-01T11:19:26,True,False,False,False,False,,False,False,authoritative analytical input
Chapter_1,data/dem_copernicus_glo30_mean_500m_epsg32735.tif,.tif,1072437,fb027a4ca8ede5c7ccbe865ce9d0f1e52705df8a9f784f2d54f358e1f850e37f,False,2026-02-01T13:41:06,True,False,False,False,False,,False,False,authoritative analytical input
Chapter_1,data/dist_domaine_chasse_signed_m_500m_epsg32735.tif,.tif,1927906,5bde8d0100aeede46230374f6cadde3e9695918cd55fe02811ad2f82fd27815e,False,2026-02-01T13:41:06,True,False,False,False,False,,False,False,authoritative analytical input
Chapter_1,data/dist_parc_national_signed_m_500m_epsg32735.tif,.tif,2115086,264aac9182aeeb6aa72d03bae95abb034c13a2831a2b3b37cdd4ac07b3052607,False,2026-02-01T13:41:06,True,False,False,False,False,,False,False,authoritative analytical input
Chapter_1,data/dist_perm_water_m_500m_epsg32735.tif,.tif,962479,70fa4dfc60698aca9c10ffbd0791111a3b44cb442a7dfacb72422dcec5540b93,False,2026-02-01T13:41:06,True,False,False,False,False,,False,False,authoritative analytical input
Chapter_1,data/dist_zone_annexe_signed_m_500m_epsg32735.tif,.tif,2247074,10d1804a2c45e237c47052e06c4e3672a0db68517f305820747b34db32473d07,False,2026-02-01T13:41:06,True,False,False,False,False,,False,False,authoritative analytical input
Chapter_1,data/FireCCI51_season_DOYmin_tau_and_binary_2001_2020_500m_epsg32735.tif,.tif,5088495,392761ef4aca4ce3eafcdd532acb82fe9c7b3e0648dd54015a8ec25719eec215,False,2026-02-10T06:41:44,True,False,False,False,False,,False,False,authoritative analytical input
Chapter_1,data/fireDOY_season_2021_500m_tau0.25.tif,.tif,203190,c3cd9c027abf72c7ee13b20b6cc143bdbaf70fbe4340295c8911579528ad5b7a,False,2026-02-10T06:54:16,True,False,False,False,False,,False,False,authoritative analytical input
Chapter_1,data/fireDOY_season_2022_500m_tau0.25.tif,.tif,200078,c0a692e7224891f2f979bb046e2f08037e242c1af238ca389ee00688d4bea5e5,False,2026-02-10T07:09:54,True,False,False,False,False,,False,False,authoritative analytical input
Chapter_1,data/gfc_lossyear_earliest_anysubpixel_500m_epsg32735.tif,.tif,128079,b6bf66d0abd43652fdd9ea8b8477ca999194b816eb1a596c947df30a6ca4adbc,False,2026-02-01T11:19:26,True,False,False,False,False,,False,False,authoritative analytical input
Chapter_1,data/gfc_treecover2000_meanpct_500m_epsg32735.tif,.tif,1127808,9e70ee772aba4ec77554b60ce20d53e23fc6245d04494d4489593bb1108b1628,False,2026-02-01T13:41:06,True,False,False,True,False,,False,False,authoritative analytical input
Chapter_1,data/gfc_year_deforest_majority_tau_500m_epsg32735.tif,.tif,15985,af19ec9bd3c8ac7d78aea41493e5a34f7fd56c3a1b2d77d4216bad7ded6de9d4,False,2026-02-10T06:43:34,True,False,False,False,False,,False,False,authoritative analytical input
Chapter_1,data/ghsl_built_surface_SUM_500m_1975_2030_step5_epsg32735.tif,.tif,2238417,1e481249b3d264224d8461b06f52b21abd834d03d1b2a3b1c1901d8eb791bb1e,False,2026-02-01T14:10:00,True,False,False,True,False,,False,False,authoritative analytical input
Chapter_1,data/ghsl_year_urban_earliest_500m_epsg32735.tif,.tif,24267,cd55c7b6e1054a368dadb67a5099854e56734cb2ae7d12cc5e3574d5c783677a,False,2026-02-01T11:19:26,True,False,False,False,False,,False,False,authoritative analytical input
Chapter_1,data/ghsl_year_urban_majority_tau_500m_epsg32735.tif,.tif,9979,c017186b96349678bd9efb65bd97b47772371d29b3f12c9deb7239554bee9af8,False,2026-02-10T06:41:32,True,False,False,False,False,,False,False,authoritative analytical input
Chapter_1,data/governance_covariates.csv,.csv,551,05a144abdbe219d8368422857a654558cf6d4f2d851b444a6ba05a0e411f29da,False,2026-02-10T10:00:32,True,False,False,True,False,,False,False,authoritative analytical input
Chapter_1,data/land_mask_nonwater_500m_epsg32735.tif,.tif,6589,5adf695beeed37ac7047e0ae1a61e238749c530e590056ac9bc122463fb11fdb,False,2026-02-01T13:41:06,True,False,False,False,False,,False,False,authoritative analytical input
Chapter_1,data/openbuildings_fractional_count_SUM_500m_2016_2023_epsg32735.tif,.tif,3220393,f372a6f1727963539b1199a2d4de5c5a565589d0b87e99266ddfa1050d2ba90e,False,2026-02-01T13:41:06,True,False,False,True,False,,False,False,authoritative analytical input
Chapter_1,data/PA_designations.cpg,.cpg,5,3ad3031f5503a4404af825262ee8232cc04d4ea6683d42c5dd0a2f2a27ac9824,False,2026-01-30T14:53:06,True,False,False,False,False,,False,False,authoritative analytical input
Chapter_1,data/PA_designations.dbf,.dbf,2543,d4374ce915a5a8f3364be6808f780bb5acf4cfed1f6b70f0bd3e9d337efce3f6,False,2026-01-30T14:53:06,True,False,False,False,False,,False,False,authoritative analytical input
Chapter_1,data/PA_designations.prj,.prj,145,a02a27b1d1982c8516d83398e85a3c8b1aef1713c13ef4d84d7bde17430c07c4,False,2026-01-30T14:53:06,True,False,False,False,False,,False,False,authoritative analytical input
Chapter_1,data/PA_designations.qmd,.qmd,666,e3b1998cc1b02393fb0e6d2cf0cf7159f7af5e0cbcc28d0e4013e37973d96c67,False,2026-01-30T14:53:06,True,False,False,False,False,,False,False,authoritative analytical input
Chapter_1,data/PA_designations.shp,.shp,260336,65c92bb111cbce883df32c117599a66fed69871c382489d8e37a6d9e197479fa,False,2026-01-30T14:53:06,True,False,False,True,False,,False,False,authoritative analytical input
Chapter_1,data/PA_designations.shx,.shx,124,97c141bb9a2b23d591069b8f1df4628270af120736f6934406cd3bfa187cfeef,False,2026-01-30T14:53:06,True,False,False,False,False,,False,False,authoritative analytical input
Chapter_1,data/README.md,.md,539,e1c6b4c9b2fd7b6e5f38e5bbad1335ddabd4a374bf5910ce8e65d6df9762b45e,True,2026-06-23T09:12:21,True,False,False,True,False,,False,False,authoritative analytical input
Chapter_1,data/soilgrids_0_30cm_mean_500m_epsg32735.tif,.tif,4472361,41ad1ea908e10302b3433336bd7b7f7dfe6d643a1d6d1c38490a7604b9fbbb1d,False,2026-02-01T13:41:06,True,False,False,False,False,,False,False,authoritative analytical input
Chapter_1,data/studyarea_chapter1.geojson,.geojson,369,2f8d63b84b90af31e878c6b56b1138b7774af4a3cb56199d9a0fcb97ee0ccd5a,False,2025-10-12T13:00:44,True,False,False,True,False,,False,False,authoritative analytical input
Chapter_1,data/upemba_sesu_year_regimes.csv,.csv,252,ce25af39365c9838c6411d484f36ecf7d73c1b669857ea8c43a76cb540c7d8a2,False,2026-05-26T13:00:52,True,False,False,True,False,,False,True,authoritative analytical input
Chapter_1,data/year_agri_500m_tau0.25_2001_2022.tif,.tif,21478,6a4c3bcae64e17a1087ec9cc4e78e4c0aa902ab87d1da96c2623237456e0e19b,False,2026-02-10T07:13:08,True,False,False,False,False,,False,False,authoritative analytical input
Chapter_1,docs/directory_tree.txt,.txt,39326,2eaba9dc208e5bf126f4503073166b444c1c31de4d898dbd043d424552ea6920,True,2026-06-23T09:12:21,True,True,False,False,False,,False,False,unknown
Chapter_1,docs/disturbance_measurement_provenance_report.md,.md,5564,efc2ff8424d75bf4f7373fabc5565fa72f0c6a421a1eec9ff9cd9a95c7593a03,True,2026-06-24T10:29:28,True,False,False,True,False,,False,True,unknown
Chapter_1,docs/environment_setup_required.md,.md,738,b3acaa7f4b4dcf92559777e60623e3277f9c6993fda531d743805d405bc06984,True,2026-06-23T10:19:50,True,False,False,False,False,,False,False,unknown
Chapter_1,docs/file_inventory.csv,.csv,277193,5877bd0e6b6187d8938bd782b17d89295e0b69811493205fdf2991b83ee207e4,True,2026-06-23T09:12:21,True,True,False,False,False,restricted_security,False,False,restricted or sensitive evidence
Chapter_1,docs/fire_10km_optimizer_refinement_report.md,.md,5275,0ab157a11cd3af633c4d4dd233a17ff72c7f18c217bea7aac58288fc7e302bbf,True,2026-06-24T12:47:26,True,True,False,True,False,,False,True,unknown
Chapter_1,docs/fire_10km_optimizer_refinement_validation.md,.md,3253,00a4e2fd7fc654f00f28b18242d30dd944b857bfaa74307ba99b21321c779ba5,True,2026-06-24T11:42:51,True,False,False,True,False,,False,True,unknown
Chapter_1,docs/fire_2021_2022_harmonization_report.md,.md,7195,704e5cf0f5d1440f7b981fcc47870334bd1e2985e624b7379b520022cffffd1e,True,2026-06-24T11:43:12,True,False,False,True,False,restricted_security,False,True,restricted or sensitive evidence
Chapter_1,docs/github_inclusion_manifest.md,.md,1849,9613d3b4f10a690cf7924549dcbadb5e75ad773bbafa6cd0efd38f3a0d76e327,True,2026-06-23T09:12:21,True,True,False,True,False,restricted_security,False,False,restricted or sensitive evidence
Chapter_1,docs/governance_profile_mapping.md,.md,1883,30ec782a7eb0c0011c2c66365730fedb59ea208843ba72078e81c867b7cfff88,True,2026-06-23T11:34:05,True,False,False,True,False,,False,True,unknown
Chapter_1,docs/governance_profile_model_stability_report.md,.md,4715,c5b29e0d6d6d8ce61e79ff9ab494642297f2f61b8921c7c8de5e98cae0d1ce8a,True,2026-06-23T11:30:37,True,True,False,True,False,,False,True,unknown
Chapter_1,docs/governance_profile_phase2_validation.md,.md,3899,68236f81be524fe1fcc525844e44ec13f8a62f4369aa61c5c83064179c33e298,True,2026-06-23T11:30:39,True,False,False,True,False,,False,True,unknown
Chapter_1,docs/governance_profile_refactor_validation.md,.md,5451,132f35791ed4c0d097c0ecbfb01edd9ccb9fc66f6bf852d45adebb8fade20302,True,2026-06-23T11:32:34,True,True,False,False,False,,False,False,unknown
Chapter_1,docs/manuscript_code_consistency.md,.md,8669,ce226405dd607ace01648267abf6e937d7d212d42f2cdcd8520f2540f4dc70b7,True,2026-06-24T12:47:21,True,True,False,True,False,,False,False,unknown
Chapter_1,docs/measurement_harmonization_validation.md,.md,5575,523cb3b006e7e3ca213c7903620e2c5a20f58a4fb80829d1cd6156c341551674,True,2026-06-24T10:29:31,True,False,False,True,False,,False,True,unknown
Chapter_1,docs/model_parameterization.md,.md,1912,d3d8558df73d3f422efedeeecf8b1947f8f62d5540d03d610e77da0796356962,True,2026-06-23T10:10:28,True,False,False,False,False,,False,False,unknown
Chapter_1,docs/old_placebo_deprecation_note.md,.md,2584,b8ce151d020259a1ed5ca3bb13fb45dd5cffa2827cc4b1ac32cbe697c64c4dca,True,2026-06-24T12:05:15,True,True,False,True,False,,False,True,unknown
Chapter_1,docs/placebo_implementation_audit.md,.md,1632,98705674ea4d42b0f8ce1a58ab74902bf047ce02f594194f91bc00794497ba3d,True,2026-06-23T10:10:28,True,True,False,True,False,,False,False,unknown
Chapter_1,docs/profile_contrast_manuscript_comparison.md,.md,4228,cae4df53cbc3e4c936a02105eac1c5f9cce338c3dc493538c95da16ee774ef63,True,2026-06-23T10:10:28,True,True,False,False,False,,False,False,unknown
Chapter_1,docs/publication_priorities.md,.md,9319,057537d7b050499b39a547eb4aab91a23c85d2f34829db63dc3c42b06615d9c0,True,2026-06-24T12:47:23,True,True,False,True,False,restricted_security,False,False,restricted or sensitive evidence
Chapter_1,docs/repository_normalization_audit.md,.md,1310,6d3c598260f7f4eac7f593d01700168390524a08a297600c4c9d1bb6ed3958bb,True,2026-06-24T13:49:49,True,True,False,True,False,,False,False,unknown
Chapter_1,docs/sanitized_candidate_build_report.md,.md,1607,89985219070101e42b3c634a5ef8b61b20d3e8deb441054d5322b2138b295a5e,True,2026-06-24T14:14:28,False,False,False,False,False,restricted_security,False,False,restricted or sensitive evidence
Chapter_1,docs/sanitized_candidate_execution_validation.md,.md,750,b6dae2cb7eeca6e592d05cdbad0c78a170005aac0b4d4c68cbdb73eb5bca896f,True,2026-06-24T14:51:46,False,False,False,False,False,,False,False,unknown
Chapter_1,docs/spatial_boundary_falsification_design_revision.md,.md,2423,7e050692ba2515fba1f2367842d41de9399fc5f3fbfbc8c7a2d3e2d51a7bf197,True,2026-06-24T12:38:30,True,False,False,True,False,,False,True,unknown
Chapter_1,docs/spatial_boundary_falsification_report.md,.md,2263,2d95636c4dc5a2321c924a6e6c53a95137d4072209d79f9c57867edfd6c56a82,True,2026-06-24T12:47:28,True,True,False,False,False,,False,False,unknown
Chapter_1,docs/spatial_boundary_falsification_revised_report.md,.md,6793,365a1e2465a579ec9c14bfb987d15fd9dcdebfbeba67a735576c2945ca819642,True,2026-06-24T12:51:30,True,True,False,True,False,,False,True,unknown
Chapter_1,docs/spatial_boundary_falsification_revised_validation.md,.md,2218,f100e44df0f91268c51e67aed8a00b930a2db71695a6237687d6e14222ae981e,True,2026-06-24T12:51:30,True,False,False,True,False,,False,True,unknown
Chapter_1,docs/spatial_boundary_falsification_validation.md,.md,2668,233250413d0a05e89d0bcb8afac444075a74a3565de4368fc273a5953ae8d312,True,2026-06-24T12:07:13,True,False,False,False,False,,False,False,unknown
Chapter_1,docs/spatial_threshold_phase3_validation.md,.md,3644,5a95ea219821ebd563551151612e9842a1b9f3f625d34231804c4cfab5ee8b80,True,2026-06-23T23:38:48,True,False,False,True,False,,False,True,unknown
Chapter_1,docs/spatial_threshold_sensitivity_report.md,.md,5661,2a7b62b439220cb62ef7867a22f78855eee538a490cb94583fa3ad5a2654cb15,True,2026-06-24T09:35:32,True,True,False,True,False,,False,True,unknown
Chapter_1,docs/workflow_audit.md,.md,9518,0a345233add1226cc2b1d7a1cd87ef2a19924803646a536bde660f0480f71590,True,2026-06-24T12:47:18,True,True,False,True,False,,False,False,unknown
Chapter_1,evidence/chapter_1_historical_evidence.docx,.docx,1193902,a1ed3e537da132b601c8cb4eff3d5d46a65b5d165fa4c19f94a020462e42401b,False,2026-06-05T13:19:46,True,False,False,False,False,,False,False,historical evidence
Chapter_1,evidence/governance_episode_evidence_ledger.csv,.csv,16826,4c673ae9f2e2f618f5e92cf1f26bfe9a1759c49c15433ae7242a316106d196c3,True,2026-06-25T11:28:58,True,True,False,True,False,,False,True,historical evidence
Chapter_1,evidence/Weber_Upemba_History_Manuscript.docx,.docx,260920,3b01729d650a88098b8a222cc164d9466a131fb1b578295d00aa5244fb57e09e,False,2026-06-22T08:01:08,True,True,False,False,False,,False,False,historical evidence
Chapter_1,figures/conceptual framework.png,.png,817337,7aac53b8608645ca38f654b6bd0ab74631dd1bfaf99665132f8e5a7e23bde060,False,2026-05-28T11:00:23,True,False,False,False,False,,True,False,generated intermediate
Chapter_1,figures/figures.pptx,.pptx,53285,8cbafa9ee0e19664a26c0ff4325e81c7cc1139c42d4b2d0a6ac4ea717a2df149,False,2026-05-28T10:17:00,True,False,False,False,False,,False,False,unknown
Chapter_1,figures/phd chapter 1 map.png,.png,1342621,8e9de1bc71bae639232028256d8787528a19a618a54d68dadc9cac63855ad53f,False,2026-05-27T12:13:05,True,False,False,False,False,,True,False,generated intermediate
Chapter_1,figures/timeline.png,.png,766319,5f5a09d97d5cb7019ff7a6c9d203ad1b7b105751fbd31bebbe7c2962bb884a71,False,2026-05-28T10:58:53,True,False,False,False,False,,True,False,generated intermediate
Chapter_1,outdated/.Rhistory,,16893,d6f70f08e13c1b5a7a2c9eaa0735e7f2d96185bcfe5b233fb824655b3e4bbabd,False,2026-05-25T13:21:38,True,False,False,False,False,,False,False,unknown
Chapter_1,outdated/original introduction paper 1.docx,.docx,16597,f0cf880451aeaafdd4f2432ed681ce5e8b68104457a9ef9329fe7229030d7939,False,2026-04-14T09:00:51,True,False,False,False,False,,False,False,unknown
Chapter_1,outdated/Performance_and_Development_Evaluation_Form_April2022_MW.docx,.docx,66836,407ca5cee271fd00bf3e94ca0eff857be9b81302810ee008580915232171faf5,False,2026-06-10T16:53:27,True,False,False,False,False,,False,False,unknown
Chapter_1,outdated/Script 5_models.R,.r,29642,70b49ee88f7eef0239aff4595ac930d8d5f3dc60494eb5d15afc915454719b90,False,2026-04-20T08:39:42,True,False,False,False,False,,False,False,unknown
Chapter_1,outdated/Script 5_models_without pop.R,.r,31093,c058f46f7f710038451bfd5b92e687e415cac02b44b873fbcf15a0e1a144aac7,False,2026-04-21T12:41:47,True,False,False,True,False,,False,False,unknown
Chapter_1,outdated/Script X_ORACLE.R,.r,4411,7463306eae929f5e2365c53e095d2ad5826c836e66febdbf4bd021f433297938,False,2026-02-10T10:29:34,True,False,False,False,False,,False,False,unknown
Chapter_1,renv/.gitignore,,63,9b21f810728401a29675d989e533d4ed4626be7e18479cbce7e48f1cfe91747b,True,2026-06-23T10:07:55,True,False,False,False,False,,False,True,unknown
Chapter_1,renv/activate.R,.r,39257,e94dd25c92b41d5137174135fe98825c153d42abe3ffe4ad7102d5475a341555,True,2026-06-23T11:09:09,True,False,False,True,False,token,False,True,restricted or sensitive evidence
Chapter_1,renv/settings.json,.json,487,e9a3f038fdc32dd9827c335410a1f9b32831dc35bf36c92ce7863546b5ecb7d9,True,2026-06-23T10:08:23,True,False,False,True,False,,False,True,unknown
Chapter_1,repository_audit/absolute_path_audit.csv,.csv,10462,e4b018894b13322771acb2292cdc32a162e4504272ed217dd6752c5b4bbebd2e,True,2026-06-24T13:49:49,True,False,False,False,False,,False,False,unknown
Chapter_1,repository_audit/audit_validation.md,.md,281,9988c425abcb929c4646588248756c50dfe8b68740b6d706132a172afe44470a,True,2026-06-24T13:49:49,True,False,False,False,False,,False,False,unknown
Chapter_1,repository_audit/authoritative_pipeline_manifest.csv,.csv,4234,12ff02b3f6722a4be6940fa6d80d78ee03e2d766661ff5148995a455ebb4f6b8,True,2026-06-24T13:49:49,True,True,False,False,False,,False,False,unknown
Chapter_1,repository_audit/candidate_execution_change_log.csv,.csv,1857,159646a3972ed9cd66669fa83da8d000dd38e1541632ba51d2d48ea696ed3c65,True,2026-06-24T14:50:48,False,False,False,False,False,,False,False,unknown
Chapter_1,repository_audit/candidate_execution_validation_summary.csv,.csv,558,ccda8a731ce49bec40e5477049041a9dd09508fef87984c36af2f7bc48d1103c,True,2026-06-24T14:51:45,False,False,False,False,False,,False,False,unknown
Chapter_1,repository_audit/candidate_postvalidation_inventory.csv,.csv,38392,40fd752a7299781cb634f695c1e66eb74cdfc3440308572fc0aa99a336b0c98e,True,2026-06-24T14:51:45,False,False,False,False,False,,False,False,unknown
Chapter_1,repository_audit/candidate_prevalidation_inventory.csv,.csv,8562,1364b70282e5e470ea522f83180a3268f6adb0a7fa8530f3325384dc72e5a18e,True,2026-06-24T14:20:11,False,False,False,False,False,,False,False,unknown
Chapter_1,repository_audit/candidate_validation_inventory_difference.csv,.csv,33596,a01872bc535c1173082335a858d7ab14ba3a063d1fa118cad8a7e7b5dd75354c,True,2026-06-24T14:51:45,False,False,False,False,False,,False,False,unknown
Chapter_1,repository_audit/data_inventory.csv,.csv,186223,65ce8b16d24c723825e584d24566c092e9463d0478633be22e2d1100cca28790,True,2026-06-24T13:49:49,True,False,False,False,False,restricted_security,False,False,restricted or sensitive evidence
Chapter_1,repository_audit/data_tracking_recommendations.csv,.csv,186223,65ce8b16d24c723825e584d24566c092e9463d0478633be22e2d1100cca28790,True,2026-06-24T13:49:49,True,False,False,False,False,restricted_security,False,False,restricted or sensitive evidence
Chapter_1,repository_audit/duplicate_function_audit.csv,.csv,24731,46580606d14d47e9b246e828eda8026594cf99e5ad9c6759c88fa7f384f84897,True,2026-06-24T13:49:49,True,False,False,False,False,token,False,False,restricted or sensitive evidence
Chapter_1,repository_audit/external_dependency_manifest.csv,.csv,1677,5e91412e0284b749b7a526d4b2a1ce5c078563d7906b8984d8c65659ae8c423c,True,2026-06-24T13:49:49,True,False,False,False,False,,False,False,unknown
Chapter_1,repository_audit/file_inventory.csv,.csv,292498,6b90391cea84eeb7f61f6f5f8845f84ac2028080f9b1966d70c37204415e2d91,True,2026-06-24T13:49:49,True,True,False,False,False,restricted_security;token,False,False,restricted or sensitive evidence
Chapter_1,repository_audit/generate_repository_audit.py,.py,30348,1f06825e43795bc75d4a108f85ed58e31b29bce620b6b9f4757ae6be6a12849c,True,2026-06-24T13:49:02,False,True,False,False,False,password;restricted_security;secret;token,False,False,restricted or sensitive evidence
Chapter_1,repository_audit/github_publication_readiness.md,.md,363,dde41489fe939fd60a43e560cb40306f9d92fa0f45cdbcd64de67363e1b6e852,True,2026-06-24T13:49:49,True,True,False,False,False,restricted_security,False,False,restricted or sensitive evidence
Chapter_1,repository_audit/git_history_decision.md,.md,500,3cd9ecae49607e1d883e9e762f9dce0083370663b20b5b0e461efd115bb8ac79,True,2026-06-24T13:49:49,True,False,False,False,False,,False,False,unknown
Chapter_1,repository_audit/git_history_sensitivity_audit.csv,.csv,865,79b0b83129bbc8681c3c4f19c4be391986fd335d87c2645373fd20e5b68c2039,True,2026-06-24T13:49:49,True,True,False,False,False,secret,False,False,restricted or sensitive evidence
Chapter_1,repository_audit/git_large_blob_audit.csv,.csv,27813,95f27c8b02a3147e70dbf11c29564b1a0b5e8cb39b2c08ec2ff9ed030d6bec40,True,2026-06-24T13:49:49,True,True,False,False,False,,False,False,unknown
Chapter_1,repository_audit/privacy_sensitivity_audit.csv,.csv,150030,37110710f144388176fce9f8f4e90dfcc4ea6b57e8351c517ccf9306a1bcc6e2,True,2026-06-24T13:49:49,True,True,False,False,False,secret,False,False,restricted or sensitive evidence
Chapter_1,repository_audit/proposed_file_moves.csv,.csv,2752,62e4bdcdf13feffdf0445f6095314d12a4a7d9a2bb083bfbdffa8fd347ec4a24,True,2026-06-24T13:49:49,True,False,False,False,False,,False,False,unknown
Chapter_1,repository_audit/proposed_gitattributes.txt,.txt,140,c1cfcef98e01ed1f678de9a9633a9baa27d17037426aedf8b20c00c7981ae98b,True,2026-06-24T13:49:49,True,False,False,False,False,,False,False,unknown
Chapter_1,repository_audit/proposed_gitignore.txt,.txt,331,8aef45ab52ee01980ae53ba759b791c8638461d9514fcf867c15d081f06c6221,True,2026-06-24T13:49:49,True,False,False,False,False,secret;token,False,False,restricted or sensitive evidence
Chapter_1,repository_audit/proposed_repository_structure.md,.md,866,ea64432a41d509a0f3d5a98c283646801d04a19703d32d20aec796eaf29d4b5e,True,2026-06-24T13:49:49,True,True,False,False,False,,False,False,unknown
Chapter_1,repository_audit/proposed_script_renaming.csv,.csv,2267,1df58739fae330cdd21703a94995b423360b9528c5bde95cb90588200e452219,True,2026-06-24T13:49:49,True,False,False,False,False,,False,False,unknown
Chapter_1,repository_audit/repository_normalization_plan.md,.md,659,14d127cf5e8c1d4340125a9db0ce163b91d8ffe64e5cd1d52e482a6354a0874f,True,2026-06-24T13:49:49,True,False,False,False,False,,False,False,unknown
Chapter_1,repository_audit/reproducibility_gap_analysis.md,.md,330,dcb4c1390a8657ee75724fce3a62028b8dfeceaba821c493add4db0bb3071753,True,2026-06-24T13:49:49,True,False,False,False,False,,False,False,unknown
Chapter_1,repository_audit/sanitized_candidate_allowlist.csv,.csv,2918,e0860c4e3605e3f3fbc68b345425acb30a709eac64d97aab185e928f9f4d7bd4,True,2026-06-24T14:12:25,False,False,False,False,False,,False,False,unknown
Chapter_1,repository_audit/sanitized_candidate_build_manifest.csv,.csv,12523,4015ab2fb88d3c42e1f9583ee4a107594b1eeb825b21adc61bed3b29c50f59f9,True,2026-06-24T14:12:25,False,False,False,False,False,,False,False,unknown
Chapter_1,repository_audit/sanitized_candidate_exclusions.csv,.csv,799,82a1c9b8f2e9baa2c4c91186dc8d3ee964f9309567fe92efad99767a2d2aa401,True,2026-06-24T14:12:25,False,True,False,False,False,restricted_security,False,False,restricted or sensitive evidence
Chapter_1,repository_audit/sanitized_candidate_privacy_scan.csv,.csv,246,ee9c7f279d0fcf0ade287edb9e879ea0ab0bdc09b3429b03dea56c73ac928144,True,2026-06-24T14:11:04,True,False,False,False,False,restricted_security,False,False,restricted or sensitive evidence
Chapter_1,repository_audit/sanitized_candidate_validation.md,.md,504,ef715432960882725ee691b25c4e722ae4ca6e31eb8269030d31f819be753771,True,2026-06-24T14:14:07,False,False,False,False,False,,False,False,unknown
Chapter_1,repository_audit/sanitized_code_change_audit.csv,.csv,3893,17cdc152c8257fd4c5706e8ee14d0bec5cc4786809534c12a4156f6b3ada120e,True,2026-06-24T14:11:04,True,False,False,False,False,,False,False,unknown
Chapter_1,repository_audit/script_dependency_graph.csv,.csv,46916,0190b5dd2c87e4a4e0416acc4889d5e9b62a68201bd4680b876e1e327b426371,True,2026-06-24T13:49:49,True,False,False,False,False,,False,False,unknown
Chapter_1,repository_tools/build_sanitized_candidate.ps1,.ps1,40127,bd6b926c1b9ff437f49ab8334f5ccc5fd9478c71085859267ad7571ce7af4dd5,True,2026-06-24T14:13:53,False,False,False,False,False,,False,False,unknown
Chapter_1,run_2026_04_07/corridor_pixel_counts_by_SESU_PA_side.csv,.csv,338,0497433d5d974c373ceb8a0add1a7a056c7ba4d8b4b4ba7c99216b8b73c17537,False,2026-04-06T12:59:39,True,False,False,False,False,,False,False,unknown
Chapter_1,run_2026_04_07/corridor_pixel_counts_by_SESU_side.csv,.csv,135,3aec80e1d23457aa09592c29739be632b89a1d9931bec9452a189bf451085e8b,False,2026-04-06T12:59:39,True,False,False,False,False,,False,False,unknown
Chapter_1,run_2026_04_07/corridor_selected_SESU_side_classes.tif,.tif,69573,cb3d0ae2d4435830bc044a27595c031419a4e67e58b77046703775082eb0ca48,False,2026-04-06T13:00:59,True,False,False,False,False,,False,False,unknown
Chapter_1,run_2026_04_07/corridor_selected_SESU_side_classes_legend.csv,.csv,139,ade1b31f90c73a53d199b661a74ccd55085bbf76959db94e289b4c206e8428eb,False,2026-04-06T13:00:59,True,False,False,False,False,,False,False,unknown
Chapter_1,run_2026_04_07/elbow_plot.png,.png,103270,c5a4cbf1061f3a13d77ab9d6349019e3bbe07758878491934ea2a8c2d566b3f8,False,2026-04-06T12:58:23,True,False,False,False,False,,True,False,generated intermediate
Chapter_1,run_2026_04_07/kmeans_best_k_silhouette.txt,.txt,36,a78d683855388ccfa0f74d2c216823d18348d0b4dbf1a796856451f3be78e12f,False,2026-04-06T12:56:10,True,False,False,False,False,,False,False,unknown
Chapter_1,run_2026_04_07/kmeans_seed_stability_ARI.csv,.csv,159,fd936d3e8003473ad23080d8682bac9d484ca86010bae7adcf65cf3d990c58db,False,2026-04-06T12:59:07,True,False,False,False,False,,False,False,unknown
Chapter_1,run_2026_04_07/kmeans_silhouette_by_k.csv,.csv,322,82f787a7c84fc97ca178048bec71a3518e4a70425df516665c01ca99b1f85562,False,2026-04-06T12:56:10,True,False,False,False,False,,False,False,unknown
Chapter_1,run_2026_04_07/pop_total_by_sesu_year.csv,.csv,2415,3b37706a24e19490a587d2e29fec72ced22a6de9ac98e63951ed7cb66b0491da,False,2026-04-06T13:01:13,True,False,False,True,False,,False,False,unknown
Chapter_1,run_2026_04_07/rs_surfaces_long.csv,.csv,42472,8f24b747bcebc33d96dd5dc4270f761a284e0cde74f164e8fc0566f49caeb4d6,False,2026-04-06T13:00:58,True,False,False,True,False,,False,False,unknown
Chapter_1,run_2026_04_07/sessionInfo.txt,.txt,1496,74a7ad666275a6c4c9833e60d1447bd76b7ce767b680ae7eef832252efcea548,False,2026-04-06T12:54:51,True,False,False,True,False,,False,False,unknown
Chapter_1,run_2026_04_07/SESU_area_after_cleaning.csv,.csv,105,40f80618ed9d95a806f61c8e4604823996057faccd8379e7456c0bbd6b6cfad2,False,2026-04-06T12:59:24,True,False,False,False,False,,False,False,unknown
Chapter_1,run_2026_04_07/SESU_area_before_cleaning.csv,.csv,96,b7a550ee164be04873a31b38ed718904a8ec6405cfb3d8d665dec85e80bb466e,False,2026-04-06T12:59:24,True,False,False,False,False,,False,False,unknown
Chapter_1,run_2026_04_07/SESU_covariates_500m.tif,.tif,24212836,61bb84c24b56717ad2ae429caa936569d919526bdc8300f601678f20165c09c3,False,2026-04-06T12:59:25,True,False,False,True,False,,False,False,unknown
Chapter_1,run_2026_04_07/SESU_features_used.txt,.txt,358,39ff713fae5fa3e73c1d05134ef09a3558f87136f1462becdbe85c5f3652b66a,False,2026-04-06T12:54:54,True,False,False,False,False,,False,False,unknown
Chapter_1,run_2026_04_07/SESU_feature_summary.csv,.csv,885,1fe9599790ef621f6f6dfc83f2c8994ebb8ab92ac79c106c5573574cc72faa61,False,2026-04-06T12:54:55,True,False,False,False,False,,False,False,unknown
Chapter_1,run_2026_04_07/SESU_ID_500m.tif,.tif,27608,82bf53a13d9eda0ecb5a2fdc96e649ecaef4731c1c839e81450b6152e75acb42,False,2026-04-06T12:59:24,True,False,False,True,False,,False,False,unknown
Chapter_1,run_2026_04_07/SESU_imputation_values.rds,.rds,352,bb5e067b8c85972925e77bcff4fc0a1e8ca038ae5ace2c44c063df5c59f745e1,False,2026-04-06T12:54:54,True,False,False,False,False,,False,False,unknown
Chapter_1,run_2026_04_07/SESU_log1p_features.txt,.txt,62,d7432b88c9d8a2d96d457d26791b8443f4675d13ba0f9ea506704c4bc5a24af9,False,2026-04-06T12:54:54,True,False,False,False,False,,False,False,unknown
Chapter_1,run_2026_04_07/SESU_manifest.rds,.rds,776,73ef48069abcc90d95da25444140b21ffeb5e23e38d580e027a752980463e24f,False,2026-04-06T12:54:51,True,False,False,False,False,,False,False,unknown
Chapter_1,run_2026_04_07/SESU_scaling_params.rds,.rds,631,7310d6db123d1222de17fada5a30c7ec52a20c31f70b91e41b0d2c19248f16dd,False,2026-04-06T12:54:55,True,False,False,False,False,,False,False,unknown
Chapter_1,run_2026_04_20/corridor_pixel_counts_by_SESU_PA_side.csv,.csv,338,0497433d5d974c373ceb8a0add1a7a056c7ba4d8b4b4ba7c99216b8b73c17537,False,2026-04-20T08:48:45,True,False,False,False,False,,False,False,unknown
Chapter_1,run_2026_04_20/corridor_pixel_counts_by_SESU_side.csv,.csv,135,3aec80e1d23457aa09592c29739be632b89a1d9931bec9452a189bf451085e8b,False,2026-04-20T08:48:45,True,False,False,False,False,,False,False,unknown
Chapter_1,run_2026_04_20/corridor_selected_SESU_side_classes.tif,.tif,69573,cb3d0ae2d4435830bc044a27595c031419a4e67e58b77046703775082eb0ca48,False,2026-04-20T08:49:37,True,False,False,False,False,,False,False,unknown
Chapter_1,run_2026_04_20/corridor_selected_SESU_side_classes_legend.csv,.csv,139,ade1b31f90c73a53d199b661a74ccd55085bbf76959db94e289b4c206e8428eb,False,2026-04-20T08:49:37,True,False,False,False,False,,False,False,unknown
Chapter_1,run_2026_04_20/elbow_plot.png,.png,103270,c5a4cbf1061f3a13d77ab9d6349019e3bbe07758878491934ea2a8c2d566b3f8,False,2026-04-20T08:47:40,True,False,False,False,False,,True,False,generated intermediate
Chapter_1,run_2026_04_20/kmeans_best_k_silhouette.txt,.txt,36,a78d683855388ccfa0f74d2c216823d18348d0b4dbf1a796856451f3be78e12f,False,2026-04-20T08:45:21,True,False,False,False,False,,False,False,unknown
Chapter_1,run_2026_04_20/kmeans_seed_stability_ARI.csv,.csv,159,fd936d3e8003473ad23080d8682bac9d484ca86010bae7adcf65cf3d990c58db,False,2026-04-20T08:48:26,True,False,False,False,False,,False,False,unknown
Chapter_1,run_2026_04_20/kmeans_silhouette_by_k.csv,.csv,322,82f787a7c84fc97ca178048bec71a3518e4a70425df516665c01ca99b1f85562,False,2026-04-20T08:45:21,True,False,False,False,False,,False,False,unknown
Chapter_1,run_2026_04_20/pop_total_by_sesu_year.csv,.csv,2415,3b37706a24e19490a587d2e29fec72ced22a6de9ac98e63951ed7cb66b0491da,False,2026-04-20T08:49:45,True,False,False,True,False,,False,False,unknown
Chapter_1,run_2026_04_20/rs_surfaces_long.csv,.csv,42472,8f24b747bcebc33d96dd5dc4270f761a284e0cde74f164e8fc0566f49caeb4d6,False,2026-04-20T08:49:37,True,False,False,True,False,,False,False,unknown
Chapter_1,run_2026_04_20/sessionInfo.txt,.txt,1468,cb453a14ff6251d604a630317f67a72307cf49ab7924bf99d0a57215d2842d78,False,2026-04-20T08:44:10,True,False,False,True,False,,False,False,unknown
Chapter_1,run_2026_04_20/SESU_area_after_cleaning.csv,.csv,105,40f80618ed9d95a806f61c8e4604823996057faccd8379e7456c0bbd6b6cfad2,False,2026-04-20T08:48:37,True,False,False,False,False,,False,False,unknown
Chapter_1,run_2026_04_20/SESU_area_before_cleaning.csv,.csv,96,b7a550ee164be04873a31b38ed718904a8ec6405cfb3d8d665dec85e80bb466e,False,2026-04-20T08:48:37,True,False,False,False,False,,False,False,unknown
Chapter_1,run_2026_04_20/SESU_covariates_500m.tif,.tif,24212836,61bb84c24b56717ad2ae429caa936569d919526bdc8300f601678f20165c09c3,False,2026-04-20T08:48:37,True,False,False,True,False,,False,False,unknown
Chapter_1,run_2026_04_20/SESU_features_used.txt,.txt,358,39ff713fae5fa3e73c1d05134ef09a3558f87136f1462becdbe85c5f3652b66a,False,2026-04-20T08:44:12,True,False,False,False,False,,False,False,unknown
Chapter_1,run_2026_04_20/SESU_feature_summary.csv,.csv,885,1fe9599790ef621f6f6dfc83f2c8994ebb8ab92ac79c106c5573574cc72faa61,False,2026-04-20T08:44:13,True,False,False,False,False,,False,False,unknown
Chapter_1,run_2026_04_20/SESU_ID_500m.tif,.tif,27608,82bf53a13d9eda0ecb5a2fdc96e649ecaef4731c1c839e81450b6152e75acb42,False,2026-04-20T08:48:37,True,False,False,True,False,,False,False,unknown
Chapter_1,run_2026_04_20/SESU_imputation_values.rds,.rds,352,bb5e067b8c85972925e77bcff4fc0a1e8ca038ae5ace2c44c063df5c59f745e1,False,2026-04-20T08:44:12,True,False,False,False,False,,False,False,unknown
Chapter_1,run_2026_04_20/SESU_log1p_features.txt,.txt,62,d7432b88c9d8a2d96d457d26791b8443f4675d13ba0f9ea506704c4bc5a24af9,False,2026-04-20T08:44:12,True,False,False,False,False,,False,False,unknown
Chapter_1,run_2026_04_20/SESU_manifest.rds,.rds,775,72875c4688c8d2a790f34f9d65db6317db8dbcca776612cc92d587c4f5acaad5,False,2026-04-20T08:44:10,True,False,False,False,False,,False,False,unknown
Chapter_1,run_2026_04_20/SESU_scaling_params.rds,.rds,631,7310d6db123d1222de17fada5a30c7ec52a20c31f70b91e41b0d2c19248f16dd,False,2026-04-20T08:44:13,True,False,False,False,False,,False,False,unknown
Chapter_1,run_2026_05_27/corridor_pixel_counts_by_SESU_PA_side.csv,.csv,338,0497433d5d974c373ceb8a0add1a7a056c7ba4d8b4b4ba7c99216b8b73c17537,False,2026-05-26T12:57:00,True,False,False,False,False,,False,False,unknown
Chapter_1,run_2026_05_27/corridor_pixel_counts_by_SESU_side.csv,.csv,135,3aec80e1d23457aa09592c29739be632b89a1d9931bec9452a189bf451085e8b,False,2026-05-26T12:57:00,True,False,False,False,False,,False,False,unknown
Chapter_1,run_2026_05_27/corridor_selected_SESU_side_classes.tif,.tif,69573,cb3d0ae2d4435830bc044a27595c031419a4e67e58b77046703775082eb0ca48,False,2026-05-26T12:58:46,True,False,False,False,False,,False,False,unknown
Chapter_1,run_2026_05_27/corridor_selected_SESU_side_classes_legend.csv,.csv,139,ade1b31f90c73a53d199b661a74ccd55085bbf76959db94e289b4c206e8428eb,False,2026-05-26T12:58:46,True,False,False,False,False,,False,False,unknown
Chapter_1,run_2026_05_27/elbow_plot.png,.png,103270,c5a4cbf1061f3a13d77ab9d6349019e3bbe07758878491934ea2a8c2d566b3f8,False,2026-04-20T08:47:40,True,False,False,False,False,,True,False,generated intermediate
Chapter_1,run_2026_05_27/kmeans_best_k_silhouette.txt,.txt,36,a78d683855388ccfa0f74d2c216823d18348d0b4dbf1a796856451f3be78e12f,False,2026-04-20T08:45:21,True,False,False,False,False,,False,False,unknown
Chapter_1,run_2026_05_27/kmeans_seed_stability_ARI.csv,.csv,159,fd936d3e8003473ad23080d8682bac9d484ca86010bae7adcf65cf3d990c58db,False,2026-04-20T08:48:26,True,False,False,False,False,,False,False,unknown
Chapter_1,run_2026_05_27/kmeans_silhouette_by_k.csv,.csv,322,82f787a7c84fc97ca178048bec71a3518e4a70425df516665c01ca99b1f85562,False,2026-04-20T08:45:21,True,False,False,False,False,,False,False,unknown
Chapter_1,run_2026_05_27/oracle_boundary_1to10_long_REAL_NP.csv,.csv,13234,75d094d9d96558ef59ca107222fe667f4c488b32c87ff3af783345d2501ab871,False,2026-05-26T13:01:00,True,False,False,False,False,,False,False,unknown
Chapter_1,run_2026_05_27/oracle_boundary_1to10_wide_REAL_NP.csv,.csv,892,ce9addf04331301365bc008a352b0c0af3a068c983b5d98c51465a3abde2b0d7,False,2026-05-26T13:01:00,True,False,False,False,False,,False,False,unknown
Chapter_1,run_2026_05_27/pop_total_by_sesu_year.csv,.csv,2415,3b37706a24e19490a587d2e29fec72ced22a6de9ac98e63951ed7cb66b0491da,False,2026-04-20T08:49:45,True,False,False,True,False,,False,False,unknown
Chapter_1,run_2026_05_27/rs_surfaces_long.csv,.csv,42472,8f24b747bcebc33d96dd5dc4270f761a284e0cde74f164e8fc0566f49caeb4d6,False,2026-05-26T12:58:44,True,False,False,True,False,,False,False,unknown
Chapter_1,run_2026_05_27/sessionInfo.txt,.txt,1468,cb453a14ff6251d604a630317f67a72307cf49ab7924bf99d0a57215d2842d78,False,2026-04-20T08:44:10,True,False,False,True,False,,False,False,unknown
Chapter_1,run_2026_05_27/SESU_area_after_cleaning.csv,.csv,105,40f80618ed9d95a806f61c8e4604823996057faccd8379e7456c0bbd6b6cfad2,False,2026-04-20T08:48:37,True,False,False,False,False,,False,False,unknown
Chapter_1,run_2026_05_27/SESU_area_before_cleaning.csv,.csv,96,b7a550ee164be04873a31b38ed718904a8ec6405cfb3d8d665dec85e80bb466e,False,2026-04-20T08:48:37,True,False,False,False,False,,False,False,unknown
Chapter_1,run_2026_05_27/SESU_covariates_500m.tif,.tif,24212836,61bb84c24b56717ad2ae429caa936569d919526bdc8300f601678f20165c09c3,False,2026-04-20T08:48:37,True,False,False,True,False,,False,False,unknown
Chapter_1,run_2026_05_27/SESU_features_used.txt,.txt,358,39ff713fae5fa3e73c1d05134ef09a3558f87136f1462becdbe85c5f3652b66a,False,2026-04-20T08:44:12,True,False,False,False,False,,False,False,unknown
Chapter_1,run_2026_05_27/SESU_feature_summary.csv,.csv,885,1fe9599790ef621f6f6dfc83f2c8994ebb8ab92ac79c106c5573574cc72faa61,False,2026-04-20T08:44:13,True,False,False,False,False,,False,False,unknown
Chapter_1,run_2026_05_27/SESU_ID_500m.tif,.tif,27608,82bf53a13d9eda0ecb5a2fdc96e649ecaef4731c1c839e81450b6152e75acb42,False,2026-04-20T08:48:37,True,False,False,True,False,,False,False,unknown
Chapter_1,run_2026_05_27/SESU_ID_500m.tif.aux.xml,.xml,426,de1840810e23775bd82f0d59c3592a400e747853c8e38eac994c510ee4fc72c5,False,2026-05-27T15:11:18,True,False,False,False,False,,False,False,unknown
Chapter_1,run_2026_05_27/SESU_imputation_values.rds,.rds,352,bb5e067b8c85972925e77bcff4fc0a1e8ca038ae5ace2c44c063df5c59f745e1,False,2026-04-20T08:44:12,True,False,False,False,False,,False,False,unknown
Chapter_1,run_2026_05_27/SESU_log1p_features.txt,.txt,62,d7432b88c9d8a2d96d457d26791b8443f4675d13ba0f9ea506704c4bc5a24af9,False,2026-04-20T08:44:12,True,False,False,False,False,,False,False,unknown
Chapter_1,run_2026_05_27/SESU_manifest.rds,.rds,775,72875c4688c8d2a790f34f9d65db6317db8dbcca776612cc92d587c4f5acaad5,False,2026-04-20T08:44:10,True,False,False,False,False,,False,False,unknown
Chapter_1,run_2026_05_27/SESU_scaling_params.rds,.rds,631,7310d6db123d1222de17fada5a30c7ec52a20c31f70b91e41b0d2c19248f16dd,False,2026-04-20T08:44:13,True,False,False,False,False,,False,False,unknown
Chapter_1,scripts/05_models_governance_profiles.R,.r,20796,49369e9d4bb6f6246a5e2421911f72bd31426acd6a6101fcd2e8378ec0244ea9,True,2026-06-23T11:03:02,True,False,False,True,True,,False,False,authoritative analysis script
Chapter_1,scripts/06_governance_profile_robustness.R,.r,47639,e8027d7efcdf817dc3ea2e09dcadbc4f6d6737cff646b703cb0bd61c49d88093,True,2026-06-23T11:22:22,True,False,False,True,True,,False,False,authoritative analysis script
Chapter_1,scripts/07_spatial_threshold_sensitivity.R,.r,39203,24011914138d1441b1777c7e3b3fb473697b76c3ab2790da59a3900c89ddf446,True,2026-06-23T23:32:59,True,False,False,True,True,,False,False,authoritative analysis script
Chapter_1,scripts/08_measurement_harmonization.R,.r,42834,f3859fd7c320da4531ba3f1b3dd47e3af68ee5251e865d6a728077e47e04a746,True,2026-06-24T09:26:11,True,True,False,True,False,,False,False,authoritative analysis script
Chapter_1,scripts/09_fire_2021_2022_harmonization.R,.r,28844,e26436bab7238b31c49ab31ac4227dd3173d50ea08e759d5c3fa48be9df6fe92,True,2026-06-24T10:30:01,True,False,False,True,True,,False,False,authoritative analysis script
Chapter_1,scripts/10_fire_10km_optimizer_refinement.R,.r,22663,ddf7c17f7bb886bcf0a14fe7d48e3d40c6d50fb3b08f2f16422acbc1273146ad,True,2026-06-24T11:39:14,True,False,False,True,True,,False,False,authoritative analysis script
Chapter_1,scripts/11_spatial_boundary_falsification.R,.r,17661,08eec77356fceb661143b5be21de7896879ae4503218a6eab1ce296e2391d1ea,True,2026-06-24T12:06:16,True,True,False,True,False,,False,False,authoritative analysis script
Chapter_1,scripts/12_spatial_boundary_falsification_revised.R,.r,58568,2fbdb419ca77e23727d1efbb5296c01c69e954a9c8629ec54daf279571b57d59,True,2026-06-24T12:49:47,True,True,False,True,True,,False,False,authoritative analysis script
Chapter_1,scripts/Script 0_data acquisition.txt,.txt,24871,2a6fefa669a0e009e7650fe33d09723c45327166636ccb3c0cf23ebc295a03e0,True,2026-04-21T13:06:48,True,False,False,True,False,,False,True,authoritative analysis script
Chapter_1,scripts/Script 1_Fire agri preprocessing.R,.r,7514,f6250dbaff187c7dc59077a86d14cd6b96187a0f99fc6bc1d6432345ff12a400,True,2026-02-10T11:37:56,True,False,False,True,False,,False,False,authoritative analysis script
Chapter_1,scripts/Script 2_SESU clustering.R,.r,18356,530576eb670d69fcbf40f0274d42422774a6d02bc56048e0c5a24b26147fb563,True,2026-02-10T10:30:30,True,False,False,True,False,,False,False,authoritative analysis script
Chapter_1,scripts/Script 3_RS data preparation.R,.r,26705,e5ea0176a13795e4e3aab7958292af49b06074eb0cb2716b61b6350c2be31215,True,2026-02-10T10:34:50,True,False,False,True,False,,False,False,authoritative analysis script
Chapter_1,scripts/Script 4_population data.R,.r,8314,75b4df31132ac184b2ab63cd69475ed950892662f19fa1432ba3bf2213a651b0,True,2026-04-06T12:47:26,True,False,False,True,False,,False,False,authoritative analysis script
Chapter_1,analysis_fire_harmonization_dev/provenance/fire_harmonized_input_hashes.csv,.csv,2374,562763a27a7c882836bcc08b438cc7aa782e5ff1290d9ec74cc4c92d1cad9339,True,2026-06-24T10:31:06,True,False,False,True,False,,False,True,unknown
Chapter_1,analysis_fire_harmonization_dev/provenance/sessionInfo.txt,.txt,1283,27b7c5d810c22169b3db343a4fcaa2704b9ce73ef8fb099ebbcbdfe957a89ad0,False,2026-06-24T10:31:46,True,False,False,True,False,,False,True,unknown
Chapter_1,analysis_fire_harmonization_dev/tables/fire_2021_2022_disagreement_by_distance.csv,.csv,1860,430aa3fb58232798e720de7628a7a5277d2570273a003a93ad04e42dd5255ea0,True,2026-06-24T10:31:11,True,False,False,True,False,,False,True,unknown
Chapter_1,analysis_fire_harmonization_dev/tables/fire_2021_2022_disagreement_by_sesu_side.csv,.csv,2190,8e62a2fc750e9714771f74a2dd850a7cdc2c6e7661ad0e284fb6dd7352d86404,True,2026-06-24T10:31:11,True,False,False,True,False,,False,True,unknown
Chapter_1,analysis_fire_harmonization_dev/tables/fire_2021_2022_product_comparison.csv,.csv,773,53d8edc2a9eb1caa825c9c6f988168584e2b5682e58646d0f92dc121d110dfd6,True,2026-06-24T10:31:11,True,False,False,True,False,,False,True,unknown
Chapter_1,analysis_fire_harmonization_dev/tables/fire_2021_2022_source_inventory.csv,.csv,24855,d2e09010d438854a71ba6e5c2b88ca4e7a5dfdde16c917dc5584728c8d10f869,True,2026-06-24T10:31:06,True,False,False,True,False,,False,True,unknown
Chapter_1,analysis_fire_harmonization_dev/tables/fire_canonical_vs_harmonized_tau025.csv,.csv,1082,1af92ebc7ee1b9843a8945dcc5fbcbadd2e6f1532e3b7880a2fbf3c198102817,True,2026-06-24T10:31:43,True,False,False,True,False,,False,True,unknown
Chapter_1,analysis_fire_harmonization_dev/tables/fire_harmonized_event_counts.csv,.csv,188,05afcdea9ce7f474ec4761b3f2a14394b5ed1fbee269d63e7da5f5ef20879534,True,2026-06-24T10:31:07,True,False,False,True,False,,False,True,unknown
Chapter_1,analysis_fire_harmonization_dev/tables/fire_harmonized_fit_diagnostics.csv,.csv,11922,a7ce4dbbf5558920f97dd77cd5c07f90b15b72a5e2ab052d7b1e5dda708d1c52,True,2026-06-24T10:31:43,True,False,False,True,False,,False,True,unknown
Chapter_1,analysis_fire_harmonization_dev/tables/fire_harmonized_pairwise_differences.csv,.csv,3379,5e29fc7da7c79e0ff990a59aa3653bb14b2ddc8772c81b0f2cc630d37baee9da,True,2026-06-24T10:31:43,True,False,False,True,False,,False,True,unknown
Chapter_1,analysis_fire_harmonization_dev/tables/fire_harmonized_profile_contrasts.csv,.csv,2782,af645074e829a97c25bca256ba80dc5e86fcfb1d92b23939d3163f5487fb2504,True,2026-06-24T10:31:43,True,False,False,True,False,,False,True,unknown
Chapter_1,analysis_fire_harmonization_dev/tables/fire_harmonized_surface_summary.csv,.csv,66683,48d058f77cbfc06ecfc0f64240957d0c39e28d7e47196c8340ec9213deb2b344,True,2026-06-24T10:31:42,True,False,False,True,False,,False,True,unknown
Chapter_1,analysis_fire_harmonization_dev/tables/fire_harmonized_validation.csv,.csv,6155,bcca595ce57746afe627da6f48ba821c73eae6e5d0bbc8e31cecf415d7de0c2a,True,2026-06-24T10:31:07,True,False,False,True,False,,False,False,unknown
Chapter_1,analysis_fire_harmonization_dev/tables/fire_previous_workflow_audit.csv,.csv,1796,02981872a9e1747fdf4287d713366e5c3ff75a88ebfcb9f26cbe8c7fc58327f5,True,2026-06-24T10:31:06,True,False,False,True,False,,False,True,unknown
Chapter_1,analysis_fire_optimizer_refinement_dev/provenance/sessionInfo.txt,.txt,1245,1e64fe129b697ca2cfe754fffd6004c906a0f975c875b2b5afbd2d4c0a135f6a,False,2026-06-24T11:39:26,True,False,False,True,False,,False,True,unknown
Chapter_1,analysis_fire_optimizer_refinement_dev/tables/baseline_10km_fit_diagnostics.csv,.csv,1835,39eb96b8f796f52d905ca5bdeefe5c482c51a51e03c40aa53bfb9b6e7ef02f6e,True,2026-06-24T11:39:26,True,False,False,True,False,,False,True,unknown
Chapter_1,analysis_fire_optimizer_refinement_dev/tables/baseline_10km_pairwise_differences.csv,.csv,1313,f80f847a2d3e86617bf7934625196b95fe6fd4033b2e92fbb4252ab0440b351d,True,2026-06-24T11:39:26,True,False,False,True,False,,False,True,unknown
Chapter_1,analysis_fire_optimizer_refinement_dev/tables/baseline_10km_profile_contrasts.csv,.csv,1093,fd68110e5181b4665a907f83e6d23e97dd2e53ebf536e855bc4836acadc7970e,True,2026-06-24T11:39:26,True,False,False,True,False,,False,True,unknown
Chapter_1,analysis_fire_optimizer_refinement_dev/tables/baseline_10km_reproduction_check.csv,.csv,1000,cb34a6ab3d92a72ef65d2f65577e212ce9af8e2ad83c6bd3ca50356687397cf1,True,2026-06-24T11:39:26,True,False,False,True,False,,False,True,unknown
Chapter_1,analysis_fire_optimizer_refinement_dev/tables/fire_10km_optimizer_diagnostics.csv,.csv,7746,0cc2bdda169b5d8ed04f9eb5140a1159b2f481da5fd6acf84e935a1cd3d33892,True,2026-06-24T11:39:26,True,False,False,True,False,,False,True,unknown
Chapter_1,analysis_fire_optimizer_refinement_dev/tables/fire_10km_optimizer_pairwise_differences.csv,.csv,6614,c5a465f27ca9ed1bb3e3511b41db7d2a0b2bab5ae97c860fb9ff2723d9e3f0b5,True,2026-06-24T11:39:26,True,False,False,True,False,,False,True,unknown
Chapter_1,analysis_fire_optimizer_refinement_dev/tables/fire_10km_optimizer_parameter_comparison.csv,.csv,84911,6547b0385fa3acc1626ce1a218960fb8c99d05c5f2bcf61092642b866c259cf5,True,2026-06-24T11:39:26,True,False,False,True,False,,False,True,unknown
Chapter_1,analysis_fire_optimizer_refinement_dev/tables/fire_10km_optimizer_profile_contrasts.csv,.csv,5720,cd55ff4f0022fbab86badfe77914244174f8e95657b8af2a1ccd57bee13ab406,True,2026-06-24T11:39:26,True,False,False,True,False,,False,True,unknown
Chapter_1,analysis_fire_optimizer_refinement_dev/tables/fire_10km_optimizer_retained_fits.csv,.csv,2536,70caf876b080e555da80e3dff53bc34938d7ba3dd996649d4914322ea1630485,True,2026-06-24T11:39:26,True,False,False,True,False,,False,True,unknown
Chapter_1,analysis_governance_profiles_dev/models/PRIMARY_betaBinomial_governance_profiles_agriculture.rds,.rds,88582,5ffe950e4848614bdaeb2614c6126c40e9539bff8c0e2408b9f0c626bbacee01,False,2026-06-23T10:28:42,True,False,False,True,False,,False,False,unknown
Chapter_1,analysis_governance_profiles_dev/models/PRIMARY_betaBinomial_governance_profiles_deforestation.rds,.rds,90326,f2db00caf161592de643e94f185b019c778b4924fe2db23f59d1236613c66b14,False,2026-06-23T10:26:43,True,False,False,True,False,,False,False,unknown
Chapter_1,analysis_governance_profiles_dev/models/PRIMARY_betaBinomial_governance_profiles_fire.rds,.rds,91758,40978528aa391f1681534342a45c6bb6a33b69ef19866147cfc9881ebae3613a,False,2026-06-23T10:25:30,True,False,False,True,False,,False,False,unknown
Chapter_1,analysis_governance_profiles_dev/provenance/input_provenance.csv,.csv,437,326a2bc0dc05fe8244726627ecd49331a7573fb57fd885c091acc964ffe9de84,True,2026-06-23T10:30:41,True,False,False,True,False,,False,False,unknown
Chapter_1,analysis_governance_profiles_dev/provenance/sessionInfo.txt,.txt,1265,5351d3497ffbd22d16bfde0b29c16cadc8a5d32f67717ebb42f31b59922eb562,False,2026-06-23T10:30:41,True,False,False,True,False,,False,True,unknown
Chapter_1,analysis_governance_profiles_dev/tables/bootstrap_diagnostics.csv,.csv,555,b4e26a917b3cdb13790837218f74a422680e45891e0f9e5f1e8cbc58359bbefc,True,2026-06-23T10:30:41,True,False,False,True,False,,False,False,unknown
Chapter_1,analysis_governance_profiles_dev/tables/governance_profile_diagnostics.csv,.csv,5285,9274809035623d843a044a7006a05139224cb8699bb73c38550a2ee4c6f71e97,True,2026-06-23T10:25:30,True,False,False,True,False,,False,False,unknown
Chapter_1,analysis_governance_profiles_dev/tables/governance_profile_timeline.csv,.csv,3913,49ca4563f3438278bf7d481789623b7e25b99a5bbdbe86c28207a16a0f9610a3,True,2026-06-23T10:25:30,True,False,False,True,False,,False,False,unknown
Chapter_1,analysis_governance_profiles_dev/tables/model_fit_diagnostics.csv,.csv,1402,f94b4a5336b7054f84b3dd4569d47f07a36e5549cc15723921ed138e05e03c69,True,2026-06-23T10:30:41,True,False,False,True,False,,False,True,unknown
Chapter_1,analysis_governance_profiles_dev/tables/model_sample_attrition.csv,.csv,311,69e5a861b5f85d3974cc50a153764aa1032b509bb855691b4965c90280b1fed0,True,2026-06-23T10:25:30,True,False,False,True,False,,False,True,unknown
Chapter_1,analysis_governance_profiles_dev/tables/profile_episode_support.csv,.csv,456,4d7e4d91d390b0358a12ad2da6a83bc3e81edcbb6c72f51d1068f2320cb62d6e,True,2026-06-23T10:25:30,True,False,False,True,False,,False,True,unknown
Chapter_1,analysis_governance_profiles_dev/tables/profile_model_support.csv,.csv,1877,1d1ab0c5916137771be752ef430767335a06b1e318c1a3990dac445a7563f95b,True,2026-06-23T10:25:30,True,False,False,True,False,,False,False,unknown
Chapter_1,analysis_governance_profiles_dev/tables/profile_pairwise_contrast_differences.csv,.csv,1681,d62499ed3fd07f66763c8d28ada731857f88710a1fe72fc1a88c4954527af5ae,True,2026-06-23T10:30:41,True,False,False,True,False,,False,True,unknown
Chapter_1,analysis_governance_profiles_dev/tables/profile_shift_coefficients.csv,.csv,2494,7996c1f017aaae837d597e9ee10a31f378991fbe829f97c011ea0179b6193984,True,2026-06-23T10:30:41,True,False,False,True,False,,False,True,unknown
Chapter_1,analysis_governance_profiles_dev/tables/profile_specific_inside_outside_contrasts.csv,.csv,2853,e5b8ca5e28e28ce7d5fd3fc7b7694d60b7dbca37fc6a3d5df33ec0a180990e3e,True,2026-06-23T10:30:41,True,False,False,True,False,,False,True,unknown
Chapter_1,analysis_governance_profiles_dev/tables/profile_specific_inside_outside_contrasts_bootstrap.csv,.csv,1823,9dee17eb937d273567bf013c248fa789673345223f7fc81db47a0c9eb9429c3b,True,2026-06-23T10:30:41,True,False,False,True,False,,False,False,unknown
Chapter_1,analysis_governance_profiles_robustness_dev/logs/diagnose_agriculture_canonical_nlminb_default.txt,.txt,6210,eb1086baae1251bdb96032909b893bac011726d69f5d7b5ebae3173d2f54087a,False,2026-06-23T11:22:39,True,False,False,True,False,,False,True,unknown
Chapter_1,analysis_governance_profiles_robustness_dev/logs/diagnose_agriculture_canonical_nlminb_strict.txt,.txt,6210,eb1086baae1251bdb96032909b893bac011726d69f5d7b5ebae3173d2f54087a,False,2026-06-23T11:22:39,True,False,False,True,False,,False,True,unknown
Chapter_1,analysis_governance_profiles_robustness_dev/logs/diagnose_agriculture_canonical_optim_bfgs.txt,.txt,6115,ce39e181048ec43c781f04d5f375c871d1463f99ea9ac4208ff14b152310b8ad,False,2026-06-23T11:22:40,True,False,False,True,False,,False,True,unknown
Chapter_1,analysis_governance_profiles_robustness_dev/logs/diagnose_deforestation_canonical_nlminb_default.txt,.txt,4578,bee0d7578d3b6c0abc0f1603cf3faeba76ad02743c0d40b7219b44a3c48c9e87,False,2026-06-23T11:22:37,True,False,False,True,False,,False,True,unknown
Chapter_1,analysis_governance_profiles_robustness_dev/logs/diagnose_deforestation_canonical_nlminb_strict.txt,.txt,4578,bee0d7578d3b6c0abc0f1603cf3faeba76ad02743c0d40b7219b44a3c48c9e87,False,2026-06-23T11:22:38,True,False,False,True,False,,False,True,unknown
Chapter_1,analysis_governance_profiles_robustness_dev/logs/diagnose_deforestation_canonical_optim_bfgs.txt,.txt,538,2d26a2dd75ba061634645612731d8a8e1498d48119cf1516364622b2c8e3047b,False,2026-06-23T11:22:38,True,False,False,True,False,,False,True,unknown
Chapter_1,analysis_governance_profiles_robustness_dev/logs/diagnose_fire_canonical_nlminb_default.txt,.txt,1217,7ee19070d925cfac3e888b8b819d3406cb8887f63c240f54314c8dafa6119f3b,False,2026-06-23T11:22:35,True,False,False,True,False,,False,True,unknown
Chapter_1,analysis_governance_profiles_robustness_dev/logs/diagnose_fire_canonical_nlminb_strict.txt,.txt,1217,7ee19070d925cfac3e888b8b819d3406cb8887f63c240f54314c8dafa6119f3b,False,2026-06-23T11:22:35,True,False,False,True,False,,False,True,unknown
Chapter_1,analysis_governance_profiles_robustness_dev/logs/diagnose_fire_canonical_optim_bfgs.txt,.txt,2889,43a09579deb2fa069bc4607632c328a26af7e17b9efe04570367305f2b0d58a6,False,2026-06-23T11:22:36,True,False,False,True,False,,False,True,unknown
Chapter_1,analysis_governance_profiles_robustness_dev/provenance/input_provenance.csv,.csv,440,0e271e3b588937b908ce05d7ed0cf6b720d6c73358a822fd2b9a90915d14f095,True,2026-06-23T11:28:59,True,False,False,True,False,,False,True,unknown
Chapter_1,analysis_governance_profiles_robustness_dev/provenance/sessionInfo.txt,.txt,1265,5351d3497ffbd22d16bfde0b29c16cadc8a5d32f67717ebb42f31b59922eb562,False,2026-06-23T11:28:59,True,False,False,True,False,,False,True,unknown
Chapter_1,analysis_governance_profiles_robustness_dev/tables/best_diagnostic_candidate_optimizer.csv,.csv,9522,317028ea0447fedeee4f98ca139cb70a1bfe95973d312e2ad8af0e70e8026e8d,True,2026-06-23T11:22:40,True,False,False,True,False,,False,True,unknown
Chapter_1,analysis_governance_profiles_robustness_dev/tables/bootstrap_failure_reasons.csv,.csv,208,f05442598a84e0435fc5143c8d3718272608e74225cf3483b5f2b1cdfed6920b,True,2026-06-23T11:28:37,True,False,False,True,False,,False,True,unknown
Chapter_1,analysis_governance_profiles_robustness_dev/tables/bootstrap_profile_contrasts_finite.csv,.csv,1220,99ec2b64ed9fe63a8079ae9f349467c20b1411189250f5810cb0b7bee8ab6f70,True,2026-06-23T11:28:37,True,False,False,True,False,,False,True,unknown
Chapter_1,analysis_governance_profiles_robustness_dev/tables/bootstrap_profile_contrasts_strict.csv,.csv,925,57955fe37bbcde60a3ffc9b6b9f997f9336cd062bf89aef12abbec2db7111df3,True,2026-06-23T11:28:37,True,False,False,True,False,,False,True,unknown
Chapter_1,analysis_governance_profiles_robustness_dev/tables/bootstrap_replicate_diagnostics.csv,.csv,540480,990083086585d816bfc4a48b43c9b7a7e5cc7d7d2474e57dd3dfcd5bc26c8166,True,2026-06-23T11:28:37,True,False,False,True,False,,False,True,unknown
Chapter_1,analysis_governance_profiles_robustness_dev/tables/episode_influence_summary.csv,.csv,1404,7bcffb3429a57775f2e7a06306dd6ed460c053907dcf72b8c1f169e58d913293,True,2026-06-23T11:28:58,True,False,False,True,False,,False,True,unknown
Chapter_1,analysis_governance_profiles_robustness_dev/tables/governance_profile_robustness_summary.csv,.csv,8337,fd8d05c84e545db4f3e33b53f402c92f30e54111b2227a97241c54402c84c915,True,2026-06-23T11:28:59,True,False,False,True,False,,False,True,unknown
Chapter_1,analysis_governance_profiles_robustness_dev/tables/governance_transitions.csv,.csv,655,d183e0eda0565ad402649c064368bef88f87a3e967e67b0a4b204faf1a629ef4,True,2026-06-23T11:28:37,True,False,False,True,False,,False,True,unknown
Chapter_1,analysis_governance_profiles_robustness_dev/tables/governance_transition_review_sheet.csv,.csv,939,2dd253eee60e6ca5f8cc8dc1d659fe9bb9dd4511e7592f9e3cd9b3d7b4a48550,True,2026-06-23T11:28:37,True,False,False,True,False,,False,True,unknown
Chapter_1,analysis_governance_profiles_robustness_dev/tables/leave_one_episode_out_fit_diagnostics.csv,.csv,94212,5c4a81560634c2315a2a495b88418375531ecff7d6d4d20c26a1e0ce0e07b25f,True,2026-06-23T11:28:58,True,False,False,True,False,,False,True,unknown
Chapter_1,analysis_governance_profiles_robustness_dev/tables/leave_one_episode_out_pairwise_differences.csv,.csv,26349,9df9818394ca6b0c073984d534e0cd86233f53698b24e464a64859143dd4689e,True,2026-06-23T11:28:58,True,False,False,True,False,,False,True,unknown
Chapter_1,analysis_governance_profiles_robustness_dev/tables/leave_one_episode_out_profile_contrasts.csv,.csv,30430,16edcf335e7e0cfe4839d8d3491163e3a975e9e56bf017ede48b63b9d2d91637,True,2026-06-23T11:28:58,True,False,False,True,False,,False,True,unknown
Chapter_1,analysis_governance_profiles_robustness_dev/tables/optimizer_coefficient_comparison.csv,.csv,30926,3f48aae95bfc412978f9339c9bf690cd318fca7b254e33aa66b82adb23b01223,True,2026-06-23T11:22:40,True,False,False,True,False,,False,True,unknown
Chapter_1,analysis_governance_profiles_robustness_dev/tables/optimizer_fit_diagnostics.csv,.csv,18630,768d5bb902acca12730a73be23b847568080e5a17e678da3ed71d7653ec9a570,True,2026-06-23T11:22:40,True,False,False,True,False,,False,True,unknown
Chapter_1,analysis_governance_profiles_robustness_dev/tables/optimizer_profile_contrast_comparison.csv,.csv,6875,5eabdfd0a44a2e1d6fababf1320ce4e42bc1e3b3a5e6c6837564d7e1e7978b23,True,2026-06-23T11:22:40,True,False,False,True,False,,False,True,unknown
Chapter_1,analysis_governance_profiles_robustness_dev/tables/optimizer_stability_summary.csv,.csv,1260,87b61b820c01e28d9197ba04b030283b62497a447c90558069afb85f4558354f,True,2026-06-23T11:22:40,True,False,False,True,False,,False,True,unknown
Chapter_1,analysis_governance_profiles_robustness_dev/tables/phase1_point_estimate_reproduction.csv,.csv,927,82f3f17188e99733c7bd7c9f3d7fa58e4376e2d73fc5d72fa8c3c18cc21fddbc,True,2026-06-23T11:28:59,True,False,False,True,False,,False,True,unknown
Chapter_1,analysis_governance_profiles_robustness_dev/tables/profile_episode_support_corrected.csv,.csv,848,f8b2c90685660e3a6c082a02e760bb75ecf400413b04f222f453c847e165ec53,True,2026-06-23T11:22:35,True,False,False,True,False,,False,True,unknown
Chapter_1,analysis_governance_profiles_robustness_dev/tables/profile_model_support_corrected.csv,.csv,3159,78436a5e179aa44f21d92f41fb2fb99123ae41a72135464eded88a5d21d86beb,True,2026-06-23T11:22:35,True,False,False,True,False,,False,True,unknown
Chapter_1,analysis_governance_profiles_robustness_dev/tables/sesu_between_landscape_differences.csv,.csv,1001,6a8f119af2576d70f0ef789503c8f02a9139881c31207624ba4eb53b373f7f67,True,2026-06-23T11:28:59,True,False,False,True,False,,False,True,unknown
Chapter_1,analysis_governance_profiles_robustness_dev/tables/sesu_heterogeneity_fit_diagnostics.csv,.csv,10035,cab0609e2a856c8e66aa7c163f3df4aa8307d88d033191262f2dd09a7895f3ed,True,2026-06-23T11:28:59,True,False,False,True,False,,False,True,unknown
Chapter_1,analysis_governance_profiles_robustness_dev/tables/sesu_specific_profile_contrasts.csv,.csv,4687,a87a1cdccbb2d6a6eea7bbe7ae8fd6bececea5cd4d9f44fdc07f8c8470e954fd,True,2026-06-23T11:28:59,True,False,False,True,False,,False,True,unknown
Chapter_1,analysis_governance_profiles_robustness_dev/tables/sesu_year_inside_outside_contrasts.csv,.csv,38497,94bf9634b973b9a9f102e517bb2a3902c268020bbd436bad5623d932ee33ee66,True,2026-06-23T11:28:37,True,False,False,True,False,,False,True,unknown
Chapter_1,analysis_governance_profiles_robustness_dev/tables/transition_sensitivity_fit_diagnostics.csv,.csv,242318,dcd0c4cdfb135e7c5d30de5237f7ebe0a5b35e13127a3bce42b8636a98328439,True,2026-06-23T11:28:53,True,False,False,True,False,,False,True,unknown
Chapter_1,analysis_governance_profiles_robustness_dev/tables/transition_sensitivity_pairwise_differences.csv,.csv,49732,b487fc553ef37a2b9777e94018c0209c205a9d39edc87e42473effbe1670a83a,True,2026-06-23T11:28:53,True,False,False,True,False,,False,True,unknown
Chapter_1,analysis_governance_profiles_robustness_dev/tables/transition_sensitivity_profile_contrasts.csv,.csv,59645,e0ee9912644564f7baa63c41d13e47ae0bd6e1083540ff1346751b4ab95f5026,True,2026-06-23T11:28:53,True,False,False,True,False,,False,True,unknown
Chapter_1,analysis_governance_profiles_robustness_dev/tables/transition_sensitivity_scenarios.csv,.csv,1260,57506728922e9b56284b5d4b31fa068200833d71ef98e7070d1c3230909048e6,True,2026-06-23T11:28:53,True,False,False,True,False,,False,True,unknown
Chapter_1,analysis_governance_profiles_robustness_dev/tables/two_stage_model_diagnostics.csv,.csv,848,179e94bef71cabdd4fc59bc402bd7602e87187862a55c0029b0c1a37d8ee4e47,True,2026-06-23T11:28:37,True,False,False,True,False,,False,True,unknown
Chapter_1,analysis_governance_profiles_robustness_dev/tables/two_stage_pairwise_differences.csv,.csv,3446,0fd774d6ef4759b16ef993e11d6d766f7521bd4f153c80528613d08d06c63d46,True,2026-06-23T11:28:37,True,False,False,True,False,,False,True,unknown
Chapter_1,analysis_governance_profiles_robustness_dev/tables/two_stage_profile_estimates.csv,.csv,2999,e66b7b41159eddbd106fcbac1a5edfdc81a43a69b4766a7b103620fb453dd7e1,True,2026-06-23T11:28:37,True,False,False,True,False,,False,True,unknown
Chapter_1,analysis_measurement_harmonization_dev/provenance/measurement_input_hashes.csv,.csv,7814,3a53813f8bdfebd0f8fd490593c475dfe4b3319434e536962f99238164ad0762,True,2026-06-24T09:26:54,True,False,False,True,False,,False,False,unknown
Chapter_1,analysis_measurement_harmonization_dev/provenance/sessionInfo.txt,.txt,1309,318dd0ca8d652c23a65607ad0f559681a3c17bb4decb594459faa0fe9772ee14,False,2026-06-24T09:28:13,True,False,False,True,False,,False,False,unknown
Chapter_1,analysis_measurement_harmonization_dev/tables/agriculture_pipeline_comparison.csv,.csv,309,cde28f450b39e9275b9ea505e0044231cffc8f1347438014f10623f43512b261,True,2026-06-24T09:27:32,True,False,False,True,False,,False,False,unknown
Chapter_1,analysis_measurement_harmonization_dev/tables/canonical_embedded_tau025_reproduction_check.csv,.csv,14717,5e5385fc850b2fc4342fcd9f6051dbf93a744ac6c3a61a4fba7702381606aa13,True,2026-06-24T09:28:11,True,False,False,False,False,,False,False,unknown
Chapter_1,analysis_measurement_harmonization_dev/tables/fire_binary_doy_consistency.csv,.csv,6437,69a8d6de031c073912b1816ec2cd0e4039f89e84d9158fa8bfa637870caf6973,True,2026-06-24T09:27:31,True,False,False,True,False,,False,False,unknown
Chapter_1,analysis_measurement_harmonization_dev/tables/fire_discrepancies_by_sesu_side.csv,.csv,17170,319229e136cd0936a15e6c61070846b4a33f24d335a03bdc3ee16815fc5c619d,True,2026-06-24T09:27:08,True,False,False,False,False,,False,False,unknown
Chapter_1,analysis_measurement_harmonization_dev/tables/fire_discrepancies_by_year.csv,.csv,1326,443db104de2aff1151435ec63810a7e8b90f4cb18e86d5bdf877ae8520c2937b,True,2026-06-24T09:27:08,True,False,False,False,False,,False,False,unknown
Chapter_1,analysis_measurement_harmonization_dev/tables/fire_pipeline_comparison.csv,.csv,583,67ed89d7b6ac248e7ed3e42e255b8309cf5263da6a88fae7c6c57151d9292ce3,True,2026-06-24T09:27:08,True,False,False,True,False,,False,False,unknown
Chapter_1,analysis_measurement_harmonization_dev/tables/harmonized_surface_summary.csv,.csv,264973,3a7911726df6c177cbe130fc20aefcb4b134f7630e5071f0b92970054df4dd27,True,2026-06-24T09:28:11,True,False,False,False,False,,False,False,unknown
Chapter_1,analysis_measurement_harmonization_dev/tables/harmonized_threshold_pairwise_differences.csv,.csv,15650,4a430d6c34bea2fc4d3e56a67de6e59bb7e3bd27410dfb5030230da288137721,True,2026-06-24T09:28:13,True,False,False,True,False,,False,False,unknown
Chapter_1,analysis_measurement_harmonization_dev/tables/harmonized_threshold_profile_contrasts.csv,.csv,14287,950d3def6b201eff55d81d1563a2eceb7e915871cd336a21b9f303f5dac18cf1,True,2026-06-24T09:28:13,True,False,False,True,False,,False,False,unknown
Chapter_1,analysis_measurement_harmonization_dev/tables/measurement_algorithm_decision_matrix.csv,.csv,3579,4d7e96552de367fca686ca568adcb8cf15b6f0eb6eb272aa9d23766d5e89876c,True,2026-06-24T09:26:55,True,True,False,True,False,,False,False,unknown
Chapter_1,analysis_measurement_harmonization_dev/tables/measurement_effect_summary.csv,.csv,2649,a7175cf7ef3b6bf5c3d2955f06be1394ddb097a65cde2439de54e050f2ffb75b,True,2026-06-24T09:28:13,True,False,False,True,False,,False,False,unknown
Chapter_1,analysis_measurement_harmonization_dev/tables/measurement_event_support.csv,.csv,2206,73ea22de8cc54291aa76b7b2e8ab9cdf173d016a1e08f8ae3e5d7a37cf9b4f68,True,2026-06-24T09:28:11,True,False,False,False,False,,False,False,unknown
Chapter_1,analysis_measurement_harmonization_dev/tables/measurement_fire_fit_diagnostics.csv,.csv,12052,1117256433c75adc4fd762cf82eedf3923938d136b06cbe1cf07772c97788202,True,2026-06-24T09:28:12,True,False,False,False,False,,False,False,unknown
Chapter_1,analysis_measurement_harmonization_dev/tables/measurement_fire_pairwise_differences.csv,.csv,3403,7f7c083feee76b8631c99ae88599eae7d825b2cab20692bcec85ef2fd19c9e3b,True,2026-06-24T09:28:12,True,False,False,False,False,,False,False,unknown
Chapter_1,analysis_measurement_harmonization_dev/tables/measurement_fire_profile_contrasts.csv,.csv,2801,47a7cdebba78a7e47d4191818aea68bb71f56d1b97cbdb43cce91b66dac1153e,True,2026-06-24T09:28:12,True,False,False,False,False,,False,False,unknown
Chapter_1,analysis_measurement_harmonization_dev/tables/measurement_grid_validation.csv,.csv,1656,023df26c3c41fc2a4e50205de5402e37491c1405345f84a0965deae27386f574,True,2026-06-24T09:26:55,True,False,False,False,False,,False,False,unknown
Chapter_1,analysis_measurement_harmonization_dev/tables/measurement_harmonization_validation_checks.csv,.csv,715,cc7e32f0ba71fb097b4f1638e7c06a40f43036325b36d15fa12e681715028dad,True,2026-06-24T09:28:13,True,False,False,True,False,,False,False,unknown
Chapter_1,analysis_measurement_harmonization_dev/tables/measurement_sparse_model_diagnostics.csv,.csv,3278,f23e64ed2a0fde691266cd569d85c96b3e0949a32bdc64464c059010f7b645ed,True,2026-06-24T09:28:13,True,False,False,False,False,,False,False,unknown
Chapter_1,analysis_measurement_harmonization_dev/tables/measurement_sparse_pairwise_differences.csv,.csv,22197,78653e0471de08406e4545810d2ed5bfebe66507d69ce97ef0f7149825f6f259,True,2026-06-24T09:28:13,True,False,False,False,False,,False,False,unknown
Chapter_1,analysis_measurement_harmonization_dev/tables/measurement_sparse_profile_estimates.csv,.csv,20471,87427708a9c982953cb9a7e24010015386b32bfe114d10380dbe75508e8b3788,True,2026-06-24T09:28:13,True,False,False,False,False,,False,False,unknown
Chapter_1,analysis_measurement_harmonization_dev/tables/measurement_sparse_sesu_year_contrasts.csv,.csv,182808,ef987e40a00130122d083fa18e46e30c48e3277cf29c32d9a84d1fdb10877839,True,2026-06-24T09:28:13,True,False,False,False,False,,False,False,unknown
Chapter_1,analysis_measurement_harmonization_dev/tables/pipeline_version_pairwise_differences.csv,.csv,10224,991761fc16a361237a8f7d147b4427af78eca1b58a1d2734d82cad41cbd34a99,True,2026-06-24T09:28:13,True,False,False,True,False,,False,False,unknown
Chapter_1,analysis_measurement_harmonization_dev/tables/pipeline_version_profile_contrasts.csv,.csv,9306,d11c4043b14f9bfaf16251d9401d2363b490d0ae0b5c77e5461ff37d9c070ef2,True,2026-06-24T09:28:13,True,False,False,True,False,,False,False,unknown
Chapter_1,analysis_measurement_harmonization_dev/tables/tree_cover_loss_cell_discrepancies.csv,.csv,6400,8bfb096e5cb4cc05395aed443ff6ba21af76ec778e2fbb78ba0563c4aaacf0c5,True,2026-06-24T09:27:31,True,False,False,False,False,,False,False,unknown
Chapter_1,analysis_measurement_harmonization_dev/tables/tree_cover_loss_mask_diagnostics.csv,.csv,279,8378b18df263ad8223e47201882b52c02941d9bcf2a656d1c88ccf0620ec192c,True,2026-06-24T09:27:31,True,False,False,True,False,,False,False,unknown
Chapter_1,analysis_measurement_harmonization_dev/tables/tree_cover_loss_pipeline_comparison.csv,.csv,327,a1ee04a677107358889200a90ec500716f2cb0b2ab3864fe4a7cc77e0a2b8eab,True,2026-06-24T09:27:31,True,False,False,True,False,,False,False,unknown
Chapter_1,analysis_spatial_falsification_dev/figures/pseudo_boundary_covariate_balance.png,.png,34233,a6fd04a7a0e304cc4d8f7a974bb27a7e97806df9bede9a758c57fdb7de06ff26,False,2026-06-24T12:07:13,True,False,False,False,False,,True,False,generated intermediate
Chapter_1,analysis_spatial_falsification_dev/figures/pseudo_boundary_map.png,.png,34112,c1d8b0a76f26a87c76c2e2348d6be12c7be4c5dfd61c4f8918de2e52a72fcac5,False,2026-06-24T12:07:12,True,False,False,False,False,,True,False,generated intermediate
Chapter_1,analysis_spatial_falsification_dev/provenance/sessionInfo.txt,.txt,1263,11b86b220c4fc94f448b09ae626014259c2a82a4b12a501129df5459b830ac4a,False,2026-06-24T12:07:13,True,False,False,True,False,,False,False,unknown
Chapter_1,analysis_spatial_falsification_dev/tables/pseudo_boundary_balance_summary.csv,.csv,3085,b86da9dae00b6c77e7269879f9e7be8335f7843d0d3c5abc4d287202ef852665,True,2026-06-24T12:06:57,True,False,False,True,False,,False,False,unknown
Chapter_1,analysis_spatial_falsification_dev/tables/pseudo_boundary_candidate_registry.csv,.csv,4497,5fb0e80ff7bb0ddc8246885f7e03561422fad510edd3a4f5db58d646a5bdc7c7,True,2026-06-24T12:06:42,True,False,False,True,False,,False,False,unknown
Chapter_1,analysis_spatial_falsification_dev/tables/pseudo_boundary_covariate_balance.csv,.csv,41928,70dc59fa4fa32e80f36bfc90b20df8e7297f37d514bcc85764811afee9ca8adf,True,2026-06-24T12:06:57,True,False,False,True,False,,False,False,unknown
Chapter_1,analysis_spatial_falsification_dev/tables/pseudo_boundary_matching_scores.csv,.csv,13145,2f4290e46183d8feaf775317a92f8b0fe515ad599be19f57b6bab6a38ee4f19e,True,2026-06-24T12:06:57,True,False,False,True,False,,False,False,unknown
Chapter_1,analysis_spatial_falsification_dev/tables/pseudo_boundary_preoutcome_stop_reasons.csv,.csv,355,de75af7d3c7e70f8ab0a0ef8514e88bc0dbad34a7cc4b8183828c4e65ea09e18,True,2026-06-24T12:06:57,True,False,False,True,False,,False,False,unknown
Chapter_1,analysis_spatial_falsification_dev/tables/pseudo_boundary_selected_set.csv,.csv,4333,cc2f3051c75c45d76104862aac4a6572e49dbf8efb44c76fa36749d289e548b5,True,2026-06-24T12:06:57,True,False,False,True,False,,False,False,unknown
Chapter_1,analysis_spatial_falsification_revised_dev/figures/actual_vs_spaced_outer_comparison.png,.png,41528,91801eaa31af1a5f374dd5e769617673b7281683215389c3ac0f3583ff5dfa43,False,2026-06-24T12:51:30,True,False,False,True,False,,True,True,generated intermediate
Chapter_1,analysis_spatial_falsification_revised_dev/figures/fire_profile_contrasts_by_boundary_center.png,.png,91835,b0aaa4ab54e5d3cdb09413f35ae897f370212f6b21aaedc567f714bf61bbcdad,False,2026-06-24T12:51:29,True,False,False,True,False,,True,True,generated intermediate
Chapter_1,analysis_spatial_falsification_revised_dev/figures/revised_boundary_covariate_balance.png,.png,50105,3f1c4f06c688b660b54e797ea5abafea40ffa40aa2d1acb6c73084f33246d10c,False,2026-06-24T12:51:28,True,False,False,True,False,,True,True,generated intermediate
Chapter_1,analysis_spatial_falsification_revised_dev/figures/revised_pseudo_boundary_map.png,.png,1449420,3d31f3d33f010658bde4337ffec9d1c4873db17384ff95d2b68e1f45b1878558,False,2026-06-24T12:51:27,True,False,False,True,False,,True,True,generated intermediate
Chapter_1,analysis_spatial_falsification_revised_dev/figures/sparse_profile_contrasts_by_boundary_center.png,.png,139261,ed27fc9259daa8d50074bbf496754d3b8caf960ca0f487eab3361d6957396374,False,2026-06-24T12:51:29,True,False,False,True,False,,True,True,generated intermediate
Chapter_1,analysis_spatial_falsification_revised_dev/provenance/sessionInfo.txt,.txt,1789,e6d02264c1f27652a62b0e9c2ebf6ab8710e1f0e92caeaf499230acd530d0434,False,2026-06-24T12:51:30,True,False,False,True,False,,False,True,unknown
Chapter_1,analysis_spatial_falsification_revised_dev/tables/actual_boundary_reproduction_check.csv,.csv,304,57cee332e44c1325779a5e64ab6adbea69f599151f43eaa9822286888b007e47,True,2026-06-24T12:51:16,True,False,False,True,False,,False,True,unknown
Chapter_1,analysis_spatial_falsification_revised_dev/tables/actual_vs_all_outer_summary.csv,.csv,4427,66b0c577dc51bdf2a8bdb9777a183b3744873f0fb0f1b7d4134a04e150507267,True,2026-06-24T12:51:16,True,False,False,True,False,,False,True,unknown
Chapter_1,analysis_spatial_falsification_revised_dev/tables/actual_vs_spaced_outer_pairwise_comparison.csv,.csv,2183,1f94adbda69f5285adce782d6f6ff779f859a5ffcb684ef9f201ae414e299082,True,2026-06-24T12:51:16,True,False,False,True,False,,False,True,unknown
Chapter_1,analysis_spatial_falsification_revised_dev/tables/actual_vs_spaced_outer_profile_comparison.csv,.csv,1949,4d6095bc30b7c165074aeedada33a900962ddbfa74318256ec74ba8a8283a37d,True,2026-06-24T12:51:16,True,False,False,True,False,,False,True,unknown
Chapter_1,analysis_spatial_falsification_revised_dev/tables/boundary_specificity_classification.csv,.csv,2021,ba05c8e38e0adf13681e2547e7af0ceb09a5baeb2cf10c06ab5a1af7153e5c50,True,2026-06-24T12:51:16,True,False,False,True,False,,False,True,unknown
Chapter_1,analysis_spatial_falsification_revised_dev/tables/boundary_surface_summary.csv,.csv,492147,5c391878cac36095075f787a7ce50add0e5a886a8dbe1496f75c59380c2debf4,True,2026-06-24T12:51:05,True,False,False,True,True,,False,True,unknown
Chapter_1,analysis_spatial_falsification_revised_dev/tables/fire_boundary_fit_diagnostics.csv,.csv,19835,08c4c36592e7e31ef5c71167d3780daa1ace9bdf71be7c58a71d41e2b63df93e,True,2026-06-24T12:51:14,True,False,False,True,False,,False,True,unknown
Chapter_1,analysis_spatial_falsification_revised_dev/tables/fire_boundary_pairwise_differences.csv,.csv,8896,c5ffcc866ab0cca05fc6383cba236379d29a4dd1692e14f4926171cff43eb075,True,2026-06-24T12:51:14,True,False,False,True,False,,False,True,unknown
Chapter_1,analysis_spatial_falsification_revised_dev/tables/fire_boundary_profile_contrasts.csv,.csv,9428,0cca4133e4d6e678e405cf3170167b17affde0b2107115393fed12e5eb102dfc,True,2026-06-24T12:51:14,True,False,False,True,False,,False,True,unknown
Chapter_1,analysis_spatial_falsification_revised_dev/tables/fire_boundary_retained_fits.csv,.csv,6983,d3fe2f0ab41f19fcce8225f7c02d6aee7183db134df71ca2462422fbed946365,True,2026-06-24T12:51:14,True,False,False,True,False,,False,True,unknown
Chapter_1,analysis_spatial_falsification_revised_dev/tables/inner_check_pairwise_results.csv,.csv,2731,cedc56e1b53f421f0d0a40778cef86820fdd272a099213050818f6d7df42f020,True,2026-06-24T12:51:16,True,False,False,True,False,,False,True,unknown
Chapter_1,analysis_spatial_falsification_revised_dev/tables/inner_check_profile_results.csv,.csv,2474,32e9d9506e2156d340acb78517bf96ad3ba3ef6b4dbb0fee95ab53dba83f5665,True,2026-06-24T12:51:16,True,False,False,True,False,,False,True,unknown
Chapter_1,analysis_spatial_falsification_revised_dev/tables/outer_gradient_pairwise_results.csv,.csv,17833,a732536659803a253a37e50fd209d67e88a554ecce7c5ae49058a51996c68418,True,2026-06-24T12:51:16,True,False,False,True,False,,False,True,unknown
Chapter_1,analysis_spatial_falsification_revised_dev/tables/outer_gradient_profile_results.csv,.csv,15681,dceb9d53323b8072a0d86f131d7591788ce1183fa73f02d37bbacf7bc7d4e079,True,2026-06-24T12:51:16,True,False,False,True,False,,False,True,unknown
Chapter_1,analysis_spatial_falsification_revised_dev/tables/revised_boundary_balance_summary.csv,.csv,5754,d9848997d0a837e82d099e8723fb0c0083643f392850462bff63dd499997ad0d,True,2026-06-24T12:50:52,True,False,False,True,False,,False,True,unknown
Chapter_1,analysis_spatial_falsification_revised_dev/tables/revised_boundary_covariate_balance.csv,.csv,52057,0a601b1764a5f5664a32334e6b7f5e1b15496b9de40652061c8216617e85b2e1,True,2026-06-24T12:50:52,True,False,False,True,False,,False,True,unknown
Chapter_1,analysis_spatial_falsification_revised_dev/tables/revised_boundary_registry.csv,.csv,2965,a214f8b470cbcc0ebb9dc4df78bdced6318ef623492e802e4b804df1e060c1bf,True,2026-06-24T12:50:39,True,False,False,True,False,,False,True,unknown
Chapter_1,analysis_spatial_falsification_revised_dev/tables/sparse_boundary_pairwise_differences.csv,.csv,38010,516108cc3bb3c04a1173d7f1b97f9c9f74749d683d02bf87161d1087ddbbc56a,True,2026-06-24T12:51:16,True,False,False,True,False,,False,True,unknown
Chapter_1,analysis_spatial_falsification_revised_dev/tables/sparse_boundary_profile_estimates.csv,.csv,41134,1e988dee2f70568dd11ed4e26f95934fb108094ee491190b99402ad99f910a58,True,2026-06-24T12:51:16,True,False,False,True,False,,False,True,unknown
Chapter_1,analysis_spatial_falsification_revised_dev/tables/sparse_boundary_sesu_year_contrasts.csv,.csv,648213,e3df3b345415615aa109a1b69007501f5cb3a81c61902135d00c2c4e460bc947,True,2026-06-24T12:51:16,True,False,False,True,False,,False,True,unknown
Chapter_1,analysis_spatial_falsification_revised_dev/tables/sparse_boundary_support.csv,.csv,2810,3d246e3ecf46b5dbaa45e06f0640babb8c87f6b739470c5f86815e03fa0874e0,True,2026-06-24T12:51:16,True,False,False,True,False,,False,True,unknown
Chapter_1,analysis_spatial_threshold_sensitivity_dev/figures/covariate_balance_by_buffer.png,.png,19240,f2e709920f4296212e93cb4152f16e06b3ed28df16f33a8ce0bb09157561286d,False,2026-06-23T23:34:34,True,False,False,False,False,,True,True,generated intermediate
Chapter_1,analysis_spatial_threshold_sensitivity_dev/figures/event_support_by_threshold_and_buffer.png,.png,32987,45ef96200765820d69653d732df98ba9265869297979bab5506f34924d8b4d47,False,2026-06-23T23:34:35,True,False,False,False,False,,True,True,generated intermediate
Chapter_1,analysis_spatial_threshold_sensitivity_dev/figures/profile_contrasts_by_threshold_and_buffer.png,.png,84293,ba7f95da060673876b5e0b2c95ec19634047dccfa578e54593156384eca95464,False,2026-06-23T23:34:36,True,False,False,False,False,,True,True,generated intermediate
Chapter_1,analysis_spatial_threshold_sensitivity_dev/provenance/disturbance_threshold_manifest_resolved.csv,.csv,8943,42b33b79e73f55ac70d625a08503504f86f5bb6245cde51efe6cc1511a9593ed,True,2026-06-23T23:33:17,True,False,False,False,False,,False,True,unknown
Chapter_1,analysis_spatial_threshold_sensitivity_dev/provenance/sessionInfo.txt,.txt,1789,e6d02264c1f27652a62b0e9c2ebf6ab8710e1f0e92caeaf499230acd530d0434,False,2026-06-23T23:34:36,True,False,False,True,False,,False,True,unknown
Chapter_1,analysis_spatial_threshold_sensitivity_dev/provenance/tau025_reproduction_audit.md,.md,9371,347bc0fdec2f3a23f74e4157d65e4a3a7fcbb6747194636d0f5750d2c9e5fcb4,True,2026-06-23T23:33:31,True,False,False,False,False,,False,True,unknown
Chapter_1,analysis_spatial_threshold_sensitivity_dev/tables/covariate_balance_by_sesu.csv,.csv,20261,5b35e39ff87a22cf61e08769b38f37bc635788884e8847b27113ce849c0c9876,True,2026-06-23T23:34:21,True,False,False,False,False,,False,True,unknown
Chapter_1,analysis_spatial_threshold_sensitivity_dev/tables/covariate_balance_summary.csv,.csv,1003,d42daa4b02718bd84b8ff428070aef8555961281765c8688df88d9414a16a043,True,2026-06-23T23:34:21,True,False,False,False,False,,False,True,unknown
Chapter_1,analysis_spatial_threshold_sensitivity_dev/tables/event_support_detailed.csv,.csv,368615,93cc72feadda2b0db01042824b6f9a9d55e733b0810346a063a6b84f0a6f5ddc,True,2026-06-23T23:34:16,True,False,False,False,False,,False,True,unknown
Chapter_1,analysis_spatial_threshold_sensitivity_dev/tables/event_support_summary.csv,.csv,45100,c5d288bb3097296e025ae95d18e2c33e82ab247c9e5b92ec9b4dbab1fe198f01,True,2026-06-23T23:34:16,True,False,False,True,False,,False,True,unknown
Chapter_1,analysis_spatial_threshold_sensitivity_dev/tables/fire_fit_diagnostics.csv,.csv,17882,fa5660274c55a453282060b41c1d04e2fd2699e662cf5df04601269064db6648,True,2026-06-23T23:34:27,True,False,False,False,False,,False,True,unknown
Chapter_1,analysis_spatial_threshold_sensitivity_dev/tables/fire_pairwise_differences.csv,.csv,4274,c3459395588b88a8ef6a70b798d089aba0ea3cd16d74cec172274aa32b7d456b,True,2026-06-23T23:34:27,True,False,False,False,False,,False,True,unknown
Chapter_1,analysis_spatial_threshold_sensitivity_dev/tables/fire_profile_contrasts.csv,.csv,3377,5ca80ecc7168f18111d03f2ffe0279513e8d6c81aa1313aee5324fd6bf7bb6c7,True,2026-06-23T23:34:27,True,False,False,False,False,,False,True,unknown
Chapter_1,analysis_spatial_threshold_sensitivity_dev/tables/input_raster_validation.csv,.csv,9754,b8aaa12422a8be4b74521719dfe7c30b305f20cf2d3c9a03111134c8b44c0ecb,True,2026-06-23T23:33:18,True,False,False,False,False,,False,True,unknown
Chapter_1,analysis_spatial_threshold_sensitivity_dev/tables/rare_outcome_beta_binomial_diagnostics.csv,.csv,37770,917f7cd067285fa917a03c6ff7861647b616ca7185a7ce8d711f1a42d4f69633,True,2026-06-23T23:34:27,True,False,False,False,False,,False,True,unknown
Chapter_1,analysis_spatial_threshold_sensitivity_dev/tables/rare_outcome_beta_binomial_profile_contrasts.csv,.csv,6845,632ab655cf38f2fed6afa78b0dbe8483f5f8ca2131e95f9b4bf8f1fb979cc5ae,True,2026-06-23T23:34:27,True,False,False,False,False,,False,True,unknown
Chapter_1,analysis_spatial_threshold_sensitivity_dev/tables/sparse_outcome_model_diagnostics.csv,.csv,4263,f7d740542ef25ef961ea6c0a0f697d8201ab24836573a6aa2967f4b5c284313c,True,2026-06-23T23:34:28,True,False,False,False,False,,False,True,unknown
Chapter_1,analysis_spatial_threshold_sensitivity_dev/tables/sparse_outcome_pairwise_differences.csv,.csv,31850,921b1a2e6f4d00fc394e2ea8ac52a59285845c8be055d26fbb16353402b90b71,True,2026-06-23T23:34:28,True,False,False,True,False,,False,True,unknown
Chapter_1,analysis_spatial_threshold_sensitivity_dev/tables/sparse_outcome_profile_estimates.csv,.csv,29259,14ca9936d18b6a3110a0c78aa4756939a7d014fc962d32efcc2e598758c58e4e,True,2026-06-23T23:34:28,True,False,False,True,False,,False,True,unknown
Chapter_1,analysis_spatial_threshold_sensitivity_dev/tables/sparse_outcome_sesu_year_contrasts.csv,.csv,249761,353114a8b3ba6f6fa98e3aff80d21129e095dabeeffc96b68a5f570a28d4afc5,True,2026-06-23T23:34:28,True,False,False,False,False,,False,True,unknown
Chapter_1,analysis_spatial_threshold_sensitivity_dev/tables/sparse_strata_flags.csv,.csv,8950,558e1ba8e881f2268635b028aea4078578918e60cfa5df09b49525d65791825a,True,2026-06-23T23:34:16,True,False,False,False,False,,False,True,unknown
Chapter_1,analysis_spatial_threshold_sensitivity_dev/tables/spatial_design_decision_matrix.csv,.csv,1804,3aa5cb4fc08b1492c523414eecb6df6ca67e9c6f703b1fcf934ca4eaff752ac8,True,2026-06-23T23:34:28,True,False,False,True,False,,False,True,unknown
Chapter_1,analysis_spatial_threshold_sensitivity_dev/tables/spatial_threshold_contrast_comparison.csv,.csv,17246,50a64d92141c3e56163e5669d10374231128a72b3160ec766240ab0312350d81,True,2026-06-23T23:34:28,True,False,False,True,False,,False,True,unknown
Chapter_1,analysis_spatial_threshold_sensitivity_dev/tables/spatial_threshold_pairwise_comparison.csv,.csv,19480,769cd47c5ce1f9cafbf5caf35f3a1a9602dc8534a74c310b80bdb1e361853957,True,2026-06-23T23:34:28,True,False,False,True,False,,False,True,unknown
Chapter_1,analysis_spatial_threshold_sensitivity_dev/tables/spatial_threshold_stability_summary.csv,.csv,1442,61390a7bac04e259c24a52e5ba10136b993ab8f3c564b62d857304b96fdcf92e,True,2026-06-23T23:34:28,True,False,False,False,False,,False,True,unknown
Chapter_1,analysis_spatial_threshold_sensitivity_dev/tables/tau025_allcell_reproduction_check.csv,.csv,14717,7c95b5d6110280e5566907d5a03d5104b1fee248c66dfe10c9bbe010403bc47a,True,2026-06-23T23:34:16,True,False,False,False,False,,False,True,unknown
Chapter_1,analysis_spatial_threshold_sensitivity_dev/tables/tau025_cell_value_discrepancies_summary.csv,.csv,5109,42a4e2cb7be731206f4d1f365017c202f5b904b28bc3a54156fe79ba9d12382b,True,2026-06-23T23:33:31,True,False,False,False,False,,False,True,unknown
Chapter_1,analysis_spatial_threshold_sensitivity_dev/tables/tau025_input_comparison.csv,.csv,11436,0eae99aa37eff85f257cf191843998ea4b11378509c3b176581878fcdc2de2cb,True,2026-06-23T23:33:31,True,False,False,False,False,,False,True,unknown
Chapter_1,backup/Chapter_1_10022026/Chapter_1/chapter 1 manuscript.docx,.docx,1744458,4a73c792c866620ddbae99d8c3540bc7ff8b5ea1898d369ec50685d488c51057,False,2026-02-10T10:43:56,True,True,False,False,False,,False,False,unknown
Chapter_1,backup/Chapter_1_10022026/Chapter_1/history manuscript.docx,.docx,81225511,e3f3e59861d1cb9f6ba6bdf0ad576fc8c939b0abab506b8cd65084241fcf08bb,False,2026-02-09T14:23:36,True,True,False,False,False,,False,False,unknown
Chapter_1,backup/Chapter_1_10022026/Chapter_1/Script 0_data acquisition.txt,.txt,24871,48956c979f3734efb427fb65e14bde8f58838e45fe087a5730d8f8a008e0bc3f,False,2026-02-10T09:30:16,True,False,False,True,False,,False,False,unknown
Chapter_1,backup/Chapter_1_10022026/Chapter_1/Script 1_Fire agri preprocessing.R,.r,7514,f6250dbaff187c7dc59077a86d14cd6b96187a0f99fc6bc1d6432345ff12a400,False,2026-02-10T10:37:56,True,False,False,True,False,,False,False,unknown
Chapter_1,backup/Chapter_1_10022026/Chapter_1/Script 2_SESU clustering.R,.r,18356,530576eb670d69fcbf40f0274d42422774a6d02bc56048e0c5a24b26147fb563,False,2026-02-10T09:30:30,True,False,False,True,False,,False,False,unknown
Chapter_1,backup/Chapter_1_10022026/Chapter_1/Script 3_RS data preparation.R,.r,26705,e5ea0176a13795e4e3aab7958292af49b06074eb0cb2716b61b6350c2be31215,False,2026-02-10T09:34:50,True,False,False,True,False,,False,False,unknown
Chapter_1,backup/Chapter_1_10022026/Chapter_1/Script 4_population data.R,.r,9522,c2d773ee9ad5aa01dfe0f6c3dbb25deaabe02ccb630b045340595b61b55eaba3,False,2026-02-06T15:01:20,True,False,False,True,False,,False,False,unknown
Chapter_1,backup/Chapter_1_10022026/Chapter_1/Script 5_models.R,.r,19621,ee5fbfe813e9334ea413f3e01de07bdc0548e345d8ff45e995680b366aa32acc,False,2026-02-10T09:35:54,True,False,False,False,False,,False,False,unknown
Chapter_1,backup/Chapter_1_10022026/Chapter_1/Script X_ORACLE.R,.r,4411,7463306eae929f5e2365c53e095d2ad5826c836e66febdbf4bd021f433297938,False,2026-02-10T09:29:34,True,False,False,False,False,,False,False,unknown
Chapter_1,backup/Chapter_1_10022026/Chapter_1/SESU figure.png,.png,3870994,670eb16250e523cacada9d8a863ed7941b41ae45b3081250a0eb7abafba1c0d3,False,2026-02-06T14:15:18,True,False,False,False,False,,True,False,generated intermediate
Chapter_1,backup/Chapter_1_10022026/Chapter_1/data/accessibility_cities_2015_500m_epsg32735.tif,.tif,1066458,4672e4cd5f7ddab2561befe922fdf7d546e5894e6a99f567629a8b016109fb4c,False,2026-02-01T12:41:06,True,False,False,False,False,,False,False,unknown
Chapter_1,backup/Chapter_1_10022026/Chapter_1/data/AFCD_stack.tif,.tif,31896288,2fea7f5f1ef56f76688de00da036862924cac7580d201a028a21fd3444d2d4e0,False,2025-10-14T13:58:40,True,False,False,False,False,,False,False,unknown
Chapter_1,backup/Chapter_1_10022026/Chapter_1/data/climate_summaries_1981_2010_500m_epsg32735.tif,.tif,2669583,86fe75a3d4432a7397029798dec7e839b81ccc97ae30fe51625d78bbaf2e7a06,False,2026-02-01T10:19:26,True,False,False,False,False,,False,False,unknown
Chapter_1,backup/Chapter_1_10022026/Chapter_1/data/dem_copernicus_glo30_mean_500m_epsg32735.tif,.tif,1072437,fb027a4ca8ede5c7ccbe865ce9d0f1e52705df8a9f784f2d54f358e1f850e37f,False,2026-02-01T12:41:06,True,False,False,False,False,,False,False,unknown
Chapter_1,backup/Chapter_1_10022026/Chapter_1/data/dist_domaine_chasse_signed_m_500m_epsg32735.tif,.tif,1927906,5bde8d0100aeede46230374f6cadde3e9695918cd55fe02811ad2f82fd27815e,False,2026-02-01T12:41:06,True,False,False,False,False,,False,False,unknown
Chapter_1,backup/Chapter_1_10022026/Chapter_1/data/dist_parc_national_signed_m_500m_epsg32735.tif,.tif,2115086,264aac9182aeeb6aa72d03bae95abb034c13a2831a2b3b37cdd4ac07b3052607,False,2026-02-01T12:41:06,True,False,False,False,False,,False,False,unknown
Chapter_1,backup/Chapter_1_10022026/Chapter_1/data/dist_perm_water_m_500m_epsg32735.tif,.tif,962479,70fa4dfc60698aca9c10ffbd0791111a3b44cb442a7dfacb72422dcec5540b93,False,2026-02-01T12:41:06,True,False,False,False,False,,False,False,unknown
Chapter_1,backup/Chapter_1_10022026/Chapter_1/data/dist_zone_annexe_signed_m_500m_epsg32735.tif,.tif,2247074,10d1804a2c45e237c47052e06c4e3672a0db68517f305820747b34db32473d07,False,2026-02-01T12:41:06,True,False,False,False,False,,False,False,unknown
Chapter_1,backup/Chapter_1_10022026/Chapter_1/data/FireCCI51_season_DOYmin_tau_and_binary_2001_2020_500m_epsg32735.tif,.tif,5088495,392761ef4aca4ce3eafcdd532acb82fe9c7b3e0648dd54015a8ec25719eec215,False,2026-02-10T05:41:44,True,False,False,False,False,,False,False,unknown
Chapter_1,backup/Chapter_1_10022026/Chapter_1/data/fireDOY_season_2021_500m_tau0.25.tif,.tif,203190,c3cd9c027abf72c7ee13b20b6cc143bdbaf70fbe4340295c8911579528ad5b7a,False,2026-02-10T05:54:16,True,False,False,False,False,,False,False,unknown
Chapter_1,backup/Chapter_1_10022026/Chapter_1/data/fireDOY_season_2022_500m_tau0.25.tif,.tif,200078,c0a692e7224891f2f979bb046e2f08037e242c1af238ca389ee00688d4bea5e5,False,2026-02-10T06:09:54,True,False,False,False,False,,False,False,unknown
Chapter_1,backup/Chapter_1_10022026/Chapter_1/data/gfc_lossyear_earliest_anysubpixel_500m_epsg32735.tif,.tif,128079,b6bf66d0abd43652fdd9ea8b8477ca999194b816eb1a596c947df30a6ca4adbc,False,2026-02-01T10:19:26,True,False,False,False,False,,False,False,unknown
Chapter_1,backup/Chapter_1_10022026/Chapter_1/data/gfc_treecover2000_meanpct_500m_epsg32735.tif,.tif,1127808,9e70ee772aba4ec77554b60ce20d53e23fc6245d04494d4489593bb1108b1628,False,2026-02-01T12:41:06,True,False,False,True,False,,False,False,unknown
Chapter_1,backup/Chapter_1_10022026/Chapter_1/data/gfc_year_deforest_majority_tau_500m_epsg32735.tif,.tif,15985,af19ec9bd3c8ac7d78aea41493e5a34f7fd56c3a1b2d77d4216bad7ded6de9d4,False,2026-02-10T05:43:34,True,False,False,False,False,,False,False,unknown
Chapter_1,backup/Chapter_1_10022026/Chapter_1/data/ghsl_built_surface_SUM_500m_1975_2030_step5_epsg32735.tif,.tif,2238417,1e481249b3d264224d8461b06f52b21abd834d03d1b2a3b1c1901d8eb791bb1e,False,2026-02-01T13:10:00,True,False,False,True,False,,False,False,unknown
Chapter_1,backup/Chapter_1_10022026/Chapter_1/data/ghsl_year_urban_earliest_500m_epsg32735.tif,.tif,24267,cd55c7b6e1054a368dadb67a5099854e56734cb2ae7d12cc5e3574d5c783677a,False,2026-02-01T10:19:26,True,False,False,False,False,,False,False,unknown
Chapter_1,backup/Chapter_1_10022026/Chapter_1/data/ghsl_year_urban_majority_tau_500m_epsg32735.tif,.tif,9979,c017186b96349678bd9efb65bd97b47772371d29b3f12c9deb7239554bee9af8,False,2026-02-10T05:41:32,True,False,False,False,False,,False,False,unknown
Chapter_1,backup/Chapter_1_10022026/Chapter_1/data/governance_covariates.csv,.csv,551,05a144abdbe219d8368422857a654558cf6d4f2d851b444a6ba05a0e411f29da,False,2026-02-10T09:00:32,True,False,False,True,False,,False,False,unknown
Chapter_1,backup/Chapter_1_10022026/Chapter_1/data/land_mask_nonwater_500m_epsg32735.tif,.tif,6589,5adf695beeed37ac7047e0ae1a61e238749c530e590056ac9bc122463fb11fdb,False,2026-02-01T12:41:06,True,False,False,False,False,,False,False,unknown
Chapter_1,backup/Chapter_1_10022026/Chapter_1/data/openbuildings_fractional_count_SUM_500m_2016_2023_epsg32735.tif,.tif,3220393,f372a6f1727963539b1199a2d4de5c5a565589d0b87e99266ddfa1050d2ba90e,False,2026-02-01T12:41:06,True,False,False,True,False,,False,False,unknown
Chapter_1,backup/Chapter_1_10022026/Chapter_1/data/PA_designations.cpg,.cpg,5,3ad3031f5503a4404af825262ee8232cc04d4ea6683d42c5dd0a2f2a27ac9824,False,2026-01-30T13:53:06,True,False,False,False,False,,False,False,unknown
Chapter_1,backup/Chapter_1_10022026/Chapter_1/data/PA_designations.dbf,.dbf,2543,d4374ce915a5a8f3364be6808f780bb5acf4cfed1f6b70f0bd3e9d337efce3f6,False,2026-01-30T13:53:06,True,False,False,False,False,,False,False,unknown
Chapter_1,backup/Chapter_1_10022026/Chapter_1/data/PA_designations.prj,.prj,145,a02a27b1d1982c8516d83398e85a3c8b1aef1713c13ef4d84d7bde17430c07c4,False,2026-01-30T13:53:06,True,False,False,False,False,,False,False,unknown
Chapter_1,backup/Chapter_1_10022026/Chapter_1/data/PA_designations.qmd,.qmd,666,e3b1998cc1b02393fb0e6d2cf0cf7159f7af5e0cbcc28d0e4013e37973d96c67,False,2026-01-30T13:53:06,True,False,False,False,False,,False,False,unknown
Chapter_1,backup/Chapter_1_10022026/Chapter_1/data/PA_designations.shp,.shp,260336,65c92bb111cbce883df32c117599a66fed69871c382489d8e37a6d9e197479fa,False,2026-01-30T13:53:06,True,False,False,True,False,,False,False,unknown
Chapter_1,backup/Chapter_1_10022026/Chapter_1/data/PA_designations.shx,.shx,124,97c141bb9a2b23d591069b8f1df4628270af120736f6934406cd3bfa187cfeef,False,2026-01-30T13:53:06,True,False,False,False,False,,False,False,unknown
Chapter_1,backup/Chapter_1_10022026/Chapter_1/data/soilgrids_0_30cm_mean_500m_epsg32735.tif,.tif,4472361,41ad1ea908e10302b3433336bd7b7f7dfe6d643a1d6d1c38490a7604b9fbbb1d,False,2026-02-01T12:41:06,True,False,False,False,False,,False,False,unknown
Chapter_1,backup/Chapter_1_10022026/Chapter_1/data/studyarea_chapter1.geojson,.geojson,369,2f8d63b84b90af31e878c6b56b1138b7774af4a3cb56199d9a0fcb97ee0ccd5a,False,2025-10-12T12:00:44,True,False,False,True,False,,False,False,unknown
Chapter_1,backup/Chapter_1_10022026/Chapter_1/data/year_agri_500m_tau0.25_2001_2022.tif,.tif,21478,6a4c3bcae64e17a1087ec9cc4e78e4c0aa902ab87d1da96c2623237456e0e19b,False,2026-02-10T06:13:08,True,False,False,False,False,,False,False,unknown
Chapter_1,backup/Chapter_1_10022026/Chapter_1/run_2026_02_10/corridor_pixel_counts_by_SESU_PA_side.csv,.csv,338,0497433d5d974c373ceb8a0add1a7a056c7ba4d8b4b4ba7c99216b8b73c17537,False,2026-02-10T08:22:28,True,False,False,False,False,,False,False,unknown
Chapter_1,backup/Chapter_1_10022026/Chapter_1/run_2026_02_10/corridor_pixel_counts_by_SESU_side.csv,.csv,135,3aec80e1d23457aa09592c29739be632b89a1d9931bec9452a189bf451085e8b,False,2026-02-10T08:22:28,True,False,False,False,False,,False,False,unknown
Chapter_1,backup/Chapter_1_10022026/Chapter_1/run_2026_02_10/corridor_selected_SESU_side_classes.tif,.tif,69573,cb3d0ae2d4435830bc044a27595c031419a4e67e58b77046703775082eb0ca48,False,2026-02-10T08:23:32,True,False,False,False,False,,False,False,unknown
Chapter_1,backup/Chapter_1_10022026/Chapter_1/run_2026_02_10/corridor_selected_SESU_side_classes_legend.csv,.csv,139,ade1b31f90c73a53d199b661a74ccd55085bbf76959db94e289b4c206e8428eb,False,2026-02-10T08:23:32,True,False,False,False,False,,False,False,unknown
Chapter_1,backup/Chapter_1_10022026/Chapter_1/run_2026_02_10/elbow_plot.png,.png,103234,2901239536db2ae984ca37c236ac2b4758ed929f61aee8dc701bce1d6c5f62fb,False,2026-02-10T06:21:08,True,False,False,False,False,,True,False,generated intermediate
Chapter_1,backup/Chapter_1_10022026/Chapter_1/run_2026_02_10/kmeans_best_k_silhouette.txt,.txt,36,a78d683855388ccfa0f74d2c216823d18348d0b4dbf1a796856451f3be78e12f,False,2026-02-10T06:19:00,True,False,False,False,False,,False,False,unknown
Chapter_1,backup/Chapter_1_10022026/Chapter_1/run_2026_02_10/kmeans_seed_stability_ARI.csv,.csv,159,fd936d3e8003473ad23080d8682bac9d484ca86010bae7adcf65cf3d990c58db,False,2026-02-10T06:21:56,True,False,False,False,False,,False,False,unknown
Chapter_1,backup/Chapter_1_10022026/Chapter_1/run_2026_02_10/kmeans_silhouette_by_k.csv,.csv,322,82f787a7c84fc97ca178048bec71a3518e4a70425df516665c01ca99b1f85562,False,2026-02-10T06:19:00,True,False,False,False,False,,False,False,unknown
Chapter_1,backup/Chapter_1_10022026/Chapter_1/run_2026_02_10/oracle_boundary_1to10_long_REAL_NP.csv,.csv,13234,75d094d9d96558ef59ca107222fe667f4c488b32c87ff3af783345d2501ab871,False,2026-02-10T08:23:32,True,False,False,False,False,,False,False,unknown
Chapter_1,backup/Chapter_1_10022026/Chapter_1/run_2026_02_10/oracle_boundary_1to10_wide_REAL_NP.csv,.csv,1125,31149b6c485b663b1815d609d604d9b56a4da217c797d611a64ae9f0dc5bde83,False,2026-02-10T08:32:54,True,False,False,False,False,,False,False,unknown
Chapter_1,backup/Chapter_1_10022026/Chapter_1/run_2026_02_10/pop_total_by_sesu_year.csv,.csv,3229,e66969d44dfd346fc6b1c46e2e976d9cd03aec88347ecd341fe8aab74b0c9dba,False,2026-02-10T06:29:26,True,False,False,True,False,,False,False,unknown
Chapter_1,backup/Chapter_1_10022026/Chapter_1/run_2026_02_10/rs_surfaces_long.csv,.csv,42472,8f24b747bcebc33d96dd5dc4270f761a284e0cde74f164e8fc0566f49caeb4d6,False,2026-02-10T08:23:30,True,False,False,True,False,,False,False,unknown
Chapter_1,backup/Chapter_1_10022026/Chapter_1/run_2026_02_10/sessionInfo.txt,.txt,2128,7412f751a4c80aadf5617c1ffa3a3973a125f1ba879168b72f18244415124d68,False,2026-02-10T06:17:54,True,False,False,True,False,,False,False,unknown
Chapter_1,backup/Chapter_1_10022026/Chapter_1/run_2026_02_10/SESU_area_after_cleaning.csv,.csv,105,40f80618ed9d95a806f61c8e4604823996057faccd8379e7456c0bbd6b6cfad2,False,2026-02-10T06:22:14,True,False,False,False,False,,False,False,unknown
Chapter_1,backup/Chapter_1_10022026/Chapter_1/run_2026_02_10/SESU_area_before_cleaning.csv,.csv,96,b7a550ee164be04873a31b38ed718904a8ec6405cfb3d8d665dec85e80bb466e,False,2026-02-10T06:22:14,True,False,False,False,False,,False,False,unknown
Chapter_1,backup/Chapter_1_10022026/Chapter_1/run_2026_02_10/SESU_covariates_500m.tif,.tif,24212836,61bb84c24b56717ad2ae429caa936569d919526bdc8300f601678f20165c09c3,False,2026-02-10T06:22:14,True,False,False,True,False,,False,False,unknown
Chapter_1,backup/Chapter_1_10022026/Chapter_1/run_2026_02_10/SESU_features_used.txt,.txt,358,39ff713fae5fa3e73c1d05134ef09a3558f87136f1462becdbe85c5f3652b66a,False,2026-02-10T06:17:56,True,False,False,False,False,,False,False,unknown
Chapter_1,backup/Chapter_1_10022026/Chapter_1/run_2026_02_10/SESU_feature_summary.csv,.csv,885,1fe9599790ef621f6f6dfc83f2c8994ebb8ab92ac79c106c5573574cc72faa61,False,2026-02-10T06:17:56,True,False,False,False,False,,False,False,unknown
Chapter_1,backup/Chapter_1_10022026/Chapter_1/run_2026_02_10/SESU_ID_500m.tif,.tif,27608,82bf53a13d9eda0ecb5a2fdc96e649ecaef4731c1c839e81450b6152e75acb42,False,2026-02-10T06:22:14,True,False,False,True,False,,False,False,unknown
Chapter_1,backup/Chapter_1_10022026/Chapter_1/run_2026_02_10/SESU_imputation_values.rds,.rds,352,a248cbe04cbb07929b3769ba011a639d8b63f84618da7ee137b797c1e9a11fe2,False,2026-02-10T06:17:56,True,False,False,False,False,,False,False,unknown
Chapter_1,backup/Chapter_1_10022026/Chapter_1/run_2026_02_10/SESU_log1p_features.txt,.txt,62,d7432b88c9d8a2d96d457d26791b8443f4675d13ba0f9ea506704c4bc5a24af9,False,2026-02-10T06:17:56,True,False,False,False,False,,False,False,unknown
Chapter_1,backup/Chapter_1_10022026/Chapter_1/run_2026_02_10/SESU_manifest.rds,.rds,775,d0941e704b21ce1b6240df9dc9b486dea32fe2cbbdcdbbee7dde0cda4d588f48,False,2026-02-10T06:17:54,True,False,False,False,False,,False,False,unknown
Chapter_1,backup/Chapter_1_10022026/Chapter_1/run_2026_02_10/SESU_scaling_params.rds,.rds,631,1df2bded80827653bfd03c4a4ed9eb4e99a445f95ad07002364355655a1a3d7e,False,2026-02-10T06:17:56,True,False,False,False,False,,False,False,unknown
Chapter_1,backup/Chapter_1_10022026/Chapter_1/data/fire/README_FireCCI51_pixel.txt,.txt,2402,7f66689fedcc84363efc3040d208a898e1319724bba7af19811ffe2715dafc2c,False,2026-02-07T13:34:22,True,False,False,False,False,,False,False,unknown
Chapter_1,backup/Chapter_1_10022026/Chapter_1/data/governance_sources/Barbier  2011. Analyse critique de l’impact de la présence des familles du personnel de l’ICCN.pdf,.pdf,2461410,7229495b9e42e5088d8dbc6ce156f4de4879f0d5bd50c9c942c4d72db0925ad3,False,2025-04-05T14:26:00,True,False,False,False,False,,True,False,generated intermediate
Chapter_1,backup/Chapter_1_10022026/Chapter_1/data/governance_sources/D'Huart 2017. PAG.docx,.docx,10880341,3c0c698b7a051c3f73997f723722f0f2d3eb03f625587dc919458b7fe3d467c8,False,2025-04-05T14:21:08,True,False,False,False,False,,False,False,unknown
Chapter_1,backup/Chapter_1_10022026/Chapter_1/data/governance_sources/D.R. Congo s neglected Triangle of Death.pdf,.pdf,383016,c03fda48b126833d63a032d980d4298000e10a5f13f63cc84fa380a572414c4d,False,2026-01-18T11:48:20,True,False,False,False,False,,True,False,generated intermediate
Chapter_1,backup/Chapter_1_10022026/Chapter_1/data/governance_sources/Econews-493.pdf,.pdf,1893802,efa795678d7ffb5a7db714df9ce47a93dafc7e51057301f9f2db76d513e8969e,False,2026-01-17T17:13:38,True,False,False,False,False,,True,False,generated intermediate
Chapter_1,backup/Chapter_1_10022026/Chapter_1/data/governance_sources/Global witness 2021. How an ‘illegal’ dam project could destroy forests and biodiversity in one of Congo’s oldest national parks.pdf,.pdf,2274999,1b12e08597b0f48a13645ef5a2181ea0d970c9f580a24da6038f5510f618abbb,False,2025-04-05T14:21:00,True,False,False,False,False,,True,False,generated intermediate
Chapter_1,"backup/Chapter_1_10022026/Chapter_1/data/governance_sources/Hasson - 2003 - Upemba, le parc oublié.PDF",.pdf,2812849,6f4d314069a764c552c6953cd7adabcf6af61db17b7e1df022841d43c5d81125,False,2025-08-05T15:45:08,True,False,False,False,False,,True,False,generated intermediate
Chapter_1,backup/Chapter_1_10022026/Chapter_1/data/governance_sources/Hasson 1997.docx,.docx,29494,dd0d960ac6726db70ce2feea832931337cd6990ee14eeda5c95de0a07e5237a0,False,2026-01-17T17:13:20,True,False,False,False,False,,False,False,unknown
Chapter_1,backup/Chapter_1_10022026/Chapter_1/data/governance_sources/Hasson 2008. Création d’une réserve de faune en chefferie kayumba.doc,.doc,59904,bb8d795479cf92216c185d162f992e05f26a8d3c0410baf62be75ea1305e84d5,False,2025-04-05T14:20:58,True,False,False,False,False,,False,False,unknown
Chapter_1,backup/Chapter_1_10022026/Chapter_1/data/governance_sources/Hasson 2016 des animaux et des hommes - PNU récent.docx,.docx,16650,39419768af8e241783dafc8bd998076e1f5af5ec11e452d7d8a87a74beef0dca,False,2026-01-19T09:29:20,True,False,False,False,False,,False,False,unknown
Chapter_1,backup/Chapter_1_10022026/Chapter_1/data/governance_sources/Hasson_1999_Upemba National Park shall not die.pdf,.pdf,7048667,cbf9262b39cc69a4ae4d0db24db08ac449abe1a71e7643861b14119e3272dd19,False,2025-08-06T07:42:32,True,False,False,False,False,,True,False,generated intermediate
Chapter_1,backup/Chapter_1_10022026/Chapter_1/data/governance_sources/IPIS map.docx,.docx,14400,1d6cc022da634d69ff1b2727cb5916f594bcac2df1f99911319cf5c51b382853,False,2026-01-19T09:06:28,True,False,False,False,False,,False,False,unknown
Chapter_1,backup/Chapter_1_10022026/Chapter_1/data/governance_sources/Katembo 2016. Rapport technique sur l’opération de gardiennage et protection des derniers éléphants du parc national de l’upemba.pdf,.pdf,2215461,6d51ed2702ae5da25f712d0d56fcd8ce5b91c7307d3ea4e67d96e64e4ded363d,False,2025-12-17T10:03:10,True,False,False,False,False,,True,False,generated intermediate
Chapter_1,backup/Chapter_1_10022026/Chapter_1/data/governance_sources/Katembo 2017. Rapport technique sur l’opération de gardiennage et protection des derniers éléphants du parc national de l’Upemba.pdf,.pdf,6081920,490e715417c49a76458beb190b910439a71105350defac5f0b3f23a981441b4c,False,2025-12-17T10:02:30,True,False,False,False,False,,True,False,generated intermediate
Chapter_1,backup/Chapter_1_10022026/Chapter_1/data/governance_sources/Mai-Mai Kata Katanga.html,.html,526875,73844305cd5bbcb77fddf819a99af4d65ad15e8563a7441a2d2d3e0835d90b7f,False,2026-01-19T08:53:54,True,False,False,False,False,restricted_security;secret,True,False,generated intermediate
Chapter_1,backup/Chapter_1_10022026/Chapter_1/data/governance_sources/Meynen 2007.docx,.docx,16306,03e8e0dee928777598a14b8d21fcfb033e9a010677bada4924836684e214472a,False,2026-01-17T17:16:20,True,False,False,False,False,,False,False,unknown
Chapter_1,backup/Chapter_1_10022026/Chapter_1/data/governance_sources/Meynen_Spittaels_2007_Cartographie des intérêts dans les zones de conflit.pdf,.pdf,789010,4d8492b7fae3fd6274b5f9fcb5093b6ba498b0a453c7cc65bea7df45f68942b9,False,2025-06-27T16:52:56,True,False,False,False,False,,True,False,generated intermediate
Chapter_1,backup/Chapter_1_10022026/Chapter_1/data/governance_sources/Narrative FZS PNU RDC 10eme FED 161109 dernier ICCN.doc,.doc,971776,d58080ad2906873e5a3dcde1992e7c6a46c3017ef011586ed2f189401db20e18,False,2025-04-05T14:16:14,True,False,False,False,False,,False,False,unknown
Chapter_1,backup/Chapter_1_10022026/Chapter_1/data/governance_sources/OKA Kanyundu achievements.docx,.docx,21448,a2d15df4c478ae39fca177f389332628e225987358eef2bc4f7e49fe109f6866,False,2026-01-19T09:55:18,True,False,False,False,False,,False,False,unknown
Chapter_1,backup/Chapter_1_10022026/Chapter_1/data/governance_sources/ramsar.pdf,.pdf,410258,f78b5a3af8b38ebfee4a8901a628a149190dd1eeefe73d9e9df42b8cb2e7822d,False,2025-08-07T12:54:24,True,False,False,False,False,,True,False,generated intermediate
Chapter_1,backup/Chapter_1_10022026/Chapter_1/data/governance_sources/TdR plan d_aménagement - PNKL_GFA_Carlo_20190212.docx,.docx,34846,3bcf5abb8c9e373a2e1001a49b8e8f9ad3ce0b55d4cbc2fd2b5a5c1b1f1e8a6d,False,2025-04-05T14:16:12,True,False,False,False,False,,False,False,unknown
Chapter_1,backup/Chapter_1_10022026/Chapter_1/data/governance_sources/Upemba and Kundelungu National Park_background doc (1).pdf,.pdf,1840705,fac2564d6d7fb103ace6c3000c3c7dfeaad9b9f78a73c6aaed3494eb28e6502d,False,2025-04-05T14:16:12,True,False,False,False,False,,True,False,generated intermediate
Chapter_1,backup/Chapter_1_10022026/Chapter_1/data/governance_sources/Upemba-Kundelungu - Rapport mensuel - Janvier 2018.pdf,.pdf,3627738,f64e1c02ed86cac90d5d56a73829c6ce8d21ac8d17e496eb93bf41de24df222b,False,2025-04-05T14:16:12,True,False,False,False,False,,True,False,generated intermediate
Chapter_1,backup/Chapter_1_10022026/Chapter_1/data/governance_sources/Van Leeuwe et al. - 2009 - Recensement des Grands Mammifères et Impacts Humai.pdf,.pdf,3390153,4f6d87321a94d097449db126978cba637fceb958479dc892b10c736ea69bf330,False,2025-03-15T14:20:44,True,False,False,False,False,,True,False,generated intermediate
Chapter_1,backup/Chapter_1_10022026/Chapter_1/data/governance_sources/VanAcker&Vlassenroot_2005.pdf,.pdf,571159,9f35caa10de367f6608e4b41c29b5ef55342a607dc5fd9a62cd7fed234f56450,False,2025-12-20T08:11:40,True,False,False,False,False,,True,False,generated intermediate
Chapter_1,backup/Chapter_1_10022026/Chapter_1/data/outdated/2015_accessibility_to_cities.tif,.tif,146292,fe21385871124bc91776e5e7d445a82b25ab21f6a2fdc049c723e7a4c80bd1f9,False,2025-10-12T15:15:18,True,False,False,False,False,,False,False,unknown
Chapter_1,backup/Chapter_1_10022026/Chapter_1/data/outdated/chirps_annual_precip_mm_1981_2025_full.tif,.tif,860065,da06328d30613bab5a2588463c0473d3ac1b25357fa5973521a4b8857768d329,False,2025-10-12T19:21:54,True,False,False,False,False,,False,False,unknown
Chapter_1,backup/Chapter_1_10022026/Chapter_1/data/outdated/dem_copernicus_glo30.tif,.tif,282025390,cff1bb27d7eebde0658bc7cecff2d40b5bf766b0d05f40ed43cb5a1347d6bc0c,False,2025-11-27T14:06:58,True,False,False,False,False,,False,False,unknown
Chapter_1,backup/Chapter_1_10022026/Chapter_1/data/outdated/FireCCI51_season_DOYmin_tau_and_binary_2001_2020_500m_epsg32735.tif,.tif,5088495,392761ef4aca4ce3eafcdd532acb82fe9c7b3e0648dd54015a8ec25719eec215,False,2026-02-01T13:27:46,True,False,False,False,False,,False,False,unknown
Chapter_1,backup/Chapter_1_10022026/Chapter_1/data/outdated/gfc_lossyear_2001_2024_coded_30m_full.tif,.tif,3350109,65ea4c9c2bf7405b3e4400577c439c90173cb8f77c207d28b09e6faad409e2a9,False,2025-10-12T19:38:56,True,False,False,False,False,,False,False,unknown
Chapter_1,backup/Chapter_1_10022026/Chapter_1/data/outdated/gfc_treecover2000_pct_30m_full.tif,.tif,32456549,b28b8a0ad2c4d1292853e63d48d784daa5fef8061bb7a3a2b41953ca91cb1083,False,2025-10-13T10:46:54,True,False,False,False,False,,False,False,unknown
Chapter_1,backup/Chapter_1_10022026/Chapter_1/data/outdated/GHS_BUILT_S_1975_2030_built_surface.tif,.tif,1558395,f9ea182c817c885bc905e8e77fca6cbd10e33f2f1d0fe12bb83a773107be5832,False,2025-10-13T11:14:34,True,False,False,False,False,,False,False,unknown
Chapter_1,backup/Chapter_1_10022026/Chapter_1/data/outdated/openbuildings_building_fractional_count_2016_2023.tif,.tif,15223759,85af61e1b5b768243186784e0ac6fe14e8808704c48f75aefd854851c27f9e01,False,2025-10-13T11:38:50,True,False,False,False,False,,False,False,unknown
Chapter_1,backup/Chapter_1_10022026/Chapter_1/data/outdated/soilgrids_0_30cm_mean_upemba_aoi.tif,.tif,3054221,2c66b6027f50621ff052d8470911c1a42ce844cc99936829d99c398a3e3996e8,False,2026-01-30T09:32:28,True,False,False,False,False,,False,False,unknown
Chapter_1,backup/Chapter_1_10022026/Chapter_1/data/outdated/terraclimate_annual_aet_mm_1958_2025_full.tif,.tif,706752,7963e3db2187df15fcbd041589a15d5c77e0e69b24b5af2137958c618e59ea75,False,2025-10-12T19:11:30,True,False,False,False,False,,False,False,unknown
Chapter_1,backup/Chapter_1_10022026/Chapter_1/data/outdated/terraclimate_annual_pet_mm_1958_2025_full.tif,.tif,690045,55da7daf96490217a5289a2fe8e7d6e3a06c0bb29c4bb1e9e275762387c69543,False,2025-10-12T19:11:16,True,False,False,False,False,,False,False,unknown
Chapter_1,backup/Chapter_1_10022026/Chapter_1/data/outdated/worldcover_map_2021_30m.tif,.tif,9443609,85d612941c00dec0d97ab3e75bf7b9ba405e4ce96a960c841f13eb0e840cc923,False,2025-10-12T14:50:38,True,False,False,False,False,,False,False,unknown
Chapter_1,backup/Chapter_1_10022026/Chapter_1/data/tau075/FireCCI51_season_DOYmin_tau_and_binary_2001_2020_500m_epsg32735.tif,.tif,5088495,392761ef4aca4ce3eafcdd532acb82fe9c7b3e0648dd54015a8ec25719eec215,False,2026-02-01T13:29:20,True,False,False,False,False,,False,False,unknown
Chapter_1,backup/Chapter_1_10022026/Chapter_1/data/tau075/gfc_year_deforest_majority_tau_500m_epsg32735.tif,.tif,15985,af19ec9bd3c8ac7d78aea41493e5a34f7fd56c3a1b2d77d4216bad7ded6de9d4,False,2026-02-01T12:41:06,True,False,False,False,False,,False,False,unknown
Chapter_1,backup/Chapter_1_10022026/Chapter_1/data/tau075/ghsl_year_urban_majority_tau_500m_epsg32735.tif,.tif,9979,c017186b96349678bd9efb65bd97b47772371d29b3f12c9deb7239554bee9af8,False,2026-02-01T12:41:04,True,False,False,False,False,,False,False,unknown
Chapter_1,backup/Chapter_1_10022026/Chapter_1/data/fire/20210401-ESACCI-L3S_FIRE-BA-MODIS-AREA_5-fv5.1/20210401-ESACCI-L3S_FIRE-BA-MODIS-AREA_5-fv5.1-CL.tif,.tif,15440101,cd511c3e0e872d83b07f6e639375a8b7794479da1b12596e0b1b5244529b21b7,False,2024-10-22T17:12:36,True,False,False,True,False,,False,False,unknown
Chapter_1,backup/Chapter_1_10022026/Chapter_1/data/fire/20210401-ESACCI-L3S_FIRE-BA-MODIS-AREA_5-fv5.1/20210401-ESACCI-L3S_FIRE-BA-MODIS-AREA_5-fv5.1-JD.tif,.tif,18340031,01ce3fcda1ce5c518c3119ade06d20dc3097f596a186d5676138911e6cdb019b,False,2024-10-22T17:12:38,True,False,False,True,False,,False,False,unknown
Chapter_1,backup/Chapter_1_10022026/Chapter_1/data/fire/20210401-ESACCI-L3S_FIRE-BA-MODIS-AREA_5-fv5.1/20210401-ESACCI-L3S_FIRE-BA-MODIS-AREA_5-fv5.1-LC.tif,.tif,7125391,f7c57931a5bf1e9fa5f71ad0fd862f9a80993cbc22ace3933cb98727ed17ebb5,False,2024-10-22T17:12:38,True,False,False,True,False,,False,False,unknown
Chapter_1,backup/Chapter_1_10022026/Chapter_1/data/fire/20210401-ESACCI-L3S_FIRE-BA-MODIS-AREA_5-fv5.1/20210401-ESACCI-L3S_FIRE-BA-MODIS-AREA_5-fv5.1.xml,.xml,18168,908b02b62a288150c5370c4956f9c71dc2ec75f9841996cc3ab0cfc1ba22f33c,False,2024-10-22T17:12:02,True,False,False,False,False,,False,False,unknown
Chapter_1,backup/Chapter_1_10022026/Chapter_1/data/fire/20210501-ESACCI-L3S_FIRE-BA-MODIS-AREA_5-fv5.1/20210501-ESACCI-L3S_FIRE-BA-MODIS-AREA_5-fv5.1-CL.tif,.tif,31302916,3573b28b192cd8a54fd9955100fb1feeace50ad1ff37b927f72e70cab884e1f7,False,2024-10-22T17:12:40,True,False,False,True,False,,False,False,unknown
Chapter_1,backup/Chapter_1_10022026/Chapter_1/data/fire/20210501-ESACCI-L3S_FIRE-BA-MODIS-AREA_5-fv5.1/20210501-ESACCI-L3S_FIRE-BA-MODIS-AREA_5-fv5.1-JD.tif,.tif,18995585,5fd28256d3fe800d589956ee7b288aedbd35925575c161d7a710c9760c2a9647,False,2024-10-22T17:12:40,True,False,False,True,False,,False,False,unknown
Chapter_1,backup/Chapter_1_10022026/Chapter_1/data/fire/20210501-ESACCI-L3S_FIRE-BA-MODIS-AREA_5-fv5.1/20210501-ESACCI-L3S_FIRE-BA-MODIS-AREA_5-fv5.1-LC.tif,.tif,7517381,b3b444217043fc8efa79bebbdd77372ad7d00bf78fabfa8ee6c8e751b74144a1,False,2024-10-22T17:12:40,True,False,False,True,False,,False,False,unknown
Chapter_1,backup/Chapter_1_10022026/Chapter_1/data/fire/20210501-ESACCI-L3S_FIRE-BA-MODIS-AREA_5-fv5.1/20210501-ESACCI-L3S_FIRE-BA-MODIS-AREA_5-fv5.1.xml,.xml,18168,d190b330f059bebf723037f265ff5416cd59d64d02fecd827ef65a0d5f024bdf,False,2024-10-22T17:12:06,True,False,False,False,False,,False,False,unknown
Chapter_1,backup/Chapter_1_10022026/Chapter_1/data/fire/20210601-ESACCI-L3S_FIRE-BA-MODIS-AREA_5-fv5.1/20210601-ESACCI-L3S_FIRE-BA-MODIS-AREA_5-fv5.1-CL.tif,.tif,44990713,04f1a2d6e706fe05677ee34cb7c02d6a12e0af4ff2c8cf8d0c27733f8d300027,False,2024-10-22T17:12:44,True,False,False,True,False,,False,False,unknown
Chapter_1,backup/Chapter_1_10022026/Chapter_1/data/fire/20210601-ESACCI-L3S_FIRE-BA-MODIS-AREA_5-fv5.1/20210601-ESACCI-L3S_FIRE-BA-MODIS-AREA_5-fv5.1-JD.tif,.tif,21613554,23359440b969de1cc01968c474a0583d0d1a7ab78e41f413cecd86a8a5ea5686,False,2024-10-22T17:12:44,True,False,False,True,False,,False,False,unknown
Chapter_1,backup/Chapter_1_10022026/Chapter_1/data/fire/20210601-ESACCI-L3S_FIRE-BA-MODIS-AREA_5-fv5.1/20210601-ESACCI-L3S_FIRE-BA-MODIS-AREA_5-fv5.1-LC.tif,.tif,8579798,320d007a339e332b4b77b253c0d24210a11d52adff212bd112f6e77915ac5927,False,2024-10-22T17:12:44,True,False,False,True,False,,False,False,unknown
Chapter_1,backup/Chapter_1_10022026/Chapter_1/data/fire/20210601-ESACCI-L3S_FIRE-BA-MODIS-AREA_5-fv5.1/20210601-ESACCI-L3S_FIRE-BA-MODIS-AREA_5-fv5.1.xml,.xml,18168,612d4b43944a6c173c0391e98915cf8b06934250c0a5a379317dffc3c4fd25de,False,2024-10-22T17:12:08,True,False,False,False,False,,False,False,unknown
Chapter_1,backup/Chapter_1_10022026/Chapter_1/data/fire/20210701-ESACCI-L3S_FIRE-BA-MODIS-AREA_5-fv5.1/20210701-ESACCI-L3S_FIRE-BA-MODIS-AREA_5-fv5.1-CL.tif,.tif,55322594,b0fe025b8dab928f743fdddf02a4463e6fac0d499db73f98bfc6cc6a8bcd660b,False,2024-10-22T17:12:46,True,False,False,True,False,,False,False,unknown
Chapter_1,backup/Chapter_1_10022026/Chapter_1/data/fire/20210701-ESACCI-L3S_FIRE-BA-MODIS-AREA_5-fv5.1/20210701-ESACCI-L3S_FIRE-BA-MODIS-AREA_5-fv5.1-JD.tif,.tif,24874531,bf7f9d0ecb55030a9201e59dcbd3f9c897ed9c22f42f86c867f0a2c380640a7e,False,2024-10-22T17:12:48,True,False,False,True,False,,False,False,unknown
Chapter_1,backup/Chapter_1_10022026/Chapter_1/data/fire/20210701-ESACCI-L3S_FIRE-BA-MODIS-AREA_5-fv5.1/20210701-ESACCI-L3S_FIRE-BA-MODIS-AREA_5-fv5.1-LC.tif,.tif,9545287,a11b14fd368b3ea770e38648aa46da380a87f78a75b7830d8cf2027728044ea5,False,2024-10-22T17:12:48,True,False,False,True,False,,False,False,unknown
Chapter_1,backup/Chapter_1_10022026/Chapter_1/data/fire/20210701-ESACCI-L3S_FIRE-BA-MODIS-AREA_5-fv5.1/20210701-ESACCI-L3S_FIRE-BA-MODIS-AREA_5-fv5.1.xml,.xml,18168,3ddf6592c17aa9bfa315877c85b93be48a6a2a7cde1c36bbc1b0c1417d0977bc,False,2024-10-22T17:12:10,True,False,False,False,False,,False,False,unknown
Chapter_1,backup/Chapter_1_10022026/Chapter_1/data/fire/20210801-ESACCI-L3S_FIRE-BA-MODIS-AREA_5-fv5.1/20210801-ESACCI-L3S_FIRE-BA-MODIS-AREA_5-fv5.1-CL.tif,.tif,54261820,7afaf72d9758670077c47a1d85f6884e2a6c620d1fdb708d12f8f535f9c1bdf5,False,2024-10-22T17:12:50,True,False,False,True,False,,False,False,unknown
Chapter_1,backup/Chapter_1_10022026/Chapter_1/data/fire/20210801-ESACCI-L3S_FIRE-BA-MODIS-AREA_5-fv5.1/20210801-ESACCI-L3S_FIRE-BA-MODIS-AREA_5-fv5.1-JD.tif,.tif,23275654,aeb06287b48c3267efff14ee903b9c086dcea36734e4867ce0684472fee1bdf4,False,2024-10-22T17:12:50,True,False,False,True,False,,False,False,unknown
Chapter_1,backup/Chapter_1_10022026/Chapter_1/data/fire/20210801-ESACCI-L3S_FIRE-BA-MODIS-AREA_5-fv5.1/20210801-ESACCI-L3S_FIRE-BA-MODIS-AREA_5-fv5.1-LC.tif,.tif,9273950,9cb65cb98900f9952298d798a48f88235938d248b2d87873ba3d04a9262c3459,False,2024-10-22T17:12:50,True,False,False,True,False,,False,False,unknown
Chapter_1,backup/Chapter_1_10022026/Chapter_1/data/fire/20210801-ESACCI-L3S_FIRE-BA-MODIS-AREA_5-fv5.1/20210801-ESACCI-L3S_FIRE-BA-MODIS-AREA_5-fv5.1.xml,.xml,18168,3e151fa9301e07c114d165ccbf514ad983d8d5ad8034481a6202eeedf56cba85,False,2024-10-22T17:12:14,True,False,False,False,False,,False,False,unknown
Chapter_1,backup/Chapter_1_10022026/Chapter_1/data/fire/20210901-ESACCI-L3S_FIRE-BA-MODIS-AREA_5-fv5.1/20210901-ESACCI-L3S_FIRE-BA-MODIS-AREA_5-fv5.1-CL.tif,.tif,39412847,bfec2f6dd53c5619258b1881ef01642af95472e83a6a63c25632ddd18614bfdf,False,2024-10-22T17:12:54,True,False,False,True,False,,False,False,unknown
Chapter_1,backup/Chapter_1_10022026/Chapter_1/data/fire/20210901-ESACCI-L3S_FIRE-BA-MODIS-AREA_5-fv5.1/20210901-ESACCI-L3S_FIRE-BA-MODIS-AREA_5-fv5.1-JD.tif,.tif,21438824,50801c84bc784430fdeabdc80ed57df101517ba1ab6df91f4ec4c4daea8d311a,False,2024-10-22T17:12:54,True,False,False,True,False,,False,False,unknown
Chapter_1,backup/Chapter_1_10022026/Chapter_1/data/fire/20210901-ESACCI-L3S_FIRE-BA-MODIS-AREA_5-fv5.1/20210901-ESACCI-L3S_FIRE-BA-MODIS-AREA_5-fv5.1-LC.tif,.tif,8671230,5ee9805acc871b8ce0f7e0950d884e3df02036d9b0f87f70e8f8c3bb77e121be,False,2024-10-22T17:12:54,True,False,False,True,False,,False,False,unknown
Chapter_1,backup/Chapter_1_10022026/Chapter_1/data/fire/20210901-ESACCI-L3S_FIRE-BA-MODIS-AREA_5-fv5.1/20210901-ESACCI-L3S_FIRE-BA-MODIS-AREA_5-fv5.1.xml,.xml,18168,eeaa5c25d666fff9d90bffca489f6ffb40cdd1ffa4269ac0d6147048bb5aa73c,False,2024-10-22T17:12:16,True,False,False,False,False,,False,False,unknown
Chapter_1,backup/Chapter_1_10022026/Chapter_1/data/fire/20211001-ESACCI-L3S_FIRE-BA-MODIS-AREA_5-fv5.1/20211001-ESACCI-L3S_FIRE-BA-MODIS-AREA_5-fv5.1-CL.tif,.tif,26889099,91922274113b68e61950d621bdab3e8ba2e01d48cd406157148fd945009d3ebf,False,2024-10-22T17:12:58,True,False,False,True,False,,False,False,unknown
Chapter_1,backup/Chapter_1_10022026/Chapter_1/data/fire/20211001-ESACCI-L3S_FIRE-BA-MODIS-AREA_5-fv5.1/20211001-ESACCI-L3S_FIRE-BA-MODIS-AREA_5-fv5.1-JD.tif,.tif,19376013,d223299ae0ac7a5c91c2fafe127ec03d6b2526e50f7aff1b1e6ed82de082544f,False,2024-10-22T17:12:58,True,False,False,True,False,,False,False,unknown
Chapter_1,backup/Chapter_1_10022026/Chapter_1/data/fire/20211001-ESACCI-L3S_FIRE-BA-MODIS-AREA_5-fv5.1/20211001-ESACCI-L3S_FIRE-BA-MODIS-AREA_5-fv5.1-LC.tif,.tif,7753863,6215a50e1f2db705bfd098e5866e13313a99eea4e0ac863ffe9f3a078d42925f,False,2024-10-22T17:12:58,True,False,False,True,False,,False,False,unknown
Chapter_1,backup/Chapter_1_10022026/Chapter_1/data/fire/20211001-ESACCI-L3S_FIRE-BA-MODIS-AREA_5-fv5.1/20211001-ESACCI-L3S_FIRE-BA-MODIS-AREA_5-fv5.1.xml,.xml,18168,420b3e8ad4353e55394868a2dea99e5ef0a5de819f4bd23b5f30a725de97073c,False,2024-10-22T17:12:18,True,False,False,False,False,,False,False,unknown
Chapter_1,backup/Chapter_1_10022026/Chapter_1/data/fire/20220401-ESACCI-L3S_FIRE-BA-MODIS-AREA_5-fv5.1/20220401-ESACCI-L3S_FIRE-BA-MODIS-AREA_5-fv5.1-CL.tif,.tif,13158026,767aea28cf7e68854d0fd55ede88b98e4a1e2b523fa1b6560899e827b1d5d9b0,False,2024-12-16T09:40:16,True,False,False,True,False,,False,False,unknown
Chapter_1,backup/Chapter_1_10022026/Chapter_1/data/fire/20220401-ESACCI-L3S_FIRE-BA-MODIS-AREA_5-fv5.1/20220401-ESACCI-L3S_FIRE-BA-MODIS-AREA_5-fv5.1-JD.tif,.tif,18307371,0e73a3c6780ac6394e0d370d3d26e878613c18ff960aa4ec9e012ca8877d15e8,False,2024-12-16T09:40:16,True,False,False,True,False,,False,False,unknown
Chapter_1,backup/Chapter_1_10022026/Chapter_1/data/fire/20220401-ESACCI-L3S_FIRE-BA-MODIS-AREA_5-fv5.1/20220401-ESACCI-L3S_FIRE-BA-MODIS-AREA_5-fv5.1-LC.tif,.tif,7006304,e36cc7a17052e857e4e7060315c397dc9cc71d31a01caa094df01b50048c358e,False,2024-12-16T09:40:16,True,False,False,True,False,,False,False,unknown
Chapter_1,backup/Chapter_1_10022026/Chapter_1/data/fire/20220401-ESACCI-L3S_FIRE-BA-MODIS-AREA_5-fv5.1/20220401-ESACCI-L3S_FIRE-BA-MODIS-AREA_5-fv5.1.xml,.xml,18168,0e3731c3b1d335464e851d4a6383cc65a3a79c05bd4cc5cf424338bf6b517c1e,False,2024-12-16T13:25:54,True,False,False,False,False,,False,False,unknown
Chapter_1,backup/Chapter_1_10022026/Chapter_1/data/fire/20220501-ESACCI-L3S_FIRE-BA-MODIS-AREA_5-fv5.1/20220501-ESACCI-L3S_FIRE-BA-MODIS-AREA_5-fv5.1-CL.tif,.tif,27476932,2952e83d90d15be729c6368e588b848e42785eff2c2e9764a1625ab005557ba6,False,2024-12-16T09:40:16,True,False,False,True,False,,False,False,unknown
Chapter_1,backup/Chapter_1_10022026/Chapter_1/data/fire/20220501-ESACCI-L3S_FIRE-BA-MODIS-AREA_5-fv5.1/20220501-ESACCI-L3S_FIRE-BA-MODIS-AREA_5-fv5.1-JD.tif,.tif,18974068,e93ea30c6ebe5824ccb3243f2b12b3d98d60ce575c39c600a91512a36aab4550,False,2024-12-16T09:40:16,True,False,False,True,False,,False,False,unknown
Chapter_1,backup/Chapter_1_10022026/Chapter_1/data/fire/20220501-ESACCI-L3S_FIRE-BA-MODIS-AREA_5-fv5.1/20220501-ESACCI-L3S_FIRE-BA-MODIS-AREA_5-fv5.1-LC.tif,.tif,7385318,0795c4de23da0dd3deb46ec7826f05b922f8ed72078ddd7667174508d186e2da,False,2024-12-16T09:40:16,True,False,False,True,False,,False,False,unknown
Chapter_1,backup/Chapter_1_10022026/Chapter_1/data/fire/20220501-ESACCI-L3S_FIRE-BA-MODIS-AREA_5-fv5.1/20220501-ESACCI-L3S_FIRE-BA-MODIS-AREA_5-fv5.1.xml,.xml,18168,1ff7a1cdcacaf05c9f91ae45b448cb815350c54b53773e04e13e928ee7e88bcf,False,2024-12-16T13:25:54,True,False,False,False,False,,False,False,unknown
Chapter_1,backup/Chapter_1_10022026/Chapter_1/data/fire/20220601-ESACCI-L3S_FIRE-BA-MODIS-AREA_5-fv5.1/20220601-ESACCI-L3S_FIRE-BA-MODIS-AREA_5-fv5.1-CL.tif,.tif,42046000,e78eab767f785bca7672cb0b2b97a1bc35b0bbea614eda420dbe39b26953da1d,False,2024-12-16T09:40:16,True,False,False,True,False,,False,False,unknown
Chapter_1,backup/Chapter_1_10022026/Chapter_1/data/fire/20220601-ESACCI-L3S_FIRE-BA-MODIS-AREA_5-fv5.1/20220601-ESACCI-L3S_FIRE-BA-MODIS-AREA_5-fv5.1-JD.tif,.tif,21311629,b8783a0618f56686adb8a315f583be04f89e8fa2e5662d0d957759d12ea54629,False,2024-12-16T09:40:18,True,False,False,True,False,,False,False,unknown
Chapter_1,backup/Chapter_1_10022026/Chapter_1/data/fire/20220601-ESACCI-L3S_FIRE-BA-MODIS-AREA_5-fv5.1/20220601-ESACCI-L3S_FIRE-BA-MODIS-AREA_5-fv5.1-LC.tif,.tif,8420610,7c34422dcb7e426487c2e7c2ba2409a98a72e692567d6f7b15a257f4f76c3ec2,False,2024-12-16T09:40:18,True,False,False,True,False,,False,False,unknown
Chapter_1,backup/Chapter_1_10022026/Chapter_1/data/fire/20220601-ESACCI-L3S_FIRE-BA-MODIS-AREA_5-fv5.1/20220601-ESACCI-L3S_FIRE-BA-MODIS-AREA_5-fv5.1.xml,.xml,18168,4e703b00d817b356f61917951fa8f19da953d000ec2c5ef5ea74d861ff16f475,False,2024-12-16T13:25:54,True,False,False,False,False,,False,False,unknown
Chapter_1,backup/Chapter_1_10022026/Chapter_1/data/fire/20220701-ESACCI-L3S_FIRE-BA-MODIS-AREA_5-fv5.1/20220701-ESACCI-L3S_FIRE-BA-MODIS-AREA_5-fv5.1-CL.tif,.tif,51079365,34d46d1c4279d8187f48d9eb417d0e8a639e3a0355cb5c0669d65fff59faa33c,False,2024-12-16T09:40:18,True,False,False,True,False,,False,False,unknown
Chapter_1,backup/Chapter_1_10022026/Chapter_1/data/fire/20220701-ESACCI-L3S_FIRE-BA-MODIS-AREA_5-fv5.1/20220701-ESACCI-L3S_FIRE-BA-MODIS-AREA_5-fv5.1-JD.tif,.tif,23884109,4fb7bcebd0a7e64b8e3571f6b9c4f2e3acc20d64e4c5df2c5346595cc47db692,False,2024-12-16T09:40:18,True,False,False,True,False,,False,False,unknown
Chapter_1,backup/Chapter_1_10022026/Chapter_1/data/fire/20220701-ESACCI-L3S_FIRE-BA-MODIS-AREA_5-fv5.1/20220701-ESACCI-L3S_FIRE-BA-MODIS-AREA_5-fv5.1-LC.tif,.tif,9137090,fed2915c6acd65c0d9b47476a9d87b738e1b18a5525d2f060b49467cd3af7400,False,2024-12-16T09:40:18,True,False,False,True,False,,False,False,unknown
Chapter_1,backup/Chapter_1_10022026/Chapter_1/data/fire/20220701-ESACCI-L3S_FIRE-BA-MODIS-AREA_5-fv5.1/20220701-ESACCI-L3S_FIRE-BA-MODIS-AREA_5-fv5.1.xml,.xml,18168,e55a596ff5ed5f09f7762973723171bee0e81edf81140fc21c62fdbdf588af36,False,2024-12-16T13:25:54,True,False,False,False,False,,False,False,unknown
Chapter_1,backup/Chapter_1_10022026/Chapter_1/data/fire/20220801-ESACCI-L3S_FIRE-BA-MODIS-AREA_5-fv5.1/20220801-ESACCI-L3S_FIRE-BA-MODIS-AREA_5-fv5.1-CL.tif,.tif,53522580,4bb7753cacae51d0ab1fe083a83c847ee3339eba004122b8813d21618383fbb2,False,2024-12-16T09:40:20,True,False,False,True,False,,False,False,unknown
Chapter_1,backup/Chapter_1_10022026/Chapter_1/data/fire/20220801-ESACCI-L3S_FIRE-BA-MODIS-AREA_5-fv5.1/20220801-ESACCI-L3S_FIRE-BA-MODIS-AREA_5-fv5.1-JD.tif,.tif,24064068,d3fae1e4c026491b04465c00545b45857336f9c67829531b2a6c0c4d9f559299,False,2024-12-16T09:40:20,True,False,False,True,False,,False,False,unknown
Chapter_1,backup/Chapter_1_10022026/Chapter_1/data/fire/20220801-ESACCI-L3S_FIRE-BA-MODIS-AREA_5-fv5.1/20220801-ESACCI-L3S_FIRE-BA-MODIS-AREA_5-fv5.1-LC.tif,.tif,9265261,0c2341f42324f6b1eef09b9231d8dde44c75f4ca1cfb13a5a4c33ae7c1416880,False,2024-12-16T09:40:20,True,False,False,True,False,,False,False,unknown
Chapter_1,backup/Chapter_1_10022026/Chapter_1/data/fire/20220801-ESACCI-L3S_FIRE-BA-MODIS-AREA_5-fv5.1/20220801-ESACCI-L3S_FIRE-BA-MODIS-AREA_5-fv5.1.xml,.xml,18168,0210eddcf14133f57e79e34d9dd581694eef443fee341f7360f407b2c7460f10,False,2024-12-16T13:25:54,True,False,False,False,False,,False,False,unknown
Chapter_1,backup/Chapter_1_10022026/Chapter_1/data/fire/20220901-ESACCI-L3S_FIRE-BA-MODIS-AREA_5-fv5.1/20220901-ESACCI-L3S_FIRE-BA-MODIS-AREA_5-fv5.1-CL.tif,.tif,39097594,0def151d2883bf970b991145bf6163138b294a556d4d995337d50146bc9c6b66,False,2024-12-16T09:40:20,True,False,False,True,False,,False,False,unknown
Chapter_1,backup/Chapter_1_10022026/Chapter_1/data/fire/20220901-ESACCI-L3S_FIRE-BA-MODIS-AREA_5-fv5.1/20220901-ESACCI-L3S_FIRE-BA-MODIS-AREA_5-fv5.1-JD.tif,.tif,21542767,8f4405c28d539df82f3d53386dba15b7a3dd6a7f3d5f03a8ce398eab50fec662,False,2024-12-16T09:40:20,True,False,False,True,False,,False,False,unknown
Chapter_1,backup/Chapter_1_10022026/Chapter_1/data/fire/20220901-ESACCI-L3S_FIRE-BA-MODIS-AREA_5-fv5.1/20220901-ESACCI-L3S_FIRE-BA-MODIS-AREA_5-fv5.1-LC.tif,.tif,8503887,154195e6b7cf67afb0a8794cdecfbb29160b6f78de222e184e804d7bb8cdfa2d,False,2024-12-16T09:40:20,True,False,False,True,False,,False,False,unknown
Chapter_1,backup/Chapter_1_10022026/Chapter_1/data/fire/20220901-ESACCI-L3S_FIRE-BA-MODIS-AREA_5-fv5.1/20220901-ESACCI-L3S_FIRE-BA-MODIS-AREA_5-fv5.1.xml,.xml,18168,37f4e71d81db1806bb483be89cf829713ebfff5e2a823837a7b3209e8db5d3a2,False,2024-12-16T13:25:56,True,False,False,False,False,,False,False,unknown
Chapter_1,backup/Chapter_1_10022026/Chapter_1/data/fire/20221001-ESACCI-L3S_FIRE-BA-MODIS-AREA_5-fv5.1/20221001-ESACCI-L3S_FIRE-BA-MODIS-AREA_5-fv5.1-CL.tif,.tif,30931192,31792863dfed0b94a407759864ae7b2303304ec4c74fefc4e2ec2b4ce05d1a7e,False,2024-12-16T09:40:20,True,False,False,True,False,,False,False,unknown
Chapter_1,backup/Chapter_1_10022026/Chapter_1/data/fire/20221001-ESACCI-L3S_FIRE-BA-MODIS-AREA_5-fv5.1/20221001-ESACCI-L3S_FIRE-BA-MODIS-AREA_5-fv5.1-JD.tif,.tif,20413155,033000fb0fa8c0cc37d24b6e6b59cfa7ddaa387d8d731acd1fc4dd609763d388,False,2024-12-16T09:40:22,True,False,False,True,False,,False,False,unknown
Chapter_1,backup/Chapter_1_10022026/Chapter_1/data/fire/20221001-ESACCI-L3S_FIRE-BA-MODIS-AREA_5-fv5.1/20221001-ESACCI-L3S_FIRE-BA-MODIS-AREA_5-fv5.1-LC.tif,.tif,7889605,1d2f61d711800d115f842baae31a6b0e62ef0916dba70ffb50af8fab068a138c,False,2024-12-16T09:40:22,True,False,False,True,False,,False,False,unknown
Chapter_1,backup/Chapter_1_10022026/Chapter_1/data/fire/20221001-ESACCI-L3S_FIRE-BA-MODIS-AREA_5-fv5.1/20221001-ESACCI-L3S_FIRE-BA-MODIS-AREA_5-fv5.1.xml,.xml,18168,e90aec1f70043bf141502fb963502d32d98aafa381e9767ac0e9904fd92f7628,False,2024-12-16T13:25:56,True,False,False,False,False,,False,False,unknown
Chapter_1,backup/Chapter_1_10022026/Chapter_1/data/governance_sources/Frère Louis/0000 2019 07 19 CLASSEMENT DES RAPPORTS d'OKA pour les éléphants totalité.pdf,.pdf,1749782,9ed365b0b52fdd4d82c81d44dbed6546e642153f00046c9a14e60fcca98c5542,False,2026-02-10T09:18:54,True,False,False,False,False,,True,False,generated intermediate
Chapter_1,backup/Chapter_1_10022026/Chapter_1/data/governance_sources/Frère Louis/263 2017 01 28  Situation route vers Luena.pdf,.pdf,312099,8e0425940886a3ad09d283bc683e41a7965d6bb5b2380bfbdef961902d9ac7de,False,2026-02-10T09:18:40,True,False,False,False,False,,True,False,generated intermediate
Chapter_1,backup/Chapter_1_10022026/Chapter_1/data/governance_sources/Frère Louis/267 2017 06 04  Situation éléphants catastrophique du Parc Upemba (1).pdf,.pdf,284641,745ed89e9da7b2a20a721700e4558bb019ebdea102a0fec9a9b2786c8c857efd,False,2026-02-10T09:18:36,True,False,False,False,False,,True,False,generated intermediate
Chapter_1,backup/Chapter_1_10022026/Chapter_1/data/governance_sources/Frère Louis/291 2019 06 23 les éléphants deretour vers leurs Parc.pdf,.pdf,400843,9589e1d30a3f6f7f47f5ecdfc7a392e5c6a073d1389c012d6373834e46d181fc,False,2026-02-10T09:18:50,True,False,False,False,False,,True,False,generated intermediate
Chapter_1,backup/Chapter_1_10022026/Chapter_1/data/governance_sources/Frère Louis/296 2021 04 23 Suite d’abattage d’un éléphant géant au PNU à Katondo  avec commentaire d'OKA.pdf,.pdf,629925,3be878579f6077f94097e891343058b0f989e12157566b366e47a70adc2aa197,False,2026-02-10T09:18:46,True,False,False,False,False,,True,False,generated intermediate
Chapter_1,backup/Chapter_1_10022026/Chapter_1/data/governance_sources/Frère Louis/frère louis.pdf,.pdf,6050877,ab9baa7ef9559dcf3f5983441533190df4e29bf17cf72058344ba3f966b8b079,False,2025-08-07T14:26:58,True,False,False,False,False,,True,False,generated intermediate
Chapter_1,backup/Chapter_1_10022026/Chapter_1/data/governance_sources/Mai-Mai Kata Katanga_files/1538-2b2ad6aced6552e7.js.download,.download,14613,7e9f2c2ed2d7936f93a20272f0f0f4553ab621a34ea82e971cfc26b9eedd6cd7,False,2026-01-19T08:53:52,True,False,False,False,False,,False,False,unknown
Chapter_1,backup/Chapter_1_10022026/Chapter_1/data/governance_sources/Mai-Mai Kata Katanga_files/1540-36e17899add1246b.js.download,.download,8102,71685d55e0844bf885222371b298c6f58a629c2d1e0d24340922e0a2af508d49,False,2026-01-19T08:53:52,True,False,False,False,False,,False,False,unknown
Chapter_1,backup/Chapter_1_10022026/Chapter_1/data/governance_sources/Mai-Mai Kata Katanga_files/1750-7f0b1f9efe2bead4.js.download,.download,211314,4a532dcd8ba4c475c6b3d5b5e9ecc3363c937a77b223289b5330fd9c0bde78d0,False,2026-01-19T08:53:52,True,False,False,False,False,,False,False,unknown
Chapter_1,backup/Chapter_1_10022026/Chapter_1/data/governance_sources/Mai-Mai Kata Katanga_files/216-f8f1b1705ab5996b.js.download,.download,4323,c20f4fdfb6343c3b90e7a780d3f06272cf2d82f8ceafda02adae71da8baa576b,False,2026-01-19T08:53:52,True,False,False,False,False,,False,False,unknown
Chapter_1,backup/Chapter_1_10022026/Chapter_1/data/governance_sources/Mai-Mai Kata Katanga_files/24cf1b50-5ee3d272f2a14b50.js.download,.download,267426,6813a949d7073a15e43bdfe8c2103ba71d4c7d0d2ac84a96c15e4e9884560569,False,2026-01-19T08:53:52,True,False,False,False,False,,False,False,unknown
Chapter_1,backup/Chapter_1_10022026/Chapter_1/data/governance_sources/Mai-Mai Kata Katanga_files/26-ac646389483a64c6.js.download,.download,47390,508b134af134462a0cb83f8005eb3f99c271da29d26e6367fbd260b617f3a5de,False,2026-01-19T08:53:52,True,False,False,False,False,,False,False,unknown
Chapter_1,backup/Chapter_1_10022026/Chapter_1/data/governance_sources/Mai-Mai Kata Katanga_files/3110-d1cf58f9355f435d.js.download,.download,5603,50a857213a73834cfa000643e6395863e150d13c6f9afeb798260295412feab4,False,2026-01-19T08:53:52,True,False,False,False,False,,False,False,unknown
Chapter_1,backup/Chapter_1_10022026/Chapter_1/data/governance_sources/Mai-Mai Kata Katanga_files/3120-3e210aec5472c8fb.js.download,.download,10487,37da5dbf8fdf835bd1505d8ae242ca79a319d0a1f292126fe40eed281924c19b,False,2026-01-19T08:53:52,True,False,False,False,False,,False,False,unknown
Chapter_1,backup/Chapter_1_10022026/Chapter_1/data/governance_sources/Mai-Mai Kata Katanga_files/3300-be49ab4a1a6273dd.js.download,.download,504707,d7522cc223ad8d2eb800512fbde36a04083caa5b7e35c3348246fcee085f7b15,False,2026-01-19T08:53:52,True,False,False,False,False,,False,False,unknown
Chapter_1,backup/Chapter_1_10022026/Chapter_1/data/governance_sources/Mai-Mai Kata Katanga_files/3311-36b76d81c7605c54.js.download,.download,28237,889ff43b7ec2a41df8cc77579540357cb182e0273714bd2816cf2da2bea43cf3,False,2026-01-19T08:53:52,True,False,False,False,False,,False,False,unknown
Chapter_1,backup/Chapter_1_10022026/Chapter_1/data/governance_sources/Mai-Mai Kata Katanga_files/3781-5c2a2b3f3c4f36ff.js.download,.download,7679,1e751cfe8acfc808496535750569d7606b28cfdf151239ae69f19b03e05d47c4,False,2026-01-19T08:53:52,True,False,False,False,False,,False,False,unknown
Chapter_1,backup/Chapter_1_10022026/Chapter_1/data/governance_sources/Mai-Mai Kata Katanga_files/4314-0086a41adb1e42e1.js.download,.download,16762,be6fd8f942b17783368f316f6c9f48d5105b3cab3be7a5e2f618bafeece3dba2,False,2026-01-19T08:53:52,True,False,False,False,False,,False,False,unknown
Chapter_1,backup/Chapter_1_10022026/Chapter_1/data/governance_sources/Mai-Mai Kata Katanga_files/432edd54-176376ee77841a52.js.download,.download,10079,a8eaf0f1e11ef8152a6c907b2b9f724d3b5ce2c3a06db0bc71083c46deb6c26f,False,2026-01-19T08:53:52,True,False,False,False,False,,False,False,unknown
Chapter_1,backup/Chapter_1_10022026/Chapter_1/data/governance_sources/Mai-Mai Kata Katanga_files/4554-f6b991d236f8194c.js.download,.download,57057,6e3b0ee19ec79b0723e88e12bff0dbdd43ba570a44a4599d3474f50e9cad254e,False,2026-01-19T08:53:52,True,False,False,False,False,,False,False,unknown
Chapter_1,backup/Chapter_1_10022026/Chapter_1/data/governance_sources/Mai-Mai Kata Katanga_files/4827-3fac985b399a4f91.js.download,.download,102070,4d187c08cc0744c80d377cf4b4b6999e2e39af517dcd16cbce4493006699cc6c,False,2026-01-19T08:53:52,True,False,False,False,False,,False,False,unknown
Chapter_1,backup/Chapter_1_10022026/Chapter_1/data/governance_sources/Mai-Mai Kata Katanga_files/4886-abe39bd20fd1d2b9.js.download,.download,114970,bf050c69106f72cbcd839e06635f8aefc0193abbc267958bf44c5de26307ae74,False,2026-01-19T08:53:52,True,False,False,False,False,,False,False,unknown
Chapter_1,backup/Chapter_1_10022026/Chapter_1/data/governance_sources/Mai-Mai Kata Katanga_files/4973572f-1810fe79acd41668.js.download,.download,117837,0b45b4e30361aca39bdeb1986c726958653cc29e8b0a7c3f48d7be141d5fe426,False,2026-01-19T08:53:52,True,False,False,False,False,,False,False,unknown
Chapter_1,backup/Chapter_1_10022026/Chapter_1/data/governance_sources/Mai-Mai Kata Katanga_files/4c0e99bc29567cfa.css,.css,136898,0fe94786251b99c241c74b8e99deffb7b641a545de1209552eb780c6a6053f89,False,2026-01-19T08:53:52,True,False,False,False,False,,False,False,unknown
Chapter_1,backup/Chapter_1_10022026/Chapter_1/data/governance_sources/Mai-Mai Kata Katanga_files/5357-5667761e3f0fb3d3.js.download,.download,16464,e8e8df639d9a0e01f8899a612ad22e89dbf139f6ca7f956a474f506523a8ace3,False,2026-01-19T08:53:52,True,False,False,False,False,,False,False,unknown
Chapter_1,backup/Chapter_1_10022026/Chapter_1/data/governance_sources/Mai-Mai Kata Katanga_files/5717-b85987c6495d9a27.js.download,.download,33369,486ecb8383cfc988fd7ae2ed4c29b7b18471a1a0c2cd740444bf9f103163f2e3,False,2026-01-19T08:53:52,True,False,False,False,False,,False,False,unknown
Chapter_1,backup/Chapter_1_10022026/Chapter_1/data/governance_sources/Mai-Mai Kata Katanga_files/5aff0a3d-5904b2fa9e0504eb.js.download,.download,173408,7da7ee544f9e3e1960bb24f5e9601756afdf23d63134343ebdf2fc9c63ebee62,False,2026-01-19T08:53:52,True,False,False,False,False,,False,False,unknown
Chapter_1,backup/Chapter_1_10022026/Chapter_1/data/governance_sources/Mai-Mai Kata Katanga_files/62c4caba71dfda84.css,.css,9512,79fdde1242e058fd8b3f7d1b9cd25acfe4be3bfc1eb9404075a4617ffc70da39,False,2026-01-19T08:53:52,True,False,False,False,False,,False,False,unknown
Chapter_1,backup/Chapter_1_10022026/Chapter_1/data/governance_sources/Mai-Mai Kata Katanga_files/6817-89fd2ee029d39a6f.js.download,.download,27879,478c270e3cd78686a16c0d09b443b12f981fec03f084c4f5e09124256c183809,False,2026-01-19T08:53:52,True,False,False,False,False,,False,False,unknown
Chapter_1,backup/Chapter_1_10022026/Chapter_1/data/governance_sources/Mai-Mai Kata Katanga_files/6935-66d869a5c875dd08.js.download,.download,32608,0b22e85efaba292f62f43d754a200688c15e646f39f4267aef0d4b2127cb84f2,False,2026-01-19T08:53:52,True,False,False,False,False,,False,False,unknown
Chapter_1,backup/Chapter_1_10022026/Chapter_1/data/governance_sources/Mai-Mai Kata Katanga_files/6984-c78735b56d665c72.js.download,.download,1899584,f0d3a06d93ad212b71e4a28f9e357346b6192191acb1e1923864ed6c5aefc026,False,2026-01-19T08:53:54,True,False,False,False,False,,False,False,unknown
Chapter_1,backup/Chapter_1_10022026/Chapter_1/data/governance_sources/Mai-Mai Kata Katanga_files/7213-ad1542cfc2a6d9e6.js.download,.download,121944,b422510586c2dbc12cf936675d3bb873b9fc444909a95c2bf52165050d69b0f3,False,2026-01-19T08:53:52,True,False,False,False,False,,False,False,unknown
Chapter_1,backup/Chapter_1_10022026/Chapter_1/data/governance_sources/Mai-Mai Kata Katanga_files/7795-bcc1fad6cd04abff.js.download,.download,672855,fe4452e19395b7b9b1d2561628758eb8d5593ef9cbf87a1186097e06e883b171,False,2026-01-19T08:53:52,True,False,False,False,False,,False,False,unknown
Chapter_1,backup/Chapter_1_10022026/Chapter_1/data/governance_sources/Mai-Mai Kata Katanga_files/7843-2f281882d020def3.js.download,.download,16734,3b22a9162804f529b1bc5cf1c9cf901377fb7f58191227ac92e13997f9a6a82c,False,2026-01-19T08:53:52,True,False,False,False,False,,False,False,unknown
Chapter_1,backup/Chapter_1_10022026/Chapter_1/data/governance_sources/Mai-Mai Kata Katanga_files/7873-a08fa65a8220382c.js.download,.download,27064,9019de17e9327812c92c5187b0afa8071701092a47c750ad4367c1c62db6bea1,False,2026-01-19T08:53:52,True,False,False,False,False,,False,False,unknown
Chapter_1,backup/Chapter_1_10022026/Chapter_1/data/governance_sources/Mai-Mai Kata Katanga_files/7be69531daeab58b.css,.css,140724,7ff2af4a07a264c716b9ee02f256d5cb79f99aa2fa91047665b6c3a46d7ded76,False,2026-01-19T08:53:52,True,False,False,False,False,,False,False,unknown
Chapter_1,backup/Chapter_1_10022026/Chapter_1/data/governance_sources/Mai-Mai Kata Katanga_files/8154-5494115707319095.js.download,.download,407856,b4458b6d6c6161603574e76c154820d5e95827db209e6ee425a7837361fc36c4,False,2026-01-19T08:53:52,True,False,False,False,False,,False,False,unknown
Chapter_1,backup/Chapter_1_10022026/Chapter_1/data/governance_sources/Mai-Mai Kata Katanga_files/8208b75a-42848b149a10ae60.js.download,.download,303587,4205a1ac1a6de654ddd1276469c326398c1a0d4d49e2f3dbad5e558d090ed940,False,2026-01-19T08:53:52,True,False,False,False,False,,False,False,unknown
Chapter_1,backup/Chapter_1_10022026/Chapter_1/data/governance_sources/Mai-Mai Kata Katanga_files/8355-4888d209f8f3289e.js.download,.download,331497,d6901626c8496f1f5d4ae54049c1140ff007e7d8705f28b64b764b050343e104,False,2026-01-19T08:53:52,True,False,False,False,False,,False,False,unknown
Chapter_1,backup/Chapter_1_10022026/Chapter_1/data/governance_sources/Mai-Mai Kata Katanga_files/8439-90a7084658eba187.js.download,.download,17273,db682cf1c1a93ba598804ecf1d134b8905fd9d372e9684a90ace3c79e82d7d94,False,2026-01-19T08:53:52,True,False,False,False,False,,False,False,unknown
Chapter_1,backup/Chapter_1_10022026/Chapter_1/data/governance_sources/Mai-Mai Kata Katanga_files/8451-383571fc83082700.js.download,.download,12547,8ef85c00cec87cb39f0b388da5a840190d58c024078a7ee9ed2767edda89d1c0,False,2026-01-19T08:53:52,True,False,False,False,False,,False,False,unknown
Chapter_1,backup/Chapter_1_10022026/Chapter_1/data/governance_sources/Mai-Mai Kata Katanga_files/9079-50a484604963498d.js.download,.download,7432,bbd6b8793b663596e3b39afe5842a1524f80729998282fb4d674236fd66b787d,False,2026-01-19T08:53:52,True,False,False,False,False,,False,False,unknown
Chapter_1,backup/Chapter_1_10022026/Chapter_1/data/governance_sources/Mai-Mai Kata Katanga_files/9ffa21ba-75005f8887f42257.js.download,.download,70100,d060139a46d2037261a3b08b9d8f83d2584e5a1782021c7c899983fa5ede0812,False,2026-01-19T08:53:52,True,False,False,False,False,,False,False,unknown
Chapter_1,backup/Chapter_1_10022026/Chapter_1/data/governance_sources/Mai-Mai Kata Katanga_files/b94de87b232f219f.css,.css,2369,3d2ad4b4dd193db9a5cb26ace4e22f113b88adb2ab40d9a5630de1716ebe1056,False,2026-01-19T08:53:52,True,False,False,False,False,,False,False,unknown
Chapter_1,backup/Chapter_1_10022026/Chapter_1/data/governance_sources/Mai-Mai Kata Katanga_files/error-64035d14a3b54f01.js.download,.download,10058,8d31de2e1990072a01bc55e9b24ca1cfa53ebf99f4bed2f5d37bd7afeb216059,False,2026-01-19T08:53:54,True,False,False,False,False,,False,False,unknown
Chapter_1,backup/Chapter_1_10022026/Chapter_1/data/governance_sources/Mai-Mai Kata Katanga_files/f87fff2ab93d05a7.css,.css,24688,4cac7493d3c1662442ba26bcc0f769ef1e1dbafff508c850bb1bc50758dfdcda,False,2026-01-19T08:53:52,True,False,False,False,False,,False,False,unknown
Chapter_1,backup/Chapter_1_10022026/Chapter_1/data/governance_sources/Mai-Mai Kata Katanga_files/global-error-f5d7756d21bec78a.js.download,.download,6323,f25ce550fb89a640e4e351691302234ee8253b11c4d54b0b12aebec95c5710c1,False,2026-01-19T08:53:52,True,False,False,False,False,,False,False,unknown
Chapter_1,backup/Chapter_1_10022026/Chapter_1/data/governance_sources/Mai-Mai Kata Katanga_files/layout-219150fe331dd9bc.js.download,.download,541773,2e48df507066d990de90e5136fdb1e8983c9fc36cc44b3f96863bfb35afd9ba7,False,2026-01-19T08:53:52,True,False,False,False,False,,False,False,unknown
Chapter_1,backup/Chapter_1_10022026/Chapter_1/data/governance_sources/Mai-Mai Kata Katanga_files/layout-b250ecfa885976c9.js.download,.download,835,447872b2388b1b249f4007f095735887cd43aee9d3bf11a7ed14345feccd1a15,False,2026-01-19T08:53:52,True,False,False,False,False,,False,False,unknown
Chapter_1,backup/Chapter_1_10022026/Chapter_1/data/governance_sources/Mai-Mai Kata Katanga_files/main-app-146a454f06b0e5e1.js.download,.download,2094,e8520e0822b1c09f0f02f33f23b185d479e993fb6f0a29a037f27022c9351ed9,False,2026-01-19T08:53:52,True,False,False,False,False,,False,False,unknown
Chapter_1,backup/Chapter_1_10022026/Chapter_1/data/governance_sources/Mai-Mai Kata Katanga_files/not-found-bbaacc82610c9deb.js.download,.download,2364,ae686985334f846559aa29d71890efe53148495138383384671266521eef866c,False,2026-01-19T08:53:52,True,False,False,False,False,,False,False,unknown
Chapter_1,backup/Chapter_1_10022026/Chapter_1/data/governance_sources/Mai-Mai Kata Katanga_files/not-found-cf7f440278b708b4.js.download,.download,2657,96fb14422bc5ad713b1003396b850c1779d72ba15a698c2e9fe2513f3b6c10e2,False,2026-01-19T08:53:52,True,False,False,False,False,,False,False,unknown
Chapter_1,backup/Chapter_1_10022026/Chapter_1/data/governance_sources/Mai-Mai Kata Katanga_files/page-382401229b5c0190.js.download,.download,85637,cac61f9728da3c84d4b5ce05dc3ee1bd54bf77cb7c4289c0c56dc6441949196e,False,2026-01-19T08:53:52,True,False,False,False,False,,False,False,unknown
Chapter_1,backup/Chapter_1_10022026/Chapter_1/data/governance_sources/Mai-Mai Kata Katanga_files/polyfills-42372ed130431b0a.js.download,.download,112594,0973c1d64c88adc8e3c950410cb58b288f72118d5965b78049438deb8f2f9683,False,2026-01-19T08:53:54,True,False,False,False,False,,False,False,unknown
Chapter_1,backup/Chapter_1_10022026/Chapter_1/data/governance_sources/Mai-Mai Kata Katanga_files/webpack-8d4b59038d97ffc3.js.download,.download,13877,8774b981fe21bcf8ae39028cdf0725c1acecd238edd6d546bc0142635fcfb6e2,False,2026-01-19T08:53:54,True,False,False,False,False,,False,False,unknown
Chapter_1,backup/Chapter_1_10022026/Chapter_1/data/governance_sources/Patrols/Arrests made.csv,.csv,162173,2e0bab2611ba9699b9b9576b2aa6edbf1e623bab36e413adc6ce4a215dddb235,False,2026-01-11T13:02:02,True,False,False,False,False,,False,False,unknown
Chapter_1,backup/Chapter_1_10022026/Chapter_1/data/governance_sources/Patrols/Conflict events (ACLED).csv,.csv,88194,ea79f06d52bc688d9d2dcf3ec739794e895cc2104a48dac859f36ab36078a8a3,False,2026-01-11T13:39:52,True,False,False,False,False,restricted_security,False,False,restricted or sensitive evidence
Chapter_1,backup/Chapter_1_10022026/Chapter_1/data/governance_sources/Patrols/Illegal fishing events.csv,.csv,90446,65291a30c703017f3426a0ae6e704b8ed1aeebf01cb12913d4539b50bfc6723a,False,2026-01-11T13:12:56,True,False,False,False,False,,False,False,unknown
Chapter_1,backup/Chapter_1_10022026/Chapter_1/data/governance_sources/Patrols/Poacher camps found.csv,.csv,377732,f2dce3b65623b7acd9b19940f01b50be087d4756120a1dc0cfe0e1713aa46744,False,2026-01-11T13:05:02,True,False,False,False,False,,False,False,unknown
Chapter_1,backup/Chapter_1_10022026/Chapter_1/data/governance_sources/Patrols/Shoot-outs.csv,.csv,11734,25c1131ed317048795df32e3719fe6c3bf5b9e92db0ca8aa211463cbb4496b59,False,2026-01-11T13:38:02,True,False,False,False,False,,False,False,unknown
Chapter_1,backup/Chapter_1_10022026/Chapter_1/data/governance_sources/Patrols/Snares found.csv,.csv,148995,ea2521a4bbf0567051191f8a19de2e4de0d0c792d5fba657379f56aa70fe0226,False,2026-01-11T13:19:34,True,False,False,False,False,,False,False,unknown
Chapter_1,backup/Chapter_1_10022026/Chapter_1/data/governance_sources/Patrols/Patrol cover/Couverture grille de 2.5X2.5 km PNU 2016.tiff,.tiff,37216,ef73cd7fc8a5d4f680c96de9fd9e415a20edc29400c76334b2e17d678df89c97,False,2023-11-15T08:11:46,True,False,False,False,False,,False,False,unknown
Chapter_1,backup/Chapter_1_10022026/Chapter_1/data/governance_sources/Patrols/Patrol cover/Couverture grille de 2.5X2.5 km PNU 2017.tiff,.tiff,49640,ef2279d9a621cf4cc5c013506d2757fc5b440afe861207742fa708bdd60ce022,False,2023-11-15T08:11:42,True,False,False,False,False,,False,False,unknown
Chapter_1,backup/Chapter_1_10022026/Chapter_1/data/governance_sources/Patrols/Patrol cover/Couverture grille de 2.5X2.5 km PNU 2018.tiff,.tiff,59988,c75a6e4bd39fef13e1a6ac6d9b295ce0e88b3e5e0a5288b514eb5f8c86f5f463,False,2023-11-15T08:11:58,True,False,False,False,False,,False,False,unknown
Chapter_1,backup/Chapter_1_10022026/Chapter_1/data/governance_sources/Patrols/Patrol cover/Couverture grille de 2.5X2.5 km PNU 2019.tiff,.tiff,60652,f962f1339eb1806754e3c6eaeb95da73a3417c932627472eaa4c43cc93039aa1,False,2023-11-15T08:11:50,True,False,False,False,False,,False,False,unknown
Chapter_1,backup/Chapter_1_10022026/Chapter_1/data/governance_sources/Patrols/Patrol cover/Couverture grille de 2.5X2.5 km PNU 2020.tiff,.tiff,46696,8674bc1635dfdf352db9096cbecc876ff014558879b8039c862c8225debae5cc,False,2023-11-15T08:11:54,True,False,False,False,False,,False,False,unknown
Chapter_1,backup/Chapter_1_10022026/Chapter_1/data/governance_sources/Patrols/Patrol cover/Couverture grille de 2.5X2.5 km PNU 2021.tiff,.tiff,16792,49a5dc46ac1d806fbf5fcb6968ccf22310873b2a7941e38debe4074fd7772592,False,2023-11-15T08:12:00,True,False,False,False,False,,False,False,unknown
Chapter_1,backup/Chapter_1_10022026/Chapter_1/data/governance_sources/Patrols/Patrol cover/Couverture grille de 2.5X2.5 km PNU 2022.tiff,.tiff,2805680,da58ee5e0d544e8b63a2ddd90c4d00e9c5319e5b37983047ee610048382ce71c,False,2023-11-15T07:57:22,True,False,False,False,False,,False,False,unknown
Chapter_1,backup/Chapter_1_10022026/Chapter_1/data/governance_sources/Patrols/Patrol cover/Couverture grille de 2.5X2.5 km PNU 2023.tiff,.tiff,20576,423a82605ada54ab051510f2d1d627ffb7db51c9681391403c2f35a09d285d5d,False,2024-01-05T08:16:42,True,False,False,False,False,,False,False,unknown
Chapter_1,backup/Chapter_1_10022026/Chapter_1/data/governance_sources/Patrols/Patrol cover/Couverture grille de 2.5X2.5 km PNU 2024.tiff,.tiff,19456,cacdaf26d9b29eb274207cd9a1c86e5a4d2c86bad33141a8371388b514c7a299,False,2025-04-19T11:03:02,True,False,False,False,False,,False,False,unknown
Chapter_1,backup/Chapter_1_10022026/Chapter_1/run_2026_02_10/provenance/input_md5_Script2.csv,.csv,200,9a61889780ed3acfe2185ef59278603b0ce650853689c544288188505bf342c6,False,2026-02-10T08:23:30,True,False,False,False,False,,False,False,unknown
Chapter_1,backup/Chapter_1_10022026/Chapter_1/run_2026_02_10/provenance/input_md5_Script4.csv,.csv,351,3ae8464b0535b42be835ea18dd5db3dd27b1b44302df9bf08134f7a6085e9be0,False,2026-02-10T06:29:22,True,False,False,False,False,,False,False,unknown
Chapter_1,backup/Chapter_1_10022026/Chapter_1/run_2026_02_10/provenance/pixel_selection_mode.txt,.txt,47,bd488f28f2ccf9e5c5d1621dcf36c5ced83f28fc1aa65c12db2d8a59943654d7,False,2026-02-10T08:23:30,True,False,False,False,False,,False,False,unknown
Chapter_1,backup/Chapter_1_10022026/Chapter_1/run_2026_02_10/provenance/sessionInfo_Script2.txt,.txt,2320,40c31a5c96a24c9bd5fe1d84772e290aa7a706328e89c3c47782dc223f79377c,False,2026-02-10T08:23:32,True,False,False,False,False,,False,False,unknown
Chapter_1,backup/Chapter_1_10022026/Chapter_1/run_2026_02_10/provenance/sessionInfo_Script4.txt,.txt,2320,40c31a5c96a24c9bd5fe1d84772e290aa7a706328e89c3c47782dc223f79377c,False,2026-02-10T06:29:22,True,False,False,False,False,,False,False,unknown
Chapter_1,backup/Chapter_1_10022026/Chapter_1/run_2026_02_10/provenance/SESU_manifest.rds,.rds,775,d0941e704b21ce1b6240df9dc9b486dea32fe2cbbdcdbbee7dde0cda4d588f48,False,2026-02-10T08:22:22,True,False,False,False,False,,False,False,unknown
Chapter_1,backup/Chapter_1_10022026/Chapter_1/run_2026_02_10/analysis_final_boundary_models/models/PRIMARY_betaBinomial_agriculture__National_Park.rds,.rds,50592,370c0a1c8d898ad5a905d42124866fdf1705c748d51f594f36ce94ecbfd84609,False,2026-02-10T08:40:52,True,False,False,False,False,,False,False,unknown
Chapter_1,backup/Chapter_1_10022026/Chapter_1/run_2026_02_10/analysis_final_boundary_models/models/PRIMARY_betaBinomial_agriculture__National_Park_placebo__random_side____true.rds,.rds,50951,8917a7c1e8a41f1a97b46ec5b5f974a2b5799951d8289d59a8821cd8d452eac4,False,2026-02-10T08:43:04,True,False,False,False,False,,False,False,unknown
Chapter_1,backup/Chapter_1_10022026/Chapter_1/run_2026_02_10/analysis_final_boundary_models/models/PRIMARY_betaBinomial_deforestation__National_Park.rds,.rds,50735,744016ddd6e185ca92058ae40b52078d77906c01129f511b9b230a08d0a4774e,False,2026-02-10T08:37:36,True,False,False,False,False,,False,False,unknown
Chapter_1,backup/Chapter_1_10022026/Chapter_1/run_2026_02_10/analysis_final_boundary_models/models/PRIMARY_betaBinomial_deforestation__National_Park_placebo__random_side____true.rds,.rds,51335,8269e1b9075b48c916d87df05b797ec21472c5816319877375893dec0b2e9c7b,False,2026-02-10T08:42:28,True,False,False,False,False,,False,False,unknown
Chapter_1,backup/Chapter_1_10022026/Chapter_1/run_2026_02_10/analysis_final_boundary_models/models/PRIMARY_betaBinomial_fire__National_Park.rds,.rds,50943,53479651e93a99396d1cd954f7c40b35d0241cfa621978d6ebcbc0c4ef764e40,False,2026-02-10T08:35:30,True,False,False,False,False,,False,False,unknown
Chapter_1,backup/Chapter_1_10022026/Chapter_1/run_2026_02_10/analysis_final_boundary_models/models/PRIMARY_betaBinomial_fire__National_Park_placebo__random_side____true.rds,.rds,51119,5ea187cefff9739dd85c7158f57d7ab1ab8dc839c736353de8d82c16cd72950e,False,2026-02-10T08:41:42,True,False,False,False,False,,False,False,unknown
Chapter_1,backup/Chapter_1_10022026/Chapter_1/run_2026_02_10/analysis_final_boundary_models/plots/MONEYFIG_RS_ONLY_delta_logit_agriculture__National_Park.png,.png,242048,8c251ff84df83aaea8039fab03bc4981ad3c98f444558c0981c30f8b1d71f92f,False,2026-02-10T08:38:34,True,False,False,False,False,,True,False,generated intermediate
Chapter_1,backup/Chapter_1_10022026/Chapter_1/run_2026_02_10/analysis_final_boundary_models/plots/MONEYFIG_RS_ONLY_delta_logit_agriculture__National_Park_placebo__random_side____true.png,.png,223752,9d8ff4f189025117303329fa82d9cde7d39720639ba2c79aad6c789e9f8aefc2,False,2026-02-10T08:43:04,True,False,False,False,False,,True,False,generated intermediate
Chapter_1,backup/Chapter_1_10022026/Chapter_1/run_2026_02_10/analysis_final_boundary_models/plots/MONEYFIG_RS_ONLY_delta_logit_deforestation__National_Park.png,.png,295582,e3df8b99145af76f2233e61023fc79b0e368ba9bcd051232d309f149f750f32b,False,2026-02-10T08:36:08,True,False,False,False,False,,True,False,generated intermediate
Chapter_1,backup/Chapter_1_10022026/Chapter_1/run_2026_02_10/analysis_final_boundary_models/plots/MONEYFIG_RS_ONLY_delta_logit_deforestation__National_Park_placebo__random_side____true.png,.png,169614,da4da8622a51ea515fe78734ed03a4efb5441e18b95a4aedc209d517ab2eab29,False,2026-02-10T08:42:26,True,False,False,False,False,,True,False,generated intermediate
Chapter_1,backup/Chapter_1_10022026/Chapter_1/run_2026_02_10/analysis_final_boundary_models/plots/MONEYFIG_RS_ONLY_delta_logit_fire__National_Park.png,.png,311010,bd61857d0e5b1b4317922c8f30c9fd61d2f2ef3fc8f3e849d258f31fbb2d5477,False,2026-02-10T08:33:30,True,False,False,False,False,,True,False,generated intermediate
Chapter_1,backup/Chapter_1_10022026/Chapter_1/run_2026_02_10/analysis_final_boundary_models/plots/MONEYFIG_RS_ONLY_delta_logit_fire__National_Park_placebo__random_side____true.png,.png,329702,d797d414d61671efece80810c9d682bf5cafd0be74ab47dec8e95bd4e80e71b4,False,2026-02-10T08:41:40,True,False,False,False,False,,True,False,generated intermediate
Chapter_1,backup/Chapter_1_10022026/Chapter_1/run_2026_02_10/analysis_final_boundary_models/plots/MONEYFIG_RS_ONLY_inside_outside_agriculture__National_Park.png,.png,368367,9395e649d56692e7e3f7203736a87026d99c9b4785e409b3c3e03a1cf9daf302,False,2026-02-10T08:38:34,True,False,False,False,False,,True,False,generated intermediate
Chapter_1,backup/Chapter_1_10022026/Chapter_1/run_2026_02_10/analysis_final_boundary_models/plots/MONEYFIG_RS_ONLY_inside_outside_agriculture__National_Park_placebo__random_side____true.png,.png,483627,de66eed0a29fac0c494675a4bf0a5af6b2ff98f1ecddda3ecbfbc03d6783fb64,False,2026-02-10T08:43:04,True,False,False,False,False,,True,False,generated intermediate
Chapter_1,backup/Chapter_1_10022026/Chapter_1/run_2026_02_10/analysis_final_boundary_models/plots/MONEYFIG_RS_ONLY_inside_outside_deforestation__National_Park.png,.png,408536,3fe484637ac048d2485e446ff6c725112fcf4a2a2842e98d866a9c766f6ce355,False,2026-02-10T08:36:10,True,False,False,False,False,,True,False,generated intermediate
Chapter_1,backup/Chapter_1_10022026/Chapter_1/run_2026_02_10/analysis_final_boundary_models/plots/MONEYFIG_RS_ONLY_inside_outside_deforestation__National_Park_placebo__random_side____true.png,.png,437663,90af5fe69a2150e7801d0aebea1fdf568bde7320a230edf01cea82ae90eaf7ac,False,2026-02-10T08:42:28,True,False,False,False,False,,True,False,generated intermediate
Chapter_1,backup/Chapter_1_10022026/Chapter_1/run_2026_02_10/analysis_final_boundary_models/plots/MONEYFIG_RS_ONLY_inside_outside_fire__National_Park.png,.png,432568,102cf2debc4e16316a109f8e96238fb766a88c2f1c50f579b4486c806fa79343,False,2026-02-10T08:33:30,True,False,False,False,False,,True,False,generated intermediate
Chapter_1,backup/Chapter_1_10022026/Chapter_1/run_2026_02_10/analysis_final_boundary_models/plots/MONEYFIG_RS_ONLY_inside_outside_fire__National_Park_placebo__random_side____true.png,.png,224453,d1ecb6e0484c19c51619733a69b8c373db7ef25bdceda3642ee61df6603a4495,False,2026-02-10T08:41:42,True,False,False,False,False,,True,False,generated intermediate
Chapter_1,backup/Chapter_1_10022026/Chapter_1/run_2026_02_10/analysis_final_boundary_models/provenance/input_md5.csv,.csv,296,b7272afd887303281d6e6a279b60a3dfba6e3c6edea8ac4d4272b6c835aed038,False,2026-02-10T08:43:44,True,False,False,False,False,,False,False,unknown
Chapter_1,backup/Chapter_1_10022026/Chapter_1/run_2026_02_10/analysis_final_boundary_models/provenance/sessionInfo.txt,.txt,2320,40c31a5c96a24c9bd5fe1d84772e290aa7a706328e89c3c47782dc223f79377c,False,2026-02-10T08:43:46,True,False,False,True,False,,False,False,unknown
Chapter_1,backup/Chapter_1_10022026/Chapter_1/run_2026_02_10/analysis_final_boundary_models/tables/INDEX_runs_tags.csv,.csv,661,c7ea8f3c651ee514c2e5fe290a17bc186cf21d9f2b613839ee57633fbce73d3b,False,2026-02-10T08:43:44,True,False,False,False,False,,False,False,unknown
Chapter_1,backup/Chapter_1_10022026/Chapter_1/run_2026_02_10/analysis_final_boundary_models/tables/ORACLE_governance_best_fit_REAL_NP_agriculture__National_Park.csv,.csv,8151,e77bee52513aeba8c97d506f7c0059681f970914e1a7623cdd8c1b0f51b443f1,False,2026-02-10T08:40:52,True,False,False,False,False,,False,False,unknown
Chapter_1,backup/Chapter_1_10022026/Chapter_1/run_2026_02_10/analysis_final_boundary_models/tables/ORACLE_governance_best_fit_REAL_NP_deforestation__National_Park.csv,.csv,7763,f04bfa87b74c2bdd6cc4e79f493ab34f8fb49dd44446f00b9f18329fb77d95cf,False,2026-02-10T08:37:36,True,False,False,False,False,,False,False,unknown
Chapter_1,backup/Chapter_1_10022026/Chapter_1/run_2026_02_10/analysis_final_boundary_models/tables/ORACLE_governance_best_fit_REAL_NP_fire__National_Park.csv,.csv,7652,cf5a141d6a4a9fef7ce9f6fff3b3dfbb09dd1afc207ef41bbd76ff6c867e53a5,False,2026-02-10T08:35:30,True,False,False,False,False,,False,False,unknown
Chapter_1,backup/Chapter_1_10022026/Chapter_1/run_2026_02_10/analysis_final_boundary_models/tables/POOLED_PRIMARY_betaBinomial_coef_table_bootYear.csv,.csv,3117,6bcc72c8212c6f49cafcf07706d8cba3f2fe880e3b98d27c6e3ecf8f9a93267a,False,2026-02-10T08:43:44,True,False,False,False,False,,False,False,unknown
Chapter_1,backup/Chapter_1_10022026/Chapter_1/run_2026_02_10/analysis_final_boundary_models/tables/POOLED_PRIMARY_betaBinomial_coef_table_modelZ.csv,.csv,17651,5d735939eccaf8753a706c0df720349761d68df73d23cedd0b0a63137ada7853,False,2026-02-10T08:43:44,True,False,False,False,False,,False,False,unknown
Chapter_1,backup/Chapter_1_10022026/Chapter_1/run_2026_02_10/analysis_final_boundary_models/tables/POOLED_PRIMARY_betaBinomial_fit_stats.csv,.csv,1460,97a794713e0efb12a083b5a58d662f0bdb73b58f25b3308d38b496a3d45a2313,False,2026-02-10T08:43:44,True,False,False,False,False,,False,False,unknown
Chapter_1,backup/Chapter_1_10022026/Chapter_1/run_2026_02_10/analysis_final_boundary_models/tables/RS_ONLY_delta_logit_agriculture__National_Park.csv,.csv,5503,16d6313f57b1c3b6e6ac96bd90d9cb99108e71eda4fde1c7740a617ca83c0082,False,2026-02-10T08:38:34,True,False,False,False,False,,False,False,unknown
Chapter_1,backup/Chapter_1_10022026/Chapter_1/run_2026_02_10/analysis_final_boundary_models/tables/RS_ONLY_delta_logit_agriculture__National_Park_placebo__random_side____true.csv,.csv,7008,b5062dde20eb0563bef1a4cc522d56333a26e27d2a69731a862c2cc71f19312f,False,2026-02-10T08:43:04,True,False,False,False,False,,False,False,unknown
Chapter_1,backup/Chapter_1_10022026/Chapter_1/run_2026_02_10/analysis_final_boundary_models/tables/RS_ONLY_delta_logit_deforestation__National_Park.csv,.csv,5638,bd60fb4c438469aa72414025a2c1cfcfdf0639cfe53ca84a16ac4a9232749be6,False,2026-02-10T08:36:08,True,False,False,False,False,,False,False,unknown
Chapter_1,backup/Chapter_1_10022026/Chapter_1/run_2026_02_10/analysis_final_boundary_models/tables/RS_ONLY_delta_logit_deforestation__National_Park_placebo__random_side____true.csv,.csv,7242,c0e60affb4765bcce8b59ad640d015db8ab16b1ea4cd30e32222c947ef0e2ccd,False,2026-02-10T08:42:26,True,False,False,False,False,,False,False,unknown
Chapter_1,backup/Chapter_1_10022026/Chapter_1/run_2026_02_10/analysis_final_boundary_models/tables/RS_ONLY_delta_logit_fire__National_Park.csv,.csv,5634,15b3a4f0b71687c8acd8dcacf5993d334f5aadea31cd0045cb70355d03b2e1b4,False,2026-02-10T08:33:30,True,False,False,False,False,,False,False,unknown
Chapter_1,backup/Chapter_1_10022026/Chapter_1/run_2026_02_10/analysis_final_boundary_models/tables/RS_ONLY_delta_logit_fire__National_Park_placebo__random_side____true.csv,.csv,7343,49ab42d311595c5f61c25849da861421b103147c91874ac6688e828c50627e7b,False,2026-02-10T08:41:40,True,False,False,False,False,,False,False,unknown
Chapter_1,backup/Chapter_1_10022026/Chapter_1/run_2026_02_10/analysis_final_boundary_models/tables/RS_ONLY_observed_inside_outside_agriculture__National_Park.csv,.csv,9312,16186edc89054feb20e14cfa0705bc394d636082e9e7de85c267e5b87ed91ce5,False,2026-02-10T08:38:34,True,False,False,False,False,,False,False,unknown
Chapter_1,backup/Chapter_1_10022026/Chapter_1/run_2026_02_10/analysis_final_boundary_models/tables/RS_ONLY_observed_inside_outside_agriculture__National_Park_placebo__random_side____true.csv,.csv,12288,bf835e6d95d1c85c895064535df7de85b2822a851db858abe46ce1ebfc122240,False,2026-02-10T08:43:04,True,False,False,False,False,,False,False,unknown
Chapter_1,backup/Chapter_1_10022026/Chapter_1/run_2026_02_10/analysis_final_boundary_models/tables/RS_ONLY_observed_inside_outside_deforestation__National_Park.csv,.csv,9663,e5606a53be6328e418f1c6d96d02397ef4aec4780364c8cd4f2ca7e35b8d7d1b,False,2026-02-10T08:36:08,True,False,False,False,False,,False,False,unknown
Chapter_1,backup/Chapter_1_10022026/Chapter_1/run_2026_02_10/analysis_final_boundary_models/tables/RS_ONLY_observed_inside_outside_deforestation__National_Park_placebo__random_side____true.csv,.csv,12776,972c1c9bddb6e602461dd60d3a33fe94f6be2817246e88b223a26e848a19a152,False,2026-02-10T08:42:26,True,False,False,False,False,,False,False,unknown
Chapter_1,backup/Chapter_1_10022026/Chapter_1/run_2026_02_10/analysis_final_boundary_models/tables/RS_ONLY_observed_inside_outside_fire__National_Park.csv,.csv,8881,c7a49074a63f17b0707e66f87d45e1e2483b575005635566cc2be9b2af33100e,False,2026-02-10T08:33:30,True,False,False,False,False,,False,False,unknown
Chapter_1,backup/Chapter_1_10022026/Chapter_1/run_2026_02_10/analysis_final_boundary_models/tables/RS_ONLY_observed_inside_outside_fire__National_Park_placebo__random_side____true.csv,.csv,11607,f4023049b1610cbe28e8cdd9f95a23d1b035af73b7f6c20355867163e3a97f9f,False,2026-02-10T08:41:40,True,False,False,False,False,,False,False,unknown
Chapter_1,data/agri_precomputed_500m/year_agri_500m_tau010_2001_2022.tif,.tif,34932,576c4ebe208c6b7e049657100bf86fdfb27a61835690e5e0ca085dc6113a9b29,False,2026-06-23T16:12:41,True,False,False,True,False,,False,False,authoritative analytical input
Chapter_1,data/agri_precomputed_500m/year_agri_500m_tau025_2001_2022.tif,.tif,21478,6a4c3bcae64e17a1087ec9cc4e78e4c0aa902ab87d1da96c2623237456e0e19b,False,2026-06-23T12:49:45,True,False,False,True,False,,False,False,authoritative analytical input
Chapter_1,data/agri_precomputed_500m/year_agri_500m_tau050_2001_2022.tif,.tif,15540,a06cc3d83db5d9897487325c81c527882fa2ceedaf1ccd2124610654eefb15a4,False,2026-06-23T16:54:43,True,False,False,True,False,,False,False,authoritative analytical input
Chapter_1,data/fire/README_FireCCI51_pixel.txt,.txt,2402,7f66689fedcc84363efc3040d208a898e1319724bba7af19811ffe2715dafc2c,False,2026-02-07T14:34:22,True,False,False,False,False,,False,False,authoritative analytical input
Chapter_1,data/fire_harmonized_500m/fireBurned_AprOct_2021_500m_tau010_harmonized.tif,.tif,30016,8f471fe57af41851ce5a1d83f4445a0624ec5f18038fdf5b3b439bddaea11f49,False,2026-06-24T10:23:10,True,False,False,True,False,,False,True,authoritative analytical input
Chapter_1,data/fire_harmonized_500m/fireBurned_AprOct_2021_500m_tau025_harmonized.tif,.tif,31470,001f48c0cbc19d8f914da2e100ebf0b92df6b3730dadf58fe6537174847acd7a,False,2026-06-24T10:23:11,True,False,False,True,False,,False,True,authoritative analytical input
Chapter_1,data/fire_harmonized_500m/fireBurned_AprOct_2021_500m_tau050_harmonized.tif,.tif,32878,081ac74360096fc311c262c63f91d509f4cd9c9a69f5d845b287789dcfed612e,False,2026-06-24T10:23:11,True,False,False,True,False,,False,True,authoritative analytical input
Chapter_1,data/fire_harmonized_500m/fireBurned_AprOct_2022_500m_tau010_harmonized.tif,.tif,29894,d4ff424ea6180d0fe08b2b0fa302adea61941a8f47e5d322107a1ce2b84c9ba9,False,2026-06-24T10:23:30,True,False,False,True,False,,False,True,authoritative analytical input
Chapter_1,data/fire_harmonized_500m/fireBurned_AprOct_2022_500m_tau025_harmonized.tif,.tif,31310,9ad1b9cd7577f6613be81ad62d99c437b47060ac340ebd4284c3412871023215,False,2026-06-24T10:23:30,True,False,False,True,False,,False,True,authoritative analytical input
Chapter_1,data/fire_harmonized_500m/fireBurned_AprOct_2022_500m_tau050_harmonized.tif,.tif,32298,bb5e945387af32ddd23ceb027aec3ff92738f5222e29bde5c71a1ba2f81f3251,False,2026-06-24T10:23:30,True,False,False,True,False,,False,True,authoritative analytical input
Chapter_1,data/fire_harmonized_500m/fireDOY_min_AprOct_2021_500m_tau010_harmonized.tif,.tif,162077,1e0b687837aadfd3be9df595e2623048a081f4badb5fcdfe10c02166800cb445,False,2026-06-24T10:23:11,True,False,False,True,False,,False,True,authoritative analytical input
Chapter_1,data/fire_harmonized_500m/fireDOY_min_AprOct_2021_500m_tau025_harmonized.tif,.tif,157973,334918505ae8a47fbc38da6879c88f0c7086cf6c6e1bca3d948afc55c79a9fab,False,2026-06-24T10:23:11,True,False,False,True,False,,False,True,authoritative analytical input
Chapter_1,data/fire_harmonized_500m/fireDOY_min_AprOct_2021_500m_tau050_harmonized.tif,.tif,150779,a22aa6f65be6f13306d8e61edad99f131f662928eeb32a5763ee67ac018af9ec,False,2026-06-24T10:23:11,True,False,False,True,False,,False,True,authoritative analytical input
Chapter_1,data/fire_harmonized_500m/fireDOY_min_AprOct_2022_500m_tau010_harmonized.tif,.tif,160297,72bbfbc515b688a55ebf47a1ee9d0c9303db835f244b50c8a82144f945520496,False,2026-06-24T10:23:30,True,False,False,True,False,,False,True,authoritative analytical input
Chapter_1,data/fire_harmonized_500m/fireDOY_min_AprOct_2022_500m_tau025_harmonized.tif,.tif,155655,facb4efa364f1e2fea2f938e1622168009f416df1c30198fad149b63afd416a3,False,2026-06-24T10:23:30,True,False,False,True,False,,False,True,authoritative analytical input
Chapter_1,data/fire_harmonized_500m/fireDOY_min_AprOct_2022_500m_tau050_harmonized.tif,.tif,147999,7d8014f942a6f915b01fede22134cb6c986771e2277e680ac637a76d4326ead9,False,2026-06-24T10:23:30,True,False,False,True,False,,False,True,authoritative analytical input
Chapter_1,data/fire_precomputed_500m/fireBurned_AprOct_2021_500m_tau010.tif,.tif,30053,22e0d95b756790fcd27c1a676eceac327520328585738ad6d22fe76c5d2683d1,False,2026-06-23T15:54:43,True,False,False,True,False,,False,False,authoritative analytical input
Chapter_1,data/fire_precomputed_500m/fireBurned_AprOct_2021_500m_tau025.tif,.tif,31509,b49c971d172d26fcf911db41483dc46efbc5c5c7eb8a845914105aadad4d748a,False,2026-06-23T12:30:50,True,False,False,True,False,,False,False,authoritative analytical input
Chapter_1,data/fire_precomputed_500m/fireBurned_AprOct_2021_500m_tau050.tif,.tif,32923,17bda3b69e79b648dfca30247762a6d3e0ebcad105053cdf28a7fab9fc68a8de,False,2026-06-23T16:31:10,True,False,False,True,False,,False,False,authoritative analytical input
Chapter_1,data/fire_precomputed_500m/fireBurned_AprOct_2022_500m_tau010.tif,.tif,29925,c1e102ea730128aa2f22cc998ce420c404ef466983e915b4257a06595c16b47d,False,2026-06-23T16:08:37,True,False,False,True,False,,False,False,authoritative analytical input
Chapter_1,data/fire_precomputed_500m/fireBurned_AprOct_2022_500m_tau025.tif,.tif,31339,402b2d14bb90d14fb8395a7554da756da1685545028674d03f0a0d670216580f,False,2026-06-23T12:45:38,True,False,False,True,False,,False,False,authoritative analytical input
Chapter_1,data/fire_precomputed_500m/fireBurned_AprOct_2022_500m_tau050.tif,.tif,32321,99133cd021b774f1b9f6303d6964a82320513f55d584e00a8742e154980d6cc6,False,2026-06-23T16:50:27,True,False,False,True,False,,False,False,authoritative analytical input
Chapter_1,data/fire_precomputed_500m/fireDOY_max_AprOct_2021_500m_tau010.tif,.tif,203358,82ca56f6ed7d90b8ffc446e4ccd5342337dd59374b8d37e7f8d4d33b05abe91d,False,2026-06-23T15:54:43,True,False,False,False,False,,False,False,authoritative analytical input
Chapter_1,data/fire_precomputed_500m/fireDOY_max_AprOct_2021_500m_tau025.tif,.tif,203190,c3cd9c027abf72c7ee13b20b6cc143bdbaf70fbe4340295c8911579528ad5b7a,False,2026-06-23T12:30:50,True,False,False,False,False,,False,False,authoritative analytical input
Chapter_1,data/fire_precomputed_500m/fireDOY_max_AprOct_2021_500m_tau050.tif,.tif,198406,a549ca9a9f7e70c1236ecb2c02db0435483670d0213a1a9e64b012ece8df08ce,False,2026-06-23T16:31:10,True,False,False,False,False,,False,False,authoritative analytical input
Chapter_1,data/fire_precomputed_500m/fireDOY_max_AprOct_2022_500m_tau010.tif,.tif,200216,0c5ff08cf5acb3976a0a5215316c89aa289727fa652cff4e88d2cef2468b9884,False,2026-06-23T16:08:37,True,False,False,False,False,,False,False,authoritative analytical input
Chapter_1,data/fire_precomputed_500m/fireDOY_max_AprOct_2022_500m_tau025.tif,.tif,200078,c0a692e7224891f2f979bb046e2f08037e242c1af238ca389ee00688d4bea5e5,False,2026-06-23T12:45:38,True,False,False,False,False,,False,False,authoritative analytical input
Chapter_1,data/fire_precomputed_500m/fireDOY_max_AprOct_2022_500m_tau050.tif,.tif,195314,87ee460c84e35db8427f61b6d1082768852abf453ae47562de157292e520a271,False,2026-06-23T16:50:27,True,False,False,False,False,,False,False,authoritative analytical input
Chapter_1,data/governance_sources/Barbier  2011. Analyse critique de l’impact de la présence des familles du personnel de l’ICCN.pdf,.pdf,2461410,7229495b9e42e5088d8dbc6ce156f4de4879f0d5bd50c9c942c4d72db0925ad3,False,2025-04-05T15:26:00,True,False,False,False,False,,True,False,authoritative analytical input
Chapter_1,data/governance_sources/D'Huart 2017. PAG.docx,.docx,10880341,3c0c698b7a051c3f73997f723722f0f2d3eb03f625587dc919458b7fe3d467c8,False,2025-04-05T15:21:08,True,False,False,False,False,,False,False,authoritative analytical input
Chapter_1,data/governance_sources/D.R. Congo s neglected Triangle of Death.pdf,.pdf,383016,c03fda48b126833d63a032d980d4298000e10a5f13f63cc84fa380a572414c4d,False,2026-01-18T12:48:20,True,False,False,False,False,,True,False,authoritative analytical input
Chapter_1,data/governance_sources/Econews-493.pdf,.pdf,1893802,efa795678d7ffb5a7db714df9ce47a93dafc7e51057301f9f2db76d513e8969e,False,2026-01-17T18:13:38,True,False,False,False,False,,True,False,authoritative analytical input
Chapter_1,data/governance_sources/Global witness 2021. How an ‘illegal’ dam project could destroy forests and biodiversity in one of Congo’s oldest national parks.pdf,.pdf,2274999,1b12e08597b0f48a13645ef5a2181ea0d970c9f580a24da6038f5510f618abbb,False,2025-04-05T15:21:00,True,False,False,False,False,,True,False,authoritative analytical input
Chapter_1,"data/governance_sources/Hasson - 2003 - Upemba, le parc oublié.PDF",.pdf,2812849,6f4d314069a764c552c6953cd7adabcf6af61db17b7e1df022841d43c5d81125,False,2025-08-05T16:45:08,True,False,False,False,False,,True,False,authoritative analytical input
Chapter_1,data/governance_sources/Hasson 1997.docx,.docx,29494,dd0d960ac6726db70ce2feea832931337cd6990ee14eeda5c95de0a07e5237a0,False,2026-01-17T18:13:20,True,False,False,False,False,,False,False,authoritative analytical input
Chapter_1,data/governance_sources/Hasson 2008. Création d’une réserve de faune en chefferie kayumba.doc,.doc,59904,bb8d795479cf92216c185d162f992e05f26a8d3c0410baf62be75ea1305e84d5,False,2025-04-05T15:20:58,True,False,False,False,False,,False,False,authoritative analytical input
Chapter_1,data/governance_sources/Hasson 2016 des animaux et des hommes - PNU récent.docx,.docx,16650,39419768af8e241783dafc8bd998076e1f5af5ec11e452d7d8a87a74beef0dca,False,2026-01-19T10:29:20,True,False,False,False,False,,False,False,authoritative analytical input
Chapter_1,data/governance_sources/Hasson_1999_Upemba National Park shall not die.pdf,.pdf,7048667,cbf9262b39cc69a4ae4d0db24db08ac449abe1a71e7643861b14119e3272dd19,False,2025-08-06T08:42:32,True,False,False,False,False,,True,False,authoritative analytical input
Chapter_1,data/governance_sources/IPIS map.docx,.docx,14400,1d6cc022da634d69ff1b2727cb5916f594bcac2df1f99911319cf5c51b382853,False,2026-01-19T10:06:28,True,False,False,False,False,,False,False,authoritative analytical input
Chapter_1,data/governance_sources/Katembo 2016. Rapport technique sur l’opération de gardiennage et protection des derniers éléphants du parc national de l’upemba.pdf,.pdf,2215461,6d51ed2702ae5da25f712d0d56fcd8ce5b91c7307d3ea4e67d96e64e4ded363d,False,2025-12-17T11:03:10,True,False,False,False,False,,True,False,authoritative analytical input
Chapter_1,data/governance_sources/Katembo 2017. Rapport technique sur l’opération de gardiennage et protection des derniers éléphants du parc national de l’Upemba.pdf,.pdf,6081920,490e715417c49a76458beb190b910439a71105350defac5f0b3f23a981441b4c,False,2025-12-17T11:02:30,True,False,False,False,False,,True,False,authoritative analytical input
Chapter_1,data/governance_sources/Mai-Mai Kata Katanga.html,.html,526875,73844305cd5bbcb77fddf819a99af4d65ad15e8563a7441a2d2d3e0835d90b7f,False,2026-01-19T09:53:54,True,False,False,False,False,restricted_security;secret,True,False,authoritative analytical input
Chapter_1,data/governance_sources/Meynen 2007.docx,.docx,16306,03e8e0dee928777598a14b8d21fcfb033e9a010677bada4924836684e214472a,False,2026-01-17T18:16:20,True,False,False,False,False,,False,False,authoritative analytical input
Chapter_1,data/governance_sources/Meynen_Spittaels_2007_Cartographie des intérêts dans les zones de conflit.pdf,.pdf,789010,4d8492b7fae3fd6274b5f9fcb5093b6ba498b0a453c7cc65bea7df45f68942b9,False,2025-06-27T17:52:56,True,False,False,False,False,,True,False,authoritative analytical input
Chapter_1,data/governance_sources/Narrative FZS PNU RDC 10eme FED 161109 dernier ICCN.doc,.doc,971776,d58080ad2906873e5a3dcde1992e7c6a46c3017ef011586ed2f189401db20e18,False,2025-04-05T15:16:14,True,False,False,False,False,,False,False,authoritative analytical input
Chapter_1,"data/governance_sources/Ngoy, Kafula P. 2015 A Critical Assessment of the Security Sector Reforms in Central Africa. The Case Study of the Democratic Republic of Congo, Northen Katanga Province, 2011-2014.pdf",.pdf,2355902,36c6d6c1b34dbeb5fd002a3591dd92a2fba093621620b9b18917c1d03963d667,False,2025-12-20T09:10:06,True,False,False,False,False,,True,False,authoritative analytical input
Chapter_1,data/governance_sources/OKA Kanyundu achievements.docx,.docx,21448,a2d15df4c478ae39fca177f389332628e225987358eef2bc4f7e49fe109f6866,False,2026-01-19T10:55:18,True,False,False,False,False,,False,False,authoritative analytical input
Chapter_1,data/governance_sources/ramsar.pdf,.pdf,410258,f78b5a3af8b38ebfee4a8901a628a149190dd1eeefe73d9e9df42b8cb2e7822d,False,2025-08-07T13:54:24,True,False,False,False,False,,True,False,authoritative analytical input
Chapter_1,data/governance_sources/TdR plan d_aménagement - PNKL_GFA_Carlo_20190212.docx,.docx,34846,3bcf5abb8c9e373a2e1001a49b8e8f9ad3ce0b55d4cbc2fd2b5a5c1b1f1e8a6d,False,2025-04-05T15:16:12,True,False,False,False,False,,False,False,authoritative analytical input
Chapter_1,data/governance_sources/Upemba and Kundelungu National Park_background doc (1).pdf,.pdf,1840705,fac2564d6d7fb103ace6c3000c3c7dfeaad9b9f78a73c6aaed3494eb28e6502d,False,2025-04-05T15:16:12,True,False,False,False,False,,True,False,authoritative analytical input
Chapter_1,data/governance_sources/Upemba-Kundelungu - Rapport mensuel - Janvier 2018.pdf,.pdf,3627738,f64e1c02ed86cac90d5d56a73829c6ce8d21ac8d17e496eb93bf41de24df222b,False,2025-04-05T15:16:12,True,False,False,False,False,,True,False,authoritative analytical input
Chapter_1,data/governance_sources/Van Leeuwe et al. - 2009 - Recensement des Grands Mammifères et Impacts Humai.pdf,.pdf,3390153,4f6d87321a94d097449db126978cba637fceb958479dc892b10c736ea69bf330,False,2025-03-15T15:20:44,True,False,False,False,False,,True,False,authoritative analytical input
Chapter_1,data/governance_sources/VanAcker&Vlassenroot_2005.pdf,.pdf,571159,9f35caa10de367f6608e4b41c29b5ef55342a607dc5fd9a62cd7fed234f56450,False,2025-12-20T09:11:40,True,False,False,False,False,,True,False,authoritative analytical input
Chapter_1,data/outdated/2015_accessibility_to_cities.tif,.tif,146292,fe21385871124bc91776e5e7d445a82b25ab21f6a2fdc049c723e7a4c80bd1f9,False,2025-10-12T16:15:18,True,False,False,False,False,,False,False,authoritative analytical input
Chapter_1,data/outdated/chirps_annual_precip_mm_1981_2025_full.tif,.tif,860065,da06328d30613bab5a2588463c0473d3ac1b25357fa5973521a4b8857768d329,False,2025-10-12T20:21:54,True,False,False,False,False,,False,False,authoritative analytical input
Chapter_1,data/outdated/dem_copernicus_glo30.tif,.tif,282025390,cff1bb27d7eebde0658bc7cecff2d40b5bf766b0d05f40ed43cb5a1347d6bc0c,False,2025-11-27T15:06:58,True,False,False,False,False,,False,False,authoritative analytical input
Chapter_1,data/outdated/FireCCI51_season_DOYmin_tau_and_binary_2001_2020_500m_epsg32735.tif,.tif,5088495,392761ef4aca4ce3eafcdd532acb82fe9c7b3e0648dd54015a8ec25719eec215,False,2026-02-01T14:27:46,True,False,False,False,False,,False,False,authoritative analytical input
Chapter_1,data/outdated/gfc_lossyear_2001_2024_coded_30m_full.tif,.tif,3350109,65ea4c9c2bf7405b3e4400577c439c90173cb8f77c207d28b09e6faad409e2a9,False,2025-10-12T20:38:56,True,False,False,False,False,,False,False,authoritative analytical input
Chapter_1,data/outdated/gfc_treecover2000_pct_30m_full.tif,.tif,32456549,b28b8a0ad2c4d1292853e63d48d784daa5fef8061bb7a3a2b41953ca91cb1083,False,2025-10-13T11:46:54,True,False,False,False,False,,False,False,authoritative analytical input
Chapter_1,data/outdated/GHS_BUILT_S_1975_2030_built_surface.tif,.tif,1558395,f9ea182c817c885bc905e8e77fca6cbd10e33f2f1d0fe12bb83a773107be5832,False,2025-10-13T12:14:34,True,False,False,False,False,,False,False,authoritative analytical input
Chapter_1,data/outdated/openbuildings_building_fractional_count_2016_2023.tif,.tif,15223759,85af61e1b5b768243186784e0ac6fe14e8808704c48f75aefd854851c27f9e01,False,2025-10-13T12:38:50,True,False,False,False,False,,False,False,authoritative analytical input
Chapter_1,data/outdated/soilgrids_0_30cm_mean_upemba_aoi.tif,.tif,3054221,2c66b6027f50621ff052d8470911c1a42ce844cc99936829d99c398a3e3996e8,False,2026-01-30T10:32:28,True,False,False,False,False,,False,False,authoritative analytical input
Chapter_1,data/outdated/terraclimate_annual_aet_mm_1958_2025_full.tif,.tif,706752,7963e3db2187df15fcbd041589a15d5c77e0e69b24b5af2137958c618e59ea75,False,2025-10-12T20:11:30,True,False,False,False,False,,False,False,authoritative analytical input
Chapter_1,data/outdated/terraclimate_annual_pet_mm_1958_2025_full.tif,.tif,690045,55da7daf96490217a5289a2fe8e7d6e3a06c0bb29c4bb1e9e275762387c69543,False,2025-10-12T20:11:16,True,False,False,False,False,,False,False,authoritative analytical input
Chapter_1,data/outdated/worldcover_map_2021_30m.tif,.tif,9443609,85d612941c00dec0d97ab3e75bf7b9ba405e4ce96a960c841f13eb0e840cc923,False,2025-10-12T15:50:38,True,False,False,False,False,,False,False,authoritative analytical input
Chapter_1,data/tau075/FireCCI51_season_DOYmin_tau_and_binary_2001_2020_500m_epsg32735.tif,.tif,5088495,392761ef4aca4ce3eafcdd532acb82fe9c7b3e0648dd54015a8ec25719eec215,False,2026-02-01T14:29:20,True,False,False,False,False,,False,False,authoritative analytical input
Chapter_1,data/tau075/gfc_year_deforest_majority_tau_500m_epsg32735.tif,.tif,15985,af19ec9bd3c8ac7d78aea41493e5a34f7fd56c3a1b2d77d4216bad7ded6de9d4,False,2026-02-01T13:41:06,True,False,False,False,False,,False,False,authoritative analytical input
Chapter_1,data/tau075/ghsl_year_urban_majority_tau_500m_epsg32735.tif,.tif,9979,c017186b96349678bd9efb65bd97b47772371d29b3f12c9deb7239554bee9af8,False,2026-02-01T13:41:04,True,False,False,False,False,,False,False,authoritative analytical input
Chapter_1,data/tau_var/FireCCI51_season_DOYmin_tau010_and_binary_2001_2020_500m_epsg32735.tif,.tif,5381506,5a88b9fcfe419cd9ab245a435ba36b1479109bab45746b308b1d1a103b12dd19,False,2026-06-23T12:15:14,True,False,False,True,False,,False,False,authoritative analytical input
Chapter_1,data/tau_var/FireCCI51_season_DOYmin_tau025_and_binary_2001_2020_500m_epsg32735.tif,.tif,5088495,392761ef4aca4ce3eafcdd532acb82fe9c7b3e0648dd54015a8ec25719eec215,False,2026-06-23T12:15:06,True,False,False,True,False,,False,False,authoritative analytical input
Chapter_1,data/tau_var/FireCCI51_season_DOYmin_tau050_and_binary_2001_2020_500m_epsg32735.tif,.tif,4655220,597a55ffc82568c0e95254fc41b7fc26d4d28caaee2a72b04a61c471379cb70b,False,2026-06-23T12:15:09,True,False,False,True,False,,False,False,authoritative analytical input
Chapter_1,data/tau_var/gfc_year_deforest_majority_tau010_500m_epsg32735.tif,.tif,35454,e1f4c6206d22f71e1ed3909be863f8b1e036b559a9426469d61c228335b9e56c,False,2026-06-23T12:15:16,True,False,False,True,False,,False,False,authoritative analytical input
Chapter_1,data/tau_var/gfc_year_deforest_majority_tau025_500m_epsg32735.tif,.tif,14596,faf54fcc310678cf9d572efa16493b09f497731b390a8ae3f0856c2a12587429,False,2026-06-23T12:15:03,True,False,False,True,False,,False,False,authoritative analytical input
Chapter_1,data/tau_var/gfc_year_deforest_majority_tau050_500m_epsg32735.tif,.tif,6403,9b8712fdc680505474e5d7ab1b7f4fdf942b3d16c0ec6ddcb1eb29b7e5799a5f,False,2026-06-23T12:15:11,True,False,False,True,False,,False,False,authoritative analytical input
Chapter_1,data/fire/20210401-ESACCI-L3S_FIRE-BA-MODIS-AREA_5-fv5.1/20210401-ESACCI-L3S_FIRE-BA-MODIS-AREA_5-fv5.1-CL.tif,.tif,15440101,cd511c3e0e872d83b07f6e639375a8b7794479da1b12596e0b1b5244529b21b7,False,2024-10-22T18:12:36,True,False,False,True,False,,False,False,authoritative analytical input
Chapter_1,data/fire/20210401-ESACCI-L3S_FIRE-BA-MODIS-AREA_5-fv5.1/20210401-ESACCI-L3S_FIRE-BA-MODIS-AREA_5-fv5.1-JD.tif,.tif,18340031,01ce3fcda1ce5c518c3119ade06d20dc3097f596a186d5676138911e6cdb019b,False,2024-10-22T18:12:38,True,False,False,True,False,,False,False,authoritative analytical input
Chapter_1,data/fire/20210401-ESACCI-L3S_FIRE-BA-MODIS-AREA_5-fv5.1/20210401-ESACCI-L3S_FIRE-BA-MODIS-AREA_5-fv5.1-LC.tif,.tif,7125391,f7c57931a5bf1e9fa5f71ad0fd862f9a80993cbc22ace3933cb98727ed17ebb5,False,2024-10-22T18:12:38,True,False,False,True,False,,False,False,authoritative analytical input
Chapter_1,data/fire/20210401-ESACCI-L3S_FIRE-BA-MODIS-AREA_5-fv5.1/20210401-ESACCI-L3S_FIRE-BA-MODIS-AREA_5-fv5.1.xml,.xml,18168,908b02b62a288150c5370c4956f9c71dc2ec75f9841996cc3ab0cfc1ba22f33c,False,2024-10-22T18:12:02,True,False,False,False,False,,False,False,authoritative analytical input
Chapter_1,data/fire/20210501-ESACCI-L3S_FIRE-BA-MODIS-AREA_5-fv5.1/20210501-ESACCI-L3S_FIRE-BA-MODIS-AREA_5-fv5.1-CL.tif,.tif,31302916,3573b28b192cd8a54fd9955100fb1feeace50ad1ff37b927f72e70cab884e1f7,False,2024-10-22T18:12:40,True,False,False,True,False,,False,False,authoritative analytical input
Chapter_1,data/fire/20210501-ESACCI-L3S_FIRE-BA-MODIS-AREA_5-fv5.1/20210501-ESACCI-L3S_FIRE-BA-MODIS-AREA_5-fv5.1-JD.tif,.tif,18995585,5fd28256d3fe800d589956ee7b288aedbd35925575c161d7a710c9760c2a9647,False,2024-10-22T18:12:40,True,False,False,True,False,,False,False,authoritative analytical input
Chapter_1,data/fire/20210501-ESACCI-L3S_FIRE-BA-MODIS-AREA_5-fv5.1/20210501-ESACCI-L3S_FIRE-BA-MODIS-AREA_5-fv5.1-LC.tif,.tif,7517381,b3b444217043fc8efa79bebbdd77372ad7d00bf78fabfa8ee6c8e751b74144a1,False,2024-10-22T18:12:40,True,False,False,True,False,,False,False,authoritative analytical input
Chapter_1,data/fire/20210501-ESACCI-L3S_FIRE-BA-MODIS-AREA_5-fv5.1/20210501-ESACCI-L3S_FIRE-BA-MODIS-AREA_5-fv5.1.xml,.xml,18168,d190b330f059bebf723037f265ff5416cd59d64d02fecd827ef65a0d5f024bdf,False,2024-10-22T18:12:06,True,False,False,False,False,,False,False,authoritative analytical input
Chapter_1,data/fire/20210601-ESACCI-L3S_FIRE-BA-MODIS-AREA_5-fv5.1/20210601-ESACCI-L3S_FIRE-BA-MODIS-AREA_5-fv5.1-CL.tif,.tif,44990713,04f1a2d6e706fe05677ee34cb7c02d6a12e0af4ff2c8cf8d0c27733f8d300027,False,2024-10-22T18:12:44,True,False,False,True,False,,False,False,authoritative analytical input
Chapter_1,data/fire/20210601-ESACCI-L3S_FIRE-BA-MODIS-AREA_5-fv5.1/20210601-ESACCI-L3S_FIRE-BA-MODIS-AREA_5-fv5.1-JD.tif,.tif,21613554,23359440b969de1cc01968c474a0583d0d1a7ab78e41f413cecd86a8a5ea5686,False,2024-10-22T18:12:44,True,False,False,True,False,,False,False,authoritative analytical input
Chapter_1,data/fire/20210601-ESACCI-L3S_FIRE-BA-MODIS-AREA_5-fv5.1/20210601-ESACCI-L3S_FIRE-BA-MODIS-AREA_5-fv5.1-LC.tif,.tif,8579798,320d007a339e332b4b77b253c0d24210a11d52adff212bd112f6e77915ac5927,False,2024-10-22T18:12:44,True,False,False,True,False,,False,False,authoritative analytical input
Chapter_1,data/fire/20210601-ESACCI-L3S_FIRE-BA-MODIS-AREA_5-fv5.1/20210601-ESACCI-L3S_FIRE-BA-MODIS-AREA_5-fv5.1.xml,.xml,18168,612d4b43944a6c173c0391e98915cf8b06934250c0a5a379317dffc3c4fd25de,False,2024-10-22T18:12:08,True,False,False,False,False,,False,False,authoritative analytical input
Chapter_1,data/fire/20210701-ESACCI-L3S_FIRE-BA-MODIS-AREA_5-fv5.1/20210701-ESACCI-L3S_FIRE-BA-MODIS-AREA_5-fv5.1-CL.tif,.tif,55322594,b0fe025b8dab928f743fdddf02a4463e6fac0d499db73f98bfc6cc6a8bcd660b,False,2024-10-22T18:12:46,True,False,False,True,False,,False,False,authoritative analytical input
Chapter_1,data/fire/20210701-ESACCI-L3S_FIRE-BA-MODIS-AREA_5-fv5.1/20210701-ESACCI-L3S_FIRE-BA-MODIS-AREA_5-fv5.1-JD.tif,.tif,24874531,bf7f9d0ecb55030a9201e59dcbd3f9c897ed9c22f42f86c867f0a2c380640a7e,False,2024-10-22T18:12:48,True,False,False,True,False,,False,False,authoritative analytical input
Chapter_1,data/fire/20210701-ESACCI-L3S_FIRE-BA-MODIS-AREA_5-fv5.1/20210701-ESACCI-L3S_FIRE-BA-MODIS-AREA_5-fv5.1-LC.tif,.tif,9545287,a11b14fd368b3ea770e38648aa46da380a87f78a75b7830d8cf2027728044ea5,False,2024-10-22T18:12:48,True,False,False,True,False,,False,False,authoritative analytical input
Chapter_1,data/fire/20210701-ESACCI-L3S_FIRE-BA-MODIS-AREA_5-fv5.1/20210701-ESACCI-L3S_FIRE-BA-MODIS-AREA_5-fv5.1.xml,.xml,18168,3ddf6592c17aa9bfa315877c85b93be48a6a2a7cde1c36bbc1b0c1417d0977bc,False,2024-10-22T18:12:10,True,False,False,False,False,,False,False,authoritative analytical input
Chapter_1,data/fire/20210801-ESACCI-L3S_FIRE-BA-MODIS-AREA_5-fv5.1/20210801-ESACCI-L3S_FIRE-BA-MODIS-AREA_5-fv5.1-CL.tif,.tif,54261820,7afaf72d9758670077c47a1d85f6884e2a6c620d1fdb708d12f8f535f9c1bdf5,False,2024-10-22T18:12:50,True,False,False,True,False,,False,False,authoritative analytical input
Chapter_1,data/fire/20210801-ESACCI-L3S_FIRE-BA-MODIS-AREA_5-fv5.1/20210801-ESACCI-L3S_FIRE-BA-MODIS-AREA_5-fv5.1-JD.tif,.tif,23275654,aeb06287b48c3267efff14ee903b9c086dcea36734e4867ce0684472fee1bdf4,False,2024-10-22T18:12:50,True,False,False,True,False,,False,False,authoritative analytical input
Chapter_1,data/fire/20210801-ESACCI-L3S_FIRE-BA-MODIS-AREA_5-fv5.1/20210801-ESACCI-L3S_FIRE-BA-MODIS-AREA_5-fv5.1-LC.tif,.tif,9273950,9cb65cb98900f9952298d798a48f88235938d248b2d87873ba3d04a9262c3459,False,2024-10-22T18:12:50,True,False,False,True,False,,False,False,authoritative analytical input
Chapter_1,data/fire/20210801-ESACCI-L3S_FIRE-BA-MODIS-AREA_5-fv5.1/20210801-ESACCI-L3S_FIRE-BA-MODIS-AREA_5-fv5.1.xml,.xml,18168,3e151fa9301e07c114d165ccbf514ad983d8d5ad8034481a6202eeedf56cba85,False,2024-10-22T18:12:14,True,False,False,False,False,,False,False,authoritative analytical input
Chapter_1,data/fire/20210901-ESACCI-L3S_FIRE-BA-MODIS-AREA_5-fv5.1/20210901-ESACCI-L3S_FIRE-BA-MODIS-AREA_5-fv5.1-CL.tif,.tif,39412847,bfec2f6dd53c5619258b1881ef01642af95472e83a6a63c25632ddd18614bfdf,False,2024-10-22T18:12:54,True,False,False,True,False,,False,False,authoritative analytical input
Chapter_1,data/fire/20210901-ESACCI-L3S_FIRE-BA-MODIS-AREA_5-fv5.1/20210901-ESACCI-L3S_FIRE-BA-MODIS-AREA_5-fv5.1-JD.tif,.tif,21438824,50801c84bc784430fdeabdc80ed57df101517ba1ab6df91f4ec4c4daea8d311a,False,2024-10-22T18:12:54,True,False,False,True,False,,False,False,authoritative analytical input
Chapter_1,data/fire/20210901-ESACCI-L3S_FIRE-BA-MODIS-AREA_5-fv5.1/20210901-ESACCI-L3S_FIRE-BA-MODIS-AREA_5-fv5.1-LC.tif,.tif,8671230,5ee9805acc871b8ce0f7e0950d884e3df02036d9b0f87f70e8f8c3bb77e121be,False,2024-10-22T18:12:54,True,False,False,True,False,,False,False,authoritative analytical input
Chapter_1,data/fire/20210901-ESACCI-L3S_FIRE-BA-MODIS-AREA_5-fv5.1/20210901-ESACCI-L3S_FIRE-BA-MODIS-AREA_5-fv5.1.xml,.xml,18168,eeaa5c25d666fff9d90bffca489f6ffb40cdd1ffa4269ac0d6147048bb5aa73c,False,2024-10-22T18:12:16,True,False,False,False,False,,False,False,authoritative analytical input
Chapter_1,data/fire/20211001-ESACCI-L3S_FIRE-BA-MODIS-AREA_5-fv5.1/20211001-ESACCI-L3S_FIRE-BA-MODIS-AREA_5-fv5.1-CL.tif,.tif,26889099,91922274113b68e61950d621bdab3e8ba2e01d48cd406157148fd945009d3ebf,False,2024-10-22T18:12:58,True,False,False,True,False,,False,False,authoritative analytical input
Chapter_1,data/fire/20211001-ESACCI-L3S_FIRE-BA-MODIS-AREA_5-fv5.1/20211001-ESACCI-L3S_FIRE-BA-MODIS-AREA_5-fv5.1-JD.tif,.tif,19376013,d223299ae0ac7a5c91c2fafe127ec03d6b2526e50f7aff1b1e6ed82de082544f,False,2024-10-22T18:12:58,True,False,False,True,False,,False,False,authoritative analytical input
Chapter_1,data/fire/20211001-ESACCI-L3S_FIRE-BA-MODIS-AREA_5-fv5.1/20211001-ESACCI-L3S_FIRE-BA-MODIS-AREA_5-fv5.1-LC.tif,.tif,7753863,6215a50e1f2db705bfd098e5866e13313a99eea4e0ac863ffe9f3a078d42925f,False,2024-10-22T18:12:58,True,False,False,True,False,,False,False,authoritative analytical input
Chapter_1,data/fire/20211001-ESACCI-L3S_FIRE-BA-MODIS-AREA_5-fv5.1/20211001-ESACCI-L3S_FIRE-BA-MODIS-AREA_5-fv5.1.xml,.xml,18168,420b3e8ad4353e55394868a2dea99e5ef0a5de819f4bd23b5f30a725de97073c,False,2024-10-22T18:12:18,True,False,False,False,False,,False,False,authoritative analytical input
Chapter_1,data/fire/20220401-ESACCI-L3S_FIRE-BA-MODIS-AREA_5-fv5.1/20220401-ESACCI-L3S_FIRE-BA-MODIS-AREA_5-fv5.1-CL.tif,.tif,13158026,767aea28cf7e68854d0fd55ede88b98e4a1e2b523fa1b6560899e827b1d5d9b0,False,2024-12-16T10:40:16,True,False,False,True,False,,False,False,authoritative analytical input
Chapter_1,data/fire/20220401-ESACCI-L3S_FIRE-BA-MODIS-AREA_5-fv5.1/20220401-ESACCI-L3S_FIRE-BA-MODIS-AREA_5-fv5.1-CL.tif.aux.xml,.xml,409,353f5cc6c9b9095f1bd658d6325ab5d553286da62f53e133057212e882f52d93,False,2026-05-04T08:31:35,True,False,False,False,False,,False,False,authoritative analytical input
Chapter_1,data/fire/20220401-ESACCI-L3S_FIRE-BA-MODIS-AREA_5-fv5.1/20220401-ESACCI-L3S_FIRE-BA-MODIS-AREA_5-fv5.1-JD.tif,.tif,18307371,0e73a3c6780ac6394e0d370d3d26e878613c18ff960aa4ec9e012ca8877d15e8,False,2024-12-16T10:40:16,True,False,False,True,False,,False,False,authoritative analytical input
Chapter_1,data/fire/20220401-ESACCI-L3S_FIRE-BA-MODIS-AREA_5-fv5.1/20220401-ESACCI-L3S_FIRE-BA-MODIS-AREA_5-fv5.1-JD.tif.aux.xml,.xml,409,f186b9648a0fadb29c4606758bce3e95d71ae0b98f8082011e424c04e5d655f1,False,2026-05-04T08:31:35,True,False,False,False,False,,False,False,authoritative analytical input
Chapter_1,data/fire/20220401-ESACCI-L3S_FIRE-BA-MODIS-AREA_5-fv5.1/20220401-ESACCI-L3S_FIRE-BA-MODIS-AREA_5-fv5.1-LC.tif,.tif,7006304,e36cc7a17052e857e4e7060315c397dc9cc71d31a01caa094df01b50048c358e,False,2024-12-16T10:40:16,True,False,False,True,False,,False,False,authoritative analytical input
Chapter_1,data/fire/20220401-ESACCI-L3S_FIRE-BA-MODIS-AREA_5-fv5.1/20220401-ESACCI-L3S_FIRE-BA-MODIS-AREA_5-fv5.1-LC.tif.aux.xml,.xml,410,59e33a0a9afa9685051d3a5cdd553f2d9ca5540d0d8f5a7f767c927aacc2aa5b,False,2026-05-04T08:31:35,True,False,False,False,False,,False,False,authoritative analytical input
Chapter_1,data/fire/20220401-ESACCI-L3S_FIRE-BA-MODIS-AREA_5-fv5.1/20220401-ESACCI-L3S_FIRE-BA-MODIS-AREA_5-fv5.1.xml,.xml,18168,0e3731c3b1d335464e851d4a6383cc65a3a79c05bd4cc5cf424338bf6b517c1e,False,2024-12-16T14:25:54,True,False,False,False,False,,False,False,authoritative analytical input
Chapter_1,data/fire/20220501-ESACCI-L3S_FIRE-BA-MODIS-AREA_5-fv5.1/20220501-ESACCI-L3S_FIRE-BA-MODIS-AREA_5-fv5.1-CL.tif,.tif,27476932,2952e83d90d15be729c6368e588b848e42785eff2c2e9764a1625ab005557ba6,False,2024-12-16T10:40:16,True,False,False,True,False,,False,False,authoritative analytical input
Chapter_1,data/fire/20220501-ESACCI-L3S_FIRE-BA-MODIS-AREA_5-fv5.1/20220501-ESACCI-L3S_FIRE-BA-MODIS-AREA_5-fv5.1-JD.tif,.tif,18974068,e93ea30c6ebe5824ccb3243f2b12b3d98d60ce575c39c600a91512a36aab4550,False,2024-12-16T10:40:16,True,False,False,True,False,,False,False,authoritative analytical input
Chapter_1,data/fire/20220501-ESACCI-L3S_FIRE-BA-MODIS-AREA_5-fv5.1/20220501-ESACCI-L3S_FIRE-BA-MODIS-AREA_5-fv5.1-LC.tif,.tif,7385318,0795c4de23da0dd3deb46ec7826f05b922f8ed72078ddd7667174508d186e2da,False,2024-12-16T10:40:16,True,False,False,True,False,,False,False,authoritative analytical input
Chapter_1,data/fire/20220501-ESACCI-L3S_FIRE-BA-MODIS-AREA_5-fv5.1/20220501-ESACCI-L3S_FIRE-BA-MODIS-AREA_5-fv5.1.xml,.xml,18168,1ff7a1cdcacaf05c9f91ae45b448cb815350c54b53773e04e13e928ee7e88bcf,False,2024-12-16T14:25:54,True,False,False,False,False,,False,False,authoritative analytical input
Chapter_1,data/fire/20220601-ESACCI-L3S_FIRE-BA-MODIS-AREA_5-fv5.1/20220601-ESACCI-L3S_FIRE-BA-MODIS-AREA_5-fv5.1-CL.tif,.tif,42046000,e78eab767f785bca7672cb0b2b97a1bc35b0bbea614eda420dbe39b26953da1d,False,2024-12-16T10:40:16,True,False,False,True,False,,False,False,authoritative analytical input
Chapter_1,data/fire/20220601-ESACCI-L3S_FIRE-BA-MODIS-AREA_5-fv5.1/20220601-ESACCI-L3S_FIRE-BA-MODIS-AREA_5-fv5.1-JD.tif,.tif,21311629,b8783a0618f56686adb8a315f583be04f89e8fa2e5662d0d957759d12ea54629,False,2024-12-16T10:40:18,True,False,False,True,False,,False,False,authoritative analytical input
Chapter_1,data/fire/20220601-ESACCI-L3S_FIRE-BA-MODIS-AREA_5-fv5.1/20220601-ESACCI-L3S_FIRE-BA-MODIS-AREA_5-fv5.1-LC.tif,.tif,8420610,7c34422dcb7e426487c2e7c2ba2409a98a72e692567d6f7b15a257f4f76c3ec2,False,2024-12-16T10:40:18,True,False,False,True,False,,False,False,authoritative analytical input
Chapter_1,data/fire/20220601-ESACCI-L3S_FIRE-BA-MODIS-AREA_5-fv5.1/20220601-ESACCI-L3S_FIRE-BA-MODIS-AREA_5-fv5.1.xml,.xml,18168,4e703b00d817b356f61917951fa8f19da953d000ec2c5ef5ea74d861ff16f475,False,2024-12-16T14:25:54,True,False,False,False,False,,False,False,authoritative analytical input
Chapter_1,data/fire/20220701-ESACCI-L3S_FIRE-BA-MODIS-AREA_5-fv5.1/20220701-ESACCI-L3S_FIRE-BA-MODIS-AREA_5-fv5.1-CL.tif,.tif,51079365,34d46d1c4279d8187f48d9eb417d0e8a639e3a0355cb5c0669d65fff59faa33c,False,2024-12-16T10:40:18,True,False,False,True,False,,False,False,authoritative analytical input
Chapter_1,data/fire/20220701-ESACCI-L3S_FIRE-BA-MODIS-AREA_5-fv5.1/20220701-ESACCI-L3S_FIRE-BA-MODIS-AREA_5-fv5.1-CL.tif.aux.xml,.xml,405,aea3971a0ee6159f9b2d039e908f39fc97cb58591ae7e3b87c56b1d05e1fce14,False,2026-05-04T08:31:35,True,False,False,False,False,,False,False,authoritative analytical input
Chapter_1,data/fire/20220701-ESACCI-L3S_FIRE-BA-MODIS-AREA_5-fv5.1/20220701-ESACCI-L3S_FIRE-BA-MODIS-AREA_5-fv5.1-JD.tif,.tif,23884109,4fb7bcebd0a7e64b8e3571f6b9c4f2e3acc20d64e4c5df2c5346595cc47db692,False,2024-12-16T10:40:18,True,False,False,True,False,,False,False,authoritative analytical input
Chapter_1,data/fire/20220701-ESACCI-L3S_FIRE-BA-MODIS-AREA_5-fv5.1/20220701-ESACCI-L3S_FIRE-BA-MODIS-AREA_5-fv5.1-JD.tif.aux.xml,.xml,409,f9e6fc1a66449f7698556fa746f8ab8e6fcec8231b6b134318d0f6e4bcc5f693,False,2026-05-04T08:31:35,True,False,False,False,False,,False,False,authoritative analytical input
Chapter_1,data/fire/20220701-ESACCI-L3S_FIRE-BA-MODIS-AREA_5-fv5.1/20220701-ESACCI-L3S_FIRE-BA-MODIS-AREA_5-fv5.1-LC.tif,.tif,9137090,fed2915c6acd65c0d9b47476a9d87b738e1b18a5525d2f060b49467cd3af7400,False,2024-12-16T10:40:18,True,False,False,True,False,,False,False,authoritative analytical input
Chapter_1,data/fire/20220701-ESACCI-L3S_FIRE-BA-MODIS-AREA_5-fv5.1/20220701-ESACCI-L3S_FIRE-BA-MODIS-AREA_5-fv5.1-LC.tif.aux.xml,.xml,407,711d14f14ae8430c48a67bce69926b70d25f4d5d87c386c61fdcbb27c242bc94,False,2026-05-04T08:31:35,True,False,False,False,False,,False,False,authoritative analytical input
Chapter_1,data/fire/20220701-ESACCI-L3S_FIRE-BA-MODIS-AREA_5-fv5.1/20220701-ESACCI-L3S_FIRE-BA-MODIS-AREA_5-fv5.1.xml,.xml,18168,e55a596ff5ed5f09f7762973723171bee0e81edf81140fc21c62fdbdf588af36,False,2024-12-16T14:25:54,True,False,False,False,False,,False,False,authoritative analytical input
Chapter_1,data/fire/20220801-ESACCI-L3S_FIRE-BA-MODIS-AREA_5-fv5.1/20220801-ESACCI-L3S_FIRE-BA-MODIS-AREA_5-fv5.1-CL.tif,.tif,53522580,4bb7753cacae51d0ab1fe083a83c847ee3339eba004122b8813d21618383fbb2,False,2024-12-16T10:40:20,True,False,False,True,False,,False,False,authoritative analytical input
Chapter_1,data/fire/20220801-ESACCI-L3S_FIRE-BA-MODIS-AREA_5-fv5.1/20220801-ESACCI-L3S_FIRE-BA-MODIS-AREA_5-fv5.1-JD.tif,.tif,24064068,d3fae1e4c026491b04465c00545b45857336f9c67829531b2a6c0c4d9f559299,False,2024-12-16T10:40:20,True,False,False,True,False,,False,False,authoritative analytical input
Chapter_1,data/fire/20220801-ESACCI-L3S_FIRE-BA-MODIS-AREA_5-fv5.1/20220801-ESACCI-L3S_FIRE-BA-MODIS-AREA_5-fv5.1-LC.tif,.tif,9265261,0c2341f42324f6b1eef09b9231d8dde44c75f4ca1cfb13a5a4c33ae7c1416880,False,2024-12-16T10:40:20,True,False,False,True,False,,False,False,authoritative analytical input
Chapter_1,data/fire/20220801-ESACCI-L3S_FIRE-BA-MODIS-AREA_5-fv5.1/20220801-ESACCI-L3S_FIRE-BA-MODIS-AREA_5-fv5.1.xml,.xml,18168,0210eddcf14133f57e79e34d9dd581694eef443fee341f7360f407b2c7460f10,False,2024-12-16T14:25:54,True,False,False,False,False,,False,False,authoritative analytical input
Chapter_1,data/fire/20220901-ESACCI-L3S_FIRE-BA-MODIS-AREA_5-fv5.1/20220901-ESACCI-L3S_FIRE-BA-MODIS-AREA_5-fv5.1-CL.tif,.tif,39097594,0def151d2883bf970b991145bf6163138b294a556d4d995337d50146bc9c6b66,False,2024-12-16T10:40:20,True,False,False,True,False,,False,False,authoritative analytical input
Chapter_1,data/fire/20220901-ESACCI-L3S_FIRE-BA-MODIS-AREA_5-fv5.1/20220901-ESACCI-L3S_FIRE-BA-MODIS-AREA_5-fv5.1-JD.tif,.tif,21542767,8f4405c28d539df82f3d53386dba15b7a3dd6a7f3d5f03a8ce398eab50fec662,False,2024-12-16T10:40:20,True,False,False,True,False,,False,False,authoritative analytical input
Chapter_1,data/fire/20220901-ESACCI-L3S_FIRE-BA-MODIS-AREA_5-fv5.1/20220901-ESACCI-L3S_FIRE-BA-MODIS-AREA_5-fv5.1-LC.tif,.tif,8503887,154195e6b7cf67afb0a8794cdecfbb29160b6f78de222e184e804d7bb8cdfa2d,False,2024-12-16T10:40:20,True,False,False,True,False,,False,False,authoritative analytical input
Chapter_1,data/fire/20220901-ESACCI-L3S_FIRE-BA-MODIS-AREA_5-fv5.1/20220901-ESACCI-L3S_FIRE-BA-MODIS-AREA_5-fv5.1.xml,.xml,18168,37f4e71d81db1806bb483be89cf829713ebfff5e2a823837a7b3209e8db5d3a2,False,2024-12-16T14:25:56,True,False,False,False,False,,False,False,authoritative analytical input
Chapter_1,data/fire/20221001-ESACCI-L3S_FIRE-BA-MODIS-AREA_5-fv5.1/20221001-ESACCI-L3S_FIRE-BA-MODIS-AREA_5-fv5.1-CL.tif,.tif,30931192,31792863dfed0b94a407759864ae7b2303304ec4c74fefc4e2ec2b4ce05d1a7e,False,2024-12-16T10:40:20,True,False,False,True,False,,False,False,authoritative analytical input
Chapter_1,data/fire/20221001-ESACCI-L3S_FIRE-BA-MODIS-AREA_5-fv5.1/20221001-ESACCI-L3S_FIRE-BA-MODIS-AREA_5-fv5.1-JD.tif,.tif,20413155,033000fb0fa8c0cc37d24b6e6b59cfa7ddaa387d8d731acd1fc4dd609763d388,False,2024-12-16T10:40:22,True,False,False,True,False,,False,False,authoritative analytical input
Chapter_1,data/fire/20221001-ESACCI-L3S_FIRE-BA-MODIS-AREA_5-fv5.1/20221001-ESACCI-L3S_FIRE-BA-MODIS-AREA_5-fv5.1-LC.tif,.tif,7889605,1d2f61d711800d115f842baae31a6b0e62ef0916dba70ffb50af8fab068a138c,False,2024-12-16T10:40:22,True,False,False,True,False,,False,False,authoritative analytical input
Chapter_1,data/fire/20221001-ESACCI-L3S_FIRE-BA-MODIS-AREA_5-fv5.1/20221001-ESACCI-L3S_FIRE-BA-MODIS-AREA_5-fv5.1.xml,.xml,18168,e90aec1f70043bf141502fb963502d32d98aafa381e9767ac0e9904fd92f7628,False,2024-12-16T14:25:56,True,False,False,False,False,,False,False,authoritative analytical input
Chapter_1,data/governance_sources/Frère Louis/0000 2019 07 19 CLASSEMENT DES RAPPORTS d'OKA pour les éléphants totalité.pdf,.pdf,1749782,9ed365b0b52fdd4d82c81d44dbed6546e642153f00046c9a14e60fcca98c5542,False,2026-02-10T10:18:54,True,False,False,False,False,,True,False,authoritative analytical input
Chapter_1,data/governance_sources/Frère Louis/263 2017 01 28  Situation route vers Luena.pdf,.pdf,312099,8e0425940886a3ad09d283bc683e41a7965d6bb5b2380bfbdef961902d9ac7de,False,2026-02-10T10:18:40,True,False,False,False,False,,True,False,authoritative analytical input
Chapter_1,data/governance_sources/Frère Louis/267 2017 06 04  Situation éléphants catastrophique du Parc Upemba (1).pdf,.pdf,284641,745ed89e9da7b2a20a721700e4558bb019ebdea102a0fec9a9b2786c8c857efd,False,2026-02-10T10:18:36,True,False,False,False,False,,True,False,authoritative analytical input
Chapter_1,data/governance_sources/Frère Louis/291 2019 06 23 les éléphants deretour vers leurs Parc.pdf,.pdf,400843,9589e1d30a3f6f7f47f5ecdfc7a392e5c6a073d1389c012d6373834e46d181fc,False,2026-02-10T10:18:50,True,False,False,False,False,,True,False,authoritative analytical input
Chapter_1,data/governance_sources/Frère Louis/296 2021 04 23 Suite d’abattage d’un éléphant géant au PNU à Katondo  avec commentaire d'OKA.pdf,.pdf,629925,3be878579f6077f94097e891343058b0f989e12157566b366e47a70adc2aa197,False,2026-02-10T10:18:46,True,False,False,False,False,,True,False,authoritative analytical input
Chapter_1,data/governance_sources/Frère Louis/frère louis.pdf,.pdf,6050877,ab9baa7ef9559dcf3f5983441533190df4e29bf17cf72058344ba3f966b8b079,False,2025-08-07T15:26:58,True,False,False,False,False,,True,False,authoritative analytical input
Chapter_1,data/governance_sources/Mai-Mai Kata Katanga_files/1538-2b2ad6aced6552e7.js.download,.download,14613,7e9f2c2ed2d7936f93a20272f0f0f4553ab621a34ea82e971cfc26b9eedd6cd7,False,2026-01-19T09:53:52,True,False,False,False,False,,False,False,authoritative analytical input
Chapter_1,data/governance_sources/Mai-Mai Kata Katanga_files/1540-36e17899add1246b.js.download,.download,8102,71685d55e0844bf885222371b298c6f58a629c2d1e0d24340922e0a2af508d49,False,2026-01-19T09:53:52,True,False,False,False,False,,False,False,authoritative analytical input
Chapter_1,data/governance_sources/Mai-Mai Kata Katanga_files/1750-7f0b1f9efe2bead4.js.download,.download,211314,4a532dcd8ba4c475c6b3d5b5e9ecc3363c937a77b223289b5330fd9c0bde78d0,False,2026-01-19T09:53:52,True,False,False,False,False,,False,False,authoritative analytical input
Chapter_1,data/governance_sources/Mai-Mai Kata Katanga_files/216-f8f1b1705ab5996b.js.download,.download,4323,c20f4fdfb6343c3b90e7a780d3f06272cf2d82f8ceafda02adae71da8baa576b,False,2026-01-19T09:53:52,True,False,False,False,False,,False,False,authoritative analytical input
Chapter_1,data/governance_sources/Mai-Mai Kata Katanga_files/24cf1b50-5ee3d272f2a14b50.js.download,.download,267426,6813a949d7073a15e43bdfe8c2103ba71d4c7d0d2ac84a96c15e4e9884560569,False,2026-01-19T09:53:52,True,False,False,False,False,,False,False,authoritative analytical input
Chapter_1,data/governance_sources/Mai-Mai Kata Katanga_files/26-ac646389483a64c6.js.download,.download,47390,508b134af134462a0cb83f8005eb3f99c271da29d26e6367fbd260b617f3a5de,False,2026-01-19T09:53:52,True,False,False,False,False,,False,False,authoritative analytical input
Chapter_1,data/governance_sources/Mai-Mai Kata Katanga_files/3110-d1cf58f9355f435d.js.download,.download,5603,50a857213a73834cfa000643e6395863e150d13c6f9afeb798260295412feab4,False,2026-01-19T09:53:52,True,False,False,False,False,,False,False,authoritative analytical input
Chapter_1,data/governance_sources/Mai-Mai Kata Katanga_files/3120-3e210aec5472c8fb.js.download,.download,10487,37da5dbf8fdf835bd1505d8ae242ca79a319d0a1f292126fe40eed281924c19b,False,2026-01-19T09:53:52,True,False,False,False,False,,False,False,authoritative analytical input
Chapter_1,data/governance_sources/Mai-Mai Kata Katanga_files/3300-be49ab4a1a6273dd.js.download,.download,504707,d7522cc223ad8d2eb800512fbde36a04083caa5b7e35c3348246fcee085f7b15,False,2026-01-19T09:53:52,True,False,False,False,False,,False,False,authoritative analytical input
Chapter_1,data/governance_sources/Mai-Mai Kata Katanga_files/3311-36b76d81c7605c54.js.download,.download,28237,889ff43b7ec2a41df8cc77579540357cb182e0273714bd2816cf2da2bea43cf3,False,2026-01-19T09:53:52,True,False,False,False,False,,False,False,authoritative analytical input
Chapter_1,data/governance_sources/Mai-Mai Kata Katanga_files/3781-5c2a2b3f3c4f36ff.js.download,.download,7679,1e751cfe8acfc808496535750569d7606b28cfdf151239ae69f19b03e05d47c4,False,2026-01-19T09:53:52,True,False,False,False,False,,False,False,authoritative analytical input
Chapter_1,data/governance_sources/Mai-Mai Kata Katanga_files/4314-0086a41adb1e42e1.js.download,.download,16762,be6fd8f942b17783368f316f6c9f48d5105b3cab3be7a5e2f618bafeece3dba2,False,2026-01-19T09:53:52,True,False,False,False,False,,False,False,authoritative analytical input
Chapter_1,data/governance_sources/Mai-Mai Kata Katanga_files/432edd54-176376ee77841a52.js.download,.download,10079,a8eaf0f1e11ef8152a6c907b2b9f724d3b5ce2c3a06db0bc71083c46deb6c26f,False,2026-01-19T09:53:52,True,False,False,False,False,,False,False,authoritative analytical input
Chapter_1,data/governance_sources/Mai-Mai Kata Katanga_files/4554-f6b991d236f8194c.js.download,.download,57057,6e3b0ee19ec79b0723e88e12bff0dbdd43ba570a44a4599d3474f50e9cad254e,False,2026-01-19T09:53:52,True,False,False,False,False,,False,False,authoritative analytical input
Chapter_1,data/governance_sources/Mai-Mai Kata Katanga_files/4827-3fac985b399a4f91.js.download,.download,102070,4d187c08cc0744c80d377cf4b4b6999e2e39af517dcd16cbce4493006699cc6c,False,2026-01-19T09:53:52,True,False,False,False,False,,False,False,authoritative analytical input
Chapter_1,data/governance_sources/Mai-Mai Kata Katanga_files/4886-abe39bd20fd1d2b9.js.download,.download,114970,bf050c69106f72cbcd839e06635f8aefc0193abbc267958bf44c5de26307ae74,False,2026-01-19T09:53:52,True,False,False,False,False,,False,False,authoritative analytical input
Chapter_1,data/governance_sources/Mai-Mai Kata Katanga_files/4973572f-1810fe79acd41668.js.download,.download,117837,0b45b4e30361aca39bdeb1986c726958653cc29e8b0a7c3f48d7be141d5fe426,False,2026-01-19T09:53:52,True,False,False,False,False,,False,False,authoritative analytical input
Chapter_1,data/governance_sources/Mai-Mai Kata Katanga_files/4c0e99bc29567cfa.css,.css,136898,0fe94786251b99c241c74b8e99deffb7b641a545de1209552eb780c6a6053f89,False,2026-01-19T09:53:52,True,False,False,False,False,,False,False,authoritative analytical input
Chapter_1,data/governance_sources/Mai-Mai Kata Katanga_files/5357-5667761e3f0fb3d3.js.download,.download,16464,e8e8df639d9a0e01f8899a612ad22e89dbf139f6ca7f956a474f506523a8ace3,False,2026-01-19T09:53:52,True,False,False,False,False,,False,False,authoritative analytical input
Chapter_1,data/governance_sources/Mai-Mai Kata Katanga_files/5717-b85987c6495d9a27.js.download,.download,33369,486ecb8383cfc988fd7ae2ed4c29b7b18471a1a0c2cd740444bf9f103163f2e3,False,2026-01-19T09:53:52,True,False,False,False,False,,False,False,authoritative analytical input
Chapter_1,data/governance_sources/Mai-Mai Kata Katanga_files/5aff0a3d-5904b2fa9e0504eb.js.download,.download,173408,7da7ee544f9e3e1960bb24f5e9601756afdf23d63134343ebdf2fc9c63ebee62,False,2026-01-19T09:53:52,True,False,False,False,False,,False,False,authoritative analytical input
Chapter_1,data/governance_sources/Mai-Mai Kata Katanga_files/62c4caba71dfda84.css,.css,9512,79fdde1242e058fd8b3f7d1b9cd25acfe4be3bfc1eb9404075a4617ffc70da39,False,2026-01-19T09:53:52,True,False,False,False,False,,False,False,authoritative analytical input
Chapter_1,data/governance_sources/Mai-Mai Kata Katanga_files/6817-89fd2ee029d39a6f.js.download,.download,27879,478c270e3cd78686a16c0d09b443b12f981fec03f084c4f5e09124256c183809,False,2026-01-19T09:53:52,True,False,False,False,False,,False,False,authoritative analytical input
Chapter_1,data/governance_sources/Mai-Mai Kata Katanga_files/6935-66d869a5c875dd08.js.download,.download,32608,0b22e85efaba292f62f43d754a200688c15e646f39f4267aef0d4b2127cb84f2,False,2026-01-19T09:53:52,True,False,False,False,False,,False,False,authoritative analytical input
Chapter_1,data/governance_sources/Mai-Mai Kata Katanga_files/6984-c78735b56d665c72.js.download,.download,1899584,f0d3a06d93ad212b71e4a28f9e357346b6192191acb1e1923864ed6c5aefc026,False,2026-01-19T09:53:54,True,False,False,False,False,,False,False,authoritative analytical input
Chapter_1,data/governance_sources/Mai-Mai Kata Katanga_files/7213-ad1542cfc2a6d9e6.js.download,.download,121944,b422510586c2dbc12cf936675d3bb873b9fc444909a95c2bf52165050d69b0f3,False,2026-01-19T09:53:52,True,False,False,False,False,,False,False,authoritative analytical input
Chapter_1,data/governance_sources/Mai-Mai Kata Katanga_files/7795-bcc1fad6cd04abff.js.download,.download,672855,fe4452e19395b7b9b1d2561628758eb8d5593ef9cbf87a1186097e06e883b171,False,2026-01-19T09:53:52,True,False,False,False,False,,False,False,authoritative analytical input
Chapter_1,data/governance_sources/Mai-Mai Kata Katanga_files/7843-2f281882d020def3.js.download,.download,16734,3b22a9162804f529b1bc5cf1c9cf901377fb7f58191227ac92e13997f9a6a82c,False,2026-01-19T09:53:52,True,False,False,False,False,,False,False,authoritative analytical input
Chapter_1,data/governance_sources/Mai-Mai Kata Katanga_files/7873-a08fa65a8220382c.js.download,.download,27064,9019de17e9327812c92c5187b0afa8071701092a47c750ad4367c1c62db6bea1,False,2026-01-19T09:53:52,True,False,False,False,False,,False,False,authoritative analytical input
Chapter_1,data/governance_sources/Mai-Mai Kata Katanga_files/7be69531daeab58b.css,.css,140724,7ff2af4a07a264c716b9ee02f256d5cb79f99aa2fa91047665b6c3a46d7ded76,False,2026-01-19T09:53:52,True,False,False,False,False,,False,False,authoritative analytical input
Chapter_1,data/governance_sources/Mai-Mai Kata Katanga_files/8154-5494115707319095.js.download,.download,407856,b4458b6d6c6161603574e76c154820d5e95827db209e6ee425a7837361fc36c4,False,2026-01-19T09:53:52,True,False,False,False,False,,False,False,authoritative analytical input
Chapter_1,data/governance_sources/Mai-Mai Kata Katanga_files/8208b75a-42848b149a10ae60.js.download,.download,303587,4205a1ac1a6de654ddd1276469c326398c1a0d4d49e2f3dbad5e558d090ed940,False,2026-01-19T09:53:52,True,False,False,False,False,,False,False,authoritative analytical input
Chapter_1,data/governance_sources/Mai-Mai Kata Katanga_files/8355-4888d209f8f3289e.js.download,.download,331497,d6901626c8496f1f5d4ae54049c1140ff007e7d8705f28b64b764b050343e104,False,2026-01-19T09:53:52,True,False,False,False,False,,False,False,authoritative analytical input
Chapter_1,data/governance_sources/Mai-Mai Kata Katanga_files/8439-90a7084658eba187.js.download,.download,17273,db682cf1c1a93ba598804ecf1d134b8905fd9d372e9684a90ace3c79e82d7d94,False,2026-01-19T09:53:52,True,False,False,False,False,,False,False,authoritative analytical input
Chapter_1,data/governance_sources/Mai-Mai Kata Katanga_files/8451-383571fc83082700.js.download,.download,12547,8ef85c00cec87cb39f0b388da5a840190d58c024078a7ee9ed2767edda89d1c0,False,2026-01-19T09:53:52,True,False,False,False,False,,False,False,authoritative analytical input
Chapter_1,data/governance_sources/Mai-Mai Kata Katanga_files/9079-50a484604963498d.js.download,.download,7432,bbd6b8793b663596e3b39afe5842a1524f80729998282fb4d674236fd66b787d,False,2026-01-19T09:53:52,True,False,False,False,False,,False,False,authoritative analytical input
Chapter_1,data/governance_sources/Mai-Mai Kata Katanga_files/9ffa21ba-75005f8887f42257.js.download,.download,70100,d060139a46d2037261a3b08b9d8f83d2584e5a1782021c7c899983fa5ede0812,False,2026-01-19T09:53:52,True,False,False,False,False,,False,False,authoritative analytical input
Chapter_1,data/governance_sources/Mai-Mai Kata Katanga_files/b94de87b232f219f.css,.css,2369,3d2ad4b4dd193db9a5cb26ace4e22f113b88adb2ab40d9a5630de1716ebe1056,False,2026-01-19T09:53:52,True,False,False,False,False,,False,False,authoritative analytical input
Chapter_1,data/governance_sources/Mai-Mai Kata Katanga_files/error-64035d14a3b54f01.js.download,.download,10058,8d31de2e1990072a01bc55e9b24ca1cfa53ebf99f4bed2f5d37bd7afeb216059,False,2026-01-19T09:53:54,True,False,False,False,False,,False,False,authoritative analytical input
Chapter_1,data/governance_sources/Mai-Mai Kata Katanga_files/f87fff2ab93d05a7.css,.css,24688,4cac7493d3c1662442ba26bcc0f769ef1e1dbafff508c850bb1bc50758dfdcda,False,2026-01-19T09:53:52,True,False,False,False,False,,False,False,authoritative analytical input
Chapter_1,data/governance_sources/Mai-Mai Kata Katanga_files/global-error-f5d7756d21bec78a.js.download,.download,6323,f25ce550fb89a640e4e351691302234ee8253b11c4d54b0b12aebec95c5710c1,False,2026-01-19T09:53:52,True,False,False,False,False,,False,False,authoritative analytical input
Chapter_1,data/governance_sources/Mai-Mai Kata Katanga_files/layout-219150fe331dd9bc.js.download,.download,541773,2e48df507066d990de90e5136fdb1e8983c9fc36cc44b3f96863bfb35afd9ba7,False,2026-01-19T09:53:52,True,False,False,False,False,,False,False,authoritative analytical input
Chapter_1,data/governance_sources/Mai-Mai Kata Katanga_files/layout-b250ecfa885976c9.js.download,.download,835,447872b2388b1b249f4007f095735887cd43aee9d3bf11a7ed14345feccd1a15,False,2026-01-19T09:53:52,True,False,False,False,False,,False,False,authoritative analytical input
Chapter_1,data/governance_sources/Mai-Mai Kata Katanga_files/main-app-146a454f06b0e5e1.js.download,.download,2094,e8520e0822b1c09f0f02f33f23b185d479e993fb6f0a29a037f27022c9351ed9,False,2026-01-19T09:53:52,True,False,False,False,False,,False,False,authoritative analytical input
Chapter_1,data/governance_sources/Mai-Mai Kata Katanga_files/not-found-bbaacc82610c9deb.js.download,.download,2364,ae686985334f846559aa29d71890efe53148495138383384671266521eef866c,False,2026-01-19T09:53:52,True,False,False,False,False,,False,False,authoritative analytical input
Chapter_1,data/governance_sources/Mai-Mai Kata Katanga_files/not-found-cf7f440278b708b4.js.download,.download,2657,96fb14422bc5ad713b1003396b850c1779d72ba15a698c2e9fe2513f3b6c10e2,False,2026-01-19T09:53:52,True,False,False,False,False,,False,False,authoritative analytical input
Chapter_1,data/governance_sources/Mai-Mai Kata Katanga_files/page-382401229b5c0190.js.download,.download,85637,cac61f9728da3c84d4b5ce05dc3ee1bd54bf77cb7c4289c0c56dc6441949196e,False,2026-01-19T09:53:52,True,False,False,False,False,,False,False,authoritative analytical input
Chapter_1,data/governance_sources/Mai-Mai Kata Katanga_files/polyfills-42372ed130431b0a.js.download,.download,112594,0973c1d64c88adc8e3c950410cb58b288f72118d5965b78049438deb8f2f9683,False,2026-01-19T09:53:54,True,False,False,False,False,,False,False,authoritative analytical input
Chapter_1,data/governance_sources/Mai-Mai Kata Katanga_files/webpack-8d4b59038d97ffc3.js.download,.download,13877,8774b981fe21bcf8ae39028cdf0725c1acecd238edd6d546bc0142635fcfb6e2,False,2026-01-19T09:53:54,True,False,False,False,False,,False,False,authoritative analytical input
Chapter_1,data/governance_sources/Patrols/Arrests made.csv,.csv,162173,2e0bab2611ba9699b9b9576b2aa6edbf1e623bab36e413adc6ce4a215dddb235,False,2026-01-11T14:02:02,True,False,False,False,False,,False,False,authoritative analytical input
Chapter_1,data/governance_sources/Patrols/Conflict events (ACLED).csv,.csv,88194,ea79f06d52bc688d9d2dcf3ec739794e895cc2104a48dac859f36ab36078a8a3,False,2026-01-11T14:39:52,True,False,False,False,False,restricted_security,False,False,authoritative analytical input
Chapter_1,data/governance_sources/Patrols/Illegal fishing events.csv,.csv,90446,65291a30c703017f3426a0ae6e704b8ed1aeebf01cb12913d4539b50bfc6723a,False,2026-01-11T14:12:56,True,False,False,False,False,,False,False,authoritative analytical input
Chapter_1,data/governance_sources/Patrols/Poacher camps found.csv,.csv,377732,f2dce3b65623b7acd9b19940f01b50be087d4756120a1dc0cfe0e1713aa46744,False,2026-01-11T14:05:02,True,False,False,False,False,,False,False,authoritative analytical input
Chapter_1,data/governance_sources/Patrols/Shoot-outs.csv,.csv,11734,25c1131ed317048795df32e3719fe6c3bf5b9e92db0ca8aa211463cbb4496b59,False,2026-01-11T14:38:02,True,False,False,False,False,,False,False,authoritative analytical input
Chapter_1,data/governance_sources/Patrols/Snares found.csv,.csv,148995,ea2521a4bbf0567051191f8a19de2e4de0d0c792d5fba657379f56aa70fe0226,False,2026-01-11T14:19:34,True,False,False,False,False,,False,False,authoritative analytical input
Chapter_1,data/governance_sources/Patrols/Patrol cover/Couverture grille de 2.5X2.5 km PNU 2016.tiff,.tiff,37216,ef73cd7fc8a5d4f680c96de9fd9e415a20edc29400c76334b2e17d678df89c97,False,2023-11-15T09:11:46,True,False,False,False,False,,False,False,authoritative analytical input
Chapter_1,data/governance_sources/Patrols/Patrol cover/Couverture grille de 2.5X2.5 km PNU 2017.tiff,.tiff,49640,ef2279d9a621cf4cc5c013506d2757fc5b440afe861207742fa708bdd60ce022,False,2023-11-15T09:11:42,True,False,False,False,False,,False,False,authoritative analytical input
Chapter_1,data/governance_sources/Patrols/Patrol cover/Couverture grille de 2.5X2.5 km PNU 2018.tiff,.tiff,59988,c75a6e4bd39fef13e1a6ac6d9b295ce0e88b3e5e0a5288b514eb5f8c86f5f463,False,2023-11-15T09:11:58,True,False,False,False,False,,False,False,authoritative analytical input
Chapter_1,data/governance_sources/Patrols/Patrol cover/Couverture grille de 2.5X2.5 km PNU 2019.tiff,.tiff,60652,f962f1339eb1806754e3c6eaeb95da73a3417c932627472eaa4c43cc93039aa1,False,2023-11-15T09:11:50,True,False,False,False,False,,False,False,authoritative analytical input
Chapter_1,data/governance_sources/Patrols/Patrol cover/Couverture grille de 2.5X2.5 km PNU 2020.tiff,.tiff,46696,8674bc1635dfdf352db9096cbecc876ff014558879b8039c862c8225debae5cc,False,2023-11-15T09:11:54,True,False,False,False,False,,False,False,authoritative analytical input
Chapter_1,data/governance_sources/Patrols/Patrol cover/Couverture grille de 2.5X2.5 km PNU 2021.tiff,.tiff,16792,49a5dc46ac1d806fbf5fcb6968ccf22310873b2a7941e38debe4074fd7772592,False,2023-11-15T09:12:00,True,False,False,False,False,,False,False,authoritative analytical input
Chapter_1,data/governance_sources/Patrols/Patrol cover/Couverture grille de 2.5X2.5 km PNU 2022.tiff,.tiff,2805680,da58ee5e0d544e8b63a2ddd90c4d00e9c5319e5b37983047ee610048382ce71c,False,2023-11-15T08:57:22,True,False,False,False,False,,False,False,authoritative analytical input
Chapter_1,data/governance_sources/Patrols/Patrol cover/Couverture grille de 2.5X2.5 km PNU 2023.tiff,.tiff,20576,423a82605ada54ab051510f2d1d627ffb7db51c9681391403c2f35a09d285d5d,False,2024-01-05T09:16:42,True,False,False,False,False,,False,False,authoritative analytical input
Chapter_1,data/governance_sources/Patrols/Patrol cover/Couverture grille de 2.5X2.5 km PNU 2024.tiff,.tiff,19456,cacdaf26d9b29eb274207cd9a1c86e5a4d2c86bad33141a8371388b514c7a299,False,2025-04-19T12:03:02,True,False,False,False,False,,False,False,authoritative analytical input
Chapter_1,outdated/data/README.md,.md,401,84e4ef24164d742eaa286e9a33f557a27075ee4757709a48af08682f01b66da6,True,2026-06-23T11:02:29,True,False,False,True,False,,False,False,unknown
Chapter_1,outdated/data/upemba_sesu_year_regimes_reflected.csv,.csv,665,ab717aea0962e3d70e15af65247fabb0d0dfea233433e064008a0012e7846a67,True,2026-05-26T13:00:22,True,False,False,True,False,,False,False,unknown
Chapter_1,outputs/publication/figure_source_data/Figure_1_layer_registry.csv,.csv,708,19c3967bf4bf4af6d65763619ed6e14d87f9b396047549bcaedf6ad52b63e69e,True,2026-06-25T07:57:03,True,False,False,False,False,,True,True,authoritative result
Chapter_1,outputs/publication/figure_source_data/Figure_2_annual_trajectories.csv,.csv,54835,7e0c5c9d2044ac5d87ec827e4c1500f147809cd59a98baa998668ebdb39feb1a,True,2026-06-25T07:57:03,True,False,False,False,False,,True,True,authoritative result
Chapter_1,outputs/publication/figure_source_data/Figure_2_profile_chronology.csv,.csv,6051,32e6598a612d9790513d247a042a180f7d38b38deaa902a25ba84b0882dcf666,True,2026-06-25T07:57:03,True,False,False,False,False,,True,True,authoritative result
Chapter_1,outputs/publication/figure_source_data/Figure_3_pairwise_differences.csv,.csv,3314,44420b11e4b8d6c11fecc18e8db9c1d44708a19122f1f475c297d91dd1c3e31c,True,2026-06-25T07:56:59,True,False,False,True,True,,True,True,authoritative result
Chapter_1,outputs/publication/figure_source_data/Figure_3_profile_contrasts.csv,.csv,3045,4928f4bf3bedab945f0a048c3b12f55e2cac9044471f77dcad291fa49d218192,True,2026-06-25T07:56:59,True,False,False,True,True,,True,True,authoritative result
Chapter_1,outputs/publication/figure_source_data/Figure_4_pairwise_boundary_estimates.csv,.csv,48039,eb5f859bf7030caa9340e3b5a052c5cb198910767b1fa6b13deb431a0158f7ad,True,2026-06-25T07:57:03,True,False,False,True,False,,True,True,authoritative result
Chapter_1,outputs/publication/figure_source_data/Figure_4_profile_boundary_estimates.csv,.csv,45955,054a0f2fed01c30b446efd2a72ae04e63d41ec0c7c93b7fb98734bfc980131c3,True,2026-06-25T07:57:03,True,False,False,True,True,,True,True,authoritative result
Chapter_1,outputs/publication/main_figures/Figure_1_study_design.pdf,.pdf,1371969,1dbceedb154a07207d44d3e683104b2da7e3130778b764b4e9de5967267bc9c4,True,2026-06-25T07:57:06,True,False,False,False,False,,True,True,final publication artifact
Chapter_1,outputs/publication/main_figures/Figure_1_study_design.png,.png,1945215,681fc2e0f0376805fbf75207d06ab851eb96d5dee8a83e0a15ab1b0a8d531dd4,True,2026-06-25T07:57:09,True,False,False,False,False,,True,True,final publication artifact
Chapter_1,outputs/publication/main_figures/Figure_2_chronology_time_series.pdf,.pdf,41162,7717744f1490e640eb9aa618fed21cfee7c82a87e51393a8369b8e3ec7532e34,True,2026-06-25T07:57:10,True,False,False,False,False,,True,True,final publication artifact
Chapter_1,outputs/publication/main_figures/Figure_2_chronology_time_series.png,.png,585906,2645439c863fbd23b9e61b79d2c2936b7b6082bbda8e244c47af186aa2a471e1,True,2026-06-25T07:57:12,True,False,False,False,False,,True,True,final publication artifact
Chapter_1,outputs/publication/main_figures/Figure_3_primary_contrasts.pdf,.pdf,32676,9fcf54a0f50c47f7e949e6f85865b46232c9327d7c995b92d560aec98e18ac51,True,2026-06-25T07:57:13,True,False,False,False,False,,True,True,final publication artifact
Chapter_1,outputs/publication/main_figures/Figure_3_primary_contrasts.png,.png,319978,f8836e0cbd9f03ce0fadac93dbd414dead52cc18fb03152fa3c8dc5764c92964,True,2026-06-25T07:57:14,True,False,False,False,False,,True,True,final publication artifact
Chapter_1,outputs/publication/main_figures/Figure_4_boundary_location_diagnostic.pdf,.pdf,52980,995b10a24cbdc0ae3cf61f2b67f265d18873c79a38906d9055d31ce097f14f7f,True,2026-06-25T07:57:15,True,False,False,False,False,,True,True,final publication artifact
Chapter_1,outputs/publication/main_figures/Figure_4_boundary_location_diagnostic.png,.png,592818,050a5de739ee853463be3aa655600152913f0af78b8fa79648647d28828109c0,True,2026-06-25T07:57:16,True,False,False,False,False,,True,True,final publication artifact
Chapter_1,outputs/publication/main_tables/Table_1_data_products.csv,.csv,667,1760499e2905e57b224660a657129f49f93c386f8c61b582a4a05cb9ef273c7c,True,2026-06-25T07:57:03,True,False,False,False,False,,True,True,final publication artifact
Chapter_1,outputs/publication/main_tables/Table_1_data_products.html,.html,1500,f119c9cae6aa17a43be28967d7f1cc50a0be403df4ab8d324dbeb2a3e5d92757,True,2026-06-25T07:57:03,True,False,False,False,False,,True,True,final publication artifact
Chapter_1,outputs/publication/main_tables/Table_2_primary_evidence.csv,.csv,1146,ffd0e59c7b7bc7e02bd130c9bd12e7791cdbb8684c15c2d2102e74c1496e75f5,True,2026-06-25T07:57:03,True,False,False,False,False,,True,True,final publication artifact
Chapter_1,outputs/publication/main_tables/Table_2_primary_evidence.html,.html,1890,6b0be0192c2eba77f25d2a7e700e5274bdb992cb08a41a204763f1a0423ff57e,True,2026-06-25T07:57:03,True,False,False,False,False,,True,True,final publication artifact
Chapter_1,outputs/publication/supplement/Chapter1_Supplementary_Material.html,.html,134114,7793455813a1e8e4c21d619a3dcf519d78e53d48966def2fbf59b8f41a78778f,True,2026-06-25T12:04:30,True,True,True,False,False,restricted_security,True,False,final publication artifact
Chapter_1,outputs/publication/supplement/README_supplementary_data.md,.md,1017,7f0883ca23f2cf8052031e7549e7a6b22cb7157a2f9f9f032afcb3bbd02dc038,True,2026-06-25T12:04:30,True,False,True,False,False,,True,True,final publication artifact
Chapter_1,outputs/publication/table_source_data/Table_1_data_products_source.csv,.csv,667,1760499e2905e57b224660a657129f49f93c386f8c61b582a4a05cb9ef273c7c,True,2026-06-25T07:57:03,True,False,False,False,False,,True,True,authoritative result
Chapter_1,outputs/publication/table_source_data/Table_2_primary_evidence_source.csv,.csv,1146,ffd0e59c7b7bc7e02bd130c9bd12e7791cdbb8684c15c2d2102e74c1496e75f5,True,2026-06-25T07:57:03,True,False,False,False,False,,True,True,authoritative result
Chapter_1,outputs/publication/review_v1/main_figures/Figure_1_study_design.pdf,.pdf,123799,67e213edbe4524968ee5bbcdcc59e55c4f3b9961ddab9088a7c21026d14394bf,True,2026-06-25T06:59:17,True,False,False,False,False,,True,False,final publication artifact
Chapter_1,outputs/publication/review_v1/main_figures/Figure_1_study_design.png,.png,403204,635d0ef01d113719959de65acb2ef1debdd95aac204baf094c2fc9fc0820fe90,True,2026-06-25T06:59:19,True,False,False,False,False,,True,False,final publication artifact
Chapter_1,outputs/publication/review_v1/main_figures/Figure_2_chronology_time_series.pdf,.pdf,44019,3949102a44dd3a0db4b2aaa5749dc81a48a2428e4c5a8a257c8d7fc2c64ff924,True,2026-06-25T06:59:21,True,False,False,False,False,,True,False,final publication artifact
Chapter_1,outputs/publication/review_v1/main_figures/Figure_2_chronology_time_series.png,.png,519832,d246234e78623ab12ae71d8594a827b42c64b35a7a3b2e0d9aafd5d2684c9f51,True,2026-06-25T06:59:23,True,False,False,False,False,,True,False,final publication artifact
Chapter_1,outputs/publication/review_v1/main_figures/Figure_3_primary_contrasts.pdf,.pdf,39840,de13768758e30d3a986eba2d45e989f05f51de1992d7897723ddc5bfd7b6de38,True,2026-06-25T06:59:24,True,False,False,False,False,,True,False,final publication artifact
Chapter_1,outputs/publication/review_v1/main_figures/Figure_3_primary_contrasts.png,.png,230087,070e0da42cd904279c98a0e4050ad840e62601610b3ddc01c6217aaff3ed63eb,True,2026-06-25T06:59:25,True,False,False,False,False,,True,False,final publication artifact
Chapter_1,outputs/publication/review_v1/main_figures/Figure_4_boundary_location_diagnostic.pdf,.pdf,41966,11684cf2a04e8b4f918203fafb5dbd4190a655123908fee3744253f4fed33696,True,2026-06-25T06:59:26,True,False,False,False,False,,True,False,final publication artifact
Chapter_1,outputs/publication/review_v1/main_figures/Figure_4_boundary_location_diagnostic.png,.png,489924,80f3553a5b3b193c211bd46713e8668f2962a0112814c50752192f82063cfc0c,True,2026-06-25T06:59:27,True,False,False,False,False,,True,False,final publication artifact
Chapter_1,outputs/publication/review_v1/main_tables/Table_1_data_products.csv,.csv,759,3fe936ec13a6eb28503df86f9d9042890ccc0da166bd98288e03f19d0a86ee74,True,2026-06-25T06:59:27,True,False,False,False,False,,True,False,final publication artifact
Chapter_1,outputs/publication/review_v1/main_tables/Table_1_data_products.html,.html,1431,f7d89998cd6a1eef16347047ae29dcf151e76b52c61fda8aeb3fef16ba346525,True,2026-06-25T06:59:27,True,False,False,False,False,,True,False,final publication artifact
Chapter_1,outputs/publication/review_v1/main_tables/Table_2_primary_evidence.csv,.csv,1439,29752f473967d1ff1637533e50d5f4c8d03076e92ca7794e422163fe3cce5d85,True,2026-06-25T06:59:27,True,False,False,False,False,,True,False,final publication artifact
Chapter_1,outputs/publication/review_v1/main_tables/Table_2_primary_evidence.html,.html,2061,0c6cfed9b9d0c41a7affb95b19d449653a49fd7ac11ed725921ec8826363851e,True,2026-06-25T06:59:27,True,False,False,False,False,,True,False,final publication artifact
Chapter_1,outputs/publication/supplement/figures/Figure_S1_clustering_diagnostics.pdf,.pdf,27524,62401b1273676ab187f25647affcff05e9611227a4de5e41142ea12b9aa99fa0,True,2026-06-25T12:04:22,False,False,True,False,False,,True,False,final publication artifact
Chapter_1,outputs/publication/supplement/figures/Figure_S1_clustering_diagnostics.png,.png,232532,0e18ef951be8420e6eeaa77dbabe494d90ca7186716f01e631b80b8cd311b4e5,True,2026-06-25T12:04:23,True,False,True,True,False,,True,True,final publication artifact
Chapter_1,outputs/publication/supplement/figures/Figure_S2_threshold_spatial_sensitivities.pdf,.pdf,37951,0dff8d441249efce207091a1573ff064c911d3bd80d22db0fb8cd919ebcc7565,True,2026-06-25T12:04:24,False,False,True,False,False,,True,False,final publication artifact
Chapter_1,outputs/publication/supplement/figures/Figure_S2_threshold_spatial_sensitivities.png,.png,333640,771a016e57e9827a1e5f14879b9ccab6575b93d34647167440a32856814281ba,True,2026-06-25T12:04:25,True,False,True,True,False,,True,True,final publication artifact
Chapter_1,outputs/publication/supplement/figures/Figure_S3_historical_landscape_diagnostics.pdf,.pdf,38412,6221fd699e7997f22bac956692c4bc9b778f5f26c021874cfed8d5b4bf557053,True,2026-06-25T12:04:27,True,False,True,False,False,,True,False,final publication artifact
Chapter_1,outputs/publication/supplement/figures/Figure_S3_historical_landscape_diagnostics.png,.png,250493,1bc196f7dcf2e67d1bda022af39cc17413cb4680a856a71b16d55aa09f4962ad,True,2026-06-25T12:04:28,True,False,True,True,False,,True,False,final publication artifact
Chapter_1,outputs/publication/supplement/figures/Figure_S4_pairwise_pseudo_boundary_diagnostic.pdf,.pdf,43896,79f3907b2865684ab32fa8444a5b01749143902d69e3d9b973f60da8ab95167d,True,2026-06-25T12:04:29,True,False,True,False,False,,True,False,final publication artifact
Chapter_1,outputs/publication/supplement/figures/Figure_S4_pairwise_pseudo_boundary_diagnostic.png,.png,242731,c63504bb623f632e741b3abc59b25dbbc0713cbfd92b0c4bb7784fe1ed9aa4c3,True,2026-06-25T12:04:30,True,False,True,True,False,,True,True,final publication artifact
Chapter_1,outputs/publication/supplement/source_data/Figure_S1_source_data.csv,.csv,1145,34444b31397f2c5d06277f2b3aa21de402bedda9b13a5b43dfe45644485a9dfb,True,2026-06-25T12:04:23,True,False,True,False,False,,True,True,final publication artifact
Chapter_1,outputs/publication/supplement/source_data/Figure_S2_source_data.csv,.csv,31530,c2e6ab3fe1ab890e0949e166960e8d18d4b11a14654384ca2cafafcf9b496b86,True,2026-06-25T12:04:25,True,False,True,False,False,,True,True,final publication artifact
Chapter_1,outputs/publication/supplement/source_data/Figure_S3_source_data.csv,.csv,3276,6549195e26b562287e675b5ff8643cb8c4eee4d4db18d5615e5ae71d50c96fa1,True,2026-06-25T12:04:28,True,False,True,False,False,,True,False,final publication artifact
Chapter_1,outputs/publication/supplement/source_data/Figure_S4_source_data.csv,.csv,60664,b15535f3cb3291cc307fbbb35a944f15ee9406c127822ceb90c201033593c213,True,2026-06-25T12:04:30,True,False,True,False,False,,True,True,final publication artifact
Chapter_1,outputs/publication/supplement/source_data/Table_S06A_annual_profile_assignments.csv,.csv,3220,91814d670be1e4c94654042ff6902da6d723ca017b7cffc04ef7a31ce3c1f8fb,True,2026-06-25T12:04:12,True,False,True,False,False,,True,True,final publication artifact
Chapter_1,outputs/publication/supplement/source_data/Table_S06B_approved_episode_evidence.csv,.csv,16884,03948d1043daa5b5b1d9e820d0b39b6453adbbd5687ef669b65196ab805859aa,True,2026-06-25T12:04:12,True,True,True,False,False,,True,True,final publication artifact
Chapter_1,outputs/publication/supplement/source_data/Table_S13_full_historical_diagnostics.csv,.csv,71735,8019732fd061480762736890452da11c6c307feb41d58a835a246330967bf09a,True,2026-06-25T12:04:12,True,False,True,True,False,,True,True,final publication artifact
Chapter_1,outputs/publication/supplement/source_data/Table_S15_complete_actual_and_pseudo_boundary_profile_contrasts.csv,.csv,17248,47d9ccd9b302c9c334260087954f1683915106052726b4796d578060b86e5430,True,2026-06-25T12:04:12,True,False,True,True,False,,True,True,final publication artifact
Chapter_1,outputs/publication/supplement/source_data/Table_S16_complete_pseudo_boundary_pairwise_differences.csv,.csv,20062,a835cb9f7ae138e2131768dceef7e3bb50aebdc35877ab524883de4556aced2b,True,2026-06-25T12:04:12,True,False,True,True,False,,True,True,final publication artifact
Chapter_1,outputs/publication/supplement/tables/Table_S01_landscape_comparison_covariates.csv,.csv,3080,b67ccddc2d64104f3e35456c9b0248de4589b56dd3103c4bc014182e2465818f,True,2026-06-25T12:04:12,True,False,True,True,False,,True,True,final publication artifact
Chapter_1,outputs/publication/supplement/tables/Table_S02_clustering_solution_selection.csv,.csv,566,74a7e255ae963b21f6589cda584e50ea1d593e6bc36db74490d5c17d5451588a,True,2026-06-25T12:04:12,True,False,True,True,False,,True,True,final publication artifact
Chapter_1,outputs/publication/supplement/tables/Table_S03_clustering_stability_and_accessibility_sensitivity.csv,.csv,478,ab680f9cbd8f2c4f9eb09ca95734889cf3ca7efa680cbb4837317f9efe242bbb,True,2026-06-25T12:04:12,True,False,True,True,False,,True,True,final publication artifact
Chapter_1,outputs/publication/supplement/tables/Table_S04_spatial_design_balance_and_event_support.csv,.csv,944,0a035ebc8238ebaef644e84ebf4e8ec7e370905c4872a8edda65225c9cbeb579,True,2026-06-25T12:04:12,True,False,True,True,False,,True,True,final publication artifact
Chapter_1,outputs/publication/supplement/tables/Table_S05_landscape_group_and_side_support.csv,.csv,636,4fe043898b51c4f6483ea7ebf96383becccd1fd0d04e9dccad104fa2e0b80c58,True,2026-06-25T12:04:12,True,False,True,True,False,restricted_security,True,True,final publication artifact
Chapter_1,outputs/publication/supplement/tables/Table_S06_territorial_control_chronology.csv,.csv,20345,e5f0b0967e43834f983fe9563b87b91e80693232ccc6cbbed4400f3ca3468f37,True,2026-06-25T12:04:12,True,True,True,True,False,,True,True,final publication artifact
Chapter_1,outputs/publication/supplement/tables/Table_S07_profile_and_episode_support.csv,.csv,206,288c60c0903f83c0b97541bf8f689f4c548665ad491ae82c88fb451f0e7c36aa,True,2026-06-25T12:04:12,True,False,True,True,False,,True,True,final publication artifact
Chapter_1,outputs/publication/supplement/tables/Table_S08_primary_profile_specific_contrasts.csv,.csv,2090,47d465b61b89f8b53309e89425ba142f66e1885fefc9962eee4a5ca8478259e7,True,2026-06-25T12:04:12,True,False,True,True,False,,True,True,final publication artifact
Chapter_1,outputs/publication/supplement/tables/Table_S09_primary_pairwise_profile_differences.csv,.csv,2295,a9073cd51d65f5f4feb4bd83a9c1bc5d0ef6164025f84af8a45640aff588be8a,True,2026-06-25T12:04:12,True,False,True,True,False,,True,True,final publication artifact
Chapter_1,outputs/publication/supplement/tables/Table_S10_weighted_and_unweighted_sparse_outcome_models.csv,.csv,4130,61d79a5dd7077e5c8bd358fd29614768efe3081160922b278c44d6f2fb0b9736,True,2026-06-25T12:04:12,True,False,True,True,False,,True,True,final publication artifact
Chapter_1,outputs/publication/supplement/tables/Table_S11_threshold_sensitivity.csv,.csv,10962,f85678a3a34c15af301722f394dd25de3df4b663510adae3775dc3f10157cffa,True,2026-06-25T12:04:12,True,False,True,True,False,,True,True,final publication artifact
Chapter_1,outputs/publication/supplement/tables/Table_S12_spatial_domain_sensitivity.csv,.csv,15169,b554c20fbe200a1c212299ce8e18ab38457a3f8ec515fa0d7379ccccb95d9872,True,2026-06-25T12:04:12,True,False,True,True,False,,True,True,final publication artifact
Chapter_1,outputs/publication/supplement/tables/Table_S13_landscape_transition_and_episode_diagnostics.csv,.csv,6465,dfe4cf0e38fdcae1466dbd69088ba113e8bd4333bb12c962d5b5b96c53fb6e21,True,2026-06-25T12:04:12,True,False,True,True,False,,True,False,final publication artifact
Chapter_1,outputs/publication/supplement/tables/Table_S14_fire_optimizer_diagnostics.csv,.csv,1279,5ac1fc049c5134fc24ab8ce769d76c58dc45adc8240c68abe03d8c79eee9f293,True,2026-06-25T12:04:12,True,False,True,True,False,,True,True,final publication artifact
Chapter_1,outputs/publication/supplement/tables/Table_S15_actual_and_pseudo_boundary_profile_contrasts.csv,.csv,8121,8a3a9d5c6c89508d00692f9e2db3f578da6be76f7333bd3991947e01baf09b9a,True,2026-06-25T12:04:12,True,False,True,True,False,,True,True,final publication artifact
Chapter_1,outputs/publication/supplement/tables/Table_S16_boundary_specificity_classifications.csv,.csv,5979,8e764c4eabe85ee8947717d0f33c082aceb7664fdc044059fd03ea5dd1e5b90b,True,2026-06-25T12:04:12,True,False,True,True,False,,True,True,final publication artifact
Chapter_1,outputs/publication/supplement/tables/Table_S16_pseudo_boundary_pairwise_differences.csv,.csv,9479,167156ac218a8a73ff4a238673c253b844820a9b1b162cddb12fa550f05ba175,True,2026-06-25T11:35:54,True,False,True,True,False,,True,True,final publication artifact
Chapter_1,outputs/publication/supplement/tables/Table_S17_measurement_and_validation_decisions.csv,.csv,2217,bbd941b8dcb750fe9e8b5f62018b24ce19650a34ad7eae756ab32fe4197d974c,True,2026-06-25T12:04:12,True,True,True,True,False,,True,True,final publication artifact
Chapter_1,outputs/publication/supplement/tables/Table_S18_reproducibility_environment_and_authoritative_inputs.csv,.csv,2133,d4456a47d1c288675050800838c91b9a5fae231bc4cd22a192f7b752309d1277,True,2026-06-25T12:04:20,True,False,True,True,False,,True,False,final publication artifact
Chapter_1,reports/fire_missingness_resolution/authoritative_fire_reproduction.csv,.csv,258,2ad17f97f1f2173d0ff642e76eb458149e0e421543c21e1ba85a41c228a73fcc,True,2026-06-25T06:18:33,True,False,False,False,False,,True,True,development audit
Chapter_1,reports/fire_missingness_resolution/authoritative_fire_reproduction.md,.md,364,52cd50c48c84ee76ef58fd704a470d6d28106c7c117e0b839877f70552322521,True,2026-06-25T06:18:33,True,False,False,False,False,,True,True,development audit
Chapter_1,reports/fire_missingness_resolution/fire_authoritative_missingness_comparison.csv,.csv,299,317bd6b513d3ee76c51dff8a1fc0d462bd8f470c4d8ae174ef87441860ef07f7,True,2026-06-25T06:18:33,True,False,False,False,False,,True,True,development audit
Chapter_1,reports/fire_missingness_resolution/fire_missingness_bounds_500m.csv,.csv,34368496,307dd364f7076d9047588db6d547b557f810a8dc2a7e5963a6b183efbdb8a03f,True,2026-06-25T06:18:33,True,False,False,False,False,,True,True,development audit
Chapter_1,reports/fire_missingness_resolution/fire_missingness_bounds_validation.csv,.csv,164,b541f49cd6a50836293fdabf020b4fb652efa889bd5d5724c61de44309fa9b1a,True,2026-06-25T06:18:33,True,False,False,False,False,,True,True,development audit
Chapter_1,reports/fire_missingness_resolution/fire_missingness_by_stratum.csv,.csv,701,618f48a7b3b4e61e77bd44ee9d9a915874116a7acac089f77c033d3a4bcc8994,True,2026-06-25T06:18:33,True,False,False,False,False,,True,True,development audit
Chapter_1,reports/fire_missingness_resolution/fire_missingness_final_decision.csv,.csv,746,c499c0dd832d79680381e172130739dabed7ec5ce5bd5b3c7801d17831f0790e,True,2026-06-25T06:19:31,True,True,False,False,False,,True,True,development audit
Chapter_1,reports/fire_missingness_resolution/fire_missingness_final_decision.md,.md,1026,a5801bf924c8cfa9603cfbc75fdd0b4f5f87ba0ae2e19d37942162e469ee3516,True,2026-06-25T06:19:31,True,False,False,True,False,,True,True,development audit
Chapter_1,reports/fire_missingness_resolution/fire_missingness_maps.png,.png,33135,6d3b14b9c60f5cc589b37d84e984af6bd3a1ca997ac750bf7b228d6890f25173,True,2026-06-25T06:18:37,True,False,False,False,False,,True,True,development audit
Chapter_1,reports/fire_missingness_resolution/fire_missingness_model_comparison.md,.md,290,8cde7b81aaf17b780e1e39926abae4c70d5e414181718eb90014dd2e41a3d899,True,2026-06-25T06:19:20,True,False,False,False,False,,True,True,development audit
Chapter_1,reports/fire_missingness_resolution/fire_missingness_optimizer_diagnostics.csv,.csv,329,bb0995ecad01d4f057660ee6ef509dafd64df8da26dd2be057db9d3d91441dce,True,2026-06-25T06:19:20,True,False,False,False,False,,True,True,development audit
Chapter_1,reports/fire_missingness_resolution/fire_missingness_summary.csv,.csv,1081,30aa46e1e1dfbe6be1af6feef3730cb87eaf2e487dde23a4c487637b4c985793,True,2026-06-25T06:18:33,True,False,False,False,False,,True,True,development audit
Chapter_1,reports/fire_missingness_resolution/fire_native_state_counts.csv,.csv,253,f610627739abb73d57fbee5f0f7b85cccdbe97cda7b9731a122b140d81c92513,True,2026-06-25T06:18:33,True,False,False,False,False,,True,True,development audit
Chapter_1,reports/fire_missingness_resolution/fire_native_state_inconsistencies.csv,.csv,105,407049cee3179cd30b50b296d6291d74d92107afbaab3ebab0fae6955875975a,True,2026-06-25T06:18:33,True,False,False,False,False,,True,True,development audit
Chapter_1,reports/methods_review_final_audits/clustering_near_reproduction_acceptance.md,.md,396,b4f9c54824200f5ac8b399a1501b8dc104ee13c50c3d06fd6bdd5b658f423831,True,2026-06-24T22:49:37,True,False,False,True,False,,True,True,development audit
Chapter_1,reports/methods_review_final_audits/clustering_near_reproduction_discrepancies.csv,.csv,19304,ea46de930134fce2a33f127614c01fd0156afba2af5139ceba0e7a548f6bbb06,True,2026-06-24T22:26:23,True,False,False,False,False,,True,True,development audit
Chapter_1,reports/methods_review_final_audits/clustering_near_reproduction_discrepancy_map.png,.png,19939,4436ef8915a320eb6f2bb4b5211f0b5300390b45386ef92940992e9a4fce8ada,True,2026-06-24T22:26:24,True,False,False,False,False,,True,True,development audit
Chapter_1,reports/methods_review_final_audits/final_methods_audit_decision.md,.md,1759,0ec7eae467f09bb5758797a24eda7e3d07abd07e558bd1e6bb183183d1a47a93,True,2026-06-24T22:49:39,True,True,False,False,False,,True,True,development audit
Chapter_1,reports/methods_review_final_audits/final_methods_audit_issue_classification.csv,.csv,406,d59b46c0132af3c7a98b320c6cd06d465a3349b6e96f8f51abfedc984e5324af,True,2026-06-24T22:45:21,True,False,False,False,False,,True,True,development audit
Chapter_1,reports/methods_review_final_audits/final_methods_reporting_facts.csv,.csv,4373,70074fcf269b6b548f6ffedbc59b378ae78c3ec47651642625cef323b3283e9f,True,2026-06-24T22:45:21,True,True,False,False,False,,True,True,development audit
Chapter_1,reports/methods_review_final_audits/fire_authoritative_vs_observation_aware_cells.csv,.csv,171,aa15f77b23e7e5ff80995eb97d5136ab2f3ce5ea7d8f5ab2c71805477ef8df8d,True,2026-06-24T22:37:01,True,False,False,False,False,,True,True,development audit
Chapter_1,reports/methods_review_final_audits/fire_authoritative_vs_observation_aware_strata.csv,.csv,600,8ae4671467230c49513730a0b22f06bfb4d9d51cc41d35f6a4aa60d5cbe32f42,True,2026-06-24T22:37:01,True,False,False,False,False,,True,True,development audit
Chapter_1,reports/methods_review_final_audits/fire_authoritative_vs_observation_aware_summary.csv,.csv,320,7b5902034c93e6c5b270a7e90a18efb24685bad1a28b05e8e1d774eb7d268715,True,2026-06-24T22:37:01,True,False,False,False,False,,True,True,development audit
Chapter_1,reports/methods_review_final_audits/fire_changed_cells_map.png,.png,51444,c1fad690f081500fc56452a3063de99d60f2586d0ba768ae7c1e99d33e256c4e,True,2026-06-24T22:37:03,True,False,False,False,False,,True,True,development audit
Chapter_1,reports/methods_review_final_audits/fire_monthly_jd_code_counts_completed.csv,.csv,4898,b04346e1a6ec2f432abf58b4ccde84158b3748c635df59ba93be6854b728522b,True,2026-06-24T22:36:59,True,False,False,False,False,,True,True,development audit
Chapter_1,reports/methods_review_final_audits/fire_observation_aware_aggregation_diagnostics.csv,.csv,447,714e702f4527748eb3f2f05f8412a40c848482f029f06b5f702748e2163a7324,True,2026-06-24T22:36:59,True,False,False,False,False,,True,True,development audit
Chapter_1,reports/methods_review_final_audits/fire_observation_aware_audit.md,.md,486,c1273eadf7d869805c4b773966dd6dde7774a3f226d866f29d37043e0efb1060,True,2026-06-24T22:49:42,True,False,False,False,False,,True,True,development audit
Chapter_1,reports/methods_review_final_audits/fire_observation_aware_fit_diagnostics.csv,.csv,540,be83388408eae1092966e424bbc94dd3cd5b323bcfa680f008b517b2bc600fc7,True,2026-06-24T22:37:09,True,False,False,False,False,,True,True,development audit
Chapter_1,reports/methods_review_final_audits/fire_observation_aware_geometry_validation.csv,.csv,459,34af1d261ead95633ba39acd3616db608934eae86678fc51f0a792ea5ed1c2b6,True,2026-06-24T22:37:00,True,False,False,False,False,,True,True,development audit
Chapter_1,reports/methods_review_final_audits/fire_observation_aware_model_comparison.md,.md,402,87722bc4d8ec36d15cf07c16f40272952727896a9441b7127da6667735acd3fc,True,2026-06-24T22:49:44,True,False,False,False,False,,True,True,development audit
Chapter_1,reports/methods_review_final_audits/fire_observation_aware_pairwise_differences.csv,.csv,949,f5cf86238a03d18a02474aa5d59d07964bf0a9150f9a423a3b8b46998764dec1,True,2026-06-24T22:37:09,True,False,False,False,False,,True,True,development audit
Chapter_1,reports/methods_review_final_audits/fire_observation_aware_profile_contrasts.csv,.csv,865,3d3187e53818cb025f2a9b25478db15dcd4ab25672bad6638f299917ba998c0c,True,2026-06-24T22:37:09,True,False,False,False,False,,True,True,development audit
Chapter_1,reports/methods_review_final_audits/fire_valid_coverage_500m.csv,.csv,520,e87aa56e2720e85588bd86592fecd14f2db1f1bfe5691a6a8a63fa8366522eab,True,2026-06-24T22:37:01,True,False,False,False,False,,True,True,development audit
Chapter_1,reports/methods_review_final_audits/fire_valid_coverage_by_stratum.csv,.csv,5756,1c878bff74cf5d7bf9f63ce30495cd965ccf4bbdcddeb4059e014cd735566d82,True,2026-06-24T22:37:01,True,False,False,False,False,,True,True,development audit
Chapter_1,reports/methods_review_final_audits/fire_valid_coverage_map_2021.png,.png,45495,7e41ba6d70bad31500952029d6a1fb69efa3f7059c4e966752cd27a566da2708,True,2026-06-24T22:37:01,False,False,False,False,False,,True,True,development audit
Chapter_1,reports/methods_review_final_audits/fire_valid_coverage_map_2022.png,.png,45471,237305647312910a3632fc36d093bd57a2fbc9017fd08deddbf1ea6adfbaa3fa,True,2026-06-24T22:37:02,False,False,False,False,False,,True,True,development audit
Chapter_1,reports/methods_review_final_audits/no_accessibility_clustering_audit.md,.md,843,8b1a5546c3b50d45d2b37aa93ca3b3b8d1396c0471505191cf8c1ca48e2706aa,True,2026-06-24T22:49:46,True,False,False,True,False,,True,True,development audit
Chapter_1,reports/methods_review_final_audits/no_accessibility_clustering_map.png,.png,53127,79c7a2fb4606ce1ca2078024fc5be6c438e5553c09567c206176e0a013ebde15,True,2026-06-24T22:29:24,True,False,False,False,False,,True,True,development audit
Chapter_1,reports/methods_review_final_audits/no_accessibility_cluster_support.csv,.csv,983,0674c87f6143ea1a16576d3bcaaac67381526501e5b5af320316772c682be582,True,2026-06-24T22:27:48,True,False,False,False,False,,True,True,development audit
Chapter_1,reports/methods_review_final_audits/no_accessibility_k3_comparison.csv,.csv,648,2f579875c7a1db8d12ee4b43b801ac6b6818507759def835b3c6cc365df1c384,True,2026-06-24T22:27:48,True,False,False,True,False,,True,True,development audit
Chapter_1,reports/methods_review_final_audits/no_accessibility_seed_stability.csv,.csv,334,9c8091ef395c1e3d2af40a1767319c177df6ac25ec28ad5b4cefbbbf88f74afd,True,2026-06-24T22:29:21,True,False,False,True,False,,True,True,development audit
Chapter_1,reports/methods_review_final_audits/no_accessibility_selected_k_comparison.csv,.csv,656,5d82f3c3a60dacfabdffaefa1194a661ca5e33178c632a04fe2155ced4a902ce,True,2026-06-24T22:27:48,True,False,False,True,False,,True,True,development audit
Chapter_1,reports/methods_review_final_audits/no_accessibility_silhouette_profile.csv,.csv,319,fb59c7bc2c84947b6064f46f3b2058a547a56adffacbd5dc96a081ef7ce88229,True,2026-06-24T22:27:16,True,False,False,False,False,,True,True,development audit
Chapter_1,reports/methods_review_targeted_audits/clustering_area_after_cleaning.csv,.csv,97,55837a11f30a5be50272d9a43c288e24677438661cbf3ebe111c237a9b9c7083,True,2026-06-24T20:15:44,True,False,False,False,False,,True,True,development audit
Chapter_1,reports/methods_review_targeted_audits/clustering_area_before_cleaning.csv,.csv,88,3cfcea4debebfdcd6da74c717b174f2ebe3f878f3774dc4a7b7d9fd3235f2ffc,True,2026-06-24T20:15:44,True,False,False,False,False,,True,True,development audit
Chapter_1,reports/methods_review_targeted_audits/clustering_despeckling_summary.csv,.csv,249,ccd868e964691e514929c11b47b48d4aeae7e73113004dfec5dc333ce671bbcf,True,2026-06-24T20:15:44,True,False,False,False,False,,True,True,development audit
Chapter_1,reports/methods_review_targeted_audits/clustering_no_accessibility_audit.md,.md,380,db9c4cb9fc45ff2b2989ce866e0117f6b5d99bc7d0cbf4834031f875448e76e0,True,2026-06-24T22:08:33,True,False,False,False,False,,True,True,development audit
Chapter_1,reports/methods_review_targeted_audits/clustering_no_accessibility_comparison.csv,.csv,405,dec1154eb562038c493f0b2ca51a2e5e70c8068c72f20995db61fa3fb7264470,True,2026-06-24T20:15:44,True,False,False,False,False,,True,True,development audit
Chapter_1,reports/methods_review_targeted_audits/clustering_no_accessibility_map.png,.png,5441,4bde381d5bee6149525035d233440ce4cda1f2ed40cae3683e4be8bf887a976d,True,2026-06-24T22:05:22,True,False,False,False,False,,True,True,development audit
Chapter_1,reports/methods_review_targeted_audits/clustering_no_accessibility_silhouette.csv,.csv,31,3a8f2bd7c9a642650ab28ab41cbc600bc63b1024b0d59f48ac37dcc9f78e476a,True,2026-06-24T20:15:44,True,False,False,False,False,,True,True,development audit
Chapter_1,reports/methods_review_targeted_audits/clustering_reproduction_summary.csv,.csv,499,720effaef5835742e54ab6d1ca2cb71f830fd5b6e34b6f66aee94b3926ceb5a3,True,2026-06-24T20:15:44,True,False,False,False,False,,True,True,development audit
Chapter_1,reports/methods_review_targeted_audits/clustering_reproduction_validation.md,.md,594,44434ff84ca0b288dab5cd99efd1a801755b8231b70fda083dc2bdd92fd0caac,True,2026-06-24T22:08:33,True,False,False,False,False,,True,True,development audit
Chapter_1,reports/methods_review_targeted_audits/clustering_seed_stability.csv,.csv,144,a637dd89f7cd08f17b339eb028a63f61b299c7c3285f48d44b5c5063868791f5,True,2026-06-24T20:15:44,True,False,False,False,False,,True,True,development audit
Chapter_1,reports/methods_review_targeted_audits/clustering_silhouette_profile_full.csv,.csv,318,a51850c4f05b4a9ba29f2546a6e94e5afca93dcc63bb57dc2ecb864c2b82ed19,True,2026-06-24T20:15:44,True,False,False,True,False,,True,True,development audit
Chapter_1,reports/methods_review_targeted_audits/fire_authoritative_vs_observation_aware.csv,.csv,349,865a1b483dd7c06f8351c587829121d530e5bb4ab5c3d1ff8d1170e497d24f4f,True,2026-06-24T21:44:31,True,False,False,False,False,,True,True,development audit
Chapter_1,reports/methods_review_targeted_audits/fire_authoritative_vs_observation_aware_by_stratum.csv,.csv,76,143412e3171f3371745091f9d5b6f6c49aa5db2687e14ea718f454ede481522e,True,2026-06-24T21:44:31,True,False,False,False,False,,True,True,development audit
Chapter_1,reports/methods_review_targeted_audits/fire_monthly_jd_code_counts.csv,.csv,9429,c959aefde5bd0dc20af47e0cac0f0e753eddb6da9d3982f445d9168942a80516,True,2026-06-24T21:44:31,True,False,False,False,False,,True,True,development audit
Chapter_1,reports/methods_review_targeted_audits/fire_observation_aware_fit_diagnostics.csv,.csv,303,3d15dbb0c7e850c458c6ab6f013e4fee222326c9eaf3cbe4b9bca7b391fd1eef,True,2026-06-24T21:44:31,True,False,False,False,False,,True,True,development audit
Chapter_1,reports/methods_review_targeted_audits/fire_observation_aware_pairwise_differences.csv,.csv,176,1a0575bd4cd2b3a85f448311ba652b81365e11212adedd654dab0d3833cd0f8f,True,2026-06-24T21:44:31,True,False,False,False,False,,True,True,development audit
Chapter_1,reports/methods_review_targeted_audits/fire_observation_aware_profile_contrasts.csv,.csv,176,1a0575bd4cd2b3a85f448311ba652b81365e11212adedd654dab0d3833cd0f8f,True,2026-06-24T21:44:31,True,False,False,False,False,,True,True,development audit
Chapter_1,reports/methods_review_targeted_audits/fire_valid_coverage_500m.csv,.csv,238,bb0f0eccaa2b9a4b1a62761d3d35420e27b7be16b775e5e56d76164655768b17,True,2026-06-24T21:44:31,True,False,False,False,False,,True,True,development audit
Chapter_1,reports/methods_review_targeted_audits/fire_valid_observation_audit.md,.md,489,e1cd391d97ec6c7e1a906bc895466f85bcd746e39e3bb9feaeacee54260440ad,True,2026-06-24T22:08:33,True,False,False,False,False,,True,True,development audit
Chapter_1,reports/methods_review_targeted_audits/methods_reporting_facts.csv,.csv,7007,a24333b60587e506839aea898e620f7a130f5d4c834c624dac24f7b34c8e99df,True,2026-06-24T22:06:51,True,False,False,False,False,,True,True,development audit
Chapter_1,reports/methods_review_targeted_audits/methods_review_targeted_audit_decision.md,.md,652,36368529d51c746aa5c6e4d6262f15c0290faf4fe6ae2a11b714fd400ad5a392,True,2026-06-24T22:08:33,True,False,False,False,False,,True,True,development audit
Chapter_1,reports/methods_review_targeted_audits/sesu2_event_support.csv,.csv,3588,1d4ddafec3a765affde4e793092c0356cfc5e4e1d93b032c6d2b85221ee335b5,True,2026-06-24T22:04:25,True,False,False,True,False,,True,True,development audit
Chapter_1,reports/methods_review_targeted_audits/sesu2_profile_availability.csv,.csv,318,a47af1a9967c4f134503087e566cd5a6a7dfe4e01b45e47e12c62d8008f38c05,True,2026-06-24T22:04:25,True,False,False,False,False,,True,True,development audit
Chapter_1,reports/methods_review_targeted_audits/sesu2_support_audit.md,.md,383,9db9cc67a3458c0e6b74c3844c383b3195b40fb0faf4ff937b229a579c2ea7ca,True,2026-06-24T22:08:33,True,False,False,True,False,,True,True,development audit
Chapter_1,reports/methods_review_targeted_audits/sesu2_support_by_spatial_design.csv,.csv,1874,2391dfc32f05ae7b4de4ddd8be2172c4c82fbc6d1a005be17ef41f9b2a11d026,True,2026-06-24T22:04:25,True,False,False,True,False,,True,True,development audit
Chapter_1,reports/publication/two_repository_preflight.md,.md,1354,4baca448c5c4c4f68dd8ae3abcf9954f70796ea41b5967f3c861afa3f008ac54,False,2026-06-25T17:51:29,False,False,False,False,False,,True,True,development audit
Chapter_1,reports/publication_outputs/event_total_validation.csv,.csv,574,89a8fa1b58b7a799abb1b7e2de50da70af4ff19e2521daf936c04e0472c6e9e7,True,2026-06-25T07:56:59,True,False,False,False,False,,True,True,development audit
Chapter_1,reports/publication_outputs/figure_layout_revision_v2.md,.md,1402,868423a0135c9080bc9c8d9fb7587197c85e72b0205040dc23e097210dd28fea,True,2026-06-25T07:57:16,True,False,False,False,False,,True,True,development audit
Chapter_1,reports/publication_outputs/main_figure_captions.md,.md,2226,a78f0556fa45fab810c512c6a99628d63edf0432489b73f61bd76f6f0bd5837b,True,2026-06-25T07:57:16,True,False,False,False,False,,True,True,development audit
Chapter_1,reports/publication_outputs/main_table_captions.md,.md,494,00ae96aa28a003d53eda5a1ab756f276ea27395172fd10b0693c1a7cbfae9e58,True,2026-06-25T07:57:16,True,False,False,False,False,,True,True,development audit
Chapter_1,reports/publication_outputs/publication_input_registry.csv,.csv,2652,e708073dc13244e4f0ebf91e95330eb95bda22b92a8fb8a6e65ad303a79efbce,True,2026-06-25T07:56:59,True,False,False,False,False,,True,True,authoritative result
Chapter_1,reports/publication_outputs/publication_output_provenance.csv,.csv,2875,2e22f0eb871fadd9409f73b9bc12cf285898048781272d5c4eba0b1354c412ec,True,2026-06-25T07:57:16,True,True,False,False,False,,True,True,authoritative result
Chapter_1,reports/publication_outputs/publication_output_validation.md,.md,777,e2a0f0dbee375a0ec587928f30d5c5bec15ad341212da5fe9c91f79b3f0c2f98,True,2026-06-25T07:57:20,True,True,False,False,False,,True,True,authoritative result
Chapter_1,reports/supplement/governance_episode_evidence_audit.md,.md,8666,6001fbfb5d27e4794b5f0886b8985abcfeba636996f23d73dddf3b91c57d417b,True,2026-06-25T11:29:28,False,True,True,False,False,,True,True,development audit
Chapter_1,reports/supplement/main_text_cross_reference_map.csv,.csv,968,4d564be31726f69d3a8d3d04ee0b5e780282d5f7cb174ea2b538d1ef8d7718ec,True,2026-06-25T12:04:31,True,True,True,False,False,,True,False,development audit
Chapter_1,reports/supplement/sessionInfo.txt,.txt,1050,2168bc774f1abae66426c7db2b42c996522099573afe6ee890291b3eb936b4f1,True,2026-06-25T12:04:20,True,False,True,True,False,,True,False,development audit
Chapter_1,reports/supplement/supplement_generation_log.md,.md,325,19565c41eae380619f98aeef28de3e62860c0ee3ed190fe0604695d5a3b2b930,True,2026-06-25T12:04:31,True,False,True,False,False,,True,False,development audit
Chapter_1,reports/supplement/supplement_manifest.csv,.csv,8061,89f617b94e41bf56513b4f550b24ac234792dd4d62a5a1f7a1f76df50104523c,True,2026-06-25T12:04:31,True,False,True,False,False,,True,False,development audit
Chapter_1,reports/supplement/supplement_validation.md,.md,399,15a6e9a500011267eca64eb31861f0d0ca176842e8f60e164c07395a63b5fbd6,True,2026-06-25T12:04:31,True,True,True,False,False,,True,False,development audit
Chapter_1,reports/supplement/table_s5_fire_reconciliation.md,.md,794,d9fe662974cfb0acf6b064a52d63d793cf044f39c1e53d379eb639b04fb293b0,True,2026-06-25T12:04:12,True,True,True,False,False,,True,True,development audit
Chapter_1,reports/publication_outputs/review_v1/event_total_validation.csv,.csv,460,186740579d5e2a07e79110892424d37b60a81a6d7ad8aa03d45fa76f741fda54,True,2026-06-25T06:59:14,True,False,False,False,False,,True,False,development audit
Chapter_1,reports/publication_outputs/review_v1/main_figure_captions.md,.md,1693,aaa8e16bd96460111a9c4470afd034ca1c7915dc718d633de06fe1fc848534d4,True,2026-06-25T06:59:27,True,False,False,False,False,,True,False,development audit
Chapter_1,reports/publication_outputs/review_v1/main_table_captions.md,.md,457,f029380aedc559aeb171dee15f373ceddb81d07b58b457782943f2cb5cc28bfa,True,2026-06-25T06:59:27,True,False,False,False,False,,True,False,development audit
Chapter_1,reports/publication_outputs/review_v1/publication_output_provenance.csv,.csv,2511,076d61a9e36858776c5ece8b7012920d2c3e64bcafa68eca07e81490f414eba7,True,2026-06-25T06:59:27,True,False,False,False,False,,True,False,development audit
Chapter_1,reports/publication_outputs/review_v1/publication_output_validation.md,.md,576,9fd8d5dd139ced40ce6397b6f976d41fbd098fa945c067a16e7c623f979ddc57,True,2026-06-25T06:59:27,True,True,False,False,False,,True,False,development audit
Chapter_1,run_2026_04_07/provenance/input_md5_Script2.csv,.csv,200,49b3a9f2bb8f6692b113c92e7810c8adab6318d7f5786e6dfb9e2065e36abceb,False,2026-04-06T13:00:58,True,False,False,False,False,,False,False,unknown
Chapter_1,run_2026_04_07/provenance/input_md5_Script4.csv,.csv,351,3415a541bcd3b10e90157027ec9efaa356cef4a8884e82cd2af51651a2a53e69,False,2026-04-06T13:01:08,True,False,False,False,False,,False,False,unknown
Chapter_1,run_2026_04_07/provenance/pixel_selection_mode.txt,.txt,47,bd488f28f2ccf9e5c5d1621dcf36c5ced83f28fc1aa65c12db2d8a59943654d7,False,2026-04-06T13:00:58,True,False,False,False,False,,False,False,unknown
Chapter_1,run_2026_04_07/provenance/sessionInfo_Script2.txt,.txt,1727,1fef9ad7d0987b26c5ab3279b1727a3efc64499c6e920d431d74fd9cc351c212,False,2026-04-06T13:00:59,True,False,False,False,False,,False,False,unknown
Chapter_1,run_2026_04_07/provenance/sessionInfo_Script4.txt,.txt,1768,c5831509084cce44f06f909f5910ce4ce393c73d5564591e9c7f8bd2d9326975,False,2026-04-06T13:01:07,True,False,False,False,False,,False,False,unknown
Chapter_1,run_2026_04_07/provenance/SESU_manifest.rds,.rds,776,73ef48069abcc90d95da25444140b21ffeb5e23e38d580e027a752980463e24f,False,2026-04-06T13:01:07,True,False,False,False,False,,False,False,unknown
Chapter_1,run_2026_04_07/analysis_final_boundary_models/models/PRIMARY_betaBinomial_agriculture__National_Park.rds,.rds,63693,a39d8adc1c55172767f4442d3f5c93885f055ffb4c92ab38346e93a2b5ce63ca,False,2026-04-07T11:55:00,True,False,False,False,False,,False,False,unknown
Chapter_1,run_2026_04_07/analysis_final_boundary_models/models/PRIMARY_betaBinomial_agriculture__National_Park_placebo__random_side____true.rds,.rds,63801,36976b53dd9152e038c7b67d29f59103c6acdbafdb8eca72b0257b5b62589086,False,2026-04-07T12:01:04,True,False,False,False,False,,False,False,unknown
Chapter_1,run_2026_04_07/analysis_final_boundary_models/models/PRIMARY_betaBinomial_deforestation__National_Park.rds,.rds,63804,8ba41b76b8c0c238cd57fa1e8276f8f84646e6669c5b5857a4068d65ce968afa,False,2026-04-07T11:52:53,True,False,False,False,False,,False,False,unknown
Chapter_1,run_2026_04_07/analysis_final_boundary_models/models/PRIMARY_betaBinomial_deforestation__National_Park_placebo__random_side____true.rds,.rds,64459,2ae951938d4d0f6db44033eae72b3f528ac08ef642403a099db97ef499b99177,False,2026-04-07T11:59:44,True,False,False,False,False,,False,False,unknown
Chapter_1,run_2026_04_07/analysis_final_boundary_models/models/PRIMARY_betaBinomial_fire__National_Park.rds,.rds,64275,5109bd5e9f94596b96f520c6e024ec8bc6d5794d93c25138210b6b579f7e1d0c,False,2026-04-07T11:51:20,True,False,False,False,False,,False,False,unknown
Chapter_1,run_2026_04_07/analysis_final_boundary_models/models/PRIMARY_betaBinomial_fire__National_Park_placebo__random_side____true.rds,.rds,63558,11608639b076da0e5f723a739ab2f206f8d74f1dd4cd290e7096c8ddea4f6fc7,False,2026-04-07T11:57:07,True,False,False,False,False,,False,False,unknown
Chapter_1,run_2026_04_07/analysis_final_boundary_models/plots/MONEYFIG_COMPOSITE_2x5.png,.png,1013756,cc2cc95216d7fe1afad04826e0299bb6e16517b1cf927c7fc0e8ae797bd4d6dc,False,2026-04-07T12:32:10,True,False,False,False,False,,True,False,generated intermediate
Chapter_1,run_2026_04_07/analysis_final_boundary_models/plots/MONEYFIG_RS_ONLY_delta_logit_agriculture__National_Park.png,.png,201858,cbd826a6c93a39c9f2846acbc9a21fd48b47f69bbaed8fc4a66223e89c671d71,False,2026-04-07T11:54:59,True,False,False,False,False,,True,False,generated intermediate
Chapter_1,run_2026_04_07/analysis_final_boundary_models/plots/MONEYFIG_RS_ONLY_delta_logit_agriculture__National_Park_placebo__random_side____true.png,.png,176410,68ae5e780d60a0c742584e9b404ef14663a9cd1a64f068b0b10cd95112c36f1c,False,2026-04-07T12:01:03,True,False,False,False,False,,True,False,generated intermediate
Chapter_1,run_2026_04_07/analysis_final_boundary_models/plots/MONEYFIG_RS_ONLY_delta_logit_deforestation__National_Park.png,.png,255326,51fc9870a3cbac44b41a6a48e127f60255f4fb92fce672e1df07830cc16cc5b8,False,2026-04-07T11:52:51,True,False,False,False,False,,True,False,generated intermediate
Chapter_1,run_2026_04_07/analysis_final_boundary_models/plots/MONEYFIG_RS_ONLY_delta_logit_deforestation__National_Park_placebo__random_side____true.png,.png,128578,9419fc6d8280ac706323beca71f52daaf35ed3dc6573c98503e15f6869f7ad11,False,2026-04-07T11:59:43,True,False,False,False,False,,True,False,generated intermediate
Chapter_1,run_2026_04_07/analysis_final_boundary_models/plots/MONEYFIG_RS_ONLY_delta_logit_fire__National_Park.png,.png,257153,3f3eec4f1eabe4a9ac3849e12a5100cdcb26e719819d9a160f4f9d8a298c61d7,False,2026-04-07T11:51:20,True,False,False,False,False,,True,False,generated intermediate
Chapter_1,run_2026_04_07/analysis_final_boundary_models/plots/MONEYFIG_RS_ONLY_delta_logit_fire__National_Park_placebo__random_side____true.png,.png,282163,13c1c24cda902eba2fa27ef082e7b35ebc643c6819769d89d1e2ff40bc552e19,False,2026-04-07T11:57:05,True,False,False,False,False,,True,False,generated intermediate
Chapter_1,run_2026_04_07/analysis_final_boundary_models/plots/MONEYFIG_RS_ONLY_inside_outside_agriculture__National_Park.png,.png,306477,7ee311a1f1faed07da93fb53d4ab4762c6da75e02c47d4fcd2be9e9c5648424b,False,2026-04-07T11:55:00,True,False,False,False,False,,True,False,generated intermediate
Chapter_1,run_2026_04_07/analysis_final_boundary_models/plots/MONEYFIG_RS_ONLY_inside_outside_agriculture__National_Park_placebo__random_side____true.png,.png,387308,9360b8ccd8dd26e5d7ea9002883209f890458bc930e3b83f9ade3675ea56fd72,False,2026-04-07T12:01:04,True,False,False,False,False,,True,False,generated intermediate
Chapter_1,run_2026_04_07/analysis_final_boundary_models/plots/MONEYFIG_RS_ONLY_inside_outside_deforestation__National_Park.png,.png,328024,76e6232176e14bf1e3895bb1431e91b6d8ddf96299e8e6f2549a3026f88b7df0,False,2026-04-07T11:52:52,True,False,False,False,False,,True,False,generated intermediate
Chapter_1,run_2026_04_07/analysis_final_boundary_models/plots/MONEYFIG_RS_ONLY_inside_outside_deforestation__National_Park_placebo__random_side____true.png,.png,353622,cafd42ac552885f8081e62ff396f7e0511dd8142d78742dfa40d1799f0ac8c2d,False,2026-04-07T11:59:43,True,False,False,False,False,,True,False,generated intermediate
Chapter_1,run_2026_04_07/analysis_final_boundary_models/plots/MONEYFIG_RS_ONLY_inside_outside_fire__National_Park.png,.png,358555,03289d61823f388127bfe3b41fc2c00f22ec246c86556d26cb6140112c1365ac,False,2026-04-07T11:51:20,True,False,False,False,False,,True,False,generated intermediate
Chapter_1,run_2026_04_07/analysis_final_boundary_models/plots/MONEYFIG_RS_ONLY_inside_outside_fire__National_Park_placebo__random_side____true.png,.png,222769,32cc7f0ab0f9e262d73440e4a71b35b7307623eb588bbd7df16402860d8eb45e,False,2026-04-07T11:57:06,True,False,False,False,False,,True,False,generated intermediate
Chapter_1,run_2026_04_07/analysis_final_boundary_models/provenance/input_md5.csv,.csv,296,3cbbc513ae8d3db1dd395cad7ad39faa1f06895681af05cb11685ab98e3680a3,False,2026-04-07T12:32:10,True,False,False,False,False,,False,False,unknown
Chapter_1,run_2026_04_07/analysis_final_boundary_models/provenance/sessionInfo.txt,.txt,1763,006f52dad71c008843d2e6861d04e5943a7c60dd49b9e53c88648e228cdbae92,False,2026-04-07T12:32:10,True,False,False,True,False,,False,False,unknown
Chapter_1,run_2026_04_07/analysis_final_boundary_models/tables/betaBinomial_coef_table_bootYear final.csv,.csv,3092,c9f94cd4ea0f8576be918d5025555ce94eaf252e435eab3bf69e68e494d1df56,False,2026-04-07T12:02:25,True,False,False,False,False,,False,False,unknown
Chapter_1,run_2026_04_07/analysis_final_boundary_models/tables/betaBinomial_coef_table_modelZ final.csv,.csv,80214,a41bc092421965c2a54292a11e4273bc89bf2f0c8f9570d5867ab910c14fb9ac,False,2026-04-07T12:02:25,True,False,False,False,False,,False,False,unknown
Chapter_1,run_2026_04_07/analysis_final_boundary_models/tables/INDEX_runs_tags.csv,.csv,661,c7ea8f3c651ee514c2e5fe290a17bc186cf21d9f2b613839ee57633fbce73d3b,False,2026-04-07T12:02:25,True,False,False,False,False,,False,False,unknown
Chapter_1,run_2026_04_07/analysis_final_boundary_models/tables/POOLED_PRIMARY_betaBinomial_fit_stats.csv,.csv,1195,0ac366041c7b2daeed3d43c5c2d53d028f713fcefea8888fdf75e77d6d0669d7,False,2026-04-07T12:02:25,True,False,False,False,False,,False,False,unknown
Chapter_1,run_2026_04_07/analysis_final_boundary_models/tables/RS_ONLY_delta_logit_agriculture__National_Park.csv,.csv,5503,16d6313f57b1c3b6e6ac96bd90d9cb99108e71eda4fde1c7740a617ca83c0082,False,2026-04-07T11:54:59,True,False,False,False,False,,False,False,unknown
Chapter_1,run_2026_04_07/analysis_final_boundary_models/tables/RS_ONLY_delta_logit_agriculture__National_Park_placebo__random_side____true.csv,.csv,7008,b5062dde20eb0563bef1a4cc522d56333a26e27d2a69731a862c2cc71f19312f,False,2026-04-07T12:01:03,True,False,False,False,False,,False,False,unknown
Chapter_1,run_2026_04_07/analysis_final_boundary_models/tables/RS_ONLY_delta_logit_deforestation__National_Park.csv,.csv,5638,bd60fb4c438469aa72414025a2c1cfcfdf0639cfe53ca84a16ac4a9232749be6,False,2026-04-07T11:52:50,True,False,False,False,False,,False,False,unknown
Chapter_1,run_2026_04_07/analysis_final_boundary_models/tables/RS_ONLY_delta_logit_deforestation__National_Park_placebo__random_side____true.csv,.csv,7242,c0e60affb4765bcce8b59ad640d015db8ab16b1ea4cd30e32222c947ef0e2ccd,False,2026-04-07T11:59:42,True,False,False,False,False,,False,False,unknown
Chapter_1,run_2026_04_07/analysis_final_boundary_models/tables/RS_ONLY_delta_logit_fire__National_Park.csv,.csv,5634,15b3a4f0b71687c8acd8dcacf5993d334f5aadea31cd0045cb70355d03b2e1b4,False,2026-04-07T11:51:16,True,False,False,False,False,,False,False,unknown
Chapter_1,run_2026_04_07/analysis_final_boundary_models/tables/RS_ONLY_delta_logit_fire__National_Park_placebo__random_side____true.csv,.csv,7343,49ab42d311595c5f61c25849da861421b103147c91874ac6688e828c50627e7b,False,2026-04-07T11:57:05,True,False,False,False,False,,False,False,unknown
Chapter_1,run_2026_04_07/analysis_final_boundary_models/tables/RS_ONLY_observed_inside_outside_agriculture__National_Park.csv,.csv,9312,16186edc89054feb20e14cfa0705bc394d636082e9e7de85c267e5b87ed91ce5,False,2026-04-07T11:54:59,True,False,False,False,False,,False,False,unknown
Chapter_1,run_2026_04_07/analysis_final_boundary_models/tables/RS_ONLY_observed_inside_outside_agriculture__National_Park_placebo__random_side____true.csv,.csv,12288,bf835e6d95d1c85c895064535df7de85b2822a851db858abe46ce1ebfc122240,False,2026-04-07T12:01:03,True,False,False,False,False,,False,False,unknown
Chapter_1,run_2026_04_07/analysis_final_boundary_models/tables/RS_ONLY_observed_inside_outside_deforestation__National_Park.csv,.csv,9663,e5606a53be6328e418f1c6d96d02397ef4aec4780364c8cd4f2ca7e35b8d7d1b,False,2026-04-07T11:52:50,True,False,False,False,False,,False,False,unknown
Chapter_1,run_2026_04_07/analysis_final_boundary_models/tables/RS_ONLY_observed_inside_outside_deforestation__National_Park_placebo__random_side____true.csv,.csv,12776,972c1c9bddb6e602461dd60d3a33fe94f6be2817246e88b223a26e848a19a152,False,2026-04-07T11:59:42,True,False,False,False,False,,False,False,unknown
Chapter_1,run_2026_04_07/analysis_final_boundary_models/tables/RS_ONLY_observed_inside_outside_fire__National_Park.csv,.csv,8881,c7a49074a63f17b0707e66f87d45e1e2483b575005635566cc2be9b2af33100e,False,2026-04-07T11:51:16,True,False,False,False,False,,False,False,unknown
Chapter_1,run_2026_04_07/analysis_final_boundary_models/tables/RS_ONLY_observed_inside_outside_fire__National_Park_placebo__random_side____true.csv,.csv,11607,f4023049b1610cbe28e8cdd9f95a23d1b035af73b7f6c20355867163e3a97f9f,False,2026-04-07T11:57:05,True,False,False,False,False,,False,False,unknown
Chapter_1,run_2026_04_20/provenance/input_md5_Script2.csv,.csv,200,8790366a3b7dceac53a52eb4c2fac8073743f16f867ca92f58e0e484698f0a9e,False,2026-04-20T08:49:37,True,False,False,False,False,,False,False,unknown
Chapter_1,run_2026_04_20/provenance/input_md5_Script4.csv,.csv,351,5cf582ec8bfe66da00fafe50a761300ed3dea5f5061b727b5971d530759865a8,False,2026-04-20T08:49:41,True,False,False,False,False,,False,False,unknown
Chapter_1,run_2026_04_20/provenance/pixel_selection_mode.txt,.txt,47,bd488f28f2ccf9e5c5d1621dcf36c5ced83f28fc1aa65c12db2d8a59943654d7,False,2026-04-20T08:49:37,True,False,False,False,False,,False,False,unknown
Chapter_1,run_2026_04_20/provenance/sessionInfo_Script2.txt,.txt,1727,1fef9ad7d0987b26c5ab3279b1727a3efc64499c6e920d431d74fd9cc351c212,False,2026-04-20T08:49:37,True,False,False,False,False,,False,False,unknown
Chapter_1,run_2026_04_20/provenance/sessionInfo_Script4.txt,.txt,1768,c5831509084cce44f06f909f5910ce4ce393c73d5564591e9c7f8bd2d9326975,False,2026-04-20T08:49:41,True,False,False,False,False,,False,False,unknown
Chapter_1,run_2026_04_20/provenance/SESU_manifest.rds,.rds,775,72875c4688c8d2a790f34f9d65db6317db8dbcca776612cc92d587c4f5acaad5,False,2026-04-20T08:49:41,True,False,False,False,False,,False,False,unknown
Chapter_1,run_2026_04_20/analysis_final_boundary_models/models/PRIMARY_betaBinomial_agriculture__National_Park.rds,.rds,63692,44fb3906c772b967506002357ae506c2a571b1300da375c4090923a42e09ae55,False,2026-04-20T16:59:37,True,False,False,False,False,,False,False,unknown
Chapter_1,run_2026_04_20/analysis_final_boundary_models/models/PRIMARY_betaBinomial_agriculture__National_Park_placebo__random_side____true.rds,.rds,63804,29b7fbf41f116e849f5687d4af297abac3f5d1120d0881c56b163a3022992633,False,2026-04-20T17:06:11,True,False,False,False,False,,False,False,unknown
Chapter_1,run_2026_04_20/analysis_final_boundary_models/models/PRIMARY_betaBinomial_deforestation__National_Park.rds,.rds,63805,d17d325f133678875850f69e0dbf41583b4f6ac58bf354f98d8913a58aab04ba,False,2026-04-20T16:57:58,True,False,False,False,False,,False,False,unknown
Chapter_1,run_2026_04_20/analysis_final_boundary_models/models/PRIMARY_betaBinomial_deforestation__National_Park_placebo__random_side____true.rds,.rds,64463,bdbe967cbaa76d828ba2562d0790485950f4cde32da83fedac89b615b9a2ea7a,False,2026-04-20T17:04:11,True,False,False,False,False,,False,False,unknown
Chapter_1,run_2026_04_20/analysis_final_boundary_models/models/PRIMARY_betaBinomial_fire__National_Park.rds,.rds,64278,523344d02461d228f5e1c007bd147523c4e06e516ba7a7ad06442c3099455c59,False,2026-04-20T16:57:05,True,False,False,False,False,,False,False,unknown
Chapter_1,run_2026_04_20/analysis_final_boundary_models/models/PRIMARY_betaBinomial_fire__National_Park_placebo__random_side____true.rds,.rds,63554,3bed804f5509620953891d5172e62ce53ec0087cb5c08bd23a7291b7eee99139,False,2026-04-20T17:01:27,True,False,False,False,False,,False,False,unknown
Chapter_1,run_2026_04_20/analysis_final_boundary_models/plots/MONEYFIG_COMPOSITE_2x5.png,.png,1013756,cc2cc95216d7fe1afad04826e0299bb6e16517b1cf927c7fc0e8ae797bd4d6dc,False,2026-04-20T17:08:17,True,False,False,False,False,,True,False,generated intermediate
Chapter_1,run_2026_04_20/analysis_final_boundary_models/plots/MONEYFIG_RS_ONLY_delta_logit_agriculture__National_Park.png,.png,201858,cbd826a6c93a39c9f2846acbc9a21fd48b47f69bbaed8fc4a66223e89c671d71,False,2026-04-20T16:59:36,True,False,False,False,False,,True,False,generated intermediate
Chapter_1,run_2026_04_20/analysis_final_boundary_models/plots/MONEYFIG_RS_ONLY_delta_logit_deforestation__National_Park.png,.png,255326,51fc9870a3cbac44b41a6a48e127f60255f4fb92fce672e1df07830cc16cc5b8,False,2026-04-20T16:57:58,True,False,False,False,False,,True,False,generated intermediate
Chapter_1,run_2026_04_20/analysis_final_boundary_models/plots/MONEYFIG_RS_ONLY_delta_logit_fire__National_Park.png,.png,257153,3f3eec4f1eabe4a9ac3849e12a5100cdcb26e719819d9a160f4f9d8a298c61d7,False,2026-04-20T16:57:04,True,False,False,False,False,,True,False,generated intermediate
Chapter_1,run_2026_04_20/analysis_final_boundary_models/plots/MONEYFIG_RS_ONLY_inside_outside_agriculture__National_Park.png,.png,306477,7ee311a1f1faed07da93fb53d4ab4762c6da75e02c47d4fcd2be9e9c5648424b,False,2026-04-20T16:59:36,True,False,False,False,False,,True,False,generated intermediate
Chapter_1,run_2026_04_20/analysis_final_boundary_models/plots/MONEYFIG_RS_ONLY_inside_outside_agriculture__National_Park_placebo__random_side____true.png,.png,387308,9360b8ccd8dd26e5d7ea9002883209f890458bc930e3b83f9ade3675ea56fd72,False,2026-04-20T17:06:11,True,False,False,False,False,,True,False,generated intermediate
Chapter_1,run_2026_04_20/analysis_final_boundary_models/plots/MONEYFIG_RS_ONLY_inside_outside_deforestation__National_Park.png,.png,328024,76e6232176e14bf1e3895bb1431e91b6d8ddf96299e8e6f2549a3026f88b7df0,False,2026-04-20T16:57:58,True,False,False,False,False,,True,False,generated intermediate
Chapter_1,run_2026_04_20/analysis_final_boundary_models/plots/MONEYFIG_RS_ONLY_inside_outside_deforestation__National_Park_placebo__random_side____true.png,.png,353622,cafd42ac552885f8081e62ff396f7e0511dd8142d78742dfa40d1799f0ac8c2d,False,2026-04-20T17:04:11,True,False,False,False,False,,True,False,generated intermediate
Chapter_1,run_2026_04_20/analysis_final_boundary_models/plots/MONEYFIG_RS_ONLY_inside_outside_fire__National_Park.png,.png,358555,03289d61823f388127bfe3b41fc2c00f22ec246c86556d26cb6140112c1365ac,False,2026-04-20T16:57:04,True,False,False,False,False,,True,False,generated intermediate
Chapter_1,run_2026_04_20/analysis_final_boundary_models/plots/MONEYFIG_RS_ONLY_inside_outside_fire__National_Park_placebo__random_side____true.png,.png,222769,32cc7f0ab0f9e262d73440e4a71b35b7307623eb588bbd7df16402860d8eb45e,False,2026-04-20T17:01:26,True,False,False,False,False,,True,False,generated intermediate
Chapter_1,run_2026_04_20/analysis_final_boundary_models/provenance/input_md5.csv,.csv,296,b31755dc498a95320808208f94fbb006e1ec5d907ee867dc4fcdc63c5d2df7d8,False,2026-04-20T17:08:17,True,False,False,False,False,,False,False,unknown
Chapter_1,run_2026_04_20/analysis_final_boundary_models/provenance/sessionInfo.txt,.txt,2289,382fc8f963ef7c0c9207cdad4bc2daab29967e610c4e4a546ceb6bcb5bda6e6b,False,2026-04-20T17:08:19,True,False,False,True,False,,False,False,unknown
Chapter_1,run_2026_04_20/analysis_final_boundary_models/tables/INDEX_runs_tags.csv,.csv,661,c7ea8f3c651ee514c2e5fe290a17bc186cf21d9f2b613839ee57633fbce73d3b,False,2026-04-20T17:08:12,True,False,False,False,False,,False,False,unknown
Chapter_1,run_2026_04_20/analysis_final_boundary_models/tables/POOLED_PRIMARY_betaBinomial_coef_table_bootYear.csv,.csv,3092,c9f94cd4ea0f8576be918d5025555ce94eaf252e435eab3bf69e68e494d1df56,False,2026-04-20T17:08:12,True,False,False,False,False,,False,False,unknown
Chapter_1,run_2026_04_20/analysis_final_boundary_models/tables/POOLED_PRIMARY_betaBinomial_coef_table_modelZ.csv,.csv,80214,a41bc092421965c2a54292a11e4273bc89bf2f0c8f9570d5867ab910c14fb9ac,False,2026-04-20T17:08:12,True,False,False,False,False,,False,False,unknown
Chapter_1,run_2026_04_20/analysis_final_boundary_models/tables/POOLED_PRIMARY_betaBinomial_fit_stats.csv,.csv,1195,0ac366041c7b2daeed3d43c5c2d53d028f713fcefea8888fdf75e77d6d0669d7,False,2026-04-20T17:08:12,True,False,False,False,False,,False,False,unknown
Chapter_1,run_2026_04_20/analysis_final_boundary_models/tables/RS_ONLY_delta_logit_agriculture__National_Park.csv,.csv,5503,16d6313f57b1c3b6e6ac96bd90d9cb99108e71eda4fde1c7740a617ca83c0082,False,2026-04-20T16:59:35,True,False,False,False,False,,False,False,unknown
Chapter_1,run_2026_04_20/analysis_final_boundary_models/tables/RS_ONLY_delta_logit_agriculture__National_Park_placebo__random_side____true.csv,.csv,7008,b5062dde20eb0563bef1a4cc522d56333a26e27d2a69731a862c2cc71f19312f,False,2026-04-20T17:06:09,True,False,False,False,False,,False,False,unknown
Chapter_1,run_2026_04_20/analysis_final_boundary_models/tables/RS_ONLY_delta_logit_deforestation__National_Park.csv,.csv,5638,bd60fb4c438469aa72414025a2c1cfcfdf0639cfe53ca84a16ac4a9232749be6,False,2026-04-20T16:57:57,True,False,False,False,False,,False,False,unknown
Chapter_1,run_2026_04_20/analysis_final_boundary_models/tables/RS_ONLY_delta_logit_deforestation__National_Park_placebo__random_side____true.csv,.csv,7242,c0e60affb4765bcce8b59ad640d015db8ab16b1ea4cd30e32222c947ef0e2ccd,False,2026-04-20T17:04:10,True,False,False,False,False,,False,False,unknown
Chapter_1,run_2026_04_20/analysis_final_boundary_models/tables/RS_ONLY_delta_logit_fire__National_Park.csv,.csv,5634,15b3a4f0b71687c8acd8dcacf5993d334f5aadea31cd0045cb70355d03b2e1b4,False,2026-04-20T16:57:03,True,False,False,False,False,,False,False,unknown
Chapter_1,run_2026_04_20/analysis_final_boundary_models/tables/RS_ONLY_delta_logit_fire__National_Park_placebo__random_side____true.csv,.csv,7343,49ab42d311595c5f61c25849da861421b103147c91874ac6688e828c50627e7b,False,2026-04-20T17:01:25,True,False,False,False,False,,False,False,unknown
Chapter_1,run_2026_04_20/analysis_final_boundary_models/tables/RS_ONLY_observed_inside_outside_agriculture__National_Park.csv,.csv,9312,16186edc89054feb20e14cfa0705bc394d636082e9e7de85c267e5b87ed91ce5,False,2026-04-20T16:59:35,True,False,False,False,False,,False,False,unknown
Chapter_1,run_2026_04_20/analysis_final_boundary_models/tables/RS_ONLY_observed_inside_outside_agriculture__National_Park_placebo__random_side____true.csv,.csv,12288,bf835e6d95d1c85c895064535df7de85b2822a851db858abe46ce1ebfc122240,False,2026-04-20T17:06:09,True,False,False,False,False,,False,False,unknown
Chapter_1,run_2026_04_20/analysis_final_boundary_models/tables/RS_ONLY_observed_inside_outside_deforestation__National_Park.csv,.csv,9663,e5606a53be6328e418f1c6d96d02397ef4aec4780364c8cd4f2ca7e35b8d7d1b,False,2026-04-20T16:57:57,True,False,False,False,False,,False,False,unknown
Chapter_1,run_2026_04_20/analysis_final_boundary_models/tables/RS_ONLY_observed_inside_outside_deforestation__National_Park_placebo__random_side____true.csv,.csv,12776,972c1c9bddb6e602461dd60d3a33fe94f6be2817246e88b223a26e848a19a152,False,2026-04-20T17:04:10,True,False,False,False,False,,False,False,unknown
Chapter_1,run_2026_04_20/analysis_final_boundary_models/tables/RS_ONLY_observed_inside_outside_fire__National_Park.csv,.csv,8881,c7a49074a63f17b0707e66f87d45e1e2483b575005635566cc2be9b2af33100e,False,2026-04-20T16:57:03,True,False,False,False,False,,False,False,unknown
Chapter_1,run_2026_04_20/analysis_final_boundary_models/tables/RS_ONLY_observed_inside_outside_fire__National_Park_placebo__random_side____true.csv,.csv,11607,f4023049b1610cbe28e8cdd9f95a23d1b035af73b7f6c20355867163e3a97f9f,False,2026-04-20T17:01:25,True,False,False,False,False,,False,False,unknown
Chapter_1,run_2026_05_27/provenance/input_md5_Script2.csv,.csv,200,bd3a28081b9e8c8ff9458ad06153658de4a92c26332f139861ee6793ec718ddc,False,2026-05-26T12:58:44,True,False,False,False,False,,False,False,unknown
Chapter_1,run_2026_05_27/provenance/input_md5_Script4.csv,.csv,351,5cf582ec8bfe66da00fafe50a761300ed3dea5f5061b727b5971d530759865a8,False,2026-04-20T08:49:41,True,False,False,False,False,,False,False,unknown
Chapter_1,run_2026_05_27/provenance/pixel_selection_mode.txt,.txt,47,bd488f28f2ccf9e5c5d1621dcf36c5ced83f28fc1aa65c12db2d8a59943654d7,False,2026-05-26T12:58:44,True,False,False,False,False,,False,False,unknown
Chapter_1,run_2026_05_27/provenance/sessionInfo_Script2.txt,.txt,2243,08ae7f1d234d30f995367c9fda983e17c8bee354b34bb4b6774f4e9df94f4dd6,False,2026-05-26T12:58:46,True,False,False,False,False,,False,False,unknown
Chapter_1,run_2026_05_27/provenance/sessionInfo_Script4.txt,.txt,1768,c5831509084cce44f06f909f5910ce4ce393c73d5564591e9c7f8bd2d9326975,False,2026-04-20T08:49:41,True,False,False,False,False,,False,False,unknown
Chapter_1,run_2026_05_27/provenance/SESU_manifest.rds,.rds,775,72875c4688c8d2a790f34f9d65db6317db8dbcca776612cc92d587c4f5acaad5,False,2026-05-26T12:56:52,True,False,False,False,False,,False,False,unknown
Chapter_1,run_2026_05_27/analysis_final_boundary_models/models/PRIMARY_betaBinomial_agriculture__National_Park.rds,.rds,62275,6722d23603209467e8135bad3ad5757313bfd387a2a651cfad4d6531811b6bbd,False,2026-05-27T10:10:45,True,False,False,False,False,,False,False,unknown
Chapter_1,run_2026_05_27/analysis_final_boundary_models/models/PRIMARY_betaBinomial_agriculture__National_Park_placebo__random_side____true.rds,.rds,63195,2d5dfc303ab6113d1848013665fd777bc4d9db06c6b92c984910ebd28fd740d9,False,2026-05-27T10:16:37,True,False,False,False,False,,False,False,unknown
Chapter_1,run_2026_05_27/analysis_final_boundary_models/models/PRIMARY_betaBinomial_deforestation__National_Park.rds,.rds,63188,59081f984ff540e31d0cc0a4f1eaa812695229a6db841edecc4d4aedf840a4f5,False,2026-05-27T10:09:45,True,False,False,False,False,,False,False,unknown
Chapter_1,run_2026_05_27/analysis_final_boundary_models/models/PRIMARY_betaBinomial_deforestation__National_Park_placebo__random_side____true.rds,.rds,64203,65b3a9ea4fc14aeeb8a50389000081b6b050b3ccad8d54216bcd8a250c3b30c9,False,2026-05-27T10:14:46,True,False,False,False,False,,False,False,unknown
Chapter_1,run_2026_05_27/analysis_final_boundary_models/models/PRIMARY_betaBinomial_fire__National_Park.rds,.rds,63966,29b00845678aa13524b003dca1dc72e9164ffc406a6143f84216a1b9163bf79f,False,2026-05-27T10:09:06,True,False,False,False,False,,False,False,unknown
Chapter_1,run_2026_05_27/analysis_final_boundary_models/models/PRIMARY_betaBinomial_fire__National_Park_placebo__random_side____true.rds,.rds,64578,5bcd9de6be88ef1e4714d78df9e6a27a6bdfd33f5dd55d02e0e227da8d619279,False,2026-05-27T10:12:25,True,False,False,False,False,,False,False,unknown
Chapter_1,run_2026_05_27/analysis_final_boundary_models/plots/MONEYFIG_COMPOSITE_2x4_with_legends.png,.png,1900726,2733bf159b8b5adb5dbfc8740d1369f0aeabd8145d935d48e39b93d8ed18bb62,False,2026-05-27T11:51:36,True,False,False,False,False,,True,False,generated intermediate
Chapter_1,run_2026_05_27/analysis_final_boundary_models/plots/MONEYFIG_RS_ONLY_delta_logit_agriculture__National_Park.png,.png,201858,cbd826a6c93a39c9f2846acbc9a21fd48b47f69bbaed8fc4a66223e89c671d71,False,2026-05-27T10:10:44,True,False,False,False,False,,True,False,generated intermediate
Chapter_1,run_2026_05_27/analysis_final_boundary_models/plots/MONEYFIG_RS_ONLY_delta_logit_agriculture__National_Park_placebo__random_side____true.png,.png,176410,68ae5e780d60a0c742584e9b404ef14663a9cd1a64f068b0b10cd95112c36f1c,False,2026-05-27T10:16:36,True,False,False,False,False,,True,False,generated intermediate
Chapter_1,run_2026_05_27/analysis_final_boundary_models/plots/MONEYFIG_RS_ONLY_delta_logit_deforestation__National_Park.png,.png,255326,51fc9870a3cbac44b41a6a48e127f60255f4fb92fce672e1df07830cc16cc5b8,False,2026-05-27T10:09:45,True,False,False,False,False,,True,False,generated intermediate
Chapter_1,run_2026_05_27/analysis_final_boundary_models/plots/MONEYFIG_RS_ONLY_delta_logit_deforestation__National_Park_placebo__random_side____true.png,.png,128578,9419fc6d8280ac706323beca71f52daaf35ed3dc6573c98503e15f6869f7ad11,False,2026-05-27T10:14:45,True,False,False,False,False,,True,False,generated intermediate
Chapter_1,run_2026_05_27/analysis_final_boundary_models/plots/MONEYFIG_RS_ONLY_delta_logit_fire__National_Park.png,.png,257153,3f3eec4f1eabe4a9ac3849e12a5100cdcb26e719819d9a160f4f9d8a298c61d7,False,2026-05-27T10:09:06,True,False,False,False,False,,True,False,generated intermediate
Chapter_1,run_2026_05_27/analysis_final_boundary_models/plots/MONEYFIG_RS_ONLY_delta_logit_fire__National_Park_placebo__random_side____true.png,.png,282163,13c1c24cda902eba2fa27ef082e7b35ebc643c6819769d89d1e2ff40bc552e19,False,2026-05-27T10:12:23,True,False,False,False,False,,True,False,generated intermediate
Chapter_1,run_2026_05_27/analysis_final_boundary_models/plots/MONEYFIG_RS_ONLY_inside_outside_agriculture__National_Park.png,.png,306477,7ee311a1f1faed07da93fb53d4ab4762c6da75e02c47d4fcd2be9e9c5648424b,False,2026-05-27T10:10:45,True,False,False,False,False,,True,False,generated intermediate
Chapter_1,run_2026_05_27/analysis_final_boundary_models/plots/MONEYFIG_RS_ONLY_inside_outside_agriculture__National_Park_placebo__random_side____true.png,.png,387308,9360b8ccd8dd26e5d7ea9002883209f890458bc930e3b83f9ade3675ea56fd72,False,2026-05-27T10:16:37,True,False,False,False,False,,True,False,generated intermediate
Chapter_1,run_2026_05_27/analysis_final_boundary_models/plots/MONEYFIG_RS_ONLY_inside_outside_deforestation__National_Park.png,.png,328024,76e6232176e14bf1e3895bb1431e91b6d8ddf96299e8e6f2549a3026f88b7df0,False,2026-05-27T10:09:45,True,False,False,False,False,,True,False,generated intermediate
Chapter_1,run_2026_05_27/analysis_final_boundary_models/plots/MONEYFIG_RS_ONLY_inside_outside_deforestation__National_Park_placebo__random_side____true.png,.png,353622,cafd42ac552885f8081e62ff396f7e0511dd8142d78742dfa40d1799f0ac8c2d,False,2026-05-27T10:14:46,True,False,False,False,False,,True,False,generated intermediate
Chapter_1,run_2026_05_27/analysis_final_boundary_models/plots/MONEYFIG_RS_ONLY_inside_outside_fire__National_Park.png,.png,358555,03289d61823f388127bfe3b41fc2c00f22ec246c86556d26cb6140112c1365ac,False,2026-05-27T10:09:06,True,False,False,False,False,,True,False,generated intermediate
Chapter_1,run_2026_05_27/analysis_final_boundary_models/plots/MONEYFIG_RS_ONLY_inside_outside_fire__National_Park_placebo__random_side____true.png,.png,222769,32cc7f0ab0f9e262d73440e4a71b35b7307623eb588bbd7df16402860d8eb45e,False,2026-05-27T10:12:24,True,False,False,False,False,,True,False,generated intermediate
Chapter_1,run_2026_05_27/analysis_final_boundary_models/provenance/input_md5.csv,.csv,198,40bad095bce764d68bee741f4685ce608498bd18b22e305452263b2dff2caf42,False,2026-05-27T10:37:29,True,False,False,False,False,,False,False,unknown
Chapter_1,run_2026_05_27/analysis_final_boundary_models/provenance/sessionInfo.txt,.txt,2199,c4e93f37ed8040505bcd239b8807e3a1ce455b3603617010db8794f411282269,False,2026-05-27T10:37:29,True,False,False,True,False,,False,False,unknown
Chapter_1,run_2026_05_27/analysis_final_boundary_models/tables/INDEX_runs_tags.csv,.csv,661,c7ea8f3c651ee514c2e5fe290a17bc186cf21d9f2b613839ee57633fbce73d3b,False,2026-05-27T10:18:25,True,False,False,False,False,,False,False,unknown
Chapter_1,run_2026_05_27/analysis_final_boundary_models/tables/POOLED_PRIMARY_betaBinomial_coef_table_bootYear.csv,.csv,4665,695a92c3de1099d5fa76a5176263b8401df745c95c22bc72bd1a0729f232e136,False,2026-05-27T10:18:25,True,False,False,False,False,,False,False,unknown
Chapter_1,run_2026_05_27/analysis_final_boundary_models/tables/POOLED_PRIMARY_betaBinomial_coef_table_modelZ.csv,.csv,64394,3ae653f0eb0e88081772168f1c5d278365bb9c3e1754680353cb1017fd0ebab2,False,2026-05-29T07:46:57,True,False,False,False,False,,False,False,unknown
Chapter_1,run_2026_05_27/analysis_final_boundary_models/tables/POOLED_PRIMARY_betaBinomial_fit_stats.csv,.csv,1238,ecbcb9daea1ab95648d751a787e78d61e35475f54de5776632fea26751d71b7d,False,2026-05-27T10:18:25,True,False,False,False,False,,False,False,unknown
Chapter_1,run_2026_05_27/analysis_final_boundary_models/tables/RS_ONLY_delta_logit_agriculture__National_Park.csv,.csv,5503,16d6313f57b1c3b6e6ac96bd90d9cb99108e71eda4fde1c7740a617ca83c0082,False,2026-05-27T10:10:44,True,False,False,False,False,,False,False,unknown
Chapter_1,run_2026_05_27/analysis_final_boundary_models/tables/RS_ONLY_delta_logit_agriculture__National_Park_placebo__random_side____true.csv,.csv,7008,b5062dde20eb0563bef1a4cc522d56333a26e27d2a69731a862c2cc71f19312f,False,2026-05-27T10:16:35,True,False,False,False,False,,False,False,unknown
Chapter_1,run_2026_05_27/analysis_final_boundary_models/tables/RS_ONLY_delta_logit_deforestation__National_Park.csv,.csv,5638,bd60fb4c438469aa72414025a2c1cfcfdf0639cfe53ca84a16ac4a9232749be6,False,2026-05-27T10:09:44,True,False,False,False,False,,False,False,unknown
Chapter_1,run_2026_05_27/analysis_final_boundary_models/tables/RS_ONLY_delta_logit_deforestation__National_Park_placebo__random_side____true.csv,.csv,7242,c0e60affb4765bcce8b59ad640d015db8ab16b1ea4cd30e32222c947ef0e2ccd,False,2026-05-27T10:14:44,True,False,False,False,False,,False,False,unknown
Chapter_1,run_2026_05_27/analysis_final_boundary_models/tables/RS_ONLY_delta_logit_fire__National_Park.csv,.csv,5634,15b3a4f0b71687c8acd8dcacf5993d334f5aadea31cd0045cb70355d03b2e1b4,False,2026-05-27T10:09:02,True,False,False,False,False,,False,False,unknown
Chapter_1,run_2026_05_27/analysis_final_boundary_models/tables/RS_ONLY_delta_logit_fire__National_Park_placebo__random_side____true.csv,.csv,7343,49ab42d311595c5f61c25849da861421b103147c91874ac6688e828c50627e7b,False,2026-05-27T10:12:23,True,False,False,False,False,,False,False,unknown
Chapter_1,run_2026_05_27/analysis_final_boundary_models/tables/RS_ONLY_observed_inside_outside_agriculture__National_Park.csv,.csv,9312,16186edc89054feb20e14cfa0705bc394d636082e9e7de85c267e5b87ed91ce5,False,2026-05-27T10:10:44,True,False,False,False,False,,False,False,unknown
Chapter_1,run_2026_05_27/analysis_final_boundary_models/tables/RS_ONLY_observed_inside_outside_agriculture__National_Park_placebo__random_side____true.csv,.csv,12288,bf835e6d95d1c85c895064535df7de85b2822a851db858abe46ce1ebfc122240,False,2026-05-27T10:16:35,True,False,False,False,False,,False,False,unknown
Chapter_1,run_2026_05_27/analysis_final_boundary_models/tables/RS_ONLY_observed_inside_outside_deforestation__National_Park.csv,.csv,9663,e5606a53be6328e418f1c6d96d02397ef4aec4780364c8cd4f2ca7e35b8d7d1b,False,2026-05-27T10:09:44,True,False,False,False,False,,False,False,unknown
Chapter_1,run_2026_05_27/analysis_final_boundary_models/tables/RS_ONLY_observed_inside_outside_deforestation__National_Park_placebo__random_side____true.csv,.csv,12776,972c1c9bddb6e602461dd60d3a33fe94f6be2817246e88b223a26e848a19a152,False,2026-05-27T10:14:44,True,False,False,False,False,,False,False,unknown
Chapter_1,run_2026_05_27/analysis_final_boundary_models/tables/RS_ONLY_observed_inside_outside_fire__National_Park.csv,.csv,8881,c7a49074a63f17b0707e66f87d45e1e2483b575005635566cc2be9b2af33100e,False,2026-05-27T10:09:02,True,False,False,False,False,,False,False,unknown
Chapter_1,run_2026_05_27/analysis_final_boundary_models/tables/RS_ONLY_observed_inside_outside_fire__National_Park_placebo__random_side____true.csv,.csv,11607,f4023049b1610cbe28e8cdd9f95a23d1b035af73b7f6c20355867163e3a97f9f,False,2026-05-27T10:12:23,True,False,False,False,False,,False,False,unknown
Chapter_1,scripts/audits/13a_audit_landscape_group_stability.R,.r,15765,c23a3a34cc2810d9aeb5312cc849150f1a0f93249b17799ddcfe695ae0873ed1,True,2026-06-24T20:15:16,False,False,False,False,False,,False,False,authoritative analysis script
Chapter_1,scripts/audits/13b_audit_fire_valid_observations.R,.r,12578,04755c7ea5a3f585e5f018b6830354c9d2f14c45d73306fed5826c8706b6fc3d,True,2026-06-24T21:36:45,False,False,False,False,False,,False,False,authoritative analysis script
Chapter_1,scripts/audits/13c_audit_sesu2_support.R,.r,7384,a37f255dd5059487863b80069b716001fe48d63d8f63f67499ca630a0f75c8f4,True,2026-06-24T22:08:33,False,False,False,False,False,,False,False,authoritative analysis script
Chapter_1,scripts/audits/13d_compile_methods_reporting_facts.R,.r,10578,1e9e7ad26991344807e62183b3d1bb101c1db0c41f14c8c90d91accb264dcfe4,True,2026-06-24T22:08:33,False,False,False,False,False,,False,False,authoritative analysis script
Chapter_1,scripts/audits/14a_complete_no_accessibility_clustering.R,.r,13679,f71f0b5ecccf0f944e00c74b379993ba89bb3b09c9daeda34e64f5eed0cf5359,True,2026-06-24T22:21:38,True,False,False,False,False,,False,False,authoritative analysis script
Chapter_1,scripts/audits/14b_complete_fire_observation_audit.R,.r,23108,afab49c9096d51b273b6f6b25f008efbd2dd815846001726a5b3d5f5896a0adf,True,2026-06-24T22:36:20,True,False,False,False,False,,False,False,authoritative analysis script
Chapter_1,scripts/audits/14c_compile_final_methods_audit.R,.r,8356,9eb994d30b18ed7d8b7e5c498215da4abcc1e5fde9d9c99d0b05e9ba4947c471,True,2026-06-24T22:45:10,False,True,False,False,False,,False,False,authoritative analysis script
Chapter_1,scripts/audits/15a_audit_fire_missingness_bounds.R,.r,14584,d1a63927801bd61a7b98b87fbf75b0c889e6765af2475dd831bd577132feac22,True,2026-06-25T06:16:43,False,False,False,False,False,,False,False,authoritative analysis script
Chapter_1,scripts/audits/15b_refit_fire_missingness_sensitivity.R,.r,11652,0df8af6e6f06dbec687b50a51435e7b40fe761d89a53f143ebd27bfd9eec8896,True,2026-06-25T06:11:29,False,False,False,False,False,,False,False,authoritative analysis script
Chapter_1,scripts/audits/15c_compile_fire_missingness_decision.R,.r,5533,0615d98abc89daca9098c2427ad27acc986a62cfbd2de8390d7dd7f729ba6e87,True,2026-06-25T06:11:29,False,True,False,False,False,,False,False,authoritative analysis script
Chapter_1,scripts/publication/06_generate_main_figures_tables.R,.r,48626,b0696d47c8634dd459ada6dea60256a0c0507b57f95fc626c5eec902edcce815,True,2026-06-25T07:58:41,True,True,False,True,True,,False,True,authoritative publication source
Chapter_1,scripts/publication/07_generate_supplementary_material.R,.r,87258,8ec3efd5a6f462982d2674ed77cecb8669b42f976ac0e30e81abdabb61d82427,True,2026-06-25T12:04:04,True,True,True,True,True,restricted_security,False,False,authoritative publication source
upemba-boundary-disturbance,.gitattributes,,405,b7c8d13039b370ce7742d726b2d43b141c8ac264e2e8b57e060fbdb3bda4593d,False,2026-06-24T14:10:59,True,False,False,False,False,,False,False,unknown
upemba-boundary-disturbance,.gitignore,,930,11dbd1d1b1dd1408914c1a7fccb95f9dd072127a750df98918000a4da057e269,False,2026-06-26T11:57:37,True,False,False,False,False,,False,False,unknown
upemba-boundary-disturbance,.here,,0,e3b0c44298fc1c149afbf4c8996fb92427ae41e4649b934ca495991b7852b855,False,2026-06-24T14:10:59,True,False,False,False,False,,False,False,unknown
upemba-boundary-disturbance,.Rprofile,,27,08654ee73bbfa9d016a10709f3589fea6a343a19b6539206ed2eabbac69001f6,False,2026-06-23T10:07:55,True,False,False,False,False,,False,True,unknown
upemba-boundary-disturbance,candidate_file_manifest.csv,.csv,13477,f999abe7d934ed6eb75c1303677cdcf24a707a72a7e01baa563333982e781607,False,2026-06-24T14:51:44,True,False,False,False,False,,False,False,unknown
upemba-boundary-disturbance,README.md,.md,570,d488573600bda961b18958745f9b48f5724a151c796d0d82012132d19fa6e02c,False,2026-06-24T14:11:00,True,True,False,True,False,restricted_security,False,False,restricted or sensitive evidence
upemba-boundary-disturbance,renv.lock,.lock,362192,7c17c519fb2f639d6b529345adb9f088ceeed399a253fa3e502873c7ae5285f9,False,2026-06-23T10:13:38,True,False,False,False,False,,False,True,unknown
upemba-boundary-disturbance,RUN_ANALYSIS.md,.md,1228,962ed5a946bc986ce9e4d27efc3755d1e61be47b951667afacb757a5ffe9149f,False,2026-06-24T14:11:00,True,False,False,False,False,,False,False,unknown
upemba-boundary-disturbance,SANITIZATION.md,.md,471,8f91cce31e21b4838def7e4c7577066a1445c324c69253bceeaf18f2a5b3625b,False,2026-06-24T14:11:00,True,True,False,False,False,restricted_security,False,False,restricted or sensitive evidence
upemba-boundary-disturbance,config/analysis_config.R,.r,4072,7701393e85fa299f9f3227b410eb3dc511a3ceff11ff37e5b612b71ca2fee14a,False,2026-06-24T14:21:27,True,False,False,True,True,,False,False,authoritative analytical input
upemba-boundary-disturbance,config/disturbance_measurement_versions.csv,.csv,10330,38f8ff9f205068786c724b51821fe02ed1bfe8f10462a6a718e4625bab93e320,False,2026-06-24T09:16:23,True,False,False,True,False,,False,True,authoritative analytical input
upemba-boundary-disturbance,config/disturbance_threshold_manifest.csv,.csv,3413,d10b53080e92adefec595e3a6bdd095f42df2793bf31ebba61706537670be4bc,False,2026-06-23T18:06:40,True,False,False,True,False,,False,True,authoritative analytical input
upemba-boundary-disturbance,config/fire_harmonized_2001_2022_manifest.csv,.csv,34484,8c1a6dd18c22d26c53894b327a64d407c80931202c5f0680fe1ffbfc8bf7062b,False,2026-06-24T10:31:46,True,False,False,True,False,,False,True,authoritative analytical input
upemba-boundary-disturbance,config/paths.example.R,.r,345,eeed4af9cce0412a375c7b662ad5c4aa631ee17566b4eb6f0cf70cbd937125e3,False,2026-06-24T14:10:59,True,False,False,True,False,,False,False,authoritative analytical input
upemba-boundary-disturbance,config/paths.local.R,.r,235,ec7e325dc52df1ba744826b1c7ba93ce5118dae2ea3e33c36678e6e3206e31d1,False,2026-06-24T14:25:22,True,False,False,True,False,,False,False,authoritative analytical input
upemba-boundary-disturbance,data/README.md,.md,220,6ce789b4525a684bf6edb67285aeb20c1a225fc2acd53ffe447728ec75145853,False,2026-06-24T14:11:00,True,False,False,True,False,,False,False,authoritative analytical input
upemba-boundary-disturbance,data/upemba_sesu_year_regimes.csv,.csv,252,ce25af39365c9838c6411d484f36ecf7d73c1b669857ea8c43a76cb540c7d8a2,False,2026-05-26T13:00:52,True,False,False,True,False,,False,True,authoritative analytical input
upemba-boundary-disturbance,evidence/governance_episode_evidence_ledger.csv,.csv,16826,4c673ae9f2e2f618f5e92cf1f26bfe9a1759c49c15433ae7242a316106d196c3,False,2026-06-25T11:28:58,True,True,False,True,False,,False,True,historical evidence
upemba-boundary-disturbance,outputs/README.md,.md,143,bcf911fdf6dad42d3f29b47317824d03972bfb33f6bd6e3f98318142fb8920ba,False,2026-06-24T14:11:00,True,False,False,True,False,,True,False,generated intermediate
upemba-boundary-disturbance,renv/.gitignore,,63,9b21f810728401a29675d989e533d4ed4626be7e18479cbce7e48f1cfe91747b,False,2026-06-26T11:53:36,True,False,False,False,False,,False,True,unknown
upemba-boundary-disturbance,renv/activate.R,.r,39257,e94dd25c92b41d5137174135fe98825c153d42abe3ffe4ad7102d5475a341555,False,2026-06-23T11:09:09,True,False,False,True,False,token,False,True,restricted or sensitive evidence
upemba-boundary-disturbance,renv/settings.json,.json,487,e9a3f038fdc32dd9827c335410a1f9b32831dc35bf36c92ce7863546b5ecb7d9,False,2026-06-23T10:08:23,True,False,False,True,False,,False,True,unknown
upemba-boundary-disturbance,tests/README.md,.md,121,3acb9fbfed561f6586e57d8076a3f11f2d3459c8dde949cc55668e66d388fddb,False,2026-06-24T14:11:00,True,False,False,True,False,,False,False,unknown
upemba-boundary-disturbance,analysis_fire_optimizer_refinement_dev/provenance/sessionInfo.txt,.txt,1245,1e64fe129b697ca2cfe754fffd6004c906a0f975c875b2b5afbd2d4c0a135f6a,False,2026-06-24T11:39:26,True,False,False,True,False,,False,True,unknown
upemba-boundary-disturbance,analysis_fire_optimizer_refinement_dev/tables/baseline_10km_fit_diagnostics.csv,.csv,1835,39eb96b8f796f52d905ca5bdeefe5c482c51a51e03c40aa53bfb9b6e7ef02f6e,False,2026-06-24T11:39:26,True,False,False,True,False,,False,True,unknown
upemba-boundary-disturbance,analysis_fire_optimizer_refinement_dev/tables/baseline_10km_pairwise_differences.csv,.csv,1313,f80f847a2d3e86617bf7934625196b95fe6fd4033b2e92fbb4252ab0440b351d,False,2026-06-24T11:39:26,True,False,False,True,False,,False,True,unknown
upemba-boundary-disturbance,analysis_fire_optimizer_refinement_dev/tables/baseline_10km_profile_contrasts.csv,.csv,1093,fd68110e5181b4665a907f83e6d23e97dd2e53ebf536e855bc4836acadc7970e,False,2026-06-24T11:39:26,True,False,False,True,False,,False,True,unknown
upemba-boundary-disturbance,analysis_fire_optimizer_refinement_dev/tables/baseline_10km_reproduction_check.csv,.csv,1000,cb34a6ab3d92a72ef65d2f65577e212ce9af8e2ad83c6bd3ca50356687397cf1,False,2026-06-24T11:39:26,True,False,False,True,False,,False,True,unknown
upemba-boundary-disturbance,analysis_fire_optimizer_refinement_dev/tables/fire_10km_optimizer_diagnostics.csv,.csv,7746,0cc2bdda169b5d8ed04f9eb5140a1159b2f481da5fd6acf84e935a1cd3d33892,False,2026-06-24T11:39:26,True,False,False,True,False,,False,True,unknown
upemba-boundary-disturbance,analysis_fire_optimizer_refinement_dev/tables/fire_10km_optimizer_pairwise_differences.csv,.csv,6614,c5a465f27ca9ed1bb3e3511b41db7d2a0b2bab5ae97c860fb9ff2723d9e3f0b5,False,2026-06-24T11:39:26,True,False,False,True,False,,False,True,unknown
upemba-boundary-disturbance,analysis_fire_optimizer_refinement_dev/tables/fire_10km_optimizer_parameter_comparison.csv,.csv,84911,6547b0385fa3acc1626ce1a218960fb8c99d05c5f2bcf61092642b866c259cf5,False,2026-06-24T11:39:26,True,False,False,True,False,,False,True,unknown
upemba-boundary-disturbance,analysis_fire_optimizer_refinement_dev/tables/fire_10km_optimizer_profile_contrasts.csv,.csv,5720,cd55ff4f0022fbab86badfe77914244174f8e95657b8af2a1ccd57bee13ab406,False,2026-06-24T11:39:26,True,False,False,True,False,,False,True,unknown
upemba-boundary-disturbance,analysis_fire_optimizer_refinement_dev/tables/fire_10km_optimizer_retained_fits.csv,.csv,2536,70caf876b080e555da80e3dff53bc34938d7ba3dd996649d4914322ea1630485,False,2026-06-24T11:39:26,True,False,False,True,False,,False,True,unknown
upemba-boundary-disturbance,analysis_governance_profiles_robustness_dev/logs/diagnose_agriculture_canonical_nlminb_default.txt,.txt,6210,eb1086baae1251bdb96032909b893bac011726d69f5d7b5ebae3173d2f54087a,False,2026-06-23T11:22:39,True,False,False,True,False,,False,True,unknown
upemba-boundary-disturbance,analysis_governance_profiles_robustness_dev/logs/diagnose_agriculture_canonical_nlminb_strict.txt,.txt,6210,eb1086baae1251bdb96032909b893bac011726d69f5d7b5ebae3173d2f54087a,False,2026-06-23T11:22:39,True,False,False,True,False,,False,True,unknown
upemba-boundary-disturbance,analysis_governance_profiles_robustness_dev/logs/diagnose_agriculture_canonical_optim_bfgs.txt,.txt,6115,ce39e181048ec43c781f04d5f375c871d1463f99ea9ac4208ff14b152310b8ad,False,2026-06-23T11:22:40,True,False,False,True,False,,False,True,unknown
upemba-boundary-disturbance,analysis_governance_profiles_robustness_dev/logs/diagnose_deforestation_canonical_nlminb_default.txt,.txt,4578,bee0d7578d3b6c0abc0f1603cf3faeba76ad02743c0d40b7219b44a3c48c9e87,False,2026-06-23T11:22:37,True,False,False,True,False,,False,True,unknown
upemba-boundary-disturbance,analysis_governance_profiles_robustness_dev/logs/diagnose_deforestation_canonical_nlminb_strict.txt,.txt,4578,bee0d7578d3b6c0abc0f1603cf3faeba76ad02743c0d40b7219b44a3c48c9e87,False,2026-06-23T11:22:38,True,False,False,True,False,,False,True,unknown
upemba-boundary-disturbance,analysis_governance_profiles_robustness_dev/logs/diagnose_deforestation_canonical_optim_bfgs.txt,.txt,538,2d26a2dd75ba061634645612731d8a8e1498d48119cf1516364622b2c8e3047b,False,2026-06-23T11:22:38,True,False,False,True,False,,False,True,unknown
upemba-boundary-disturbance,analysis_governance_profiles_robustness_dev/logs/diagnose_fire_canonical_nlminb_default.txt,.txt,1217,7ee19070d925cfac3e888b8b819d3406cb8887f63c240f54314c8dafa6119f3b,False,2026-06-23T11:22:35,True,False,False,True,False,,False,True,unknown
upemba-boundary-disturbance,analysis_governance_profiles_robustness_dev/logs/diagnose_fire_canonical_nlminb_strict.txt,.txt,1217,7ee19070d925cfac3e888b8b819d3406cb8887f63c240f54314c8dafa6119f3b,False,2026-06-23T11:22:35,True,False,False,True,False,,False,True,unknown
upemba-boundary-disturbance,analysis_governance_profiles_robustness_dev/logs/diagnose_fire_canonical_optim_bfgs.txt,.txt,2889,43a09579deb2fa069bc4607632c328a26af7e17b9efe04570367305f2b0d58a6,False,2026-06-23T11:22:36,True,False,False,True,False,,False,True,unknown
upemba-boundary-disturbance,analysis_governance_profiles_robustness_dev/provenance/input_provenance.csv,.csv,440,0e271e3b588937b908ce05d7ed0cf6b720d6c73358a822fd2b9a90915d14f095,False,2026-06-23T11:28:59,True,False,False,True,False,,False,True,unknown
upemba-boundary-disturbance,analysis_governance_profiles_robustness_dev/provenance/sessionInfo.txt,.txt,1265,5351d3497ffbd22d16bfde0b29c16cadc8a5d32f67717ebb42f31b59922eb562,False,2026-06-23T11:28:59,True,False,False,True,False,,False,True,unknown
upemba-boundary-disturbance,analysis_governance_profiles_robustness_dev/tables/best_diagnostic_candidate_optimizer.csv,.csv,9522,317028ea0447fedeee4f98ca139cb70a1bfe95973d312e2ad8af0e70e8026e8d,False,2026-06-23T11:22:40,True,False,False,True,False,,False,True,unknown
upemba-boundary-disturbance,analysis_governance_profiles_robustness_dev/tables/bootstrap_failure_reasons.csv,.csv,208,f05442598a84e0435fc5143c8d3718272608e74225cf3483b5f2b1cdfed6920b,False,2026-06-23T11:28:37,True,False,False,True,False,,False,True,unknown
upemba-boundary-disturbance,analysis_governance_profiles_robustness_dev/tables/bootstrap_profile_contrasts_finite.csv,.csv,1220,99ec2b64ed9fe63a8079ae9f349467c20b1411189250f5810cb0b7bee8ab6f70,False,2026-06-23T11:28:37,True,False,False,True,False,,False,True,unknown
upemba-boundary-disturbance,analysis_governance_profiles_robustness_dev/tables/bootstrap_profile_contrasts_strict.csv,.csv,925,57955fe37bbcde60a3ffc9b6b9f997f9336cd062bf89aef12abbec2db7111df3,False,2026-06-23T11:28:37,True,False,False,True,False,,False,True,unknown
upemba-boundary-disturbance,analysis_governance_profiles_robustness_dev/tables/bootstrap_replicate_diagnostics.csv,.csv,540480,990083086585d816bfc4a48b43c9b7a7e5cc7d7d2474e57dd3dfcd5bc26c8166,False,2026-06-23T11:28:37,True,False,False,True,False,,False,True,unknown
upemba-boundary-disturbance,analysis_governance_profiles_robustness_dev/tables/episode_influence_summary.csv,.csv,1404,7bcffb3429a57775f2e7a06306dd6ed460c053907dcf72b8c1f169e58d913293,False,2026-06-23T11:28:58,True,False,False,True,False,,False,True,unknown
upemba-boundary-disturbance,analysis_governance_profiles_robustness_dev/tables/governance_profile_robustness_summary.csv,.csv,8337,fd8d05c84e545db4f3e33b53f402c92f30e54111b2227a97241c54402c84c915,False,2026-06-23T11:28:59,True,False,False,True,False,,False,True,unknown
upemba-boundary-disturbance,analysis_governance_profiles_robustness_dev/tables/governance_transitions.csv,.csv,655,d183e0eda0565ad402649c064368bef88f87a3e967e67b0a4b204faf1a629ef4,False,2026-06-23T11:28:37,True,False,False,True,False,,False,True,unknown
upemba-boundary-disturbance,analysis_governance_profiles_robustness_dev/tables/governance_transition_review_sheet.csv,.csv,939,2dd253eee60e6ca5f8cc8dc1d659fe9bb9dd4511e7592f9e3cd9b3d7b4a48550,False,2026-06-23T11:28:37,True,False,False,True,False,,False,True,unknown
upemba-boundary-disturbance,analysis_governance_profiles_robustness_dev/tables/leave_one_episode_out_fit_diagnostics.csv,.csv,94212,5c4a81560634c2315a2a495b88418375531ecff7d6d4d20c26a1e0ce0e07b25f,False,2026-06-23T11:28:58,True,False,False,True,False,,False,True,unknown
upemba-boundary-disturbance,analysis_governance_profiles_robustness_dev/tables/leave_one_episode_out_pairwise_differences.csv,.csv,26349,9df9818394ca6b0c073984d534e0cd86233f53698b24e464a64859143dd4689e,False,2026-06-23T11:28:58,True,False,False,True,False,,False,True,unknown
upemba-boundary-disturbance,analysis_governance_profiles_robustness_dev/tables/leave_one_episode_out_profile_contrasts.csv,.csv,30430,16edcf335e7e0cfe4839d8d3491163e3a975e9e56bf017ede48b63b9d2d91637,False,2026-06-23T11:28:58,True,False,False,True,False,,False,True,unknown
upemba-boundary-disturbance,analysis_governance_profiles_robustness_dev/tables/optimizer_coefficient_comparison.csv,.csv,30926,3f48aae95bfc412978f9339c9bf690cd318fca7b254e33aa66b82adb23b01223,False,2026-06-23T11:22:40,True,False,False,True,False,,False,True,unknown
upemba-boundary-disturbance,analysis_governance_profiles_robustness_dev/tables/optimizer_fit_diagnostics.csv,.csv,18630,768d5bb902acca12730a73be23b847568080e5a17e678da3ed71d7653ec9a570,False,2026-06-23T11:22:40,True,False,False,True,False,,False,True,unknown
upemba-boundary-disturbance,analysis_governance_profiles_robustness_dev/tables/optimizer_profile_contrast_comparison.csv,.csv,6875,5eabdfd0a44a2e1d6fababf1320ce4e42bc1e3b3a5e6c6837564d7e1e7978b23,False,2026-06-23T11:22:40,True,False,False,True,False,,False,True,unknown
upemba-boundary-disturbance,analysis_governance_profiles_robustness_dev/tables/optimizer_stability_summary.csv,.csv,1260,87b61b820c01e28d9197ba04b030283b62497a447c90558069afb85f4558354f,False,2026-06-23T11:22:40,True,False,False,True,False,,False,True,unknown
upemba-boundary-disturbance,analysis_governance_profiles_robustness_dev/tables/phase1_point_estimate_reproduction.csv,.csv,927,82f3f17188e99733c7bd7c9f3d7fa58e4376e2d73fc5d72fa8c3c18cc21fddbc,False,2026-06-23T11:28:59,True,False,False,True,False,,False,True,unknown
upemba-boundary-disturbance,analysis_governance_profiles_robustness_dev/tables/profile_episode_support_corrected.csv,.csv,848,f8b2c90685660e3a6c082a02e760bb75ecf400413b04f222f453c847e165ec53,False,2026-06-23T11:22:35,True,False,False,True,False,,False,True,unknown
upemba-boundary-disturbance,analysis_governance_profiles_robustness_dev/tables/profile_model_support_corrected.csv,.csv,3159,78436a5e179aa44f21d92f41fb2fb99123ae41a72135464eded88a5d21d86beb,False,2026-06-23T11:22:35,True,False,False,True,False,,False,True,unknown
upemba-boundary-disturbance,analysis_governance_profiles_robustness_dev/tables/sesu_between_landscape_differences.csv,.csv,1001,6a8f119af2576d70f0ef789503c8f02a9139881c31207624ba4eb53b373f7f67,False,2026-06-23T11:28:59,True,False,False,True,False,,False,True,unknown
upemba-boundary-disturbance,analysis_governance_profiles_robustness_dev/tables/sesu_heterogeneity_fit_diagnostics.csv,.csv,10035,cab0609e2a856c8e66aa7c163f3df4aa8307d88d033191262f2dd09a7895f3ed,False,2026-06-23T11:28:59,True,False,False,True,False,,False,True,unknown
upemba-boundary-disturbance,analysis_governance_profiles_robustness_dev/tables/sesu_specific_profile_contrasts.csv,.csv,4687,a87a1cdccbb2d6a6eea7bbe7ae8fd6bececea5cd4d9f44fdc07f8c8470e954fd,False,2026-06-23T11:28:59,True,False,False,True,False,,False,True,unknown
upemba-boundary-disturbance,analysis_governance_profiles_robustness_dev/tables/sesu_year_inside_outside_contrasts.csv,.csv,38497,94bf9634b973b9a9f102e517bb2a3902c268020bbd436bad5623d932ee33ee66,False,2026-06-23T11:28:37,True,False,False,True,False,,False,True,unknown
upemba-boundary-disturbance,analysis_governance_profiles_robustness_dev/tables/transition_sensitivity_fit_diagnostics.csv,.csv,242318,dcd0c4cdfb135e7c5d30de5237f7ebe0a5b35e13127a3bce42b8636a98328439,False,2026-06-23T11:28:53,True,False,False,True,False,,False,True,unknown
upemba-boundary-disturbance,analysis_governance_profiles_robustness_dev/tables/transition_sensitivity_pairwise_differences.csv,.csv,49732,b487fc553ef37a2b9777e94018c0209c205a9d39edc87e42473effbe1670a83a,False,2026-06-23T11:28:53,True,False,False,True,False,,False,True,unknown
upemba-boundary-disturbance,analysis_governance_profiles_robustness_dev/tables/transition_sensitivity_profile_contrasts.csv,.csv,59645,e0ee9912644564f7baa63c41d13e47ae0bd6e1083540ff1346751b4ab95f5026,False,2026-06-23T11:28:53,True,False,False,True,False,,False,True,unknown
upemba-boundary-disturbance,analysis_governance_profiles_robustness_dev/tables/transition_sensitivity_scenarios.csv,.csv,1260,57506728922e9b56284b5d4b31fa068200833d71ef98e7070d1c3230909048e6,False,2026-06-23T11:28:53,True,False,False,True,False,,False,True,unknown
upemba-boundary-disturbance,analysis_governance_profiles_robustness_dev/tables/two_stage_model_diagnostics.csv,.csv,848,179e94bef71cabdd4fc59bc402bd7602e87187862a55c0029b0c1a37d8ee4e47,False,2026-06-23T11:28:37,True,False,False,True,False,,False,True,unknown
upemba-boundary-disturbance,analysis_governance_profiles_robustness_dev/tables/two_stage_pairwise_differences.csv,.csv,3446,0fd774d6ef4759b16ef993e11d6d766f7521bd4f153c80528613d08d06c63d46,False,2026-06-23T11:28:37,True,False,False,True,False,,False,True,unknown
upemba-boundary-disturbance,analysis_governance_profiles_robustness_dev/tables/two_stage_profile_estimates.csv,.csv,2999,e66b7b41159eddbd106fcbac1a5edfdc81a43a69b4766a7b103620fb453dd7e1,False,2026-06-23T11:28:37,True,False,False,True,False,,False,True,unknown
upemba-boundary-disturbance,analysis_spatial_falsification_revised_dev/figures/actual_vs_spaced_outer_comparison.png,.png,41528,91801eaa31af1a5f374dd5e769617673b7281683215389c3ac0f3583ff5dfa43,False,2026-06-24T12:51:30,True,False,False,True,False,,True,True,generated intermediate
upemba-boundary-disturbance,analysis_spatial_falsification_revised_dev/figures/fire_profile_contrasts_by_boundary_center.png,.png,91835,b0aaa4ab54e5d3cdb09413f35ae897f370212f6b21aaedc567f714bf61bbcdad,False,2026-06-24T12:51:29,True,False,False,True,False,,True,True,generated intermediate
upemba-boundary-disturbance,analysis_spatial_falsification_revised_dev/figures/revised_boundary_covariate_balance.png,.png,50105,3f1c4f06c688b660b54e797ea5abafea40ffa40aa2d1acb6c73084f33246d10c,False,2026-06-24T12:51:28,True,False,False,True,False,,True,True,generated intermediate
upemba-boundary-disturbance,analysis_spatial_falsification_revised_dev/figures/revised_pseudo_boundary_map.png,.png,1449420,3d31f3d33f010658bde4337ffec9d1c4873db17384ff95d2b68e1f45b1878558,False,2026-06-24T12:51:27,True,False,False,True,False,,True,True,generated intermediate
upemba-boundary-disturbance,analysis_spatial_falsification_revised_dev/figures/sparse_profile_contrasts_by_boundary_center.png,.png,139261,ed27fc9259daa8d50074bbf496754d3b8caf960ca0f487eab3361d6957396374,False,2026-06-24T12:51:29,True,False,False,True,False,,True,True,generated intermediate
upemba-boundary-disturbance,analysis_spatial_falsification_revised_dev/provenance/sessionInfo.txt,.txt,1789,e6d02264c1f27652a62b0e9c2ebf6ab8710e1f0e92caeaf499230acd530d0434,False,2026-06-24T12:51:30,True,False,False,True,False,,False,True,unknown
upemba-boundary-disturbance,analysis_spatial_falsification_revised_dev/tables/actual_boundary_reproduction_check.csv,.csv,304,57cee332e44c1325779a5e64ab6adbea69f599151f43eaa9822286888b007e47,False,2026-06-24T12:51:16,True,False,False,True,False,,False,True,unknown
upemba-boundary-disturbance,analysis_spatial_falsification_revised_dev/tables/actual_vs_all_outer_summary.csv,.csv,4427,66b0c577dc51bdf2a8bdb9777a183b3744873f0fb0f1b7d4134a04e150507267,False,2026-06-24T12:51:16,True,False,False,True,False,,False,True,unknown
upemba-boundary-disturbance,analysis_spatial_falsification_revised_dev/tables/actual_vs_spaced_outer_pairwise_comparison.csv,.csv,2183,1f94adbda69f5285adce782d6f6ff779f859a5ffcb684ef9f201ae414e299082,False,2026-06-24T12:51:16,True,False,False,True,False,,False,True,unknown
upemba-boundary-disturbance,analysis_spatial_falsification_revised_dev/tables/actual_vs_spaced_outer_profile_comparison.csv,.csv,1949,4d6095bc30b7c165074aeedada33a900962ddbfa74318256ec74ba8a8283a37d,False,2026-06-24T12:51:16,True,False,False,True,False,,False,True,unknown
upemba-boundary-disturbance,analysis_spatial_falsification_revised_dev/tables/boundary_specificity_classification.csv,.csv,2021,ba05c8e38e0adf13681e2547e7af0ceb09a5baeb2cf10c06ab5a1af7153e5c50,False,2026-06-24T12:51:16,True,False,False,True,False,,False,True,unknown
upemba-boundary-disturbance,analysis_spatial_falsification_revised_dev/tables/boundary_surface_summary.csv,.csv,492147,5c391878cac36095075f787a7ce50add0e5a886a8dbe1496f75c59380c2debf4,False,2026-06-24T12:51:05,True,False,False,True,True,,False,True,unknown
upemba-boundary-disturbance,analysis_spatial_falsification_revised_dev/tables/fire_boundary_fit_diagnostics.csv,.csv,19835,08c4c36592e7e31ef5c71167d3780daa1ace9bdf71be7c58a71d41e2b63df93e,False,2026-06-24T12:51:14,True,False,False,True,False,,False,True,unknown
upemba-boundary-disturbance,analysis_spatial_falsification_revised_dev/tables/fire_boundary_pairwise_differences.csv,.csv,8896,c5ffcc866ab0cca05fc6383cba236379d29a4dd1692e14f4926171cff43eb075,False,2026-06-24T12:51:14,True,False,False,True,False,,False,True,unknown
upemba-boundary-disturbance,analysis_spatial_falsification_revised_dev/tables/fire_boundary_profile_contrasts.csv,.csv,9428,0cca4133e4d6e678e405cf3170167b17affde0b2107115393fed12e5eb102dfc,False,2026-06-24T12:51:14,True,False,False,True,False,,False,True,unknown
upemba-boundary-disturbance,analysis_spatial_falsification_revised_dev/tables/fire_boundary_retained_fits.csv,.csv,6983,d3fe2f0ab41f19fcce8225f7c02d6aee7183db134df71ca2462422fbed946365,False,2026-06-24T12:51:14,True,False,False,True,False,,False,True,unknown
upemba-boundary-disturbance,analysis_spatial_falsification_revised_dev/tables/inner_check_pairwise_results.csv,.csv,2731,cedc56e1b53f421f0d0a40778cef86820fdd272a099213050818f6d7df42f020,False,2026-06-24T12:51:16,True,False,False,True,False,,False,True,unknown
upemba-boundary-disturbance,analysis_spatial_falsification_revised_dev/tables/inner_check_profile_results.csv,.csv,2474,32e9d9506e2156d340acb78517bf96ad3ba3ef6b4dbb0fee95ab53dba83f5665,False,2026-06-24T12:51:16,True,False,False,True,False,,False,True,unknown
upemba-boundary-disturbance,analysis_spatial_falsification_revised_dev/tables/outer_gradient_pairwise_results.csv,.csv,17833,a732536659803a253a37e50fd209d67e88a554ecce7c5ae49058a51996c68418,False,2026-06-24T12:51:16,True,False,False,True,False,,False,True,unknown
upemba-boundary-disturbance,analysis_spatial_falsification_revised_dev/tables/outer_gradient_profile_results.csv,.csv,15681,dceb9d53323b8072a0d86f131d7591788ce1183fa73f02d37bbacf7bc7d4e079,False,2026-06-24T12:51:16,True,False,False,True,False,,False,True,unknown
upemba-boundary-disturbance,analysis_spatial_falsification_revised_dev/tables/revised_boundary_balance_summary.csv,.csv,5754,d9848997d0a837e82d099e8723fb0c0083643f392850462bff63dd499997ad0d,False,2026-06-24T12:50:52,True,False,False,True,False,,False,True,unknown
upemba-boundary-disturbance,analysis_spatial_falsification_revised_dev/tables/revised_boundary_covariate_balance.csv,.csv,52057,0a601b1764a5f5664a32334e6b7f5e1b15496b9de40652061c8216617e85b2e1,False,2026-06-24T12:50:52,True,False,False,True,False,,False,True,unknown
upemba-boundary-disturbance,analysis_spatial_falsification_revised_dev/tables/revised_boundary_registry.csv,.csv,2965,a214f8b470cbcc0ebb9dc4df78bdced6318ef623492e802e4b804df1e060c1bf,False,2026-06-24T12:50:39,True,False,False,True,False,,False,True,unknown
upemba-boundary-disturbance,analysis_spatial_falsification_revised_dev/tables/sparse_boundary_pairwise_differences.csv,.csv,38010,516108cc3bb3c04a1173d7f1b97f9c9f74749d683d02bf87161d1087ddbbc56a,False,2026-06-24T12:51:16,True,False,False,True,False,,False,True,unknown
upemba-boundary-disturbance,analysis_spatial_falsification_revised_dev/tables/sparse_boundary_profile_estimates.csv,.csv,41134,1e988dee2f70568dd11ed4e26f95934fb108094ee491190b99402ad99f910a58,False,2026-06-24T12:51:16,True,False,False,True,False,,False,True,unknown
upemba-boundary-disturbance,analysis_spatial_falsification_revised_dev/tables/sparse_boundary_sesu_year_contrasts.csv,.csv,648213,e3df3b345415615aa109a1b69007501f5cb3a81c61902135d00c2c4e460bc947,False,2026-06-24T12:51:16,True,False,False,True,False,,False,True,unknown
upemba-boundary-disturbance,analysis_spatial_falsification_revised_dev/tables/sparse_boundary_support.csv,.csv,2810,3d246e3ecf46b5dbaa45e06f0640babb8c87f6b739470c5f86815e03fa0874e0,False,2026-06-24T12:51:16,True,False,False,True,False,,False,True,unknown
upemba-boundary-disturbance,analysis_spatial_threshold_sensitivity_dev/figures/covariate_balance_by_buffer.png,.png,19240,f2e709920f4296212e93cb4152f16e06b3ed28df16f33a8ce0bb09157561286d,False,2026-06-23T23:34:34,True,False,False,False,False,,True,True,generated intermediate
upemba-boundary-disturbance,analysis_spatial_threshold_sensitivity_dev/figures/event_support_by_threshold_and_buffer.png,.png,32987,45ef96200765820d69653d732df98ba9265869297979bab5506f34924d8b4d47,False,2026-06-23T23:34:35,True,False,False,False,False,,True,True,generated intermediate
upemba-boundary-disturbance,analysis_spatial_threshold_sensitivity_dev/figures/profile_contrasts_by_threshold_and_buffer.png,.png,84293,ba7f95da060673876b5e0b2c95ec19634047dccfa578e54593156384eca95464,False,2026-06-23T23:34:36,True,False,False,False,False,,True,True,generated intermediate
upemba-boundary-disturbance,analysis_spatial_threshold_sensitivity_dev/provenance/disturbance_threshold_manifest_resolved.csv,.csv,8943,42b33b79e73f55ac70d625a08503504f86f5bb6245cde51efe6cc1511a9593ed,False,2026-06-23T23:33:17,True,False,False,False,False,,False,True,unknown
upemba-boundary-disturbance,analysis_spatial_threshold_sensitivity_dev/provenance/sessionInfo.txt,.txt,1789,e6d02264c1f27652a62b0e9c2ebf6ab8710e1f0e92caeaf499230acd530d0434,False,2026-06-23T23:34:36,True,False,False,True,False,,False,True,unknown
upemba-boundary-disturbance,analysis_spatial_threshold_sensitivity_dev/provenance/tau025_reproduction_audit.md,.md,9371,347bc0fdec2f3a23f74e4157d65e4a3a7fcbb6747194636d0f5750d2c9e5fcb4,False,2026-06-23T23:33:31,True,False,False,False,False,,False,True,unknown
upemba-boundary-disturbance,analysis_spatial_threshold_sensitivity_dev/tables/covariate_balance_by_sesu.csv,.csv,20261,5b35e39ff87a22cf61e08769b38f37bc635788884e8847b27113ce849c0c9876,False,2026-06-23T23:34:21,True,False,False,False,False,,False,True,unknown
upemba-boundary-disturbance,analysis_spatial_threshold_sensitivity_dev/tables/covariate_balance_summary.csv,.csv,1003,d42daa4b02718bd84b8ff428070aef8555961281765c8688df88d9414a16a043,False,2026-06-23T23:34:21,True,False,False,False,False,,False,True,unknown
upemba-boundary-disturbance,analysis_spatial_threshold_sensitivity_dev/tables/event_support_detailed.csv,.csv,368615,93cc72feadda2b0db01042824b6f9a9d55e733b0810346a063a6b84f0a6f5ddc,False,2026-06-23T23:34:16,True,False,False,False,False,,False,True,unknown
upemba-boundary-disturbance,analysis_spatial_threshold_sensitivity_dev/tables/event_support_summary.csv,.csv,45100,c5d288bb3097296e025ae95d18e2c33e82ab247c9e5b92ec9b4dbab1fe198f01,False,2026-06-23T23:34:16,True,False,False,True,False,,False,True,unknown
upemba-boundary-disturbance,analysis_spatial_threshold_sensitivity_dev/tables/fire_fit_diagnostics.csv,.csv,17882,fa5660274c55a453282060b41c1d04e2fd2699e662cf5df04601269064db6648,False,2026-06-23T23:34:27,True,False,False,False,False,,False,True,unknown
upemba-boundary-disturbance,analysis_spatial_threshold_sensitivity_dev/tables/fire_pairwise_differences.csv,.csv,4274,c3459395588b88a8ef6a70b798d089aba0ea3cd16d74cec172274aa32b7d456b,False,2026-06-23T23:34:27,True,False,False,False,False,,False,True,unknown
upemba-boundary-disturbance,analysis_spatial_threshold_sensitivity_dev/tables/fire_profile_contrasts.csv,.csv,3377,5ca80ecc7168f18111d03f2ffe0279513e8d6c81aa1313aee5324fd6bf7bb6c7,False,2026-06-23T23:34:27,True,False,False,False,False,,False,True,unknown
upemba-boundary-disturbance,analysis_spatial_threshold_sensitivity_dev/tables/input_raster_validation.csv,.csv,9754,b8aaa12422a8be4b74521719dfe7c30b305f20cf2d3c9a03111134c8b44c0ecb,False,2026-06-23T23:33:18,True,False,False,False,False,,False,True,unknown
upemba-boundary-disturbance,analysis_spatial_threshold_sensitivity_dev/tables/rare_outcome_beta_binomial_diagnostics.csv,.csv,37770,917f7cd067285fa917a03c6ff7861647b616ca7185a7ce8d711f1a42d4f69633,False,2026-06-23T23:34:27,True,False,False,False,False,,False,True,unknown
upemba-boundary-disturbance,analysis_spatial_threshold_sensitivity_dev/tables/rare_outcome_beta_binomial_profile_contrasts.csv,.csv,6845,632ab655cf38f2fed6afa78b0dbe8483f5f8ca2131e95f9b4bf8f1fb979cc5ae,False,2026-06-23T23:34:27,True,False,False,False,False,,False,True,unknown
upemba-boundary-disturbance,analysis_spatial_threshold_sensitivity_dev/tables/sparse_outcome_model_diagnostics.csv,.csv,4263,f7d740542ef25ef961ea6c0a0f697d8201ab24836573a6aa2967f4b5c284313c,False,2026-06-23T23:34:28,True,False,False,False,False,,False,True,unknown
upemba-boundary-disturbance,analysis_spatial_threshold_sensitivity_dev/tables/sparse_outcome_pairwise_differences.csv,.csv,31850,921b1a2e6f4d00fc394e2ea8ac52a59285845c8be055d26fbb16353402b90b71,False,2026-06-23T23:34:28,True,False,False,True,False,,False,True,unknown
upemba-boundary-disturbance,analysis_spatial_threshold_sensitivity_dev/tables/sparse_outcome_profile_estimates.csv,.csv,29259,14ca9936d18b6a3110a0c78aa4756939a7d014fc962d32efcc2e598758c58e4e,False,2026-06-23T23:34:28,True,False,False,True,False,,False,True,unknown
upemba-boundary-disturbance,analysis_spatial_threshold_sensitivity_dev/tables/sparse_outcome_sesu_year_contrasts.csv,.csv,249761,353114a8b3ba6f6fa98e3aff80d21129e095dabeeffc96b68a5f570a28d4afc5,False,2026-06-23T23:34:28,True,False,False,False,False,,False,True,unknown
upemba-boundary-disturbance,analysis_spatial_threshold_sensitivity_dev/tables/sparse_strata_flags.csv,.csv,8950,558e1ba8e881f2268635b028aea4078578918e60cfa5df09b49525d65791825a,False,2026-06-23T23:34:16,True,False,False,False,False,,False,True,unknown
upemba-boundary-disturbance,analysis_spatial_threshold_sensitivity_dev/tables/spatial_design_decision_matrix.csv,.csv,1804,3aa5cb4fc08b1492c523414eecb6df6ca67e9c6f703b1fcf934ca4eaff752ac8,False,2026-06-23T23:34:28,True,False,False,True,False,,False,True,unknown
upemba-boundary-disturbance,analysis_spatial_threshold_sensitivity_dev/tables/spatial_threshold_contrast_comparison.csv,.csv,17246,50a64d92141c3e56163e5669d10374231128a72b3160ec766240ab0312350d81,False,2026-06-23T23:34:28,True,False,False,True,False,,False,True,unknown
upemba-boundary-disturbance,analysis_spatial_threshold_sensitivity_dev/tables/spatial_threshold_pairwise_comparison.csv,.csv,19480,769cd47c5ce1f9cafbf5caf35f3a1a9602dc8534a74c310b80bdb1e361853957,False,2026-06-23T23:34:28,True,False,False,True,False,,False,True,unknown
upemba-boundary-disturbance,analysis_spatial_threshold_sensitivity_dev/tables/spatial_threshold_stability_summary.csv,.csv,1442,61390a7bac04e259c24a52e5ba10136b993ab8f3c564b62d857304b96fdcf92e,False,2026-06-23T23:34:28,True,False,False,False,False,,False,True,unknown
upemba-boundary-disturbance,analysis_spatial_threshold_sensitivity_dev/tables/tau025_allcell_reproduction_check.csv,.csv,14717,7c95b5d6110280e5566907d5a03d5104b1fee248c66dfe10c9bbe010403bc47a,False,2026-06-23T23:34:16,True,False,False,False,False,,False,True,unknown
upemba-boundary-disturbance,analysis_spatial_threshold_sensitivity_dev/tables/tau025_cell_value_discrepancies_summary.csv,.csv,5109,42a4e2cb7be731206f4d1f365017c202f5b904b28bc3a54156fe79ba9d12382b,False,2026-06-23T23:33:31,True,False,False,False,False,,False,True,unknown
upemba-boundary-disturbance,analysis_spatial_threshold_sensitivity_dev/tables/tau025_input_comparison.csv,.csv,11436,0eae99aa37eff85f257cf191843998ea4b11378509c3b176581878fcdc2de2cb,False,2026-06-23T23:33:31,True,False,False,False,False,,False,True,unknown
upemba-boundary-disturbance,data/governance_profiles/README.md,.md,270,b1b3066bec00754e38cd4beb3913222b636227d23bd2a8584f0a8eaf81a4be94,False,2026-06-24T14:11:00,True,False,False,True,False,restricted_security,False,False,authoritative analytical input
upemba-boundary-disturbance,data/governance_profiles/upemba_sesu_year_profiles.csv,.csv,252,ce25af39365c9838c6411d484f36ecf7d73c1b669857ea8c43a76cb540c7d8a2,False,2026-05-26T13:00:52,True,False,False,True,False,,False,True,authoritative analytical input
upemba-boundary-disturbance,data/manifests/required_external_inputs.csv,.csv,99902,76d498d9707495c7ce37226a784a70955818e015d5aa1df5c3e4470b8701974c,False,2026-06-24T14:11:03,True,False,False,True,False,,False,False,authoritative analytical input
upemba-boundary-disturbance,docs/decisions/authoritative_analysis_specification.md,.md,810,3bbd651fef6b9b1a4fbe7df019f86d4019cc4581ad2640856be32ba257c845a8,False,2026-06-24T14:11:00,True,False,False,True,False,,False,False,unknown
upemba-boundary-disturbance,docs/decisions/fire_10km_optimizer_refinement_report.md,.md,5275,0ab157a11cd3af633c4d4dd233a17ff72c7f18c217bea7aac58288fc7e302bbf,False,2026-06-24T14:11:00,True,True,False,True,False,,False,True,unknown
upemba-boundary-disturbance,docs/decisions/fire_2021_2022_harmonization_report.md,.md,7195,704e5cf0f5d1440f7b981fcc47870334bd1e2985e624b7379b520022cffffd1e,False,2026-06-24T14:11:00,True,False,False,True,False,restricted_security,False,True,restricted or sensitive evidence
upemba-boundary-disturbance,docs/decisions/old_placebo_deprecation_note.md,.md,2584,b8ce151d020259a1ed5ca3bb13fb45dd5cffa2827cc4b1ac32cbe697c64c4dca,False,2026-06-24T14:11:00,True,True,False,True,False,,False,True,unknown
upemba-boundary-disturbance,docs/decisions/spatial_boundary_falsification_design_revision.md,.md,2423,7e050692ba2515fba1f2367842d41de9399fc5f3fbfbc8c7a2d3e2d51a7bf197,False,2026-06-24T14:11:00,True,False,False,True,False,,False,True,unknown
upemba-boundary-disturbance,docs/decisions/spatial_boundary_falsification_revised_report.md,.md,6793,365a1e2465a579ec9c14bfb987d15fd9dcdebfbeba67a735576c2945ca819642,False,2026-06-24T14:11:00,True,True,False,True,False,,False,True,unknown
upemba-boundary-disturbance,docs/decisions/spatial_threshold_sensitivity_report.md,.md,5661,2a7b62b439220cb62ef7867a22f78855eee538a490cb94583fa3ad5a2654cb15,False,2026-06-24T14:10:59,True,True,False,True,False,,False,True,unknown
upemba-boundary-disturbance,docs/decisions/stopped_pseudoboundary_screen.md,.md,501,1ff0170199097abfc8d716880968cda98a6ec0644d9dcc58ecd8471feaa5bfd9,False,2026-06-24T14:11:00,True,False,False,True,False,,False,False,unknown
upemba-boundary-disturbance,docs/methods/governance_profile_mapping.md,.md,1883,30ec782a7eb0c0011c2c66365730fedb59ea208843ba72078e81c867b7cfff88,False,2026-06-24T14:11:00,True,False,False,True,False,,False,True,unknown
upemba-boundary-disturbance,docs/provenance/disturbance_measurement_provenance_report.md,.md,5564,efc2ff8424d75bf4f7373fabc5565fa72f0c6a421a1eec9ff9cd9a95c7593a03,False,2026-06-24T14:10:59,True,False,False,True,False,,False,True,unknown
upemba-boundary-disturbance,docs/provenance/script_dependency_manifest.csv,.csv,20598,41864779d6882d633ed950243aac704629701d31aa8c33a7d3478de5201f918c,False,2026-06-24T14:11:04,True,False,False,True,False,,False,False,unknown
upemba-boundary-disturbance,docs/provenance/software_environment.md,.md,155,10cfbb7dac74bdfdf9a90b176258487bc43d5b821db2d0a17f097424a5c8b609,False,2026-06-24T14:11:04,True,False,False,True,False,,False,False,unknown
upemba-boundary-disturbance,docs/validation/candidate_result_reproduction.md,.md,434,7ee39316a53f690f8b62fc69059e40fac8374c6a339f3362fc6ba0a1c7c2762f,False,2026-06-24T14:12:25,True,False,False,True,False,,False,False,unknown
upemba-boundary-disturbance,docs/validation/code_path_refactor_validation.md,.md,467,5b45b39cbe44b9af5b957d5d3b46a51b2fbe8666f363db054177f5c2a17b4621,False,2026-06-24T14:50:02,True,False,False,True,False,,False,False,unknown
upemba-boundary-disturbance,docs/validation/code_refactor_equivalence.md,.md,422,950f09817e72972c7a0aa0b57c70a6b720ad17efde366c22e4384d60c300e767,False,2026-06-24T14:12:25,True,False,False,True,False,,False,False,unknown
upemba-boundary-disturbance,docs/validation/downstream_execution_validation.md,.md,342,bff567050011a0c93650c693f0d439cdee607aba255e2eaa5a35d441c3405569,False,2026-06-24T14:50:02,True,False,False,True,False,,False,False,unknown
upemba-boundary-disturbance,docs/validation/execution_privacy_validation.md,.md,229,ae0f92170bd56126cf31110e948e9a83463076a52e2b3ed2b07eae333fab8ca9,False,2026-06-24T14:51:45,True,False,False,True,False,restricted_security,False,False,restricted or sensitive evidence
upemba-boundary-disturbance,docs/validation/fire_10km_optimizer_refinement_validation.md,.md,3253,00a4e2fd7fc654f00f28b18242d30dd944b857bfaa74307ba99b21321c779ba5,False,2026-06-24T14:11:00,True,False,False,True,False,,False,True,unknown
upemba-boundary-disturbance,docs/validation/frozen_result_reproduction.md,.md,307,ff88b76236c55062c68eee879518d04d762bc9f6c200ac45aa3b1ec8d40c2de7,False,2026-06-24T14:50:02,True,False,False,True,False,,False,False,unknown
upemba-boundary-disturbance,docs/validation/git_initialization_readiness.md,.md,366,92532094c80233c633a4e6196a46fd8453c3fe1062aa1859aa9ceb2d34fa796b,False,2026-06-24T14:51:45,True,False,False,True,False,,False,False,unknown
upemba-boundary-disturbance,docs/validation/governance_profile_model_stability_report.md,.md,4715,c5b29e0d6d6d8ce61e79ff9ab494642297f2f61b8921c7c8de5e98cae0d1ce8a,False,2026-06-24T14:10:59,True,True,False,True,False,,False,True,unknown
upemba-boundary-disturbance,docs/validation/governance_profile_phase2_validation.md,.md,3899,68236f81be524fe1fcc525844e44ec13f8a62f4369aa61c5c83064179c33e298,False,2026-06-24T14:10:59,True,False,False,True,False,,False,True,unknown
upemba-boundary-disturbance,docs/validation/measurement_harmonization_validation.md,.md,5575,523cb3b006e7e3ca213c7903620e2c5a20f58a4fb80829d1cd6156c341551674,False,2026-06-24T14:10:59,True,False,False,True,False,,False,True,unknown
upemba-boundary-disturbance,docs/validation/sanitization_validation.md,.md,302,61f63ec33a7b17a40cb39a4b3124752801041570b42698fd51bceccdd39e68a1,False,2026-06-24T14:12:25,True,False,False,True,False,restricted_security,False,False,restricted or sensitive evidence
upemba-boundary-disturbance,docs/validation/spatial_boundary_falsification_revised_validation.md,.md,2218,f100e44df0f91268c51e67aed8a00b930a2db71695a6237687d6e14222ae981e,False,2026-06-24T14:11:00,True,False,False,True,False,,False,True,unknown
upemba-boundary-disturbance,docs/validation/spatial_threshold_phase3_validation.md,.md,3644,5a95ea219821ebd563551151612e9842a1b9f3f625d34231804c4cfab5ee8b80,False,2026-06-24T14:10:59,True,False,False,True,False,,False,True,unknown
upemba-boundary-disturbance,outputs/publication/figure_source_data/Figure_1_layer_registry.csv,.csv,708,19c3967bf4bf4af6d65763619ed6e14d87f9b396047549bcaedf6ad52b63e69e,False,2026-06-25T07:57:03,True,False,False,False,False,,True,True,authoritative result
upemba-boundary-disturbance,outputs/publication/figure_source_data/Figure_2_annual_trajectories.csv,.csv,54835,7e0c5c9d2044ac5d87ec827e4c1500f147809cd59a98baa998668ebdb39feb1a,False,2026-06-25T07:57:03,True,False,False,False,False,,True,True,authoritative result
upemba-boundary-disturbance,outputs/publication/figure_source_data/Figure_2_profile_chronology.csv,.csv,6051,32e6598a612d9790513d247a042a180f7d38b38deaa902a25ba84b0882dcf666,False,2026-06-25T07:57:03,True,False,False,False,False,,True,True,authoritative result
upemba-boundary-disturbance,outputs/publication/figure_source_data/Figure_3_pairwise_differences.csv,.csv,3314,44420b11e4b8d6c11fecc18e8db9c1d44708a19122f1f475c297d91dd1c3e31c,False,2026-06-25T07:56:59,True,False,False,True,True,,True,True,authoritative result
upemba-boundary-disturbance,outputs/publication/figure_source_data/Figure_3_profile_contrasts.csv,.csv,3045,4928f4bf3bedab945f0a048c3b12f55e2cac9044471f77dcad291fa49d218192,False,2026-06-25T07:56:59,True,False,False,True,True,,True,True,authoritative result
upemba-boundary-disturbance,outputs/publication/figure_source_data/Figure_4_pairwise_boundary_estimates.csv,.csv,48039,eb5f859bf7030caa9340e3b5a052c5cb198910767b1fa6b13deb431a0158f7ad,False,2026-06-25T07:57:03,True,False,False,True,False,,True,True,authoritative result
upemba-boundary-disturbance,outputs/publication/figure_source_data/Figure_4_profile_boundary_estimates.csv,.csv,45955,054a0f2fed01c30b446efd2a72ae04e63d41ec0c7c93b7fb98734bfc980131c3,False,2026-06-25T07:57:03,True,False,False,True,True,,True,True,authoritative result
upemba-boundary-disturbance,outputs/publication/main_figures/Figure_1_study_design.pdf,.pdf,1371969,1dbceedb154a07207d44d3e683104b2da7e3130778b764b4e9de5967267bc9c4,False,2026-06-25T07:57:06,True,False,False,False,False,,True,True,final publication artifact
upemba-boundary-disturbance,outputs/publication/main_figures/Figure_1_study_design.png,.png,1945215,681fc2e0f0376805fbf75207d06ab851eb96d5dee8a83e0a15ab1b0a8d531dd4,False,2026-06-25T07:57:09,True,False,False,False,False,,True,True,final publication artifact
upemba-boundary-disturbance,outputs/publication/main_figures/Figure_2_chronology_time_series.pdf,.pdf,41162,7717744f1490e640eb9aa618fed21cfee7c82a87e51393a8369b8e3ec7532e34,False,2026-06-25T07:57:10,True,False,False,False,False,,True,True,final publication artifact
upemba-boundary-disturbance,outputs/publication/main_figures/Figure_2_chronology_time_series.png,.png,585906,2645439c863fbd23b9e61b79d2c2936b7b6082bbda8e244c47af186aa2a471e1,False,2026-06-25T07:57:12,True,False,False,False,False,,True,True,final publication artifact
upemba-boundary-disturbance,outputs/publication/main_figures/Figure_3_primary_contrasts.pdf,.pdf,32676,9fcf54a0f50c47f7e949e6f85865b46232c9327d7c995b92d560aec98e18ac51,False,2026-06-25T07:57:13,True,False,False,False,False,,True,True,final publication artifact
upemba-boundary-disturbance,outputs/publication/main_figures/Figure_3_primary_contrasts.png,.png,319978,f8836e0cbd9f03ce0fadac93dbd414dead52cc18fb03152fa3c8dc5764c92964,False,2026-06-25T07:57:14,True,False,False,False,False,,True,True,final publication artifact
upemba-boundary-disturbance,outputs/publication/main_figures/Figure_4_boundary_location_diagnostic.pdf,.pdf,52980,995b10a24cbdc0ae3cf61f2b67f265d18873c79a38906d9055d31ce097f14f7f,False,2026-06-25T07:57:15,True,False,False,False,False,,True,True,final publication artifact
upemba-boundary-disturbance,outputs/publication/main_figures/Figure_4_boundary_location_diagnostic.png,.png,592818,050a5de739ee853463be3aa655600152913f0af78b8fa79648647d28828109c0,False,2026-06-25T07:57:16,True,False,False,False,False,,True,True,final publication artifact
upemba-boundary-disturbance,outputs/publication/main_tables/Table_1_data_products.csv,.csv,667,1760499e2905e57b224660a657129f49f93c386f8c61b582a4a05cb9ef273c7c,False,2026-06-25T07:57:03,True,False,False,False,False,,True,True,final publication artifact
upemba-boundary-disturbance,outputs/publication/main_tables/Table_1_data_products.html,.html,1500,f119c9cae6aa17a43be28967d7f1cc50a0be403df4ab8d324dbeb2a3e5d92757,False,2026-06-25T07:57:03,True,False,False,False,False,,True,True,final publication artifact
upemba-boundary-disturbance,outputs/publication/main_tables/Table_2_primary_evidence.csv,.csv,1146,ffd0e59c7b7bc7e02bd130c9bd12e7791cdbb8684c15c2d2102e74c1496e75f5,False,2026-06-25T07:57:03,True,False,False,False,False,,True,True,final publication artifact
upemba-boundary-disturbance,outputs/publication/main_tables/Table_2_primary_evidence.html,.html,1890,6b0be0192c2eba77f25d2a7e700e5274bdb992cb08a41a204763f1a0423ff57e,False,2026-06-25T07:57:03,True,False,False,False,False,,True,True,final publication artifact
upemba-boundary-disturbance,outputs/publication/manuscript/Chapter1_manuscript_final.docx,.docx,1131457,60766f80f42c7127f44b86b04426ed97935be985a6b9e2ea7a13ab87771d351c,False,2026-06-26T11:56:07,False,True,False,False,False,,True,False,final publication artifact
upemba-boundary-disturbance,outputs/publication/supplement/Chapter1_Supplementary_Data.xlsx,.xlsx,74480,1326fc3e7a8d4b2f5199b7cab1baaf4066e76e6b7902f657c8d27509d78a841c,False,2026-06-26T11:54:40,True,False,True,False,False,,True,False,final publication artifact
upemba-boundary-disturbance,outputs/publication/supplement/Chapter1_Supplementary_Material.html,.html,124876,61cddefa9c50a818c0c63cea892cab5dc47ee4178009b6cbb7c2b3181e8cfa58,False,2026-06-26T11:54:35,True,True,True,False,False,restricted_security,True,False,final publication artifact
upemba-boundary-disturbance,outputs/publication/supplement/Chapter1_Supplementary_Material_final.docx,.docx,731216,6d611b11e0aea2912c8bc932ec30da1ff8c5e2f909322edb71739ed2c0909440,False,2026-06-26T11:56:42,False,False,True,False,False,,True,False,final publication artifact
upemba-boundary-disturbance,outputs/publication/supplement/README_supplementary_data.md,.md,1017,7f0883ca23f2cf8052031e7549e7a6b22cb7157a2f9f9f032afcb3bbd02dc038,False,2026-06-25T12:04:30,True,False,True,False,False,,True,True,final publication artifact
upemba-boundary-disturbance,outputs/publication/table_source_data/Table_1_data_products_source.csv,.csv,667,1760499e2905e57b224660a657129f49f93c386f8c61b582a4a05cb9ef273c7c,False,2026-06-25T07:57:03,True,False,False,False,False,,True,True,authoritative result
upemba-boundary-disturbance,outputs/publication/table_source_data/Table_2_primary_evidence_source.csv,.csv,1146,ffd0e59c7b7bc7e02bd130c9bd12e7791cdbb8684c15c2d2102e74c1496e75f5,False,2026-06-25T07:57:03,True,False,False,False,False,,True,True,authoritative result
upemba-boundary-disturbance,outputs/publication/supplement/figures/Figure_S1_clustering_diagnostics.pdf,.pdf,27524,df5d7088b7421730a49236a48e5074f51b46f41dcce03dad3b117a07db164170,False,2026-06-26T11:54:25,False,False,True,False,False,,True,False,final publication artifact
upemba-boundary-disturbance,outputs/publication/supplement/figures/Figure_S1_clustering_diagnostics.png,.png,232532,0e18ef951be8420e6eeaa77dbabe494d90ca7186716f01e631b80b8cd311b4e5,False,2026-06-26T11:54:31,True,False,True,True,False,,True,True,final publication artifact
upemba-boundary-disturbance,outputs/publication/supplement/figures/Figure_S2_threshold_spatial_sensitivities.pdf,.pdf,37955,b6dd5ceb9dbd8377ba79e9904825ae3c237a7d4a2a2476952f96fc2249b4f05d,False,2026-06-26T11:54:32,False,False,True,False,False,,True,False,final publication artifact
upemba-boundary-disturbance,outputs/publication/supplement/figures/Figure_S2_threshold_spatial_sensitivities.png,.png,333640,771a016e57e9827a1e5f14879b9ccab6575b93d34647167440a32856814281ba,False,2026-06-26T11:54:33,True,False,True,True,False,,True,True,final publication artifact
upemba-boundary-disturbance,outputs/publication/supplement/figures/Figure_S3_pairwise_pseudo_boundary_diagnostic.pdf,.pdf,43897,af5af5105d06c7563c1be464299c46ce806ca6a3582e93d02a3d1058e30cf6d3,False,2026-06-26T11:54:34,False,False,True,False,False,,True,False,final publication artifact
upemba-boundary-disturbance,outputs/publication/supplement/figures/Figure_S3_pairwise_pseudo_boundary_diagnostic.png,.png,242731,c63504bb623f632e741b3abc59b25dbbc0713cbfd92b0c4bb7784fe1ed9aa4c3,False,2026-06-26T11:54:35,True,False,True,True,False,,True,True,final publication artifact
upemba-boundary-disturbance,outputs/publication/supplement/source_data/Figure_S1_source_data.csv,.csv,1145,34444b31397f2c5d06277f2b3aa21de402bedda9b13a5b43dfe45644485a9dfb,False,2026-06-26T11:54:31,True,False,True,False,False,,True,True,final publication artifact
upemba-boundary-disturbance,outputs/publication/supplement/source_data/Figure_S2_source_data.csv,.csv,31530,c2e6ab3fe1ab890e0949e166960e8d18d4b11a14654384ca2cafafcf9b496b86,False,2026-06-26T11:54:33,True,False,True,False,False,,True,True,final publication artifact
upemba-boundary-disturbance,outputs/publication/supplement/source_data/Figure_S3_pairwise_pseudo_boundary_diagnostic_source_data.csv,.csv,60664,b15535f3cb3291cc307fbbb35a944f15ee9406c127822ceb90c201033593c213,False,2026-06-26T11:54:35,True,False,True,False,False,,True,True,final publication artifact
upemba-boundary-disturbance,outputs/publication/supplement/source_data/Table_S06A_annual_profile_assignments.csv,.csv,3220,91814d670be1e4c94654042ff6902da6d723ca017b7cffc04ef7a31ce3c1f8fb,False,2026-06-26T11:54:23,True,False,True,False,False,,True,True,final publication artifact
upemba-boundary-disturbance,outputs/publication/supplement/source_data/Table_S06B_approved_episode_evidence.csv,.csv,16884,03948d1043daa5b5b1d9e820d0b39b6453adbbd5687ef669b65196ab805859aa,False,2026-06-26T11:54:23,True,True,True,False,False,,True,True,final publication artifact
upemba-boundary-disturbance,outputs/publication/supplement/source_data/Table_S13_full_historical_diagnostics.csv,.csv,71735,8019732fd061480762736890452da11c6c307feb41d58a835a246330967bf09a,False,2026-06-26T11:54:23,True,False,True,True,False,,True,True,final publication artifact
upemba-boundary-disturbance,outputs/publication/supplement/source_data/Table_S15_complete_actual_and_pseudo_boundary_profile_contrasts.csv,.csv,17248,47d9ccd9b302c9c334260087954f1683915106052726b4796d578060b86e5430,False,2026-06-26T11:54:23,True,False,True,True,False,,True,True,final publication artifact
upemba-boundary-disturbance,outputs/publication/supplement/source_data/Table_S16_complete_pseudo_boundary_pairwise_differences.csv,.csv,20062,a835cb9f7ae138e2131768dceef7e3bb50aebdc35877ab524883de4556aced2b,False,2026-06-26T11:54:23,True,False,True,True,False,,True,True,final publication artifact
upemba-boundary-disturbance,outputs/publication/supplement/tables/Table_S01_landscape_comparison_covariates.csv,.csv,3080,b67ccddc2d64104f3e35456c9b0248de4589b56dd3103c4bc014182e2465818f,False,2026-06-26T11:54:23,True,False,True,True,False,,True,True,final publication artifact
upemba-boundary-disturbance,outputs/publication/supplement/tables/Table_S02_clustering_solution_selection.csv,.csv,566,74a7e255ae963b21f6589cda584e50ea1d593e6bc36db74490d5c17d5451588a,False,2026-06-26T11:54:23,True,False,True,True,False,,True,True,final publication artifact
upemba-boundary-disturbance,outputs/publication/supplement/tables/Table_S03_clustering_stability_and_accessibility_sensitivity.csv,.csv,478,ab680f9cbd8f2c4f9eb09ca95734889cf3ca7efa680cbb4837317f9efe242bbb,False,2026-06-26T11:54:23,True,False,True,True,False,,True,True,final publication artifact
upemba-boundary-disturbance,outputs/publication/supplement/tables/Table_S04_spatial_design_balance_and_event_support.csv,.csv,944,0a035ebc8238ebaef644e84ebf4e8ec7e370905c4872a8edda65225c9cbeb579,False,2026-06-26T11:54:23,True,False,True,True,False,,True,True,final publication artifact
upemba-boundary-disturbance,outputs/publication/supplement/tables/Table_S05_landscape_group_and_side_support.csv,.csv,636,4fe043898b51c4f6483ea7ebf96383becccd1fd0d04e9dccad104fa2e0b80c58,False,2026-06-26T11:54:23,True,False,True,True,False,restricted_security,True,True,final publication artifact
upemba-boundary-disturbance,outputs/publication/supplement/tables/Table_S06_territorial_control_chronology.csv,.csv,20345,e5f0b0967e43834f983fe9563b87b91e80693232ccc6cbbed4400f3ca3468f37,False,2026-06-26T11:54:23,True,True,True,True,False,,True,True,final publication artifact
upemba-boundary-disturbance,outputs/publication/supplement/tables/Table_S07_profile_and_episode_support.csv,.csv,206,288c60c0903f83c0b97541bf8f689f4c548665ad491ae82c88fb451f0e7c36aa,False,2026-06-26T11:54:23,True,False,True,True,False,,True,True,final publication artifact
upemba-boundary-disturbance,outputs/publication/supplement/tables/Table_S08_primary_profile_specific_contrasts.csv,.csv,2090,47d465b61b89f8b53309e89425ba142f66e1885fefc9962eee4a5ca8478259e7,False,2026-06-26T11:54:23,True,False,True,True,False,,True,True,final publication artifact
upemba-boundary-disturbance,outputs/publication/supplement/tables/Table_S09_primary_pairwise_profile_differences.csv,.csv,2295,a9073cd51d65f5f4feb4bd83a9c1bc5d0ef6164025f84af8a45640aff588be8a,False,2026-06-26T11:54:23,True,False,True,True,False,,True,True,final publication artifact
upemba-boundary-disturbance,outputs/publication/supplement/tables/Table_S10_weighted_and_unweighted_sparse_outcome_models.csv,.csv,4130,61d79a5dd7077e5c8bd358fd29614768efe3081160922b278c44d6f2fb0b9736,False,2026-06-26T11:54:23,True,False,True,True,False,,True,True,final publication artifact
upemba-boundary-disturbance,outputs/publication/supplement/tables/Table_S11_threshold_sensitivity.csv,.csv,10962,f85678a3a34c15af301722f394dd25de3df4b663510adae3775dc3f10157cffa,False,2026-06-26T11:54:23,True,False,True,True,False,,True,True,final publication artifact
upemba-boundary-disturbance,outputs/publication/supplement/tables/Table_S12_spatial_domain_sensitivity.csv,.csv,15169,b554c20fbe200a1c212299ce8e18ab38457a3f8ec515fa0d7379ccccb95d9872,False,2026-06-26T11:54:23,True,False,True,True,False,,True,True,final publication artifact
upemba-boundary-disturbance,outputs/publication/supplement/tables/Table_S13_landscape_transition_and_episode_diagnostics.csv,.csv,971,abfb144a8768bc4fd5fa2b310a5563972794ce77d8201cb3a51ad6c1fcf8f882,False,2026-06-26T11:54:23,True,False,True,True,False,,True,False,final publication artifact
upemba-boundary-disturbance,outputs/publication/supplement/tables/Table_S14_fire_optimizer_diagnostics.csv,.csv,1279,5ac1fc049c5134fc24ab8ce769d76c58dc45adc8240c68abe03d8c79eee9f293,False,2026-06-26T11:54:23,True,False,True,True,False,,True,True,final publication artifact
upemba-boundary-disturbance,outputs/publication/supplement/tables/Table_S15_actual_and_pseudo_boundary_profile_contrasts.csv,.csv,8121,8a3a9d5c6c89508d00692f9e2db3f578da6be76f7333bd3991947e01baf09b9a,False,2026-06-26T11:54:23,True,False,True,True,False,,True,True,final publication artifact
upemba-boundary-disturbance,outputs/publication/supplement/tables/Table_S16_boundary_specificity_classifications.csv,.csv,5979,8e764c4eabe85ee8947717d0f33c082aceb7664fdc044059fd03ea5dd1e5b90b,False,2026-06-26T11:54:23,True,False,True,True,False,,True,True,final publication artifact
upemba-boundary-disturbance,outputs/publication/supplement/tables/Table_S16_pseudo_boundary_pairwise_differences.csv,.csv,9479,167156ac218a8a73ff4a238673c253b844820a9b1b162cddb12fa550f05ba175,False,2026-06-25T11:35:54,True,False,True,True,False,,True,True,final publication artifact
upemba-boundary-disturbance,outputs/publication/supplement/tables/Table_S17_measurement_and_validation_decisions.csv,.csv,2217,bbd941b8dcb750fe9e8b5f62018b24ce19650a34ad7eae756ab32fe4197d974c,False,2026-06-26T11:54:23,True,True,True,True,False,,True,True,final publication artifact
upemba-boundary-disturbance,outputs/publication/supplement/tables/Table_S18_reproducibility_environment_and_authoritative_inputs.csv,.csv,2163,1f2d0756915492265da0f48863d45c30158ca5a27474145a428e5e15161afd53,False,2026-06-26T11:54:24,True,False,True,True,False,,True,False,final publication artifact
upemba-boundary-disturbance,outputs/_validation/logs/01_04_harmonize_fire_2021_2022.log,.log,229,878afe60d321f7581b40afde07a2b09532789fef155a96f97c53a573fd09d2a9,False,2026-06-24T14:31:55,True,False,False,True,False,,True,False,generated intermediate
upemba-boundary-disturbance,outputs/_validation/logs/02_01_fit_governance_profile_models.log,.log,806,da1a6ec06695b879cae37b6092c1b4fe24bcab926bed3468e1a18b4f8bfe2145,False,2026-06-24T14:31:59,True,False,False,True,False,,True,False,generated intermediate
upemba-boundary-disturbance,outputs/_validation/logs/03_02_fit_sparse_outcomes_and_profile_robustness.log,.log,515,418cd1b811409a6901bcb3573d5e1928b31785613244fd0d6405492a53c48c99,False,2026-06-24T14:40:20,True,False,False,True,False,,True,False,generated intermediate
upemba-boundary-disturbance,outputs/_validation/logs/04_03_refine_fire_10km_optimizer.log,.log,154,208925e6c137edb0546ef39e4cd52d17fa8d497b4d45a9ffda47185c30ddba25,False,2026-06-24T14:40:33,True,False,False,True,False,,True,False,generated intermediate
upemba-boundary-disturbance,outputs/_validation/logs/05_03_run_revised_boundary_falsification.log,.log,374,55c9cdbd4eaddbbe8832becdabff388e10af80b7afddf20eec7be6654a3fee66,False,2026-06-24T14:41:24,True,False,False,True,False,,True,False,generated intermediate
upemba-boundary-disturbance,outputs/_validation/provenance/execution_stage_manifest.csv,.csv,903,6a599c4623c4b04215fb5a88f247b1d497098318abd83f588fd3459694fdebf9,False,2026-06-24T14:41:24,True,False,False,True,False,,True,False,generated intermediate
upemba-boundary-disturbance,outputs/_validation/provenance/frozen_reference_sources.csv,.csv,854,72374fb9e68e3b91e7a6bea4b61d4fec4f89e846d81436943908e303aa5b98bb,False,2026-06-24T14:45:36,True,False,False,True,False,,True,False,generated intermediate
upemba-boundary-disturbance,outputs/_validation/provenance/output_isolation_audit.csv,.csv,437,aeef3210e30fd98caf83e188ea6fc85af670d98a320233ae5bc6c17a30fa9656,False,2026-06-24T14:50:02,True,False,False,True,False,,True,False,generated intermediate
upemba-boundary-disturbance,outputs/_validation/provenance/resolved_input_validation.csv,.csv,49707,6c641db0ed8b0759b558eebd50325e6a7de39696f6001cba6af214d2cf3f68f2,False,2026-06-24T14:28:56,True,False,False,True,False,,True,False,generated intermediate
upemba-boundary-disturbance,outputs/_validation/provenance/sessionInfo.txt,.txt,2029,91635fc3a669c619fe80c052087591757779ea4fc278dd2014299d44a932cd39,False,2026-06-24T14:29:17,True,False,False,True,False,,True,False,generated intermediate
upemba-boundary-disturbance,outputs/_validation/provenance/software_preflight.csv,.csv,563,94ef434d67909097083ef57a83c292cda85ef420abe99b40067a29b540ffb60b,False,2026-06-24T14:29:17,True,False,False,True,False,,True,False,generated intermediate
upemba-boundary-disturbance,outputs/_validation/provenance/static_script_validation.csv,.csv,1102,699a24af00adaf0ab4884c38b9e2bfb250f39f56175bee03e818439513d6aaf9,False,2026-06-24T14:29:17,True,False,False,True,False,,True,False,generated intermediate
upemba-boundary-disturbance,outputs/_validation/results/frozen_classification_reproduction.csv,.csv,2370,f44e1d4b469062e7bf98d1e67da65e70f9c893fd6e1276603487f7b45fe49702,False,2026-06-24T14:45:36,True,False,False,True,False,,True,False,generated intermediate
upemba-boundary-disturbance,outputs/_validation/results/frozen_scalar_reproduction.csv,.csv,4897,283743907ed9671faf329b0cc7298dd0af68b182e947c7d670eaa3161f1fe999,False,2026-06-24T14:45:36,True,False,False,True,False,,True,False,generated intermediate
upemba-boundary-disturbance,outputs/_validation/results/output_schema_reproduction.csv,.csv,1264,50c410b019962b12dec9ec9505dc8c8432d02c2c43244b29321920119807bdf5,False,2026-06-24T14:45:36,True,False,False,True,False,,True,False,generated intermediate
upemba-boundary-disturbance,outputs/_validation/analysis_fire_harmonization_dev/provenance/fire_harmonized_2001_2022_manifest.csv,.csv,35348,dbd61a35326f39bb7919e502e3953de59cfa4130f44d7dcf6d02d69eb7188045,False,2026-06-24T14:31:55,True,False,False,True,False,,True,False,generated intermediate
upemba-boundary-disturbance,outputs/_validation/analysis_fire_harmonization_dev/provenance/fire_harmonized_input_hashes.csv,.csv,2374,562763a27a7c882836bcc08b438cc7aa782e5ff1290d9ec74cc4c92d1cad9339,False,2026-06-24T14:30:57,True,False,False,True,False,,True,True,generated intermediate
upemba-boundary-disturbance,outputs/_validation/analysis_fire_harmonization_dev/provenance/sessionInfo.txt,.txt,1283,27b7c5d810c22169b3db343a4fcaa2704b9ce73ef8fb099ebbcbdfe957a89ad0,False,2026-06-24T14:31:55,True,False,False,True,False,,True,True,generated intermediate
upemba-boundary-disturbance,outputs/_validation/analysis_fire_harmonization_dev/tables/fire_2021_2022_disagreement_by_distance.csv,.csv,1860,430aa3fb58232798e720de7628a7a5277d2570273a003a93ad04e42dd5255ea0,False,2026-06-24T14:31:04,True,False,False,True,False,,True,True,generated intermediate
upemba-boundary-disturbance,outputs/_validation/analysis_fire_harmonization_dev/tables/fire_2021_2022_disagreement_by_sesu_side.csv,.csv,2190,8e62a2fc750e9714771f74a2dd850a7cdc2c6e7661ad0e284fb6dd7352d86404,False,2026-06-24T14:31:04,True,False,False,True,False,,True,True,generated intermediate
upemba-boundary-disturbance,outputs/_validation/analysis_fire_harmonization_dev/tables/fire_2021_2022_product_comparison.csv,.csv,773,53d8edc2a9eb1caa825c9c6f988168584e2b5682e58646d0f92dc121d110dfd6,False,2026-06-24T14:31:04,True,False,False,True,False,,True,True,generated intermediate
upemba-boundary-disturbance,outputs/_validation/analysis_fire_harmonization_dev/tables/fire_2021_2022_source_inventory.csv,.csv,24855,d2e09010d438854a71ba6e5c2b88ca4e7a5dfdde16c917dc5584728c8d10f869,False,2026-06-24T14:30:21,True,False,False,True,False,,True,True,generated intermediate
upemba-boundary-disturbance,outputs/_validation/analysis_fire_harmonization_dev/tables/fire_canonical_vs_harmonized_tau025.csv,.csv,1082,1af92ebc7ee1b9843a8945dcc5fbcbadd2e6f1532e3b7880a2fbf3c198102817,False,2026-06-24T14:31:52,True,False,False,True,False,,True,True,generated intermediate
upemba-boundary-disturbance,outputs/_validation/analysis_fire_harmonization_dev/tables/fire_harmonized_event_counts.csv,.csv,188,05afcdea9ce7f474ec4761b3f2a14394b5ed1fbee269d63e7da5f5ef20879534,False,2026-06-24T14:30:58,True,False,False,True,False,,True,True,generated intermediate
upemba-boundary-disturbance,outputs/_validation/analysis_fire_harmonization_dev/tables/fire_harmonized_fit_diagnostics.csv,.csv,11922,a7ce4dbbf5558920f97dd77cd5c07f90b15b72a5e2ab052d7b1e5dda708d1c52,False,2026-06-24T14:31:52,True,False,False,True,False,,True,True,generated intermediate
upemba-boundary-disturbance,outputs/_validation/analysis_fire_harmonization_dev/tables/fire_harmonized_pairwise_differences.csv,.csv,3379,5e29fc7da7c79e0ff990a59aa3653bb14b2ddc8772c81b0f2cc630d37baee9da,False,2026-06-24T14:31:52,True,False,False,True,False,,True,True,generated intermediate
upemba-boundary-disturbance,outputs/_validation/analysis_fire_harmonization_dev/tables/fire_harmonized_profile_contrasts.csv,.csv,2782,af645074e829a97c25bca256ba80dc5e86fcfb1d92b23939d3163f5487fb2504,False,2026-06-24T14:31:52,True,False,False,True,False,,True,True,generated intermediate
upemba-boundary-disturbance,outputs/_validation/analysis_fire_harmonization_dev/tables/fire_harmonized_surface_summary.csv,.csv,66683,48d058f77cbfc06ecfc0f64240957d0c39e28d7e47196c8340ec9213deb2b344,False,2026-06-24T14:31:51,True,False,False,True,False,,True,True,generated intermediate
upemba-boundary-disturbance,outputs/_validation/analysis_fire_harmonization_dev/tables/fire_harmonized_validation.csv,.csv,7019,c6ff5fa7139fc324b97fddaa5f6e4ed56a23d36420a8a75a72bb98e5b71ca310,False,2026-06-24T14:30:58,True,False,False,True,False,,True,False,generated intermediate
upemba-boundary-disturbance,outputs/_validation/analysis_fire_harmonization_dev/tables/fire_previous_workflow_audit.csv,.csv,1796,02981872a9e1747fdf4287d713366e5c3ff75a88ebfcb9f26cbe8c7fc58327f5,False,2026-06-24T14:30:21,True,False,False,True,False,,True,True,generated intermediate
upemba-boundary-disturbance,outputs/_validation/analysis_fire_optimizer_refinement_dev/provenance/sessionInfo.txt,.txt,1245,1e64fe129b697ca2cfe754fffd6004c906a0f975c875b2b5afbd2d4c0a135f6a,False,2026-06-24T14:43:47,True,False,False,True,False,,True,True,generated intermediate
upemba-boundary-disturbance,outputs/_validation/analysis_fire_optimizer_refinement_dev/tables/baseline_10km_fit_diagnostics.csv,.csv,1835,39eb96b8f796f52d905ca5bdeefe5c482c51a51e03c40aa53bfb9b6e7ef02f6e,False,2026-06-24T14:43:46,True,False,False,True,False,,True,True,generated intermediate
upemba-boundary-disturbance,outputs/_validation/analysis_fire_optimizer_refinement_dev/tables/baseline_10km_pairwise_differences.csv,.csv,1313,f80f847a2d3e86617bf7934625196b95fe6fd4033b2e92fbb4252ab0440b351d,False,2026-06-24T14:43:46,True,False,False,True,False,,True,True,generated intermediate
upemba-boundary-disturbance,outputs/_validation/analysis_fire_optimizer_refinement_dev/tables/baseline_10km_profile_contrasts.csv,.csv,1093,fd68110e5181b4665a907f83e6d23e97dd2e53ebf536e855bc4836acadc7970e,False,2026-06-24T14:43:46,True,False,False,True,False,,True,True,generated intermediate
upemba-boundary-disturbance,outputs/_validation/analysis_fire_optimizer_refinement_dev/tables/baseline_10km_reproduction_check.csv,.csv,1000,cb34a6ab3d92a72ef65d2f65577e212ce9af8e2ad83c6bd3ca50356687397cf1,False,2026-06-24T14:43:46,True,False,False,True,False,,True,True,generated intermediate
upemba-boundary-disturbance,outputs/_validation/analysis_fire_optimizer_refinement_dev/tables/fire_10km_optimizer_diagnostics.csv,.csv,7731,4db69be39512339f6751f3be4dba6645705b877d0851363f6625d7279ee952a6,False,2026-06-24T14:43:46,True,False,False,True,False,,True,False,generated intermediate
upemba-boundary-disturbance,outputs/_validation/analysis_fire_optimizer_refinement_dev/tables/fire_10km_optimizer_pairwise_differences.csv,.csv,6569,57c4fa82048ac213556ce8c9b134940682bed3b68841d4b17d442f965ac66424,False,2026-06-24T14:43:47,True,False,False,True,False,,True,False,generated intermediate
upemba-boundary-disturbance,outputs/_validation/analysis_fire_optimizer_refinement_dev/tables/fire_10km_optimizer_parameter_comparison.csv,.csv,84191,0476bbb28af21076868c10103641f864d84ebc2551c96febee30cc56b1a02650,False,2026-06-24T14:43:46,True,False,False,True,False,,True,False,generated intermediate
upemba-boundary-disturbance,outputs/_validation/analysis_fire_optimizer_refinement_dev/tables/fire_10km_optimizer_profile_contrasts.csv,.csv,5675,c2dbdac1e51c00aef72f9e6370b6d328b5ce5578a04682921db179602b48102b,False,2026-06-24T14:43:47,True,False,False,True,False,,True,False,generated intermediate
upemba-boundary-disturbance,outputs/_validation/analysis_fire_optimizer_refinement_dev/tables/fire_10km_optimizer_retained_fits.csv,.csv,2521,8fc6483208f5e21cd340cbdfffbff8adece24ac22071434ba167295e142a9651,False,2026-06-24T14:43:47,True,False,False,True,False,,True,False,generated intermediate
upemba-boundary-disturbance,outputs/_validation/analysis_governance_profiles_dev/models/PRIMARY_betaBinomial_governance_profiles_agriculture.rds,.rds,88578,6d02489a4ef6c6dd6ad535a57937a5901c2af509e439e53600592375b8f946c4,False,2026-06-24T14:31:59,True,False,False,True,False,,True,False,generated intermediate
upemba-boundary-disturbance,outputs/_validation/analysis_governance_profiles_dev/models/PRIMARY_betaBinomial_governance_profiles_deforestation.rds,.rds,90318,debd48a3eddd5dc1d9a7912d2de34c34ca2c9ba493de7b48c8f9a67d5230349e,False,2026-06-24T14:31:59,True,False,False,True,False,,True,False,generated intermediate
upemba-boundary-disturbance,outputs/_validation/analysis_governance_profiles_dev/models/PRIMARY_betaBinomial_governance_profiles_fire.rds,.rds,91756,946bceec066a3f42d5e2b8af3bf43e9b5c21733505884db73ca561a096997dac,False,2026-06-24T14:31:58,True,False,False,True,False,,True,False,generated intermediate
upemba-boundary-disturbance,outputs/_validation/analysis_governance_profiles_dev/provenance/input_provenance.csv,.csv,524,a0a7960e958679260204a7b9f22dbc03d9aee68ac7406ce8c030d770c795e808,False,2026-06-24T14:31:59,True,False,False,True,False,,True,False,generated intermediate
upemba-boundary-disturbance,outputs/_validation/analysis_governance_profiles_dev/provenance/sessionInfo.txt,.txt,1245,1e64fe129b697ca2cfe754fffd6004c906a0f975c875b2b5afbd2d4c0a135f6a,False,2026-06-24T14:31:59,True,False,False,True,False,,True,True,generated intermediate
upemba-boundary-disturbance,outputs/_validation/analysis_governance_profiles_dev/tables/bootstrap_diagnostics.csv,.csv,0,e3b0c44298fc1c149afbf4c8996fb92427ae41e4649b934ca495991b7852b855,False,2026-06-24T14:31:59,True,False,False,True,False,,True,False,generated intermediate
upemba-boundary-disturbance,outputs/_validation/analysis_governance_profiles_dev/tables/governance_profile_diagnostics.csv,.csv,7001,877abac33ed1186ff5d84966ba6df9cd01de8e3ea97886dfb0515fcd586a424b,False,2026-06-24T14:31:58,True,False,False,True,False,,True,False,generated intermediate
upemba-boundary-disturbance,outputs/_validation/analysis_governance_profiles_dev/tables/governance_profile_timeline.csv,.csv,5629,f079c07df2377f39afcc2d23b3285b72d20b4f4f66e9e4ba779846c4925c376b,False,2026-06-24T14:31:58,True,False,False,True,False,,True,False,generated intermediate
upemba-boundary-disturbance,outputs/_validation/analysis_governance_profiles_dev/tables/model_fit_diagnostics.csv,.csv,1402,f94b4a5336b7054f84b3dd4569d47f07a36e5549cc15723921ed138e05e03c69,False,2026-06-24T14:31:59,True,False,False,True,False,,True,True,generated intermediate
upemba-boundary-disturbance,outputs/_validation/analysis_governance_profiles_dev/tables/model_sample_attrition.csv,.csv,311,69e5a861b5f85d3974cc50a153764aa1032b509bb855691b4965c90280b1fed0,False,2026-06-24T14:31:58,True,False,False,True,False,,True,True,generated intermediate
upemba-boundary-disturbance,outputs/_validation/analysis_governance_profiles_dev/tables/profile_episode_support.csv,.csv,456,4d7e4d91d390b0358a12ad2da6a83bc3e81edcbb6c72f51d1068f2320cb62d6e,False,2026-06-24T14:31:58,True,False,False,True,False,,True,True,generated intermediate
upemba-boundary-disturbance,outputs/_validation/analysis_governance_profiles_dev/tables/profile_model_support.csv,.csv,2997,91afdf95d1235561d3ecf61a58a02467648653a0bcf3ff9392a7d8329c40215c,False,2026-06-24T14:31:58,True,False,False,True,False,,True,False,generated intermediate
upemba-boundary-disturbance,outputs/_validation/analysis_governance_profiles_dev/tables/profile_pairwise_contrast_differences.csv,.csv,1681,d62499ed3fd07f66763c8d28ada731857f88710a1fe72fc1a88c4954527af5ae,False,2026-06-24T14:31:59,True,False,False,True,False,,True,True,generated intermediate
upemba-boundary-disturbance,outputs/_validation/analysis_governance_profiles_dev/tables/profile_shift_coefficients.csv,.csv,2494,7996c1f017aaae837d597e9ee10a31f378991fbe829f97c011ea0179b6193984,False,2026-06-24T14:31:59,True,False,False,True,False,,True,True,generated intermediate
upemba-boundary-disturbance,outputs/_validation/analysis_governance_profiles_dev/tables/profile_specific_inside_outside_contrasts.csv,.csv,2853,e5b8ca5e28e28ce7d5fd3fc7b7694d60b7dbca37fc6a3d5df33ec0a180990e3e,False,2026-06-24T14:31:59,True,False,False,True,False,,True,True,generated intermediate
upemba-boundary-disturbance,outputs/_validation/analysis_governance_profiles_dev/tables/profile_specific_inside_outside_contrasts_bootstrap.csv,.csv,0,e3b0c44298fc1c149afbf4c8996fb92427ae41e4649b934ca495991b7852b855,False,2026-06-24T14:31:59,True,False,False,True,False,,True,False,generated intermediate
upemba-boundary-disturbance,outputs/_validation/analysis_governance_profiles_robustness_dev/logs/diagnose_agriculture_canonical_nlminb_default.txt,.txt,6210,eb1086baae1251bdb96032909b893bac011726d69f5d7b5ebae3173d2f54087a,False,2026-06-24T14:32:04,True,False,False,True,False,,True,True,generated intermediate
upemba-boundary-disturbance,outputs/_validation/analysis_governance_profiles_robustness_dev/logs/diagnose_agriculture_canonical_nlminb_strict.txt,.txt,6210,eb1086baae1251bdb96032909b893bac011726d69f5d7b5ebae3173d2f54087a,False,2026-06-24T14:32:05,True,False,False,True,False,,True,True,generated intermediate
upemba-boundary-disturbance,outputs/_validation/analysis_governance_profiles_robustness_dev/logs/diagnose_agriculture_canonical_optim_bfgs.txt,.txt,6115,ce39e181048ec43c781f04d5f375c871d1463f99ea9ac4208ff14b152310b8ad,False,2026-06-24T14:32:05,True,False,False,True,False,,True,True,generated intermediate
upemba-boundary-disturbance,outputs/_validation/analysis_governance_profiles_robustness_dev/logs/diagnose_deforestation_canonical_nlminb_default.txt,.txt,4578,bee0d7578d3b6c0abc0f1603cf3faeba76ad02743c0d40b7219b44a3c48c9e87,False,2026-06-24T14:32:03,True,False,False,True,False,,True,True,generated intermediate
upemba-boundary-disturbance,outputs/_validation/analysis_governance_profiles_robustness_dev/logs/diagnose_deforestation_canonical_nlminb_strict.txt,.txt,4578,bee0d7578d3b6c0abc0f1603cf3faeba76ad02743c0d40b7219b44a3c48c9e87,False,2026-06-24T14:32:04,True,False,False,True,False,,True,True,generated intermediate
upemba-boundary-disturbance,outputs/_validation/analysis_governance_profiles_robustness_dev/logs/diagnose_deforestation_canonical_optim_bfgs.txt,.txt,538,2d26a2dd75ba061634645612731d8a8e1498d48119cf1516364622b2c8e3047b,False,2026-06-24T14:32:04,True,False,False,True,False,,True,True,generated intermediate
upemba-boundary-disturbance,outputs/_validation/analysis_governance_profiles_robustness_dev/logs/diagnose_fire_canonical_nlminb_default.txt,.txt,1217,7ee19070d925cfac3e888b8b819d3406cb8887f63c240f54314c8dafa6119f3b,False,2026-06-24T14:32:02,True,False,False,True,False,,True,True,generated intermediate
upemba-boundary-disturbance,outputs/_validation/analysis_governance_profiles_robustness_dev/logs/diagnose_fire_canonical_nlminb_strict.txt,.txt,1217,7ee19070d925cfac3e888b8b819d3406cb8887f63c240f54314c8dafa6119f3b,False,2026-06-24T14:32:02,True,False,False,True,False,,True,True,generated intermediate
upemba-boundary-disturbance,outputs/_validation/analysis_governance_profiles_robustness_dev/logs/diagnose_fire_canonical_optim_bfgs.txt,.txt,2889,43a09579deb2fa069bc4607632c328a26af7e17b9efe04570367305f2b0d58a6,False,2026-06-24T14:32:03,True,False,False,True,False,,True,True,generated intermediate
upemba-boundary-disturbance,outputs/_validation/analysis_governance_profiles_robustness_dev/provenance/input_provenance.csv,.csv,537,861f611ed1fac083cbabe73b7a6ecb78a41bbd0e059edea6ea283ff5c621ec27,False,2026-06-24T14:40:19,True,False,False,True,False,,True,False,generated intermediate
upemba-boundary-disturbance,outputs/_validation/analysis_governance_profiles_robustness_dev/provenance/sessionInfo.txt,.txt,1245,1e64fe129b697ca2cfe754fffd6004c906a0f975c875b2b5afbd2d4c0a135f6a,False,2026-06-24T14:40:20,True,False,False,True,False,,True,True,generated intermediate
upemba-boundary-disturbance,outputs/_validation/analysis_governance_profiles_robustness_dev/tables/best_diagnostic_candidate_optimizer.csv,.csv,9522,317028ea0447fedeee4f98ca139cb70a1bfe95973d312e2ad8af0e70e8026e8d,False,2026-06-24T14:32:05,True,False,False,True,False,,True,True,generated intermediate
upemba-boundary-disturbance,outputs/_validation/analysis_governance_profiles_robustness_dev/tables/bootstrap_failure_reasons.csv,.csv,208,f05442598a84e0435fc5143c8d3718272608e74225cf3483b5f2b1cdfed6920b,False,2026-06-24T14:39:33,True,False,False,True,False,,True,True,generated intermediate
upemba-boundary-disturbance,outputs/_validation/analysis_governance_profiles_robustness_dev/tables/bootstrap_profile_contrasts_finite.csv,.csv,1220,99ec2b64ed9fe63a8079ae9f349467c20b1411189250f5810cb0b7bee8ab6f70,False,2026-06-24T14:39:33,True,False,False,True,False,,True,True,generated intermediate
upemba-boundary-disturbance,outputs/_validation/analysis_governance_profiles_robustness_dev/tables/bootstrap_profile_contrasts_strict.csv,.csv,925,57955fe37bbcde60a3ffc9b6b9f997f9336cd062bf89aef12abbec2db7111df3,False,2026-06-24T14:39:33,True,False,False,True,False,,True,True,generated intermediate
upemba-boundary-disturbance,outputs/_validation/analysis_governance_profiles_robustness_dev/tables/bootstrap_replicate_diagnostics.csv,.csv,540480,990083086585d816bfc4a48b43c9b7a7e5cc7d7d2474e57dd3dfcd5bc26c8166,False,2026-06-24T14:39:33,True,False,False,True,False,,True,True,generated intermediate
upemba-boundary-disturbance,outputs/_validation/analysis_governance_profiles_robustness_dev/tables/episode_influence_summary.csv,.csv,1404,7bcffb3429a57775f2e7a06306dd6ed460c053907dcf72b8c1f169e58d913293,False,2026-06-24T14:40:18,True,False,False,True,False,,True,True,generated intermediate
upemba-boundary-disturbance,outputs/_validation/analysis_governance_profiles_robustness_dev/tables/governance_profile_robustness_summary.csv,.csv,8337,fd8d05c84e545db4f3e33b53f402c92f30e54111b2227a97241c54402c84c915,False,2026-06-24T14:40:19,True,False,False,True,False,,True,True,generated intermediate
upemba-boundary-disturbance,outputs/_validation/analysis_governance_profiles_robustness_dev/tables/governance_transitions.csv,.csv,655,d183e0eda0565ad402649c064368bef88f87a3e967e67b0a4b204faf1a629ef4,False,2026-06-24T14:39:33,True,False,False,True,False,,True,True,generated intermediate
upemba-boundary-disturbance,outputs/_validation/analysis_governance_profiles_robustness_dev/tables/governance_transition_review_sheet.csv,.csv,939,2dd253eee60e6ca5f8cc8dc1d659fe9bb9dd4511e7592f9e3cd9b3d7b4a48550,False,2026-06-24T14:39:33,True,False,False,True,False,,True,True,generated intermediate
upemba-boundary-disturbance,outputs/_validation/analysis_governance_profiles_robustness_dev/tables/leave_one_episode_out_fit_diagnostics.csv,.csv,94212,5c4a81560634c2315a2a495b88418375531ecff7d6d4d20c26a1e0ce0e07b25f,False,2026-06-24T14:40:18,True,False,False,True,False,,True,True,generated intermediate
upemba-boundary-disturbance,outputs/_validation/analysis_governance_profiles_robustness_dev/tables/leave_one_episode_out_pairwise_differences.csv,.csv,26349,9df9818394ca6b0c073984d534e0cd86233f53698b24e464a64859143dd4689e,False,2026-06-24T14:40:18,True,False,False,True,False,,True,True,generated intermediate
upemba-boundary-disturbance,outputs/_validation/analysis_governance_profiles_robustness_dev/tables/leave_one_episode_out_profile_contrasts.csv,.csv,30430,16edcf335e7e0cfe4839d8d3491163e3a975e9e56bf017ede48b63b9d2d91637,False,2026-06-24T14:40:18,True,False,False,True,False,,True,True,generated intermediate
upemba-boundary-disturbance,outputs/_validation/analysis_governance_profiles_robustness_dev/tables/optimizer_coefficient_comparison.csv,.csv,30926,3f48aae95bfc412978f9339c9bf690cd318fca7b254e33aa66b82adb23b01223,False,2026-06-24T14:32:05,True,False,False,True,False,,True,True,generated intermediate
upemba-boundary-disturbance,outputs/_validation/analysis_governance_profiles_robustness_dev/tables/optimizer_fit_diagnostics.csv,.csv,18630,768d5bb902acca12730a73be23b847568080e5a17e678da3ed71d7653ec9a570,False,2026-06-24T14:32:05,True,False,False,True,False,,True,True,generated intermediate
upemba-boundary-disturbance,outputs/_validation/analysis_governance_profiles_robustness_dev/tables/optimizer_profile_contrast_comparison.csv,.csv,6875,5eabdfd0a44a2e1d6fababf1320ce4e42bc1e3b3a5e6c6837564d7e1e7978b23,False,2026-06-24T14:32:05,True,False,False,True,False,,True,True,generated intermediate
upemba-boundary-disturbance,outputs/_validation/analysis_governance_profiles_robustness_dev/tables/optimizer_stability_summary.csv,.csv,1260,87b61b820c01e28d9197ba04b030283b62497a447c90558069afb85f4558354f,False,2026-06-24T14:32:05,True,False,False,True,False,,True,True,generated intermediate
upemba-boundary-disturbance,outputs/_validation/analysis_governance_profiles_robustness_dev/tables/phase1_point_estimate_reproduction.csv,.csv,927,82f3f17188e99733c7bd7c9f3d7fa58e4376e2d73fc5d72fa8c3c18cc21fddbc,False,2026-06-24T14:40:19,True,False,False,True,False,,True,True,generated intermediate
upemba-boundary-disturbance,outputs/_validation/analysis_governance_profiles_robustness_dev/tables/profile_episode_support_corrected.csv,.csv,848,f8b2c90685660e3a6c082a02e760bb75ecf400413b04f222f453c847e165ec53,False,2026-06-24T14:32:02,True,False,False,True,False,,True,True,generated intermediate
upemba-boundary-disturbance,outputs/_validation/analysis_governance_profiles_robustness_dev/tables/profile_model_support_corrected.csv,.csv,3159,78436a5e179aa44f21d92f41fb2fb99123ae41a72135464eded88a5d21d86beb,False,2026-06-24T14:32:02,True,False,False,True,False,,True,True,generated intermediate
upemba-boundary-disturbance,outputs/_validation/analysis_governance_profiles_robustness_dev/tables/sesu_between_landscape_differences.csv,.csv,1001,6a8f119af2576d70f0ef789503c8f02a9139881c31207624ba4eb53b373f7f67,False,2026-06-24T14:40:19,True,False,False,True,False,,True,True,generated intermediate
upemba-boundary-disturbance,outputs/_validation/analysis_governance_profiles_robustness_dev/tables/sesu_heterogeneity_fit_diagnostics.csv,.csv,10035,cab0609e2a856c8e66aa7c163f3df4aa8307d88d033191262f2dd09a7895f3ed,False,2026-06-24T14:40:19,True,False,False,True,False,,True,True,generated intermediate
upemba-boundary-disturbance,outputs/_validation/analysis_governance_profiles_robustness_dev/tables/sesu_specific_profile_contrasts.csv,.csv,4687,a87a1cdccbb2d6a6eea7bbe7ae8fd6bececea5cd4d9f44fdc07f8c8470e954fd,False,2026-06-24T14:40:19,True,False,False,True,False,,True,True,generated intermediate
upemba-boundary-disturbance,outputs/_validation/analysis_governance_profiles_robustness_dev/tables/sesu_year_inside_outside_contrasts.csv,.csv,38497,94bf9634b973b9a9f102e517bb2a3902c268020bbd436bad5623d932ee33ee66,False,2026-06-24T14:39:33,True,False,False,True,False,,True,True,generated intermediate
upemba-boundary-disturbance,outputs/_validation/analysis_governance_profiles_robustness_dev/tables/transition_sensitivity_fit_diagnostics.csv,.csv,242318,dcd0c4cdfb135e7c5d30de5237f7ebe0a5b35e13127a3bce42b8636a98328439,False,2026-06-24T14:40:06,True,False,False,True,False,,True,True,generated intermediate
upemba-boundary-disturbance,outputs/_validation/analysis_governance_profiles_robustness_dev/tables/transition_sensitivity_pairwise_differences.csv,.csv,49732,b487fc553ef37a2b9777e94018c0209c205a9d39edc87e42473effbe1670a83a,False,2026-06-24T14:40:06,True,False,False,True,False,,True,True,generated intermediate
upemba-boundary-disturbance,outputs/_validation/analysis_governance_profiles_robustness_dev/tables/transition_sensitivity_profile_contrasts.csv,.csv,59645,e0ee9912644564f7baa63c41d13e47ae0bd6e1083540ff1346751b4ab95f5026,False,2026-06-24T14:40:06,True,False,False,True,False,,True,True,generated intermediate
upemba-boundary-disturbance,outputs/_validation/analysis_governance_profiles_robustness_dev/tables/transition_sensitivity_scenarios.csv,.csv,1260,57506728922e9b56284b5d4b31fa068200833d71ef98e7070d1c3230909048e6,False,2026-06-24T14:40:06,True,False,False,True,False,,True,True,generated intermediate
upemba-boundary-disturbance,outputs/_validation/analysis_governance_profiles_robustness_dev/tables/two_stage_model_diagnostics.csv,.csv,848,179e94bef71cabdd4fc59bc402bd7602e87187862a55c0029b0c1a37d8ee4e47,False,2026-06-24T14:39:33,True,False,False,True,False,,True,True,generated intermediate
upemba-boundary-disturbance,outputs/_validation/analysis_governance_profiles_robustness_dev/tables/two_stage_pairwise_differences.csv,.csv,3446,0fd774d6ef4759b16ef993e11d6d766f7521bd4f153c80528613d08d06c63d46,False,2026-06-24T14:39:33,True,False,False,True,False,,True,True,generated intermediate
upemba-boundary-disturbance,outputs/_validation/analysis_governance_profiles_robustness_dev/tables/two_stage_profile_estimates.csv,.csv,2999,e66b7b41159eddbd106fcbac1a5edfdc81a43a69b4766a7b103620fb453dd7e1,False,2026-06-24T14:39:33,True,False,False,True,False,,True,True,generated intermediate
upemba-boundary-disturbance,outputs/_validation/analysis_spatial_falsification_revised_dev/figures/actual_vs_spaced_outer_comparison.png,.png,41528,91801eaa31af1a5f374dd5e769617673b7281683215389c3ac0f3583ff5dfa43,False,2026-06-24T14:41:23,True,False,False,True,False,,True,True,generated intermediate
upemba-boundary-disturbance,outputs/_validation/analysis_spatial_falsification_revised_dev/figures/fire_profile_contrasts_by_boundary_center.png,.png,91835,b0aaa4ab54e5d3cdb09413f35ae897f370212f6b21aaedc567f714bf61bbcdad,False,2026-06-24T14:41:22,True,False,False,True,False,,True,True,generated intermediate
upemba-boundary-disturbance,outputs/_validation/analysis_spatial_falsification_revised_dev/figures/revised_boundary_covariate_balance.png,.png,50105,3f1c4f06c688b660b54e797ea5abafea40ffa40aa2d1acb6c73084f33246d10c,False,2026-06-24T14:41:22,True,False,False,True,False,,True,True,generated intermediate
upemba-boundary-disturbance,outputs/_validation/analysis_spatial_falsification_revised_dev/figures/revised_pseudo_boundary_map.png,.png,1443300,616e4fb98fd66b6e7003f83a372559eeb06d61c63d3421dfac1f0e232a188870,False,2026-06-24T14:41:22,True,False,False,True,False,,True,False,generated intermediate
upemba-boundary-disturbance,outputs/_validation/analysis_spatial_falsification_revised_dev/figures/sparse_profile_contrasts_by_boundary_center.png,.png,139261,ed27fc9259daa8d50074bbf496754d3b8caf960ca0f487eab3361d6957396374,False,2026-06-24T14:41:23,True,False,False,True,False,,True,True,generated intermediate
upemba-boundary-disturbance,outputs/_validation/analysis_spatial_falsification_revised_dev/provenance/sessionInfo.txt,.txt,1763,ed6fec08b6f26d8c4a3f0e86da7412ea445f41c2eb02e0ed291f01716ac65362,False,2026-06-24T14:41:24,True,False,False,True,False,,True,False,generated intermediate
upemba-boundary-disturbance,outputs/_validation/analysis_spatial_falsification_revised_dev/provenance/spatial_boundary_falsification_revised_report.md,.md,6793,365a1e2465a579ec9c14bfb987d15fd9dcdebfbeba67a735576c2945ca819642,False,2026-06-24T14:41:23,True,True,False,True,False,,True,True,generated intermediate
upemba-boundary-disturbance,outputs/_validation/analysis_spatial_falsification_revised_dev/provenance/spatial_boundary_falsification_revised_validation.md,.md,2168,d5b7235083d0ec6baa979abae4e39f723711a307f9fd393816e8dd433bd40d57,False,2026-06-24T14:41:24,True,False,False,True,False,,True,False,generated intermediate
upemba-boundary-disturbance,outputs/_validation/analysis_spatial_falsification_revised_dev/tables/actual_boundary_reproduction_check.csv,.csv,304,57cee332e44c1325779a5e64ab6adbea69f599151f43eaa9822286888b007e47,False,2026-06-24T14:41:10,True,False,False,True,False,,True,True,generated intermediate
upemba-boundary-disturbance,outputs/_validation/analysis_spatial_falsification_revised_dev/tables/actual_vs_all_outer_summary.csv,.csv,4427,66b0c577dc51bdf2a8bdb9777a183b3744873f0fb0f1b7d4134a04e150507267,False,2026-06-24T14:41:10,True,False,False,True,False,,True,True,generated intermediate
upemba-boundary-disturbance,outputs/_validation/analysis_spatial_falsification_revised_dev/tables/actual_vs_spaced_outer_pairwise_comparison.csv,.csv,2183,1f94adbda69f5285adce782d6f6ff779f859a5ffcb684ef9f201ae414e299082,False,2026-06-24T14:41:10,True,False,False,True,False,,True,True,generated intermediate
upemba-boundary-disturbance,outputs/_validation/analysis_spatial_falsification_revised_dev/tables/actual_vs_spaced_outer_profile_comparison.csv,.csv,1949,4d6095bc30b7c165074aeedada33a900962ddbfa74318256ec74ba8a8283a37d,False,2026-06-24T14:41:10,True,False,False,True,False,,True,True,generated intermediate
upemba-boundary-disturbance,outputs/_validation/analysis_spatial_falsification_revised_dev/tables/boundary_specificity_classification.csv,.csv,2021,ba05c8e38e0adf13681e2547e7af0ceb09a5baeb2cf10c06ab5a1af7153e5c50,False,2026-06-24T14:41:10,True,False,False,True,False,,True,True,generated intermediate
upemba-boundary-disturbance,outputs/_validation/analysis_spatial_falsification_revised_dev/tables/boundary_surface_summary.csv,.csv,492147,5c391878cac36095075f787a7ce50add0e5a886a8dbe1496f75c59380c2debf4,False,2026-06-24T14:41:02,True,False,False,True,True,,True,True,generated intermediate
upemba-boundary-disturbance,outputs/_validation/analysis_spatial_falsification_revised_dev/tables/fire_boundary_fit_diagnostics.csv,.csv,19835,08c4c36592e7e31ef5c71167d3780daa1ace9bdf71be7c58a71d41e2b63df93e,False,2026-06-24T14:41:09,True,False,False,True,False,,True,True,generated intermediate
upemba-boundary-disturbance,outputs/_validation/analysis_spatial_falsification_revised_dev/tables/fire_boundary_pairwise_differences.csv,.csv,8896,c5ffcc866ab0cca05fc6383cba236379d29a4dd1692e14f4926171cff43eb075,False,2026-06-24T14:41:09,True,False,False,True,False,,True,True,generated intermediate
upemba-boundary-disturbance,outputs/_validation/analysis_spatial_falsification_revised_dev/tables/fire_boundary_profile_contrasts.csv,.csv,9428,0cca4133e4d6e678e405cf3170167b17affde0b2107115393fed12e5eb102dfc,False,2026-06-24T14:41:09,True,False,False,True,False,,True,True,generated intermediate
upemba-boundary-disturbance,outputs/_validation/analysis_spatial_falsification_revised_dev/tables/fire_boundary_retained_fits.csv,.csv,6983,d3fe2f0ab41f19fcce8225f7c02d6aee7183db134df71ca2462422fbed946365,False,2026-06-24T14:41:09,True,False,False,True,False,,True,True,generated intermediate
upemba-boundary-disturbance,outputs/_validation/analysis_spatial_falsification_revised_dev/tables/inner_check_pairwise_results.csv,.csv,2731,cedc56e1b53f421f0d0a40778cef86820fdd272a099213050818f6d7df42f020,False,2026-06-24T14:41:10,True,False,False,True,False,,True,True,generated intermediate
upemba-boundary-disturbance,outputs/_validation/analysis_spatial_falsification_revised_dev/tables/inner_check_profile_results.csv,.csv,2474,32e9d9506e2156d340acb78517bf96ad3ba3ef6b4dbb0fee95ab53dba83f5665,False,2026-06-24T14:41:10,True,False,False,True,False,,True,True,generated intermediate
upemba-boundary-disturbance,outputs/_validation/analysis_spatial_falsification_revised_dev/tables/outer_gradient_pairwise_results.csv,.csv,17833,a732536659803a253a37e50fd209d67e88a554ecce7c5ae49058a51996c68418,False,2026-06-24T14:41:10,True,False,False,True,False,,True,True,generated intermediate
upemba-boundary-disturbance,outputs/_validation/analysis_spatial_falsification_revised_dev/tables/outer_gradient_profile_results.csv,.csv,15681,dceb9d53323b8072a0d86f131d7591788ce1183fa73f02d37bbacf7bc7d4e079,False,2026-06-24T14:41:10,True,False,False,True,False,,True,True,generated intermediate
upemba-boundary-disturbance,outputs/_validation/analysis_spatial_falsification_revised_dev/tables/revised_boundary_balance_summary.csv,.csv,5754,d9848997d0a837e82d099e8723fb0c0083643f392850462bff63dd499997ad0d,False,2026-06-24T14:40:52,True,False,False,True,False,,True,True,generated intermediate
upemba-boundary-disturbance,outputs/_validation/analysis_spatial_falsification_revised_dev/tables/revised_boundary_covariate_balance.csv,.csv,52057,0a601b1764a5f5664a32334e6b7f5e1b15496b9de40652061c8216617e85b2e1,False,2026-06-24T14:40:52,True,False,False,True,False,,True,True,generated intermediate
upemba-boundary-disturbance,outputs/_validation/analysis_spatial_falsification_revised_dev/tables/revised_boundary_registry.csv,.csv,2965,a214f8b470cbcc0ebb9dc4df78bdced6318ef623492e802e4b804df1e060c1bf,False,2026-06-24T14:40:41,True,False,False,True,False,,True,True,generated intermediate
upemba-boundary-disturbance,outputs/_validation/analysis_spatial_falsification_revised_dev/tables/sparse_boundary_pairwise_differences.csv,.csv,38010,516108cc3bb3c04a1173d7f1b97f9c9f74749d683d02bf87161d1087ddbbc56a,False,2026-06-24T14:41:10,True,False,False,True,False,,True,True,generated intermediate
upemba-boundary-disturbance,outputs/_validation/analysis_spatial_falsification_revised_dev/tables/sparse_boundary_profile_estimates.csv,.csv,41134,1e988dee2f70568dd11ed4e26f95934fb108094ee491190b99402ad99f910a58,False,2026-06-24T14:41:10,True,False,False,True,False,,True,True,generated intermediate
upemba-boundary-disturbance,outputs/_validation/analysis_spatial_falsification_revised_dev/tables/sparse_boundary_sesu_year_contrasts.csv,.csv,648213,e3df3b345415615aa109a1b69007501f5cb3a81c61902135d00c2c4e460bc947,False,2026-06-24T14:41:10,True,False,False,True,False,,True,True,generated intermediate
upemba-boundary-disturbance,outputs/_validation/analysis_spatial_falsification_revised_dev/tables/sparse_boundary_support.csv,.csv,2810,3d246e3ecf46b5dbaa45e06f0640babb8c87f6b739470c5f86815e03fa0874e0,False,2026-06-24T14:41:10,True,False,False,True,False,,True,True,generated intermediate
upemba-boundary-disturbance,outputs/_validation/stage_outputs/fire_harmonized_500m/fireBurned_AprOct_2021_500m_tau010_harmonized.tif,.tif,30016,8f471fe57af41851ce5a1d83f4445a0624ec5f18038fdf5b3b439bddaea11f49,False,2026-06-24T14:30:39,True,False,False,True,False,,True,True,generated intermediate
upemba-boundary-disturbance,outputs/_validation/stage_outputs/fire_harmonized_500m/fireBurned_AprOct_2021_500m_tau025_harmonized.tif,.tif,31470,001f48c0cbc19d8f914da2e100ebf0b92df6b3730dadf58fe6537174847acd7a,False,2026-06-24T14:30:39,True,False,False,True,False,,True,True,generated intermediate
upemba-boundary-disturbance,outputs/_validation/stage_outputs/fire_harmonized_500m/fireBurned_AprOct_2021_500m_tau050_harmonized.tif,.tif,32878,081ac74360096fc311c262c63f91d509f4cd9c9a69f5d845b287789dcfed612e,False,2026-06-24T14:30:39,True,False,False,True,False,,True,True,generated intermediate
upemba-boundary-disturbance,outputs/_validation/stage_outputs/fire_harmonized_500m/fireBurned_AprOct_2022_500m_tau010_harmonized.tif,.tif,29894,d4ff424ea6180d0fe08b2b0fa302adea61941a8f47e5d322107a1ce2b84c9ba9,False,2026-06-24T14:30:57,True,False,False,True,False,,True,True,generated intermediate
upemba-boundary-disturbance,outputs/_validation/stage_outputs/fire_harmonized_500m/fireBurned_AprOct_2022_500m_tau025_harmonized.tif,.tif,31310,9ad1b9cd7577f6613be81ad62d99c437b47060ac340ebd4284c3412871023215,False,2026-06-24T14:30:57,True,False,False,True,False,,True,True,generated intermediate
upemba-boundary-disturbance,outputs/_validation/stage_outputs/fire_harmonized_500m/fireBurned_AprOct_2022_500m_tau050_harmonized.tif,.tif,32298,bb5e945387af32ddd23ceb027aec3ff92738f5222e29bde5c71a1ba2f81f3251,False,2026-06-24T14:30:57,True,False,False,True,False,,True,True,generated intermediate
upemba-boundary-disturbance,outputs/_validation/stage_outputs/fire_harmonized_500m/fireDOY_min_AprOct_2021_500m_tau010_harmonized.tif,.tif,162077,1e0b687837aadfd3be9df595e2623048a081f4badb5fcdfe10c02166800cb445,False,2026-06-24T14:30:39,True,False,False,True,False,,True,True,generated intermediate
upemba-boundary-disturbance,outputs/_validation/stage_outputs/fire_harmonized_500m/fireDOY_min_AprOct_2021_500m_tau025_harmonized.tif,.tif,157973,334918505ae8a47fbc38da6879c88f0c7086cf6c6e1bca3d948afc55c79a9fab,False,2026-06-24T14:30:39,True,False,False,True,False,,True,True,generated intermediate
upemba-boundary-disturbance,outputs/_validation/stage_outputs/fire_harmonized_500m/fireDOY_min_AprOct_2021_500m_tau050_harmonized.tif,.tif,150779,a22aa6f65be6f13306d8e61edad99f131f662928eeb32a5763ee67ac018af9ec,False,2026-06-24T14:30:39,True,False,False,True,False,,True,True,generated intermediate
upemba-boundary-disturbance,outputs/_validation/stage_outputs/fire_harmonized_500m/fireDOY_min_AprOct_2022_500m_tau010_harmonized.tif,.tif,160297,72bbfbc515b688a55ebf47a1ee9d0c9303db835f244b50c8a82144f945520496,False,2026-06-24T14:30:57,True,False,False,True,False,,True,True,generated intermediate
upemba-boundary-disturbance,outputs/_validation/stage_outputs/fire_harmonized_500m/fireDOY_min_AprOct_2022_500m_tau025_harmonized.tif,.tif,155655,facb4efa364f1e2fea2f938e1622168009f416df1c30198fad149b63afd416a3,False,2026-06-24T14:30:57,True,False,False,True,False,,True,True,generated intermediate
upemba-boundary-disturbance,outputs/_validation/stage_outputs/fire_harmonized_500m/fireDOY_min_AprOct_2022_500m_tau050_harmonized.tif,.tif,147999,7d8014f942a6f915b01fede22134cb6c986771e2277e680ac637a76d4326ead9,False,2026-06-24T14:30:57,True,False,False,True,False,,True,True,generated intermediate
upemba-boundary-disturbance,reports/fire_missingness_resolution/authoritative_fire_reproduction.csv,.csv,258,2ad17f97f1f2173d0ff642e76eb458149e0e421543c21e1ba85a41c228a73fcc,False,2026-06-25T06:18:33,True,False,False,False,False,,True,True,development audit
upemba-boundary-disturbance,reports/fire_missingness_resolution/authoritative_fire_reproduction.md,.md,364,52cd50c48c84ee76ef58fd704a470d6d28106c7c117e0b839877f70552322521,False,2026-06-25T06:18:33,True,False,False,False,False,,True,True,development audit
upemba-boundary-disturbance,reports/fire_missingness_resolution/fire_authoritative_missingness_comparison.csv,.csv,299,317bd6b513d3ee76c51dff8a1fc0d462bd8f470c4d8ae174ef87441860ef07f7,False,2026-06-25T06:18:33,True,False,False,False,False,,True,True,development audit
upemba-boundary-disturbance,reports/fire_missingness_resolution/fire_missingness_bounds_500m.csv,.csv,34368496,307dd364f7076d9047588db6d547b557f810a8dc2a7e5963a6b183efbdb8a03f,False,2026-06-25T06:18:33,True,False,False,False,False,,True,True,development audit
upemba-boundary-disturbance,reports/fire_missingness_resolution/fire_missingness_bounds_validation.csv,.csv,164,b541f49cd6a50836293fdabf020b4fb652efa889bd5d5724c61de44309fa9b1a,False,2026-06-25T06:18:33,True,False,False,False,False,,True,True,development audit
upemba-boundary-disturbance,reports/fire_missingness_resolution/fire_missingness_by_stratum.csv,.csv,701,618f48a7b3b4e61e77bd44ee9d9a915874116a7acac089f77c033d3a4bcc8994,False,2026-06-25T06:18:33,True,False,False,False,False,,True,True,development audit
upemba-boundary-disturbance,reports/fire_missingness_resolution/fire_missingness_final_decision.csv,.csv,746,c499c0dd832d79680381e172130739dabed7ec5ce5bd5b3c7801d17831f0790e,False,2026-06-25T06:19:31,True,True,False,False,False,,True,True,development audit
upemba-boundary-disturbance,reports/fire_missingness_resolution/fire_missingness_final_decision.md,.md,1026,a5801bf924c8cfa9603cfbc75fdd0b4f5f87ba0ae2e19d37942162e469ee3516,False,2026-06-25T06:19:31,True,False,False,True,False,,True,True,development audit
upemba-boundary-disturbance,reports/fire_missingness_resolution/fire_missingness_maps.png,.png,33135,6d3b14b9c60f5cc589b37d84e984af6bd3a1ca997ac750bf7b228d6890f25173,False,2026-06-25T06:18:37,True,False,False,False,False,,True,True,development audit
upemba-boundary-disturbance,reports/fire_missingness_resolution/fire_missingness_model_comparison.md,.md,290,8cde7b81aaf17b780e1e39926abae4c70d5e414181718eb90014dd2e41a3d899,False,2026-06-25T06:19:20,True,False,False,False,False,,True,True,development audit
upemba-boundary-disturbance,reports/fire_missingness_resolution/fire_missingness_optimizer_diagnostics.csv,.csv,329,bb0995ecad01d4f057660ee6ef509dafd64df8da26dd2be057db9d3d91441dce,False,2026-06-25T06:19:20,True,False,False,False,False,,True,True,development audit
upemba-boundary-disturbance,reports/fire_missingness_resolution/fire_missingness_summary.csv,.csv,1081,30aa46e1e1dfbe6be1af6feef3730cb87eaf2e487dde23a4c487637b4c985793,False,2026-06-25T06:18:33,True,False,False,False,False,,True,True,development audit
upemba-boundary-disturbance,reports/fire_missingness_resolution/fire_native_state_counts.csv,.csv,253,f610627739abb73d57fbee5f0f7b85cccdbe97cda7b9731a122b140d81c92513,False,2026-06-25T06:18:33,True,False,False,False,False,,True,True,development audit
upemba-boundary-disturbance,reports/fire_missingness_resolution/fire_native_state_inconsistencies.csv,.csv,105,407049cee3179cd30b50b296d6291d74d92107afbaab3ebab0fae6955875975a,False,2026-06-25T06:18:33,True,False,False,False,False,,True,True,development audit
upemba-boundary-disturbance,reports/methods_review_final_audits/clustering_near_reproduction_acceptance.md,.md,396,b4f9c54824200f5ac8b399a1501b8dc104ee13c50c3d06fd6bdd5b658f423831,False,2026-06-24T22:49:37,True,False,False,True,False,,True,True,development audit
upemba-boundary-disturbance,reports/methods_review_final_audits/clustering_near_reproduction_discrepancies.csv,.csv,19304,ea46de930134fce2a33f127614c01fd0156afba2af5139ceba0e7a548f6bbb06,False,2026-06-24T22:26:23,True,False,False,False,False,,True,True,development audit
upemba-boundary-disturbance,reports/methods_review_final_audits/clustering_near_reproduction_discrepancy_map.png,.png,19939,4436ef8915a320eb6f2bb4b5211f0b5300390b45386ef92940992e9a4fce8ada,False,2026-06-24T22:26:24,True,False,False,False,False,,True,True,development audit
upemba-boundary-disturbance,reports/methods_review_final_audits/final_methods_audit_decision.md,.md,1759,0ec7eae467f09bb5758797a24eda7e3d07abd07e558bd1e6bb183183d1a47a93,False,2026-06-24T22:49:39,True,True,False,False,False,,True,True,development audit
upemba-boundary-disturbance,reports/methods_review_final_audits/final_methods_audit_issue_classification.csv,.csv,406,d59b46c0132af3c7a98b320c6cd06d465a3349b6e96f8f51abfedc984e5324af,False,2026-06-24T22:45:21,True,False,False,False,False,,True,True,development audit
upemba-boundary-disturbance,reports/methods_review_final_audits/final_methods_reporting_facts.csv,.csv,4373,70074fcf269b6b548f6ffedbc59b378ae78c3ec47651642625cef323b3283e9f,False,2026-06-24T22:45:21,True,True,False,False,False,,True,True,development audit
upemba-boundary-disturbance,reports/methods_review_final_audits/fire_authoritative_vs_observation_aware_cells.csv,.csv,171,aa15f77b23e7e5ff80995eb97d5136ab2f3ce5ea7d8f5ab2c71805477ef8df8d,False,2026-06-24T22:37:01,True,False,False,False,False,,True,True,development audit
upemba-boundary-disturbance,reports/methods_review_final_audits/fire_authoritative_vs_observation_aware_strata.csv,.csv,600,8ae4671467230c49513730a0b22f06bfb4d9d51cc41d35f6a4aa60d5cbe32f42,False,2026-06-24T22:37:01,True,False,False,False,False,,True,True,development audit
upemba-boundary-disturbance,reports/methods_review_final_audits/fire_authoritative_vs_observation_aware_summary.csv,.csv,320,7b5902034c93e6c5b270a7e90a18efb24685bad1a28b05e8e1d774eb7d268715,False,2026-06-24T22:37:01,True,False,False,False,False,,True,True,development audit
upemba-boundary-disturbance,reports/methods_review_final_audits/fire_changed_cells_map.png,.png,51444,c1fad690f081500fc56452a3063de99d60f2586d0ba768ae7c1e99d33e256c4e,False,2026-06-24T22:37:03,True,False,False,False,False,,True,True,development audit
upemba-boundary-disturbance,reports/methods_review_final_audits/fire_monthly_jd_code_counts_completed.csv,.csv,4898,b04346e1a6ec2f432abf58b4ccde84158b3748c635df59ba93be6854b728522b,False,2026-06-24T22:36:59,True,False,False,False,False,,True,True,development audit
upemba-boundary-disturbance,reports/methods_review_final_audits/fire_observation_aware_aggregation_diagnostics.csv,.csv,447,714e702f4527748eb3f2f05f8412a40c848482f029f06b5f702748e2163a7324,False,2026-06-24T22:36:59,True,False,False,False,False,,True,True,development audit
upemba-boundary-disturbance,reports/methods_review_final_audits/fire_observation_aware_audit.md,.md,486,c1273eadf7d869805c4b773966dd6dde7774a3f226d866f29d37043e0efb1060,False,2026-06-24T22:49:42,True,False,False,False,False,,True,True,development audit
upemba-boundary-disturbance,reports/methods_review_final_audits/fire_observation_aware_fit_diagnostics.csv,.csv,540,be83388408eae1092966e424bbc94dd3cd5b323bcfa680f008b517b2bc600fc7,False,2026-06-24T22:37:09,True,False,False,False,False,,True,True,development audit
upemba-boundary-disturbance,reports/methods_review_final_audits/fire_observation_aware_geometry_validation.csv,.csv,459,34af1d261ead95633ba39acd3616db608934eae86678fc51f0a792ea5ed1c2b6,False,2026-06-24T22:37:00,True,False,False,False,False,,True,True,development audit
upemba-boundary-disturbance,reports/methods_review_final_audits/fire_observation_aware_model_comparison.md,.md,402,87722bc4d8ec36d15cf07c16f40272952727896a9441b7127da6667735acd3fc,False,2026-06-24T22:49:44,True,False,False,False,False,,True,True,development audit
upemba-boundary-disturbance,reports/methods_review_final_audits/fire_observation_aware_pairwise_differences.csv,.csv,949,f5cf86238a03d18a02474aa5d59d07964bf0a9150f9a423a3b8b46998764dec1,False,2026-06-24T22:37:09,True,False,False,False,False,,True,True,development audit
upemba-boundary-disturbance,reports/methods_review_final_audits/fire_observation_aware_profile_contrasts.csv,.csv,865,3d3187e53818cb025f2a9b25478db15dcd4ab25672bad6638f299917ba998c0c,False,2026-06-24T22:37:09,True,False,False,False,False,,True,True,development audit
upemba-boundary-disturbance,reports/methods_review_final_audits/fire_valid_coverage_500m.csv,.csv,520,e87aa56e2720e85588bd86592fecd14f2db1f1bfe5691a6a8a63fa8366522eab,False,2026-06-24T22:37:01,True,False,False,False,False,,True,True,development audit
upemba-boundary-disturbance,reports/methods_review_final_audits/fire_valid_coverage_by_stratum.csv,.csv,5756,1c878bff74cf5d7bf9f63ce30495cd965ccf4bbdcddeb4059e014cd735566d82,False,2026-06-24T22:37:01,True,False,False,False,False,,True,True,development audit
upemba-boundary-disturbance,reports/methods_review_final_audits/fire_valid_coverage_map_2021.png,.png,45495,7e41ba6d70bad31500952029d6a1fb69efa3f7059c4e966752cd27a566da2708,False,2026-06-24T22:37:01,False,False,False,False,False,,True,True,development audit
upemba-boundary-disturbance,reports/methods_review_final_audits/fire_valid_coverage_map_2022.png,.png,45471,237305647312910a3632fc36d093bd57a2fbc9017fd08deddbf1ea6adfbaa3fa,False,2026-06-24T22:37:02,False,False,False,False,False,,True,True,development audit
upemba-boundary-disturbance,reports/methods_review_final_audits/no_accessibility_clustering_audit.md,.md,843,8b1a5546c3b50d45d2b37aa93ca3b3b8d1396c0471505191cf8c1ca48e2706aa,False,2026-06-24T22:49:46,True,False,False,True,False,,True,True,development audit
upemba-boundary-disturbance,reports/methods_review_final_audits/no_accessibility_clustering_map.png,.png,53127,79c7a2fb4606ce1ca2078024fc5be6c438e5553c09567c206176e0a013ebde15,False,2026-06-24T22:29:24,True,False,False,False,False,,True,True,development audit
upemba-boundary-disturbance,reports/methods_review_final_audits/no_accessibility_cluster_support.csv,.csv,983,0674c87f6143ea1a16576d3bcaaac67381526501e5b5af320316772c682be582,False,2026-06-24T22:27:48,True,False,False,False,False,,True,True,development audit
upemba-boundary-disturbance,reports/methods_review_final_audits/no_accessibility_k3_comparison.csv,.csv,648,2f579875c7a1db8d12ee4b43b801ac6b6818507759def835b3c6cc365df1c384,False,2026-06-24T22:27:48,True,False,False,True,False,,True,True,development audit
upemba-boundary-disturbance,reports/methods_review_final_audits/no_accessibility_seed_stability.csv,.csv,334,9c8091ef395c1e3d2af40a1767319c177df6ac25ec28ad5b4cefbbbf88f74afd,False,2026-06-24T22:29:21,True,False,False,True,False,,True,True,development audit
upemba-boundary-disturbance,reports/methods_review_final_audits/no_accessibility_selected_k_comparison.csv,.csv,656,5d82f3c3a60dacfabdffaefa1194a661ca5e33178c632a04fe2155ced4a902ce,False,2026-06-24T22:27:48,True,False,False,True,False,,True,True,development audit
upemba-boundary-disturbance,reports/methods_review_final_audits/no_accessibility_silhouette_profile.csv,.csv,319,fb59c7bc2c84947b6064f46f3b2058a547a56adffacbd5dc96a081ef7ce88229,False,2026-06-24T22:27:16,True,False,False,False,False,,True,True,development audit
upemba-boundary-disturbance,reports/methods_review_targeted_audits/clustering_area_after_cleaning.csv,.csv,97,55837a11f30a5be50272d9a43c288e24677438661cbf3ebe111c237a9b9c7083,False,2026-06-24T20:15:44,True,False,False,False,False,,True,True,development audit
upemba-boundary-disturbance,reports/methods_review_targeted_audits/clustering_area_before_cleaning.csv,.csv,88,3cfcea4debebfdcd6da74c717b174f2ebe3f878f3774dc4a7b7d9fd3235f2ffc,False,2026-06-24T20:15:44,True,False,False,False,False,,True,True,development audit
upemba-boundary-disturbance,reports/methods_review_targeted_audits/clustering_despeckling_summary.csv,.csv,249,ccd868e964691e514929c11b47b48d4aeae7e73113004dfec5dc333ce671bbcf,False,2026-06-24T20:15:44,True,False,False,False,False,,True,True,development audit
upemba-boundary-disturbance,reports/methods_review_targeted_audits/clustering_no_accessibility_audit.md,.md,380,db9c4cb9fc45ff2b2989ce866e0117f6b5d99bc7d0cbf4834031f875448e76e0,False,2026-06-24T22:08:33,True,False,False,False,False,,True,True,development audit
upemba-boundary-disturbance,reports/methods_review_targeted_audits/clustering_no_accessibility_comparison.csv,.csv,405,dec1154eb562038c493f0b2ca51a2e5e70c8068c72f20995db61fa3fb7264470,False,2026-06-24T20:15:44,True,False,False,False,False,,True,True,development audit
upemba-boundary-disturbance,reports/methods_review_targeted_audits/clustering_no_accessibility_map.png,.png,5441,4bde381d5bee6149525035d233440ce4cda1f2ed40cae3683e4be8bf887a976d,False,2026-06-24T22:05:22,True,False,False,False,False,,True,True,development audit
upemba-boundary-disturbance,reports/methods_review_targeted_audits/clustering_no_accessibility_silhouette.csv,.csv,31,3a8f2bd7c9a642650ab28ab41cbc600bc63b1024b0d59f48ac37dcc9f78e476a,False,2026-06-24T20:15:44,True,False,False,False,False,,True,True,development audit
upemba-boundary-disturbance,reports/methods_review_targeted_audits/clustering_reproduction_summary.csv,.csv,499,720effaef5835742e54ab6d1ca2cb71f830fd5b6e34b6f66aee94b3926ceb5a3,False,2026-06-24T20:15:44,True,False,False,False,False,,True,True,development audit
upemba-boundary-disturbance,reports/methods_review_targeted_audits/clustering_reproduction_validation.md,.md,594,44434ff84ca0b288dab5cd99efd1a801755b8231b70fda083dc2bdd92fd0caac,False,2026-06-24T22:08:33,True,False,False,False,False,,True,True,development audit
upemba-boundary-disturbance,reports/methods_review_targeted_audits/clustering_seed_stability.csv,.csv,144,a637dd89f7cd08f17b339eb028a63f61b299c7c3285f48d44b5c5063868791f5,False,2026-06-24T20:15:44,True,False,False,False,False,,True,True,development audit
upemba-boundary-disturbance,reports/methods_review_targeted_audits/clustering_silhouette_profile_full.csv,.csv,318,a51850c4f05b4a9ba29f2546a6e94e5afca93dcc63bb57dc2ecb864c2b82ed19,False,2026-06-24T20:15:44,True,False,False,True,False,,True,True,development audit
upemba-boundary-disturbance,reports/methods_review_targeted_audits/fire_authoritative_vs_observation_aware.csv,.csv,349,865a1b483dd7c06f8351c587829121d530e5bb4ab5c3d1ff8d1170e497d24f4f,False,2026-06-24T21:44:31,True,False,False,False,False,,True,True,development audit
upemba-boundary-disturbance,reports/methods_review_targeted_audits/fire_authoritative_vs_observation_aware_by_stratum.csv,.csv,76,143412e3171f3371745091f9d5b6f6c49aa5db2687e14ea718f454ede481522e,False,2026-06-24T21:44:31,True,False,False,False,False,,True,True,development audit
upemba-boundary-disturbance,reports/methods_review_targeted_audits/fire_monthly_jd_code_counts.csv,.csv,9429,c959aefde5bd0dc20af47e0cac0f0e753eddb6da9d3982f445d9168942a80516,False,2026-06-24T21:44:31,True,False,False,False,False,,True,True,development audit
upemba-boundary-disturbance,reports/methods_review_targeted_audits/fire_observation_aware_fit_diagnostics.csv,.csv,303,3d15dbb0c7e850c458c6ab6f013e4fee222326c9eaf3cbe4b9bca7b391fd1eef,False,2026-06-24T21:44:31,True,False,False,False,False,,True,True,development audit
upemba-boundary-disturbance,reports/methods_review_targeted_audits/fire_observation_aware_pairwise_differences.csv,.csv,176,1a0575bd4cd2b3a85f448311ba652b81365e11212adedd654dab0d3833cd0f8f,False,2026-06-24T21:44:31,True,False,False,False,False,,True,True,development audit
upemba-boundary-disturbance,reports/methods_review_targeted_audits/fire_observation_aware_profile_contrasts.csv,.csv,176,1a0575bd4cd2b3a85f448311ba652b81365e11212adedd654dab0d3833cd0f8f,False,2026-06-24T21:44:31,True,False,False,False,False,,True,True,development audit
upemba-boundary-disturbance,reports/methods_review_targeted_audits/fire_valid_coverage_500m.csv,.csv,238,bb0f0eccaa2b9a4b1a62761d3d35420e27b7be16b775e5e56d76164655768b17,False,2026-06-24T21:44:31,True,False,False,False,False,,True,True,development audit
upemba-boundary-disturbance,reports/methods_review_targeted_audits/fire_valid_observation_audit.md,.md,489,e1cd391d97ec6c7e1a906bc895466f85bcd746e39e3bb9feaeacee54260440ad,False,2026-06-24T22:08:33,True,False,False,False,False,,True,True,development audit
upemba-boundary-disturbance,reports/methods_review_targeted_audits/methods_reporting_facts.csv,.csv,7007,a24333b60587e506839aea898e620f7a130f5d4c834c624dac24f7b34c8e99df,False,2026-06-24T22:06:51,True,False,False,False,False,,True,True,development audit
upemba-boundary-disturbance,reports/methods_review_targeted_audits/methods_review_targeted_audit_decision.md,.md,652,36368529d51c746aa5c6e4d6262f15c0290faf4fe6ae2a11b714fd400ad5a392,False,2026-06-24T22:08:33,True,False,False,False,False,,True,True,development audit
upemba-boundary-disturbance,reports/methods_review_targeted_audits/sesu2_event_support.csv,.csv,3588,1d4ddafec3a765affde4e793092c0356cfc5e4e1d93b032c6d2b85221ee335b5,False,2026-06-24T22:04:25,True,False,False,True,False,,True,True,development audit
upemba-boundary-disturbance,reports/methods_review_targeted_audits/sesu2_profile_availability.csv,.csv,318,a47af1a9967c4f134503087e566cd5a6a7dfe4e01b45e47e12c62d8008f38c05,False,2026-06-24T22:04:25,True,False,False,False,False,,True,True,development audit
upemba-boundary-disturbance,reports/methods_review_targeted_audits/sesu2_support_audit.md,.md,383,9db9cc67a3458c0e6b74c3844c383b3195b40fb0faf4ff937b229a579c2ea7ca,False,2026-06-24T22:08:33,True,False,False,True,False,,True,True,development audit
upemba-boundary-disturbance,reports/methods_review_targeted_audits/sesu2_support_by_spatial_design.csv,.csv,1874,2391dfc32f05ae7b4de4ddd8be2172c4c82fbc6d1a005be17ef41f9b2a11d026,False,2026-06-24T22:04:25,True,False,False,True,False,,True,True,development audit
upemba-boundary-disturbance,reports/publication/two_repository_preflight.md,.md,1354,4baca448c5c4c4f68dd8ae3abcf9954f70796ea41b5967f3c861afa3f008ac54,False,2026-06-25T17:51:29,False,False,False,False,False,,True,True,development audit
upemba-boundary-disturbance,reports/publication_outputs/event_total_validation.csv,.csv,574,89a8fa1b58b7a799abb1b7e2de50da70af4ff19e2521daf936c04e0472c6e9e7,False,2026-06-25T07:56:59,True,False,False,False,False,,True,True,development audit
upemba-boundary-disturbance,reports/publication_outputs/figure_layout_revision_v2.md,.md,1402,868423a0135c9080bc9c8d9fb7587197c85e72b0205040dc23e097210dd28fea,False,2026-06-25T07:57:16,True,False,False,False,False,,True,True,development audit
upemba-boundary-disturbance,reports/publication_outputs/main_figure_captions.md,.md,2226,a78f0556fa45fab810c512c6a99628d63edf0432489b73f61bd76f6f0bd5837b,False,2026-06-25T07:57:16,True,False,False,False,False,,True,True,development audit
upemba-boundary-disturbance,reports/publication_outputs/main_table_captions.md,.md,494,00ae96aa28a003d53eda5a1ab756f276ea27395172fd10b0693c1a7cbfae9e58,False,2026-06-25T07:57:16,True,False,False,False,False,,True,True,development audit
upemba-boundary-disturbance,reports/publication_outputs/publication_input_registry.csv,.csv,2652,e708073dc13244e4f0ebf91e95330eb95bda22b92a8fb8a6e65ad303a79efbce,False,2026-06-25T07:56:59,True,False,False,False,False,,True,True,authoritative result
upemba-boundary-disturbance,reports/publication_outputs/publication_output_provenance.csv,.csv,2875,2e22f0eb871fadd9409f73b9bc12cf285898048781272d5c4eba0b1354c412ec,False,2026-06-25T07:57:16,True,True,False,False,False,,True,True,authoritative result
upemba-boundary-disturbance,reports/publication_outputs/publication_output_validation.md,.md,777,e2a0f0dbee375a0ec587928f30d5c5bec15ad341212da5fe9c91f79b3f0c2f98,False,2026-06-25T07:57:20,True,True,False,False,False,,True,True,authoritative result
upemba-boundary-disturbance,reports/repository/cleanup_actions.csv,.csv,14168,3a9aced42689feb87953913c869f15a1578d082eb4620c82fdff7a680bb7ae33,False,2026-06-26T11:57:16,False,True,True,False,False,,True,False,development audit
upemba-boundary-disturbance,reports/supplement/governance_episode_evidence_audit.md,.md,8666,6001fbfb5d27e4794b5f0886b8985abcfeba636996f23d73dddf3b91c57d417b,False,2026-06-25T11:29:28,False,True,True,False,False,,True,True,development audit
upemba-boundary-disturbance,reports/supplement/main_text_cross_reference_map.csv,.csv,946,22e4b2b38d3b85856ccbdc9c2ba5fdf6e80385d4f185540bb9e02908b29e9751,False,2026-06-26T11:54:40,True,True,True,False,False,,True,False,development audit
upemba-boundary-disturbance,reports/supplement/sessionInfo.txt,.txt,1089,97595f8d11b271fef8eca96c33e46fe473a645260f105ccd17df1c550cc5686a,False,2026-06-26T11:54:24,True,False,True,True,False,,True,False,development audit
upemba-boundary-disturbance,reports/supplement/supplement_generation_log.md,.md,314,5c404d62acd3a53fde0679694d54654a6588f9849667639969f3d5a313400ea6,False,2026-06-26T11:54:41,True,False,True,False,False,,True,False,development audit
upemba-boundary-disturbance,reports/supplement/supplement_manifest.csv,.csv,8414,edfe96be6dfa1a45bb2ea1c3a5c7ebcd48f6f56c7da982f446ccd33501c80a18,False,2026-06-26T11:54:40,True,False,True,False,False,,True,False,development audit
upemba-boundary-disturbance,reports/supplement/supplement_validation.md,.md,385,742fa771e2977bcc81f484a824bef2a448fa6aa4301c228181ec770b9a4813c3,False,2026-06-26T11:54:41,True,True,True,False,False,,True,False,development audit
upemba-boundary-disturbance,reports/supplement/table_s5_fire_reconciliation.md,.md,794,d9fe662974cfb0acf6b064a52d63d793cf044f39c1e53d379eb639b04fb293b0,False,2026-06-26T11:54:23,True,True,True,False,False,,True,True,development audit
upemba-boundary-disturbance,scripts/acquisition/00_acquire_remote_sensing_gee.txt,.txt,24871,2a6fefa669a0e009e7650fe33d09723c45327166636ccb3c0cf23ebc295a03e0,False,2026-06-24T14:10:58,True,False,False,True,False,,False,True,authoritative analysis script
upemba-boundary-disturbance,scripts/analysis/01_fit_governance_profile_models.R,.r,20802,0188c734ac31fbf55a1de925bdf8d08b302b09f3251fa472fa64cf233090fceb,False,2026-06-24T14:10:59,True,False,False,True,False,,False,False,authoritative analysis script
upemba-boundary-disturbance,scripts/analysis/02_fit_sparse_outcomes_and_profile_robustness.R,.r,47645,ec4ad412d17a485e51b759bb5993d0db3379403d799c2b722abb151e1b5a5158,False,2026-06-24T14:10:59,True,False,False,True,False,,False,False,authoritative analysis script
upemba-boundary-disturbance,scripts/analysis/03_refine_fire_10km_optimizer.R,.r,22676,b3a554f03b4c9fe824451d6d0d235ee91592dfb5ab92254a8714730dda56037e,False,2026-06-24T14:42:50,True,False,False,True,False,,False,False,authoritative analysis script
upemba-boundary-disturbance,scripts/lib/project_paths.R,.r,871,e16f8ad8714b589f08719e7fd493c1b77af26e8a285c07a014b35757ea8a2e3a,False,2026-06-24T14:10:59,True,False,False,True,False,,False,False,authoritative analysis script
upemba-boundary-disturbance,scripts/preprocessing/01_preprocess_fire_agriculture_sources.R,.r,7499,44d25d176efe61b275966de756a4b4d31812c5c743ea92d8d9e1c19f27ce6576,False,2026-06-24T14:10:58,True,False,False,True,False,,False,False,authoritative analysis script
upemba-boundary-disturbance,scripts/preprocessing/02_construct_landscape_groups.R,.r,18345,e51e7330a77a667e5dea15c54e04c99603f6e17685eee7d3176943119163c030,False,2026-06-24T14:10:58,True,False,False,True,False,,False,False,authoritative analysis script
upemba-boundary-disturbance,scripts/preprocessing/03_prepare_cell_year_data.R,.r,26694,f34b3ded931a256108f76d631f339020e6492d15a9e34b632ac26750c164ddfe,False,2026-06-24T14:10:59,True,False,False,True,False,,False,False,authoritative analysis script
upemba-boundary-disturbance,scripts/preprocessing/04_harmonize_fire_2021_2022.R,.r,28863,3c39dcb8dee39436ca0dfec74b6cdde4d1d2625d8500f731a8e2c8112cf00cb4,False,2026-06-24T14:22:20,True,False,False,True,False,,False,False,authoritative analysis script
upemba-boundary-disturbance,scripts/publication/06_generate_main_figures_tables.R,.r,48626,b0696d47c8634dd459ada6dea60256a0c0507b57f95fc626c5eec902edcce815,False,2026-06-25T07:58:41,True,True,False,True,True,,False,True,authoritative publication source
upemba-boundary-disturbance,scripts/publication/07_generate_supplementary_material.R,.r,84801,1839a058e360e075adc69022edaaafc5c522b066c3060c1976d9c34315e44d37,False,2026-06-26T11:53:05,True,True,True,True,True,restricted_security,False,False,authoritative publication source
upemba-boundary-disturbance,scripts/sensitivity/01_run_spatial_threshold_sensitivity.R,.r,39209,1358fa9ff9553eb34e30ed176e7231246ccfa86d5885d69d34bc87b1cf55ab14,False,2026-06-24T14:10:59,True,False,False,True,False,,False,False,authoritative analysis script
upemba-boundary-disturbance,scripts/sensitivity/02_audit_measurement_harmonization.R,.r,42840,43e44401a176b9590e2f95a963e9739352e1d0ee93bdf8d91c0619598a402977,False,2026-06-24T14:10:59,True,True,False,True,False,,False,False,authoritative analysis script
upemba-boundary-disturbance,scripts/sensitivity/03_run_revised_boundary_falsification.R,.r,58605,16d3f9fdeef8acada016e116665cdbc8dc94b2210956bf53a0e974adafc1bdfd,False,2026-06-24T14:24:53,True,True,False,True,False,,False,False,authoritative analysis script
upemba-boundary-disturbance,tests/reference/frozen_result_checks.csv,.csv,678,b550c103521f4b6532d2f1b3984ade3a7c64ed01dba18748122cb0faced21ce6,False,2026-06-24T14:12:25,True,False,False,True,False,,False,False,unknown
upemba-boundary-disturbance,tests/scripts/compare_frozen_results.R,.r,10237,04b095ff392b21d4b2a3a3874ce073c51d536bc0e59a727edd15ba71f871bf40,False,2026-06-24T14:45:31,True,False,False,True,False,,False,False,unknown
upemba-boundary-disturbance,tests/scripts/run_downstream_validation.R,.r,8211,13c7048a10fe7c81a62b25d96eb1b8a3576cf0e53ad1234754d234ee80cc6823,False,2026-06-24T14:50:35,True,False,False,True,False,,False,False,unknown
