SESU_ID,canonical_loss_event_year,cell,signed_distance_km,side,loss_fraction_2001_2012,gain_fraction_2000_2012,overlap_fraction_2000_2012,forest_eligible_2000,landscape_group,park_side,in_5km,in_10km,in_20km,canonical_loss_crossed_25pct_by_2012,any_native_gain,any_native_overlap,gain_fraction_ge_10pct,gain_fraction_ge_25pct,gain_fraction_ge_50pct,governance_profile_at_loss
1,2001,456,135.369859375,outside,0.346049457788467,0.00304919108748436,0.00304919108748436,TRUE,Depression,outside,FALSE,FALSE,FALSE,TRUE,TRUE,TRUE,FALSE,FALSE,FALSE,Neither actor dominant
1,2001,460,133.6899375,outside,0.408922582864761,0.00304913963191211,0.00304913963191211,TRUE,Depression,outside,FALSE,FALSE,FALSE,TRUE,TRUE,TRUE,FALSE,FALSE,FALSE,Neither actor dominant
1,2001,1357,131.887265625,outside,0.274424344301224,0.0365884490311146,0.0182942245155573,TRUE,Depression,outside,FALSE,FALSE,FALSE,TRUE,TRUE,TRUE,FALSE,FALSE,FALSE,Neither actor dominant
1,2001,24978,48.466484375,outside,0.451305896043778,0.0351591445505619,0.0290683936327696,TRUE,Depression,outside,FALSE,FALSE,FALSE,TRUE,TRUE,TRUE,FALSE,FALSE,FALSE,Neither actor dominant
1,2001,79130,98.1529453125,outside,0.575368821620941,0,0,TRUE,Depression,outside,FALSE,FALSE,FALSE,TRUE,FALSE,FALSE,FALSE,FALSE,FALSE,Neither actor dominant
1,2001,79193,67.195609375,outside,0.552734732627869,0,0,TRUE,Depression,outside,FALSE,FALSE,FALSE,TRUE,FALSE,FALSE,FALSE,FALSE,FALSE,Neither actor dominant
1,2001,83198,75.236296875,outside,0.293660968542099,0,0,TRUE,Depression,outside,FALSE,FALSE,FALSE,TRUE,FALSE,FALSE,FALSE,FALSE,FALSE,Neither actor dominant
1,2001,83199,74.74121875,outside,0.480659663677216,0,0,TRUE,Depression,outside,FALSE,FALSE,FALSE,TRUE,FALSE,FALSE,FALSE,FALSE,FALSE,Neither actor dominant
1,2001,84083,79.5691484375,outside,0.403258711099625,0,0,TRUE,Depression,outside,FALSE,FALSE,FALSE,TRUE,FALSE,FALSE,FALSE,FALSE,FALSE,Neither actor dominant
1,2001,85164,2.5,outside,0.615479707717896,0,0,TRUE,Depression,outside,TRUE,TRUE,TRUE,TRUE,FALSE,FALSE,FALSE,FALSE,FALSE,Neither actor dominant
1,2001,93969,52.73755859375,outside,0.490752607584,0,0,TRUE,Depression,outside,FALSE,FALSE,FALSE,TRUE,FALSE,FALSE,FALSE,FALSE,FALSE,Neither actor dominant
1,2001,95762,50.08991796875,outside,0.36297944188118,0,0,TRUE,Depression,outside,FALSE,FALSE,FALSE,TRUE,FALSE,FALSE,FALSE,FALSE,FALSE,Neither actor dominant
1,2001,95763,49.59082421875,outside,0.351522237062454,0,0,TRUE,Depression,outside,FALSE,FALSE,FALSE,TRUE,FALSE,FALSE,FALSE,FALSE,FALSE,Neither actor dominant
1,2001,107355,55.69784375,outside,0.519822239875794,0.00608047330752015,0.00608047330752015,TRUE,Depression,outside,FALSE,FALSE,FALSE,TRUE,TRUE,TRUE,FALSE,FALSE,FALSE,Neither actor dominant
1,2001,115830,55.70008984375,outside,0.464030772447586,0,0,TRUE,Depression,outside,FALSE,FALSE,FALSE,TRUE,FALSE,FALSE,FALSE,FALSE,FALSE,Neither actor dominant
1,2001,117170,55.21775,outside,0.58054506778717,0,0,TRUE,Depression,outside,FALSE,FALSE,FALSE,TRUE,FALSE,FALSE,FALSE,FALSE,FALSE,Neither actor dominant
1,2001,165874,43.02615625,outside,0.44958907365799,0,0,TRUE,Depression,outside,FALSE,FALSE,FALSE,TRUE,FALSE,FALSE,FALSE,FALSE,FALSE,Neither actor dominant
1,2001,169892,42.4529140625,outside,0.849261105060577,0,0,TRUE,Depression,outside,FALSE,FALSE,FALSE,TRUE,FALSE,FALSE,FALSE,FALSE,FALSE,Neither actor dominant
1,2001,169894,41.60829296875,outside,0.617748081684113,0,0,TRUE,Depression,outside,FALSE,FALSE,FALSE,TRUE,FALSE,FALSE,FALSE,FALSE,FALSE,Neither actor dominant
1,2001,170341,41.3400546875,outside,0.647811591625214,0,0,TRUE,Depression,outside,FALSE,FALSE,FALSE,TRUE,FALSE,FALSE,FALSE,FALSE,FALSE,Neither actor dominant
1,2001,170345,39.6610625,outside,0.691533029079437,0,0,TRUE,Depression,outside,FALSE,FALSE,FALSE,TRUE,FALSE,FALSE,FALSE,FALSE,FALSE,Neither actor dominant
1,2001,171684,39.702015625,outside,0.573524951934815,0,0,TRUE,Depression,outside,FALSE,FALSE,FALSE,TRUE,FALSE,FALSE,FALSE,FALSE,FALSE,Neither actor dominant
1,2001,171685,39.274671875,outside,0.434351325035095,0,0,TRUE,Depression,outside,FALSE,FALSE,FALSE,TRUE,FALSE,FALSE,FALSE,FALSE,FALSE,Neither actor dominant
1,2001,197582,47.44733984375,outside,0.469746977090836,0.00606658589094877,0.00606658589094877,TRUE,Depression,outside,FALSE,FALSE,FALSE,TRUE,TRUE,TRUE,FALSE,FALSE,FALSE,Neither actor dominant
1,2002,1155,73.083859375,outside,0.651371479034424,0.00285470811650157,0.00285470811650157,TRUE,Depression,outside,FALSE,FALSE,FALSE,TRUE,TRUE,TRUE,FALSE,FALSE,FALSE,Neither actor dominant
1,2002,7235,101.0903046875,outside,0.426786184310913,0.00304785906337202,0,TRUE,Depression,outside,FALSE,FALSE,FALSE,TRUE,TRUE,FALSE,FALSE,FALSE,FALSE,Neither actor dominant
1,2002,10309,121.5082265625,outside,0.297634422779083,0,0,TRUE,Depression,outside,FALSE,FALSE,FALSE,TRUE,FALSE,FALSE,FALSE,FALSE,FALSE,Neither actor dominant
1,2002,10757,120.82321875,outside,0.323020696640015,0.00609639752656221,0,TRUE,Depression,outside,FALSE,FALSE,FALSE,TRUE,TRUE,FALSE,FALSE,FALSE,FALSE,Neither actor dominant
1,2002,14115,58.71328515625,outside,0.501667439937592,0,0,TRUE,Depression,outside,FALSE,FALSE,FALSE,TRUE,FALSE,FALSE,FALSE,FALSE,FALSE,Neither actor dominant
1,2002,30631,39.51265625,outside,0.676475942134857,0.00609016977250576,0.00609016977250576,TRUE,Depression,outside,FALSE,FALSE,FALSE,TRUE,TRUE,TRUE,FALSE,FALSE,FALSE,Neither actor dominant
1,2002,39971,37.963796875,outside,0.388269603252411,0.00199752976186574,0.00199752976186574,TRUE,Depression,outside,FALSE,FALSE,FALSE,TRUE,TRUE,TRUE,FALSE,FALSE,FALSE,Neither actor dominant
1,2002,41313,36.5,outside,0.275565892457962,0,0,TRUE,Depression,outside,FALSE,FALSE,FALSE,TRUE,FALSE,FALSE,FALSE,FALSE,FALSE,Neither actor dominant
1,2002,41759,36.4588828125,outside,0.39925292134285,0,0,TRUE,Depression,outside,FALSE,FALSE,FALSE,TRUE,FALSE,FALSE,FALSE,FALSE,FALSE,Neither actor dominant
1,2002,41760,36.12478515625,outside,0.431276738643646,0,0,TRUE,Depression,outside,FALSE,FALSE,FALSE,TRUE,FALSE,FALSE,FALSE,FALSE,FALSE,Neither actor dominant
1,2002,41762,35.468296875,outside,0.313138872385025,0.00188272225204855,0.00188272225204855,TRUE,Depression,outside,FALSE,FALSE,FALSE,TRUE,TRUE,TRUE,FALSE,FALSE,FALSE,Neither actor dominant
1,2002,42625,46.45696875,outside,0.304242938756943,0,0,TRUE,Depression,outside,FALSE,FALSE,FALSE,TRUE,FALSE,FALSE,FALSE,FALSE,FALSE,Neither actor dominant
1,2002,42627,45.63167578125,outside,0.417065471410751,0.00258345273323357,0.00258345273323357,TRUE,Depression,outside,FALSE,FALSE,FALSE,TRUE,TRUE,TRUE,FALSE,FALSE,FALSE,Neither actor dominant
1,2002,42650,36.76955078125,outside,0.471271008253098,0,0,TRUE,Depression,outside,FALSE,FALSE,FALSE,TRUE,FALSE,FALSE,FALSE,FALSE,FALSE,Neither actor dominant
1,2002,42652,36.06937890625,outside,0.415745824575424,0,0,TRUE,Depression,outside,FALSE,FALSE,FALSE,TRUE,FALSE,FALSE,FALSE,FALSE,FALSE,Neither actor dominant
1,2002,43103,34.3402109375,outside,0.398644357919693,0.0060887192375958,0,TRUE,Depression,outside,FALSE,FALSE,FALSE,TRUE,TRUE,FALSE,FALSE,FALSE,FALSE,Neither actor dominant
1,2002,43517,46.74665625,outside,0.263407289981842,0,0,TRUE,Depression,outside,FALSE,FALSE,FALSE,TRUE,FALSE,FALSE,FALSE,FALSE,FALSE,Neither actor dominant
1,2002,43518,46.3249375,outside,0.366430371999741,0.00608906149864197,0.00608906149864197,TRUE,Depression,outside,FALSE,FALSE,FALSE,TRUE,TRUE,TRUE,FALSE,FALSE,FALSE,Neither actor dominant
1,2002,43995,34.2965,outside,0.354483485221863,0,0,TRUE,Depression,outside,FALSE,FALSE,FALSE,TRUE,FALSE,FALSE,FALSE,FALSE,FALSE,Neither actor dominant
1,2002,44429,38.8104375,outside,0.387162894010544,0.0264434665441513,0.0173104200512171,TRUE,Depression,outside,FALSE,FALSE,FALSE,TRUE,TRUE,TRUE,FALSE,FALSE,FALSE,Neither actor dominant
1,2002,44876,38.50324609375,outside,0.296643555164337,0.00661148224025965,0.00661148224025965,TRUE,Depression,outside,FALSE,FALSE,FALSE,TRUE,TRUE,TRUE,FALSE,FALSE,FALSE,Neither actor dominant
1,2002,44892,32.53459765625,outside,0.324537873268127,0,0,TRUE,Depression,outside,FALSE,FALSE,FALSE,TRUE,FALSE,FALSE,FALSE,FALSE,FALSE,Neither actor dominant
1,2002,46666,36.50342578125,outside,0.406503260135651,0,0,TRUE,Depression,outside,FALSE,FALSE,FALSE,TRUE,FALSE,FALSE,FALSE,FALSE,FALSE,Neither actor dominant
1,2002,47544,42.7375703125,outside,0.333521515130997,0.00592605490237474,0,TRUE,Depression,outside,FALSE,FALSE,FALSE,TRUE,TRUE,FALSE,FALSE,FALSE,FALSE,Neither actor dominant
1,2002,48004,36.891734375,outside,0.410859137773514,0.00304408371448517,0.00304408371448517,TRUE,Depression,outside,FALSE,FALSE,FALSE,TRUE,TRUE,TRUE,FALSE,FALSE,FALSE,Neither actor dominant
1,2002,49050,19.659603515625,outside,0.365453660488129,0,0,TRUE,Depression,outside,FALSE,FALSE,TRUE,TRUE,FALSE,FALSE,FALSE,FALSE,FALSE,Neither actor dominant
1,2002,51133,35.11766015625,outside,0.500212848186493,0,0,TRUE,Depression,outside,FALSE,FALSE,FALSE,TRUE,FALSE,FALSE,FALSE,FALSE,FALSE,Neither actor dominant
1,2002,51535,55.84129296875,outside,0.399454116821289,0,0,TRUE,Depression,outside,FALSE,FALSE,FALSE,TRUE,FALSE,FALSE,FALSE,FALSE,FALSE,Neither actor dominant
1,2002,51580,34.88552734375,outside,0.605043768882752,0.00304381060414016,0.00304381060414016,TRUE,Depression,outside,FALSE,FALSE,FALSE,TRUE,TRUE,TRUE,FALSE,FALSE,FALSE,Neither actor dominant
1,2002,52180,16.2788203125,outside,0.841634094715118,0,0,TRUE,Depression,outside,FALSE,FALSE,TRUE,TRUE,FALSE,FALSE,FALSE,FALSE,FALSE,Neither actor dominant
1,2002,52429,55.56302734375,outside,0.429237723350525,0.00482459459453821,0.00482459459453821,TRUE,Depression,outside,FALSE,FALSE,FALSE,TRUE,TRUE,TRUE,FALSE,FALSE,FALSE,Neither actor dominant
1,2002,52430,55.0817578125,outside,0.412095189094543,0,0,TRUE,Depression,outside,FALSE,FALSE,FALSE,TRUE,FALSE,FALSE,FALSE,FALSE,FALSE,Neither actor dominant
1,2002,55560,53.744765625,outside,0.330439299345017,0,0,TRUE,Depression,outside,FALSE,FALSE,FALSE,TRUE,FALSE,FALSE,FALSE,FALSE,FALSE,Neither actor dominant
1,2002,56938,35.44008984375,outside,0.53554755449295,0.0089758513495326,0.0089758513495326,TRUE,Depression,outside,FALSE,FALSE,FALSE,TRUE,TRUE,TRUE,FALSE,FALSE,FALSE,Neither actor dominant
1,2002,57349,52.8606640625,outside,0.338957279920578,0,0,TRUE,Depression,outside,FALSE,FALSE,FALSE,TRUE,FALSE,FALSE,FALSE,FALSE,FALSE,Neither actor dominant
1,2002,57796,52.77309765625,outside,0.47874528169632,0,0,TRUE,Depression,outside,FALSE,FALSE,FALSE,TRUE,FALSE,FALSE,FALSE,FALSE,FALSE,Neither actor dominant
1,2002,58729,33.47013671875,outside,0.572822690010071,0.00608656136319041,0.00608656136319041,TRUE,Depression,outside,FALSE,FALSE,FALSE,TRUE,TRUE,TRUE,FALSE,FALSE,FALSE,Neither actor dominant
1,2002,61372,50.2095625,outside,0.390566319227219,0,0,TRUE,Depression,outside,FALSE,FALSE,FALSE,TRUE,FALSE,FALSE,FALSE,FALSE,FALSE,Neither actor dominant
1,2002,61373,49.85228125,outside,0.34454146027565,0,0,TRUE,Depression,outside,FALSE,FALSE,FALSE,TRUE,FALSE,FALSE,FALSE,FALSE,FALSE,Neither actor dominant
1,2002,61844,39.75550390625,outside,0.617241859436035,0,0,TRUE,Depression,outside,FALSE,FALSE,FALSE,TRUE,FALSE,FALSE,FALSE,FALSE,FALSE,Neither actor dominant
1,2002,62739,39.15673828125,outside,0.537338137626648,0,0,TRUE,Depression,outside,FALSE,FALSE,FALSE,TRUE,FALSE,FALSE,FALSE,FALSE,FALSE,Neither actor dominant
1,2002,63151,52.24222265625,outside,0.453142315149307,0,0,TRUE,Depression,outside,FALSE,FALSE,FALSE,TRUE,FALSE,FALSE,FALSE,FALSE,FALSE,Neither actor dominant
1,2002,63633,39.080046875,outside,0.458186447620392,0,0,TRUE,Depression,outside,FALSE,FALSE,FALSE,TRUE,FALSE,FALSE,FALSE,FALSE,FALSE,Neither actor dominant
1,2002,63635,38.0821484375,outside,0.334253370761871,0,0,TRUE,Depression,outside,FALSE,FALSE,FALSE,TRUE,FALSE,FALSE,FALSE,FALSE,FALSE,Neither actor dominant
1,2002,63636,37.5832421875,outside,0.469556540250778,0.00608593504875898,0.00608593504875898,TRUE,Depression,outside,FALSE,FALSE,FALSE,TRUE,TRUE,TRUE,FALSE,FALSE,FALSE,Neither actor dominant
1,2002,64080,38.94868359375,outside,0.415411531925201,0,0,TRUE,Depression,outside,FALSE,FALSE,FALSE,TRUE,FALSE,FALSE,FALSE,FALSE,FALSE,Neither actor dominant
1,2002,64082,38.05259375,outside,0.340826451778412,0,0,TRUE,Depression,outside,FALSE,FALSE,FALSE,TRUE,FALSE,FALSE,FALSE,FALSE,FALSE,Neither actor dominant
1,2002,64526,38.916578125,outside,0.336364328861237,0.0121717052534223,0.0121717052534223,TRUE,Depression,outside,FALSE,FALSE,FALSE,TRUE,TRUE,TRUE,FALSE,FALSE,FALSE,Neither actor dominant
1,2002,64527,38.57784375,outside,0.415572881698608,0,0,TRUE,Depression,outside,FALSE,FALSE,FALSE,TRUE,FALSE,FALSE,FALSE,FALSE,FALSE,Neither actor dominant
1,2002,64528,38.24264453125,outside,0.390477269887924,0.000423683377448469,0.000423683377448469,TRUE,Depression,outside,FALSE,FALSE,FALSE,TRUE,TRUE,TRUE,FALSE,FALSE,FALSE,Neither actor dominant
1,2002,64529,37.91108203125,outside,0.326694905757904,0,0,TRUE,Depression,outside,FALSE,FALSE,FALSE,TRUE,FALSE,FALSE,FALSE,FALSE,FALSE,Neither actor dominant
1,2002,64934,53.00943359375,outside,0.456245332956314,0,0,TRUE,Depression,outside,FALSE,FALSE,FALSE,TRUE,FALSE,FALSE,FALSE,FALSE,FALSE,Neither actor dominant
1,2002,64938,51.400390625,outside,0.376324236392975,0.00216129631735384,0,TRUE,Depression,outside,FALSE,FALSE,FALSE,TRUE,TRUE,FALSE,FALSE,FALSE,FALSE,Neither actor dominant
1,2002,64974,38.2099453125,outside,0.313437104225159,0,0,TRUE,Depression,outside,FALSE,FALSE,FALSE,TRUE,FALSE,FALSE,FALSE,FALSE,FALSE,Neither actor dominant
1,2002,66284,48.502578125,outside,0.455118924379349,0,0,TRUE,Depression,outside,FALSE,FALSE,FALSE,TRUE,FALSE,FALSE,FALSE,FALSE,FALSE,Neither actor dominant
1,2002,66285,48.10665234375,outside,0.546715140342712,0,0,TRUE,Depression,outside,FALSE,FALSE,FALSE,TRUE,FALSE,FALSE,FALSE,FALSE,FALSE,Neither actor dominant
1,2002,66286,47.71268359375,outside,0.318517088890076,0,0,TRUE,Depression,outside,FALSE,FALSE,FALSE,TRUE,FALSE,FALSE,FALSE,FALSE,FALSE,Neither actor dominant
1,2002,66734,47.01063671875,outside,0.33516189455986,0,0,TRUE,Depression,outside,FALSE,FALSE,FALSE,TRUE,FALSE,FALSE,FALSE,FALSE,FALSE,Neither actor dominant
1,2002,66735,46.61812890625,outside,0.439242422580719,0,0,TRUE,Depression,outside,FALSE,FALSE,FALSE,TRUE,FALSE,FALSE,FALSE,FALSE,FALSE,Neither actor dominant
1,2002,76991,52.0312421875,outside,0.339960008859634,0.00304236076772213,0,TRUE,Depression,outside,FALSE,FALSE,FALSE,TRUE,TRUE,FALSE,FALSE,FALSE,FALSE,Neither actor dominant
1,2002,78679,100.2060390625,outside,0.422777593135834,0,0,TRUE,Depression,outside,FALSE,FALSE,FALSE,TRUE,FALSE,FALSE,FALSE,FALSE,FALSE,Neither actor dominant
1,2002,78756,62.453984375,outside,0.35577803850174,0.0333705209195614,0.00454760622233152,TRUE,Depression,outside,FALSE,FALSE,FALSE,TRUE,TRUE,TRUE,FALSE,FALSE,FALSE,Neither actor dominant
1,2002,79128,99.1413125,outside,0.344203412532806,0,0,TRUE,Depression,outside,FALSE,FALSE,FALSE,TRUE,FALSE,FALSE,FALSE,FALSE,FALSE,Neither actor dominant
1,2002,79218,55.0817578125,outside,0.294190883636475,0,0,TRUE,Depression,outside,FALSE,FALSE,FALSE,TRUE,FALSE,FALSE,FALSE,FALSE,FALSE,Neither actor dominant
1,2002,79264,33.54101953125,outside,0.376928299665451,0,0,TRUE,Depression,outside,FALSE,FALSE,FALSE,TRUE,FALSE,FALSE,FALSE,FALSE,FALSE,Neither actor dominant
1,2002,79266,32.64965625,outside,0.579760015010834,0.00304185086861253,0.00304185086861253,TRUE,Depression,outside,FALSE,FALSE,FALSE,TRUE,TRUE,TRUE,FALSE,FALSE,FALSE,Neither actor dominant
1,2002,79579,97.088875,outside,0.441627860069275,0,0,TRUE,Depression,outside,FALSE,FALSE,FALSE,TRUE,FALSE,FALSE,FALSE,FALSE,FALSE,Neither actor dominant
1,2002,79664,55.43013671875,outside,0.381921231746674,0,0,TRUE,Depression,outside,FALSE,FALSE,FALSE,TRUE,FALSE,FALSE,FALSE,FALSE,FALSE,Neither actor dominant
1,2002,79711,33.3204140625,outside,0.433818906545639,0,0,TRUE,Depression,outside,FALSE,FALSE,FALSE,TRUE,FALSE,FALSE,FALSE,FALSE,FALSE,Neither actor dominant
1,2002,79713,32.422986328125,outside,0.289203077554703,0,0,TRUE,Depression,outside,FALSE,FALSE,FALSE,TRUE,FALSE,FALSE,FALSE,FALSE,FALSE,Neither actor dominant
1,2002,79811,-2.1213203125,inside,0.281529366970062,0,0,TRUE,Depression,inside,TRUE,TRUE,TRUE,TRUE,FALSE,FALSE,FALSE,FALSE,FALSE,Neither actor dominant
1,2002,79812,-2.5,inside,0.45515102148056,0,0,TRUE,Depression,inside,TRUE,TRUE,TRUE,TRUE,FALSE,FALSE,FALSE,FALSE,FALSE,Neither actor dominant
1,2002,79813,-2.69258251953125,inside,0.277182281017303,0.00497432332485914,0,TRUE,Depression,inside,TRUE,TRUE,TRUE,TRUE,TRUE,FALSE,FALSE,FALSE,FALSE,Neither actor dominant
1,2002,80114,53.8516484375,outside,0.357490092515945,0.0030421691481024,0.0030421691481024,TRUE,Depression,outside,FALSE,FALSE,FALSE,TRUE,TRUE,TRUE,FALSE,FALSE,FALSE,Neither actor dominant
1,2002,80159,32.653484375,outside,0.700817465782166,0,0,TRUE,Depression,outside,FALSE,FALSE,FALSE,TRUE,FALSE,FALSE,FALSE,FALSE,FALSE,Neither actor dominant
1,2002,80257,-2.1213203125,inside,0.477266609668732,0,0,TRUE,Depression,inside,TRUE,TRUE,TRUE,TRUE,FALSE,FALSE,FALSE,FALSE,FALSE,Neither actor dominant
1,2002,80258,-2.5,inside,0.560368657112122,0,0,TRUE,Depression,inside,TRUE,TRUE,TRUE,TRUE,FALSE,FALSE,FALSE,FALSE,FALSE,Neither actor dominant
1,2002,80259,-2.82842724609375,inside,0.398154497146606,0,0,TRUE,Depression,inside,TRUE,TRUE,TRUE,TRUE,FALSE,FALSE,FALSE,FALSE,FALSE,Neither actor dominant
1,2002,80560,54.20793359375,outside,0.474712908267975,0,0,TRUE,Depression,outside,FALSE,FALSE,FALSE,TRUE,FALSE,FALSE,FALSE,FALSE,FALSE,Neither actor dominant
1,2002,80606,32.442255859375,outside,0.503855764865875,0,0,TRUE,Depression,outside,FALSE,FALSE,FALSE,TRUE,FALSE,FALSE,FALSE,FALSE,FALSE,Neither actor dominant
1,2002,80607,31.988279296875,outside,0.456343054771423,0,0,TRUE,Depression,outside,FALSE,FALSE,FALSE,TRUE,FALSE,FALSE,FALSE,FALSE,FALSE,Neither actor dominant
1,2002,80704,-2.5,inside,0.674294352531433,0,0,TRUE,Depression,inside,TRUE,TRUE,TRUE,TRUE,FALSE,FALSE,FALSE,FALSE,FALSE,Neither actor dominant
1,2002,80705,-2.82842724609375,inside,0.717381596565247,0.0060823941603303,0.0060823941603303,TRUE,Depression,inside,TRUE,TRUE,TRUE,TRUE,TRUE,TRUE,FALSE,FALSE,FALSE,Neither actor dominant
1,2002,80706,-3.20156201171875,inside,0.439245581626892,0,0,TRUE,Depression,inside,TRUE,TRUE,TRUE,TRUE,FALSE,FALSE,FALSE,FALSE,FALSE,Neither actor dominant
1,2002,80707,-3.53553393554688,inside,0.42743530869484,0,0,TRUE,Depression,inside,TRUE,TRUE,TRUE,TRUE,FALSE,FALSE,FALSE,FALSE,FALSE,Neither actor dominant
1,2002,80708,-3.80788647460938,inside,0.461981922388077,0.00304118636995554,0.00304118636995554,TRUE,Depression,inside,TRUE,TRUE,TRUE,TRUE,TRUE,TRUE,FALSE,FALSE,FALSE,Neither actor dominant
1,2002,81006,54.5710546875,outside,0.486805826425552,0.0182527042925358,0.0182527042925358,TRUE,Depression,outside,FALSE,FALSE,FALSE,TRUE,TRUE,TRUE,FALSE,FALSE,FALSE,Neither actor dominant
1,2002,81007,54.08558203125,outside,0.447286993265152,0.0121684316545725,0.00608421582728624,TRUE,Depression,outside,FALSE,FALSE,FALSE,TRUE,TRUE,TRUE,FALSE,FALSE,FALSE,Neither actor dominant
1,2002,81054,31.780498046875,outside,0.327122062444687,0,0,TRUE,Depression,outside,FALSE,FALSE,FALSE,TRUE,FALSE,FALSE,FALSE,FALSE,FALSE,Neither actor dominant
1,2002,81151,-2.5,inside,0.690024852752686,0,0,TRUE,Depression,inside,TRUE,TRUE,TRUE,TRUE,FALSE,FALSE,FALSE,FALSE,FALSE,Neither actor dominant
1,2002,81152,-3,inside,0.841833710670471,0,0,TRUE,Depression,inside,TRUE,TRUE,TRUE,TRUE,FALSE,FALSE,FALSE,FALSE,FALSE,Neither actor dominant
1,2002,81153,-3.5,inside,0.642724573612213,0,0,TRUE,Depression,inside,TRUE,TRUE,TRUE,TRUE,FALSE,FALSE,FALSE,FALSE,FALSE,Neither actor dominant
1,2002,81154,-3.90512475585938,inside,0.478313535451889,0,0,TRUE,Depression,inside,TRUE,TRUE,TRUE,TRUE,FALSE,FALSE,FALSE,FALSE,FALSE,Neither actor dominant
1,2002,81599,-3,inside,0.582473337650299,0,0,TRUE,Depression,inside,TRUE,TRUE,TRUE,TRUE,FALSE,FALSE,FALSE,FALSE,FALSE,Neither actor dominant
1,2002,81948,31.384708984375,outside,0.303255021572113,0,0,TRUE,Depression,outside,FALSE,FALSE,FALSE,TRUE,FALSE,FALSE,FALSE,FALSE,FALSE,Neither actor dominant
1,2002,83664,65.764734375,outside,0.281496316194534,0,0,TRUE,Depression,outside,FALSE,FALSE,FALSE,TRUE,FALSE,FALSE,FALSE,FALSE,FALSE,Neither actor dominant
1,2002,83735,31.1488359375,outside,0.342853754758835,0,0,TRUE,Depression,outside,FALSE,FALSE,FALSE,TRUE,FALSE,FALSE,FALSE,FALSE,FALSE,Neither actor dominant
1,2002,84151,45.99184765625,outside,0.373938262462616,0,0,TRUE,Depression,outside,FALSE,FALSE,FALSE,TRUE,FALSE,FALSE,FALSE,FALSE,FALSE,Neither actor dominant
1,2002,84158,42.57346484375,outside,0.364683955907822,0,0,TRUE,Depression,outside,FALSE,FALSE,FALSE,TRUE,FALSE,FALSE,FALSE,FALSE,FALSE,Neither actor dominant
1,2002,84605,42.46469140625,outside,0.418142557144165,0,0,TRUE,Depression,outside,FALSE,FALSE,FALSE,TRUE,FALSE,FALSE,FALSE,FALSE,FALSE,Neither actor dominant
1,2002,86057,1.80277563476563,outside,0.704034864902496,0,0,TRUE,Depression,outside,TRUE,TRUE,TRUE,TRUE,FALSE,FALSE,FALSE,FALSE,FALSE,Neither actor dominant
1,2002,86504,1.41421362304688,outside,0.696487188339233,0,0,TRUE,Depression,outside,TRUE,TRUE,TRUE,TRUE,FALSE,FALSE,FALSE,FALSE,FALSE,Neither actor dominant
1,2002,86505,1.41421362304688,outside,0.612203657627106,0,0,TRUE,Depression,outside,TRUE,TRUE,TRUE,TRUE,FALSE,FALSE,FALSE,FALSE,FALSE,Neither actor dominant
1,2002,86947,-0.5,inside,0.66167551279068,0,0,TRUE,Depression,inside,TRUE,TRUE,TRUE,TRUE,FALSE,FALSE,FALSE,FALSE,FALSE,Neither actor dominant
1,2002,86948,0.5,outside,0.827003717422485,0,0,TRUE,Depression,outside,TRUE,TRUE,TRUE,TRUE,FALSE,FALSE,FALSE,FALSE,FALSE,Neither actor dominant
1,2002,87397,0.5,outside,0.448824405670166,0,0,TRUE,Depression,outside,TRUE,TRUE,TRUE,TRUE,FALSE,FALSE,FALSE,FALSE,FALSE,Neither actor dominant
1,2002,87398,0.707106811523437,outside,0.498013943433762,0,0,TRUE,Depression,outside,TRUE,TRUE,TRUE,TRUE,FALSE,FALSE,FALSE,FALSE,FALSE,Neither actor dominant
1,2002,90075,-3.53553393554688,inside,0.339506894350052,0,0,TRUE,Depression,inside,TRUE,TRUE,TRUE,TRUE,FALSE,FALSE,FALSE,FALSE,FALSE,Neither actor dominant
1,2002,90528,-3,inside,0.364545822143555,0,0,TRUE,Depression,inside,TRUE,TRUE,TRUE,TRUE,FALSE,FALSE,FALSE,FALSE,FALSE,Neither actor dominant
1,2002,90973,-3.53553393554688,inside,0.397253394126892,0,0,TRUE,Depression,inside,TRUE,TRUE,TRUE,TRUE,FALSE,FALSE,FALSE,FALSE,FALSE,Neither actor dominant
1,2002,90974,-3.5,inside,0.285921365022659,0,0,TRUE,Depression,inside,TRUE,TRUE,TRUE,TRUE,FALSE,FALSE,FALSE,FALSE,FALSE,Neither actor dominant
1,2002,90975,-3.5,inside,0.28462141752243,0,0,TRUE,Depression,inside,TRUE,TRUE,TRUE,TRUE,FALSE,FALSE,FALSE,FALSE,FALSE,Neither actor dominant
1,2002,91422,-4,inside,0.388703584671021,0,0,TRUE,Depression,inside,TRUE,TRUE,TRUE,TRUE,FALSE,FALSE,FALSE,FALSE,FALSE,Neither actor dominant
1,2002,93508,59.75366015625,outside,0.265435576438904,0,0,TRUE,Depression,outside,FALSE,FALSE,FALSE,TRUE,FALSE,FALSE,FALSE,FALSE,FALSE,Neither actor dominant
1,2002,101089,63.639609375,outside,0.601216793060303,0.00912248995155096,0.00912248995155096,TRUE,Depression,outside,FALSE,FALSE,FALSE,TRUE,TRUE,TRUE,FALSE,FALSE,FALSE,Neither actor dominant
1,2002,101536,63.25345703125,outside,0.673229515552521,0,0,TRUE,Depression,outside,FALSE,FALSE,FALSE,TRUE,FALSE,FALSE,FALSE,FALSE,FALSE,Neither actor dominant
1,2002,107802,55.317265625,outside,0.552261769771576,0.00173687736969441,0,TRUE,Depression,outside,FALSE,FALSE,FALSE,TRUE,TRUE,FALSE,FALSE,FALSE,FALSE,Neither actor dominant
1,2002,108235,59.7515703125,outside,0.45629096031189,0,0,TRUE,Depression,outside,FALSE,FALSE,FALSE,TRUE,FALSE,FALSE,FALSE,FALSE,FALSE,Neither actor dominant
1,2002,108237,59.0444765625,outside,0.420391798019409,0,0,TRUE,Depression,outside,FALSE,FALSE,FALSE,TRUE,FALSE,FALSE,FALSE,FALSE,FALSE,Neither actor dominant
1,2002,108683,59.0444765625,outside,0.422561973333359,0,0,TRUE,Depression,outside,FALSE,FALSE,FALSE,TRUE,FALSE,FALSE,FALSE,FALSE,FALSE,Neither actor dominant
1,2002,108834,7.15891064453125,outside,0.345116019248962,0,0,TRUE,Depression,outside,FALSE,TRUE,TRUE,TRUE,FALSE,FALSE,FALSE,FALSE,FALSE,Neither actor dominant
1,2002,108835,6.94622216796875,outside,0.448466151952744,0,0,TRUE,Depression,outside,FALSE,TRUE,TRUE,TRUE,FALSE,FALSE,FALSE,FALSE,FALSE,Neither actor dominant
1,2002,108836,6.7082041015625,outside,0.339797109365463,0,0,TRUE,Depression,outside,FALSE,TRUE,TRUE,TRUE,FALSE,FALSE,FALSE,FALSE,FALSE,Neither actor dominant
1,2002,112659,75.227984375,outside,0.407547861337662,0,0,TRUE,Depression,outside,FALSE,FALSE,FALSE,TRUE,FALSE,FALSE,FALSE,FALSE,FALSE,Neither actor dominant
1,2002,113116,70.657625,outside,0.426965147256851,0,0,TRUE,Depression,outside,FALSE,FALSE,FALSE,TRUE,FALSE,FALSE,FALSE,FALSE,FALSE,Neither actor dominant
1,2002,113163,51.97355078125,outside,0.410426139831543,0.00303979264572263,0.00303979264572263,TRUE,Depression,outside,FALSE,FALSE,FALSE,TRUE,TRUE,TRUE,FALSE,FALSE,FALSE,Neither actor dominant
1,2002,113553,74.74121875,outside,0.448605507612228,0,0,TRUE,Depression,outside,FALSE,FALSE,FALSE,TRUE,FALSE,FALSE,FALSE,FALSE,FALSE,Neither actor dominant
1,2002,114043,56.53538671875,outside,0.600583910942078,0,0,TRUE,Depression,outside,FALSE,FALSE,FALSE,TRUE,FALSE,FALSE,FALSE,FALSE,FALSE,Neither actor dominant
1,2002,114047,54.9931796875,outside,0.376978576183319,0,0,TRUE,Depression,outside,FALSE,FALSE,FALSE,TRUE,FALSE,FALSE,FALSE,FALSE,FALSE,Neither actor dominant
1,2002,114449,73.384265625,outside,0.403316736221314,0,0,TRUE,Depression,outside,FALSE,FALSE,FALSE,TRUE,FALSE,FALSE,FALSE,FALSE,FALSE,Neither actor dominant
1,2002,114893,74.4731484375,outside,0.296031206846237,0.00304032559506595,0,TRUE,Depression,outside,FALSE,FALSE,FALSE,TRUE,TRUE,FALSE,FALSE,FALSE,FALSE,Neither actor dominant
1,2002,114896,73.147109375,outside,0.528648734092712,0,0,TRUE,Depression,outside,FALSE,FALSE,FALSE,TRUE,FALSE,FALSE,FALSE,FALSE,FALSE,Neither actor dominant
1,2002,114897,72.7066015625,outside,0.632257521152496,0.00304027437232435,0.00304027437232435,TRUE,Depression,outside,FALSE,FALSE,FALSE,TRUE,TRUE,TRUE,FALSE,FALSE,FALSE,Neither actor dominant
1,2002,115340,74.24284375,outside,0.435690879821777,0,0,TRUE,Depression,outside,FALSE,FALSE,FALSE,TRUE,FALSE,FALSE,FALSE,FALSE,FALSE,Neither actor dominant
1,2002,115344,72.4706875,outside,0.573994696140289,0,0,TRUE,Depression,outside,FALSE,FALSE,FALSE,TRUE,FALSE,FALSE,FALSE,FALSE,FALSE,Neither actor dominant
1,2002,115345,72.0295078125,outside,0.399933069944382,0,0,TRUE,Depression,outside,FALSE,FALSE,FALSE,TRUE,FALSE,FALSE,FALSE,FALSE,FALSE,Neither actor dominant
1,2002,115351,69.3992109375,outside,0.297984510660172,0,0,TRUE,Depression,outside,FALSE,FALSE,FALSE,TRUE,FALSE,FALSE,FALSE,FALSE,FALSE,Neither actor dominant
1,2002,115791,72.237453125,outside,0.582294285297394,0.00304020079784095,0.00304020079784095,TRUE,Depression,outside,FALSE,FALSE,FALSE,TRUE,TRUE,TRUE,FALSE,FALSE,FALSE,Neither actor dominant
1,2002,115804,66.5469765625,outside,0.363722681999207,0,0,TRUE,Depression,outside,FALSE,FALSE,FALSE,TRUE,FALSE,FALSE,FALSE,FALSE,FALSE,Neither actor dominant
1,2002,116235,73.3433671875,outside,0.628399074077606,0,0,TRUE,Depression,outside,FALSE,FALSE,FALSE,TRUE,FALSE,FALSE,FALSE,FALSE,FALSE,Neither actor dominant
1,2002,116236,72.8971875,outside,0.301866352558136,0.00608037924394012,0.00608037924394012,TRUE,Depression,outside,FALSE,FALSE,FALSE,TRUE,TRUE,TRUE,FALSE,FALSE,FALSE,Neither actor dominant
1,2002,116237,72.4517109375,outside,0.383860945701599,0,0,TRUE,Depression,outside,FALSE,FALSE,FALSE,TRUE,FALSE,FALSE,FALSE,FALSE,FALSE,Neither actor dominant
1,2002,116244,69.3541640625,outside,0.338139027357101,0,0,TRUE,Depression,outside,FALSE,FALSE,FALSE,TRUE,FALSE,FALSE,FALSE,FALSE,FALSE,Neither actor dominant
1,2002,116250,66.7308046875,outside,0.283526420593262,0,0,TRUE,Depression,outside,FALSE,FALSE,FALSE,TRUE,FALSE,FALSE,FALSE,FALSE,FALSE,Neither actor dominant
1,2002,116706,62.597921875,outside,0.31016817688942,0.00303986901417375,0,TRUE,Depression,outside,FALSE,FALSE,FALSE,TRUE,TRUE,FALSE,FALSE,FALSE,FALSE,Neither actor dominant
1,2002,117117,78.33421875,outside,0.407412111759186,0.00304028578102589,0.00304028578102589,TRUE,Depression,outside,FALSE,FALSE,FALSE,TRUE,TRUE,TRUE,FALSE,FALSE,FALSE,Neither actor dominant
1,2002,117134,70.6611640625,outside,0.303045392036438,0,0,TRUE,Depression,outside,FALSE,FALSE,FALSE,TRUE,FALSE,FALSE,FALSE,FALSE,FALSE,Neither actor dominant
1,2002,118047,61.83243359375,outside,0.423258572816849,0,0,TRUE,Depression,outside,FALSE,FALSE,FALSE,TRUE,FALSE,FALSE,FALSE,FALSE,FALSE,Neither actor dominant
1,2002,118487,64.6471171875,outside,0.38433039188385,0,0,TRUE,Depression,outside,FALSE,FALSE,FALSE,TRUE,FALSE,FALSE,FALSE,FALSE,FALSE,Neither actor dominant
1,2002,118915,72.95375,outside,0.506344974040985,0,0,TRUE,Depression,outside,FALSE,FALSE,FALSE,TRUE,FALSE,FALSE,FALSE,FALSE,FALSE,Neither actor dominant
1,2002,118918,71.5891015625,outside,0.310186445713043,0,0,TRUE,Depression,outside,FALSE,FALSE,FALSE,TRUE,FALSE,FALSE,FALSE,FALSE,FALSE,Neither actor dominant
1,2002,118923,69.327125,outside,0.453075289726257,0,0,TRUE,Depression,outside,FALSE,FALSE,FALSE,TRUE,FALSE,FALSE,FALSE,FALSE,FALSE,Neither actor dominant
1,2002,118939,62.21133203125,outside,0.429604053497314,0,0,TRUE,Depression,outside,FALSE,FALSE,FALSE,TRUE,FALSE,FALSE,FALSE,FALSE,FALSE,Neither actor dominant
1,2002,118942,60.90155859375,outside,0.375549912452698,0,0,TRUE,Depression,outside,FALSE,FALSE,FALSE,TRUE,FALSE,FALSE,FALSE,FALSE,FALSE,Neither actor dominant
1,2002,119366,70.926015625,outside,0.317857295274735,0,0,TRUE,Depression,outside,FALSE,FALSE,FALSE,TRUE,FALSE,FALSE,FALSE,FALSE,FALSE,Neither actor dominant
1,2002,119370,69.1122265625,outside,0.350086212158203,0,0,TRUE,Depression,outside,FALSE,FALSE,FALSE,TRUE,FALSE,FALSE,FALSE,FALSE,FALSE,Neither actor dominant
1,2002,119382,63.7377421875,outside,0.350375533103943,0,0,TRUE,Depression,outside,FALSE,FALSE,FALSE,TRUE,FALSE,FALSE,FALSE,FALSE,FALSE,Neither actor dominant
1,2002,119383,63.2949453125,outside,0.682952344417572,0,0,TRUE,Depression,outside,FALSE,FALSE,FALSE,TRUE,FALSE,FALSE,FALSE,FALSE,FALSE,Neither actor dominant
1,2002,119391,59.78503125,outside,0.456118583679199,0,0,TRUE,Depression,outside,FALSE,FALSE,FALSE,TRUE,FALSE,FALSE,FALSE,FALSE,FALSE,Neither actor dominant
1,2002,119392,59.35065234375,outside,0.406495869159699,0,0,TRUE,Depression,outside,FALSE,FALSE,FALSE,TRUE,FALSE,FALSE,FALSE,FALSE,FALSE,Neither actor dominant
1,2002,119813,70.719515625,outside,0.291363805532455,0,0,TRUE,Depression,outside,FALSE,FALSE,FALSE,TRUE,FALSE,FALSE,FALSE,FALSE,FALSE,Neither actor dominant
1,2002,119817,68.9002890625,outside,0.385592997074127,0,0,TRUE,Depression,outside,FALSE,FALSE,FALSE,TRUE,FALSE,FALSE,FALSE,FALSE,FALSE,Neither actor dominant
1,2002,119830,63.0634609375,outside,0.580935895442963,0,0,TRUE,Depression,outside,FALSE,FALSE,FALSE,TRUE,FALSE,FALSE,FALSE,FALSE,FALSE,Neither actor dominant
1,2002,119832,62.17716796875,outside,0.546128988265991,0.00303964642807841,0.00303964642807841,TRUE,Depression,outside,FALSE,FALSE,FALSE,TRUE,TRUE,TRUE,FALSE,FALSE,FALSE,Neither actor dominant
1,2002,119837,59.977078125,outside,0.724747002124786,0,0,TRUE,Depression,outside,FALSE,FALSE,FALSE,TRUE,FALSE,FALSE,FALSE,FALSE,FALSE,Neither actor dominant
1,2002,119838,59.53990234375,outside,0.409275949001312,0.00303957518190146,0.00303957518190146,TRUE,Depression,outside,FALSE,FALSE,FALSE,TRUE,TRUE,TRUE,FALSE,FALSE,FALSE,Neither actor dominant
1,2002,120275,63.7279375,outside,0.485398709774017,0,0,TRUE,Depression,outside,FALSE,FALSE,FALSE,TRUE,FALSE,FALSE,FALSE,FALSE,FALSE,Neither actor dominant
1,2002,120277,62.8351015625,outside,0.686145961284638,0,0,TRUE,Depression,outside,FALSE,FALSE,FALSE,TRUE,FALSE,FALSE,FALSE,FALSE,FALSE,Neither actor dominant
1,2002,120288,57.98706640625,outside,0.415744155645371,0.00303950300440192,0,TRUE,Depression,outside,FALSE,FALSE,FALSE,TRUE,TRUE,FALSE,FALSE,FALSE,FALSE,Neither actor dominant
1,2002,120723,63.05751171875,outside,0.568033039569855,0,0,TRUE,Depression,outside,FALSE,FALSE,FALSE,TRUE,FALSE,FALSE,FALSE,FALSE,FALSE,Neither actor dominant
1,2002,120724,62.60990234375,outside,0.436765760183334,0,0,TRUE,Depression,outside,FALSE,FALSE,FALSE,TRUE,FALSE,FALSE,FALSE,FALSE,FALSE,Neither actor dominant
1,2002,121174,61.04506640625,outside,0.415897607803345,0,0,TRUE,Depression,outside,FALSE,FALSE,FALSE,TRUE,FALSE,FALSE,FALSE,FALSE,FALSE,Neither actor dominant
1,2002,121175,60.59909375,outside,0.642753481864929,0.00607902323827148,0.00607902323827148,TRUE,Depression,outside,FALSE,FALSE,FALSE,TRUE,TRUE,TRUE,FALSE,FALSE,FALSE,Neither actor dominant
1,2002,121618,62.169125,outside,0.631104052066803,0,0,TRUE,Depression,outside,FALSE,FALSE,FALSE,TRUE,FALSE,FALSE,FALSE,FALSE,FALSE,Neither actor dominant
1,2002,121619,61.71912109375,outside,0.495006501674652,0,0,TRUE,Depression,outside,FALSE,FALSE,FALSE,TRUE,FALSE,FALSE,FALSE,FALSE,FALSE,Neither actor dominant
1,2002,121621,60.8214609375,outside,0.486061245203018,0,0,TRUE,Depression,outside,FALSE,FALSE,FALSE,TRUE,FALSE,FALSE,FALSE,FALSE,FALSE,Neither actor dominant
1,2002,121622,60.3738359375,outside,0.534267485141754,0.00607894919812679,0.00607894919812679,TRUE,Depression,outside,FALSE,FALSE,FALSE,TRUE,TRUE,TRUE,FALSE,FALSE,FALSE,Neither actor dominant
1,2002,121627,58.148515625,outside,0.447261244058609,0,0,TRUE,Depression,outside,FALSE,FALSE,FALSE,TRUE,FALSE,FALSE,FALSE,FALSE,FALSE,Neither actor dominant
1,2002,122061,63.76715625,outside,0.332378566265106,0,0,TRUE,Depression,outside,FALSE,FALSE,FALSE,TRUE,FALSE,FALSE,FALSE,FALSE,FALSE,Neither actor dominant
1,2002,122064,62.4059296875,outside,0.575688898563385,0,0,TRUE,Depression,outside,FALSE,FALSE,FALSE,TRUE,FALSE,FALSE,FALSE,FALSE,FALSE,Neither actor dominant
1,2002,122073,58.3630859375,outside,0.494839787483215,0,0,TRUE,Depression,outside,FALSE,FALSE,FALSE,TRUE,FALSE,FALSE,FALSE,FALSE,FALSE,Neither actor dominant
1,2002,122074,57.918046875,outside,0.434735357761383,0,0,TRUE,Depression,outside,FALSE,FALSE,FALSE,TRUE,FALSE,FALSE,FALSE,FALSE,FALSE,Neither actor dominant
1,2002,122508,63.56099609375,outside,0.412952691316605,0,0,TRUE,Depression,outside,FALSE,FALSE,FALSE,TRUE,FALSE,FALSE,FALSE,FALSE,FALSE,Neither actor dominant
1,2002,122509,63.1050703125,outside,0.466165840625763,0,0,TRUE,Depression,outside,FALSE,FALSE,FALSE,TRUE,FALSE,FALSE,FALSE,FALSE,FALSE,Neither actor dominant
1,2002,122520,58.137765625,outside,0.478187739849091,0,0,TRUE,Depression,outside,FALSE,FALSE,FALSE,TRUE,FALSE,FALSE,FALSE,FALSE,FALSE,Neither actor dominant
1,2002,122521,57.69098828125,outside,0.380880802869797,0,0,TRUE,Depression,outside,FALSE,FALSE,FALSE,TRUE,FALSE,FALSE,FALSE,FALSE,FALSE,Neither actor dominant
1,2002,122961,60.62383984375,outside,0.478901267051697,0.00303938728757203,0.00303938728757203,TRUE,Depression,outside,FALSE,FALSE,FALSE,TRUE,TRUE,TRUE,FALSE,FALSE,FALSE,Neither actor dominant
1,2002,122967,57.91588671875,outside,0.630344152450562,0,0,TRUE,Depression,outside,FALSE,FALSE,FALSE,TRUE,FALSE,FALSE,FALSE,FALSE,FALSE,Neither actor dominant
1,2002,123414,57.69748828125,outside,0.778396368026733,0,0,TRUE,Depression,outside,FALSE,FALSE,FALSE,TRUE,FALSE,FALSE,FALSE,FALSE,FALSE,Neither actor dominant
1,2002,124305,58.63659375,outside,0.295540124177933,0.00303924013860524,0.00303924013860524,TRUE,Depression,outside,FALSE,FALSE,FALSE,TRUE,TRUE,TRUE,FALSE,FALSE,FALSE,Neither actor dominant
1,2002,127435,56.8264921875,outside,0.354261457920074,0,0,TRUE,Depression,outside,FALSE,FALSE,FALSE,TRUE,FALSE,FALSE,FALSE,FALSE,FALSE,Neither actor dominant
1,2002,127462,44.50280859375,outside,0.446061700582504,0.00285374652594328,0.00285374652594328,TRUE,Depression,outside,FALSE,FALSE,FALSE,TRUE,TRUE,TRUE,FALSE,FALSE,FALSE,Neither actor dominant
1,2002,127910,43.82921484375,outside,0.596094608306885,0,0,TRUE,Depression,outside,FALSE,FALSE,FALSE,TRUE,FALSE,FALSE,FALSE,FALSE,FALSE,Neither actor dominant
1,2002,129703,40.69705078125,outside,0.31824779510498,0,0,TRUE,Depression,outside,FALSE,FALSE,FALSE,TRUE,FALSE,FALSE,FALSE,FALSE,FALSE,Neither actor dominant
1,2002,132830,40.20572265625,outside,0.490920513868332,0,0,TRUE,Depression,outside,FALSE,FALSE,FALSE,TRUE,FALSE,FALSE,FALSE,FALSE,FALSE,Neither actor dominant
1,2002,134167,41.58425,outside,0.391785144805908,0,0,TRUE,Depression,outside,FALSE,FALSE,FALSE,TRUE,FALSE,FALSE,FALSE,FALSE,FALSE,Neither actor dominant
1,2002,134614,41.4306640625,outside,0.811364412307739,0,0,TRUE,Depression,outside,FALSE,FALSE,FALSE,TRUE,FALSE,FALSE,FALSE,FALSE,FALSE,Neither actor dominant
1,2002,135060,41.7612265625,outside,0.604745209217072,0,0,TRUE,Depression,outside,FALSE,FALSE,FALSE,TRUE,FALSE,FALSE,FALSE,FALSE,FALSE,Neither actor dominant
1,2002,135508,41.14000390625,outside,0.46131706237793,0,0,TRUE,Depression,outside,FALSE,FALSE,FALSE,TRUE,FALSE,FALSE,FALSE,FALSE,FALSE,Neither actor dominant
1,2002,139072,45.99184765625,outside,0.780155122280121,0,0,TRUE,Depression,outside,FALSE,FALSE,FALSE,TRUE,FALSE,FALSE,FALSE,FALSE,FALSE,Neither actor dominant
1,2002,139073,45.50274609375,outside,0.412690460681915,0,0,TRUE,Depression,outside,FALSE,FALSE,FALSE,TRUE,FALSE,FALSE,FALSE,FALSE,FALSE,Neither actor dominant
1,2002,139519,45.89117578125,outside,0.325355052947998,0,0,TRUE,Depression,outside,FALSE,FALSE,FALSE,TRUE,FALSE,FALSE,FALSE,FALSE,FALSE,Neither actor dominant
1,2002,142205,43.4165859375,outside,0.82128769159317,0.00303750950843096,0.00303750950843096,TRUE,Depression,outside,FALSE,FALSE,FALSE,TRUE,TRUE,TRUE,FALSE,FALSE,FALSE,Neither actor dominant
1,2002,145332,44.07096484375,outside,0.355197131633759,0,0,TRUE,Depression,outside,FALSE,FALSE,FALSE,TRUE,FALSE,FALSE,FALSE,FALSE,FALSE,Neither actor dominant
1,2002,145845,11.18033984375,outside,0.508347809314728,0,0,TRUE,Depression,outside,FALSE,FALSE,TRUE,TRUE,FALSE,FALSE,FALSE,FALSE,FALSE,Neither actor dominant
1,2002,146235,39.52847265625,outside,0.616496324539185,0,0,TRUE,Depression,outside,FALSE,FALSE,FALSE,TRUE,FALSE,FALSE,FALSE,FALSE,FALSE,Neither actor dominant
1,2002,146290,12.09338671875,outside,0.384177833795548,0,0,TRUE,Depression,outside,FALSE,FALSE,TRUE,TRUE,FALSE,FALSE,FALSE,FALSE,FALSE,Neither actor dominant
1,2002,146292,11.1018017578125,outside,0.588262856006622,0,0,TRUE,Depression,outside,FALSE,FALSE,TRUE,TRUE,FALSE,FALSE,FALSE,FALSE,FALSE,Neither actor dominant
1,2002,146737,12.0415947265625,outside,0.444688707590103,0,0,TRUE,Depression,outside,FALSE,FALSE,TRUE,TRUE,FALSE,FALSE,FALSE,FALSE,FALSE,Neither actor dominant
1,2002,147126,41.003046875,outside,0.503070592880249,0,0,TRUE,Depression,outside,FALSE,FALSE,FALSE,TRUE,FALSE,FALSE,FALSE,FALSE,FALSE,Neither actor dominant
1,2002,147185,11.5108642578125,outside,0.569966435432434,0,0,TRUE,Depression,outside,FALSE,FALSE,TRUE,TRUE,FALSE,FALSE,FALSE,FALSE,FALSE,Neither actor dominant
1,2002,149826,32.062439453125,outside,0.381396353244782,0.0151831386610866,0.00910988356918097,TRUE,Depression,outside,FALSE,FALSE,FALSE,TRUE,TRUE,TRUE,FALSE,FALSE,FALSE,Neither actor dominant
1,2002,149827,31.563427734375,outside,0.35118180513382,0.000434212444815785,0,TRUE,Depression,outside,FALSE,FALSE,FALSE,TRUE,TRUE,FALSE,FALSE,FALSE,FALSE,Neither actor dominant
1,2002,150276,30.602287109375,outside,0.334183484315872,0,0,TRUE,Depression,outside,FALSE,FALSE,FALSE,TRUE,FALSE,FALSE,FALSE,FALSE,FALSE,Neither actor dominant
1,2002,150716,34.13209765625,outside,0.358382195234299,0,0,TRUE,Depression,outside,FALSE,FALSE,FALSE,TRUE,FALSE,FALSE,FALSE,FALSE,FALSE,Neither actor dominant
1,2002,150722,31.144822265625,outside,0.42065167427063,0,0,TRUE,Depression,outside,FALSE,FALSE,FALSE,TRUE,FALSE,FALSE,FALSE,FALSE,FALSE,Neither actor dominant
1,2002,151138,46.63153515625,outside,0.371417105197907,0,0,TRUE,Depression,outside,FALSE,FALSE,FALSE,TRUE,FALSE,FALSE,FALSE,FALSE,FALSE,Neither actor dominant
1,2002,151167,32.190837890625,outside,0.558874845504761,0.0156350359320641,0.0156350359320641,TRUE,Depression,outside,FALSE,FALSE,FALSE,TRUE,TRUE,TRUE,FALSE,FALSE,FALSE,Neither actor dominant
1,2002,151168,31.69384765625,outside,0.443070471286774,0.00883281975984573,0.00883281975984573,TRUE,Depression,outside,FALSE,FALSE,FALSE,TRUE,TRUE,TRUE,FALSE,FALSE,FALSE,Neither actor dominant
1,2002,151583,47.668125,outside,0.338903099298477,0.00303681171499193,0,TRUE,Depression,outside,FALSE,FALSE,FALSE,TRUE,TRUE,FALSE,FALSE,FALSE,FALSE,Neither actor dominant
1,2002,151615,31.752953125,outside,0.283555865287781,0.0120507795363665,0.00597785040736198,TRUE,Depression,outside,FALSE,FALSE,FALSE,TRUE,TRUE,TRUE,FALSE,FALSE,FALSE,Neither actor dominant
1,2002,152485,43.7864140625,outside,0.596379816532135,0,0,TRUE,Depression,outside,FALSE,FALSE,FALSE,TRUE,FALSE,FALSE,FALSE,FALSE,FALSE,Neither actor dominant
1,2002,152928,45.8312109375,outside,0.39632847905159,0.00607330212369561,0,TRUE,Depression,outside,FALSE,FALSE,FALSE,TRUE,TRUE,FALSE,FALSE,FALSE,FALSE,Neither actor dominant
1,2002,153327,63.89053125,outside,0.256795346736908,0,0,TRUE,Depression,outside,FALSE,FALSE,FALSE,TRUE,FALSE,FALSE,FALSE,FALSE,FALSE,Neither actor dominant
1,2002,153773,63.957015625,outside,0.358626872301102,0,0,TRUE,Depression,outside,FALSE,FALSE,FALSE,TRUE,FALSE,FALSE,FALSE,FALSE,FALSE,Neither actor dominant
1,2002,156926,52.680640625,outside,0.317262589931488,0,0,TRUE,Depression,outside,FALSE,FALSE,FALSE,TRUE,FALSE,FALSE,FALSE,FALSE,FALSE,Neither actor dominant
1,2002,163287,14.5773798828125,outside,0.377374172210693,0,0,TRUE,Depression,outside,FALSE,FALSE,TRUE,TRUE,FALSE,FALSE,FALSE,FALSE,FALSE,Neither actor dominant
1,2002,164530,45.13590625,outside,0.43130287528038,0,0,TRUE,Depression,outside,FALSE,FALSE,FALSE,TRUE,FALSE,FALSE,FALSE,FALSE,FALSE,Neither actor dominant
1,2002,164531,44.74930078125,outside,0.469673156738281,0,0,TRUE,Depression,outside,FALSE,FALSE,FALSE,TRUE,FALSE,FALSE,FALSE,FALSE,FALSE,Neither actor dominant
1,2002,164584,27.950849609375,outside,0.341770589351654,0,0,TRUE,Depression,outside,FALSE,FALSE,FALSE,TRUE,FALSE,FALSE,FALSE,FALSE,FALSE,Neither actor dominant
1,2002,164973,46.4004296875,outside,0.541842937469482,0,0,TRUE,Depression,outside,FALSE,FALSE,FALSE,TRUE,FALSE,FALSE,FALSE,FALSE,FALSE,Neither actor dominant
1,2002,164975,45.607015625,outside,0.693377614021301,0,0,TRUE,Depression,outside,FALSE,FALSE,FALSE,TRUE,FALSE,FALSE,FALSE,FALSE,FALSE,Neither actor dominant
1,2002,164976,45.2133828125,outside,0.74858433008194,0,0,TRUE,Depression,outside,FALSE,FALSE,FALSE,TRUE,FALSE,FALSE,FALSE,FALSE,FALSE,Neither actor dominant
1,2002,164977,44.82187109375,outside,0.64342737197876,0,0,TRUE,Depression,outside,FALSE,FALSE,FALSE,TRUE,FALSE,FALSE,FALSE,FALSE,FALSE,Neither actor dominant
1,2002,165420,46.10043359375,outside,0.83210813999176,0,0,TRUE,Depression,outside,FALSE,FALSE,FALSE,TRUE,FALSE,FALSE,FALSE,FALSE,FALSE,Neither actor dominant
1,2002,165421,45.700109375,outside,0.608548879623413,0,0,TRUE,Depression,outside,FALSE,FALSE,FALSE,TRUE,FALSE,FALSE,FALSE,FALSE,FALSE,Neither actor dominant
1,2002,165423,44.90545703125,outside,0.747366905212402,0,0,TRUE,Depression,outside,FALSE,FALSE,FALSE,TRUE,FALSE,FALSE,FALSE,FALSE,FALSE,Neither actor dominant
1,2002,165424,44.511234375,outside,0.911261320114136,0,0,TRUE,Depression,outside,FALSE,FALSE,FALSE,TRUE,FALSE,FALSE,FALSE,FALSE,FALSE,Neither actor dominant
1,2002,165425,44.11915625,outside,0.600422024726868,0,0,TRUE,Depression,outside,FALSE,FALSE,FALSE,TRUE,FALSE,FALSE,FALSE,FALSE,FALSE,Neither actor dominant
1,2002,165426,43.72928125,outside,0.422631978988647,0,0,TRUE,Depression,outside,FALSE,FALSE,FALSE,TRUE,FALSE,FALSE,FALSE,FALSE,FALSE,Neither actor dominant
1,2002,165431,41.8150703125,outside,0.567914485931397,0,0,TRUE,Depression,outside,FALSE,FALSE,FALSE,TRUE,FALSE,FALSE,FALSE,FALSE,FALSE,Neither actor dominant
1,2002,165432,41.43971484375,outside,0.504440724849701,0.00607141945511103,0.00303570972755551,TRUE,Depression,outside,FALSE,FALSE,FALSE,TRUE,TRUE,TRUE,FALSE,FALSE,FALSE,Neither actor dominant
1,2002,165867,45.8039296875,outside,0.747435033321381,0,0,TRUE,Depression,outside,FALSE,FALSE,FALSE,TRUE,FALSE,FALSE,FALSE,FALSE,FALSE,Neither actor dominant
1,2002,165868,45.4009921875,outside,0.577108085155487,0,0,TRUE,Depression,outside,FALSE,FALSE,FALSE,TRUE,FALSE,FALSE,FALSE,FALSE,FALSE,Neither actor dominant
1,2002,165869,45,outside,0.665695786476135,0,0,TRUE,Depression,outside,FALSE,FALSE,FALSE,TRUE,FALSE,FALSE,FALSE,FALSE,FALSE,Neither actor dominant
1,2002,165870,44.6010078125,outside,0.613928318023682,0,0,TRUE,Depression,outside,FALSE,FALSE,FALSE,TRUE,FALSE,FALSE,FALSE,FALSE,FALSE,Neither actor dominant
1,2002,165875,42.63801171875,outside,0.413912087678909,0,0,TRUE,Depression,outside,FALSE,FALSE,FALSE,TRUE,FALSE,FALSE,FALSE,FALSE,FALSE,Neither actor dominant
1,2002,166313,45.91840625,outside,0.492786198854446,0,0,TRUE,Depression,outside,FALSE,FALSE,FALSE,TRUE,FALSE,FALSE,FALSE,FALSE,FALSE,Neither actor dominant
1,2002,166314,45.51098828125,outside,0.729449570178986,0,0,TRUE,Depression,outside,FALSE,FALSE,FALSE,TRUE,FALSE,FALSE,FALSE,FALSE,FALSE,Neither actor dominant
1,2002,166315,45.10543359375,outside,0.520453631877899,0,0,TRUE,Depression,outside,FALSE,FALSE,FALSE,TRUE,FALSE,FALSE,FALSE,FALSE,FALSE,Neither actor dominant
1,2002,166316,44.7017890625,outside,0.561586201190949,0,0,TRUE,Depression,outside,FALSE,FALSE,FALSE,TRUE,FALSE,FALSE,FALSE,FALSE,FALSE,Neither actor dominant
1,2002,166317,44.30011328125,outside,0.605831861495972,0,0,TRUE,Depression,outside,FALSE,FALSE,FALSE,TRUE,FALSE,FALSE,FALSE,FALSE,FALSE,Neither actor dominant
1,2002,166760,45.63167578125,outside,0.350105285644531,0,0,TRUE,Depression,outside,FALSE,FALSE,FALSE,TRUE,FALSE,FALSE,FALSE,FALSE,FALSE,Neither actor dominant
1,2002,166762,44.81350390625,outside,0.447045117616653,0,0,TRUE,Depression,outside,FALSE,FALSE,FALSE,TRUE,FALSE,FALSE,FALSE,FALSE,FALSE,Neither actor dominant
1,2002,166763,44.40720703125,outside,0.599399387836456,0,0,TRUE,Depression,outside,FALSE,FALSE,FALSE,TRUE,FALSE,FALSE,FALSE,FALSE,FALSE,Neither actor dominant
1,2002,166773,40.45985546875,outside,0.323211073875427,0,0,TRUE,Depression,outside,FALSE,FALSE,FALSE,TRUE,FALSE,FALSE,FALSE,FALSE,FALSE,Neither actor dominant
1,2002,166776,39.32238671875,outside,0.272438198328018,0,0,TRUE,Depression,outside,FALSE,FALSE,FALSE,TRUE,FALSE,FALSE,FALSE,FALSE,FALSE,Neither actor dominant
1,2002,167211,43.709265625,outside,0.329831689596176,0,0,TRUE,Depression,outside,FALSE,FALSE,FALSE,TRUE,FALSE,FALSE,FALSE,FALSE,FALSE,Neither actor dominant
1,2002,167658,43.41946484375,outside,0.569552540779114,0,0,TRUE,Depression,outside,FALSE,FALSE,FALSE,TRUE,FALSE,FALSE,FALSE,FALSE,FALSE,Neither actor dominant
1,2002,167664,41.003046875,outside,0.286146402359009,0.00115430227015167,0.00115430227015167,TRUE,Depression,outside,FALSE,FALSE,FALSE,TRUE,TRUE,TRUE,FALSE,FALSE,FALSE,Neither actor dominant
1,2002,168105,43.13351171875,outside,0.519038200378418,0,0,TRUE,Depression,outside,FALSE,FALSE,FALSE,TRUE,FALSE,FALSE,FALSE,FALSE,FALSE,Neither actor dominant
1,2002,168106,42.7229453125,outside,0.513817965984345,0,0,TRUE,Depression,outside,FALSE,FALSE,FALSE,TRUE,FALSE,FALSE,FALSE,FALSE,FALSE,Neither actor dominant
1,2002,168552,42.85148828125,outside,0.568544149398804,0,0,TRUE,Depression,outside,FALSE,FALSE,FALSE,TRUE,FALSE,FALSE,FALSE,FALSE,FALSE,Neither actor dominant
1,2002,168554,42.02677734375,outside,0.7367182970047,0,0,TRUE,Depression,outside,FALSE,FALSE,FALSE,TRUE,FALSE,FALSE,FALSE,FALSE,FALSE,Neither actor dominant
1,2002,168555,41.6173046875,outside,0.576507389545441,0,0,TRUE,Depression,outside,FALSE,FALSE,FALSE,TRUE,FALSE,FALSE,FALSE,FALSE,FALSE,Neither actor dominant
1,2002,168556,41.209828125,outside,0.60835474729538,0,0,TRUE,Depression,outside,FALSE,FALSE,FALSE,TRUE,FALSE,FALSE,FALSE,FALSE,FALSE,Neither actor dominant
1,2002,168557,40.80441015625,outside,0.432765692472458,0,0,TRUE,Depression,outside,FALSE,FALSE,FALSE,TRUE,FALSE,FALSE,FALSE,FALSE,FALSE,Neither actor dominant
1,2002,168558,40.40111328125,outside,0.400719225406647,0,0,TRUE,Depression,outside,FALSE,FALSE,FALSE,TRUE,FALSE,FALSE,FALSE,FALSE,FALSE,Neither actor dominant
1,2002,168559,40,outside,0.34125754237175,0,0,TRUE,Depression,outside,FALSE,FALSE,FALSE,TRUE,FALSE,FALSE,FALSE,FALSE,FALSE,Neither actor dominant
1,2002,168999,42.57346484375,outside,0.367682784795761,0,0,TRUE,Depression,outside,FALSE,FALSE,FALSE,TRUE,FALSE,FALSE,FALSE,FALSE,FALSE,Neither actor dominant
1,2002,169001,41.74326171875,outside,0.378313153982163,0,0,TRUE,Depression,outside,FALSE,FALSE,FALSE,TRUE,FALSE,FALSE,FALSE,FALSE,FALSE,Neither actor dominant
1,2002,169002,41.33098046875,outside,0.466548293828964,0,0,TRUE,Depression,outside,FALSE,FALSE,FALSE,TRUE,FALSE,FALSE,FALSE,FALSE,FALSE,Neither actor dominant
1,2002,169004,40.51234375,outside,0.481010913848877,0,0,TRUE,Depression,outside,FALSE,FALSE,FALSE,TRUE,FALSE,FALSE,FALSE,FALSE,FALSE,Neither actor dominant
1,2002,169005,40.106109375,outside,0.274112969636917,0,0,TRUE,Depression,outside,FALSE,FALSE,FALSE,TRUE,FALSE,FALSE,FALSE,FALSE,FALSE,Neither actor dominant
1,2002,169447,41.88078125,outside,0.468663543462753,0,0,TRUE,Depression,outside,FALSE,FALSE,FALSE,TRUE,FALSE,FALSE,FALSE,FALSE,FALSE,Neither actor dominant
1,2002,169448,41.46383984375,outside,0.628111600875855,0,0,TRUE,Depression,outside,FALSE,FALSE,FALSE,TRUE,FALSE,FALSE,FALSE,FALSE,FALSE,Neither actor dominant
1,2002,169449,41.04875,outside,0.4502934217453,0,0,TRUE,Depression,outside,FALSE,FALSE,FALSE,TRUE,FALSE,FALSE,FALSE,FALSE,FALSE,Neither actor dominant
1,2002,169891,42.877734375,outside,0.33922803401947,0,0,TRUE,Depression,outside,FALSE,FALSE,FALSE,TRUE,FALSE,FALSE,FALSE,FALSE,FALSE,Neither actor dominant
1,2002,169893,42.02975,outside,0.540697574615479,0,0,TRUE,Depression,outside,FALSE,FALSE,FALSE,TRUE,FALSE,FALSE,FALSE,FALSE,FALSE,Neither actor dominant
1,2002,169895,41.18858984375,outside,0.476101934909821,0,0,TRUE,Depression,outside,FALSE,FALSE,FALSE,TRUE,FALSE,FALSE,FALSE,FALSE,FALSE,Neither actor dominant
1,2002,169896,40.77069921875,outside,0.436537712812424,0,0,TRUE,Depression,outside,FALSE,FALSE,FALSE,TRUE,FALSE,FALSE,FALSE,FALSE,FALSE,Neither actor dominant
1,2002,169897,40.35467578125,outside,0.343374013900757,0,0,TRUE,Depression,outside,FALSE,FALSE,FALSE,TRUE,FALSE,FALSE,FALSE,FALSE,FALSE,Neither actor dominant
1,2002,169898,39.94058203125,outside,0.336015909910202,0,0,TRUE,Depression,outside,FALSE,FALSE,FALSE,TRUE,FALSE,FALSE,FALSE,FALSE,FALSE,Neither actor dominant
1,2002,169899,39.52847265625,outside,0.325247824192047,0,0,TRUE,Depression,outside,FALSE,FALSE,FALSE,TRUE,FALSE,FALSE,FALSE,FALSE,FALSE,Neither actor dominant
1,2002,170339,42.190046875,outside,0.48821285367012,0,0,TRUE,Depression,outside,FALSE,FALSE,FALSE,TRUE,FALSE,FALSE,FALSE,FALSE,FALSE,Neither actor dominant
1,2002,170340,41.76421875,outside,0.695268452167511,0.00303538958542049,0,TRUE,Depression,outside,FALSE,FALSE,FALSE,TRUE,TRUE,FALSE,FALSE,FALSE,FALSE,Neither actor dominant
1,2002,170342,40.9176015625,outside,0.647487699985504,0.00303536537103355,0.00303536537103355,TRUE,Depression,outside,FALSE,FALSE,FALSE,TRUE,TRUE,TRUE,FALSE,FALSE,FALSE,Neither actor dominant
1,2002,170343,40.4969140625,outside,0.57994556427002,0,0,TRUE,Depression,outside,FALSE,FALSE,FALSE,TRUE,FALSE,FALSE,FALSE,FALSE,FALSE,Neither actor dominant
1,2002,170344,40.07805078125,outside,0.721781075000763,0,0,TRUE,Depression,outside,FALSE,FALSE,FALSE,TRUE,FALSE,FALSE,FALSE,FALSE,FALSE,Neither actor dominant
1,2002,170789,40.650953125,outside,0.607293009757996,0,0,TRUE,Depression,outside,FALSE,FALSE,FALSE,TRUE,FALSE,FALSE,FALSE,FALSE,FALSE,Neither actor dominant
1,2002,170790,40.2274765625,outside,0.371560603380203,0,0,TRUE,Depression,outside,FALSE,FALSE,FALSE,TRUE,FALSE,FALSE,FALSE,FALSE,FALSE,Neither actor dominant
1,2002,170791,39.80577734375,outside,0.796945989131928,0,0,TRUE,Depression,outside,FALSE,FALSE,FALSE,TRUE,FALSE,FALSE,FALSE,FALSE,FALSE,Neither actor dominant
1,2002,170792,39.38591015625,outside,0.602468550205231,0,0,TRUE,Depression,outside,FALSE,FALSE,FALSE,TRUE,FALSE,FALSE,FALSE,FALSE,FALSE,Neither actor dominant
1,2002,170807,33.35416015625,outside,0.462243497371674,0.00607022922486067,0.00607022922486067,TRUE,Depression,outside,FALSE,FALSE,FALSE,TRUE,TRUE,TRUE,FALSE,FALSE,FALSE,Neither actor dominant
1,2002,171233,41.67733203125,outside,0.419316530227661,0,0,TRUE,Depression,outside,FALSE,FALSE,FALSE,TRUE,FALSE,FALSE,FALSE,FALSE,FALSE,Neither actor dominant
1,2002,171236,40.388734375,outside,0.3567074239254,0,0,TRUE,Depression,outside,FALSE,FALSE,FALSE,TRUE,FALSE,FALSE,FALSE,FALSE,FALSE,Neither actor dominant
1,2002,171238,39.53795703125,outside,0.676553964614868,0,0,TRUE,Depression,outside,FALSE,FALSE,FALSE,TRUE,FALSE,FALSE,FALSE,FALSE,FALSE,Neither actor dominant
1,2002,171679,41.86287109375,outside,0.6134472489357,0,0,TRUE,Depression,outside,FALSE,FALSE,FALSE,TRUE,FALSE,FALSE,FALSE,FALSE,FALSE,Neither actor dominant
1,2002,171681,40.99390234375,outside,0.575481534004211,0.00303527247160673,0,TRUE,Depression,outside,FALSE,FALSE,FALSE,TRUE,TRUE,FALSE,FALSE,FALSE,FALSE,Neither actor dominant
1,2002,171682,40.5616796875,outside,0.364485055208206,0,0,TRUE,Depression,outside,FALSE,FALSE,FALSE,TRUE,FALSE,FALSE,FALSE,FALSE,FALSE,Neither actor dominant
1,2002,171683,40.13103515625,outside,0.488511472940445,0,0,TRUE,Depression,outside,FALSE,FALSE,FALSE,TRUE,FALSE,FALSE,FALSE,FALSE,FALSE,Neither actor dominant
1,2002,172126,41.62030859375,outside,0.798294305801392,0,0,TRUE,Depression,outside,FALSE,FALSE,FALSE,TRUE,FALSE,FALSE,FALSE,FALSE,FALSE,Neither actor dominant
1,2002,172127,41.18251953125,outside,0.631021738052368,0.0121409818530083,0.0121409818530083,TRUE,Depression,outside,FALSE,FALSE,FALSE,TRUE,TRUE,TRUE,FALSE,FALSE,FALSE,Neither actor dominant
1,2002,172128,40.7461640625,outside,0.445964694023132,0,0,TRUE,Depression,outside,FALSE,FALSE,FALSE,TRUE,FALSE,FALSE,FALSE,FALSE,FALSE,Neither actor dominant
1,2002,172129,40.3112890625,outside,0.644394874572754,0,0,TRUE,Depression,outside,FALSE,FALSE,FALSE,TRUE,FALSE,FALSE,FALSE,FALSE,FALSE,Neither actor dominant
1,2002,172130,39.8779375,outside,0.6307333111763,0,0,TRUE,Depression,outside,FALSE,FALSE,FALSE,TRUE,FALSE,FALSE,FALSE,FALSE,FALSE,Neither actor dominant
1,2002,172147,32.8024375,outside,0.349789887666702,0,0,TRUE,Depression,outside,FALSE,FALSE,FALSE,TRUE,FALSE,FALSE,FALSE,FALSE,FALSE,Neither actor dominant
1,2002,172570,42.71123828125,outside,0.547041237354279,0,0,TRUE,Depression,outside,FALSE,FALSE,FALSE,TRUE,FALSE,FALSE,FALSE,FALSE,FALSE,Neither actor dominant
1,2002,172572,41.82403515625,outside,0.657239675521851,0,0,TRUE,Depression,outside,FALSE,FALSE,FALSE,TRUE,FALSE,FALSE,FALSE,FALSE,FALSE,Neither actor dominant
1,2002,172573,41.38236328125,outside,0.755479633808136,0,0,TRUE,Depression,outside,FALSE,FALSE,FALSE,TRUE,FALSE,FALSE,FALSE,FALSE,FALSE,Neither actor dominant
1,2002,172574,40.94203125,outside,0.315874367952347,0,0,TRUE,Depression,outside,FALSE,FALSE,FALSE,TRUE,FALSE,FALSE,FALSE,FALSE,FALSE,Neither actor dominant
1,2002,172576,40.0655703125,outside,0.439415276050568,0,0,TRUE,Depression,outside,FALSE,FALSE,FALSE,TRUE,FALSE,FALSE,FALSE,FALSE,FALSE,Neither actor dominant
1,2002,172577,39.62953515625,outside,0.616779267787933,0,0,TRUE,Depression,outside,FALSE,FALSE,FALSE,TRUE,FALSE,FALSE,FALSE,FALSE,FALSE,Neither actor dominant
1,2002,172578,39.1950234375,outside,0.45392781496048,0,0,TRUE,Depression,outside,FALSE,FALSE,FALSE,TRUE,FALSE,FALSE,FALSE,FALSE,FALSE,Neither actor dominant
1,2002,173470,39.5885078125,outside,0.393650263547897,0,0,TRUE,Depression,outside,FALSE,FALSE,FALSE,TRUE,FALSE,FALSE,FALSE,FALSE,FALSE,Neither actor dominant
1,2002,173914,40.69705078125,outside,0.68846333026886,0,0,TRUE,Depression,outside,FALSE,FALSE,FALSE,TRUE,FALSE,FALSE,FALSE,FALSE,FALSE,Neither actor dominant
1,2002,173916,39.80263671875,outside,0.608875215053558,0,0,TRUE,Depression,outside,FALSE,FALSE,FALSE,TRUE,FALSE,FALSE,FALSE,FALSE,FALSE,Neither actor dominant
1,2002,173917,39.3573359375,outside,0.59394383430481,0,0,TRUE,Depression,outside,FALSE,FALSE,FALSE,TRUE,FALSE,FALSE,FALSE,FALSE,FALSE,Neither actor dominant
1,2002,173918,38.9133671875,outside,0.597992539405823,0,0,TRUE,Depression,outside,FALSE,FALSE,FALSE,TRUE,FALSE,FALSE,FALSE,FALSE,FALSE,Neither actor dominant
1,2002,174360,40.92981640625,outside,0.496886283159256,0,0,TRUE,Depression,outside,FALSE,FALSE,FALSE,TRUE,FALSE,FALSE,FALSE,FALSE,FALSE,Neither actor dominant
1,2002,174361,40.478390625,outside,0.709770500659943,0,0,TRUE,Depression,outside,FALSE,FALSE,FALSE,TRUE,FALSE,FALSE,FALSE,FALSE,FALSE,Neither actor dominant
1,2002,174362,40.02811328125,outside,0.750958561897278,0,0,TRUE,Depression,outside,FALSE,FALSE,FALSE,TRUE,FALSE,FALSE,FALSE,FALSE,FALSE,Neither actor dominant
1,2002,174363,39.57903515625,outside,0.450207352638245,0,0,TRUE,Depression,outside,FALSE,FALSE,FALSE,TRUE,FALSE,FALSE,FALSE,FALSE,FALSE,Neither actor dominant
1,2002,174364,39.13119140625,outside,0.46511173248291,0,0,TRUE,Depression,outside,FALSE,FALSE,FALSE,TRUE,FALSE,FALSE,FALSE,FALSE,FALSE,Neither actor dominant
1,2002,174809,39.81205859375,outside,0.666623115539551,0,0,TRUE,Depression,outside,FALSE,FALSE,FALSE,TRUE,FALSE,FALSE,FALSE,FALSE,FALSE,Neither actor dominant
1,2002,174811,38.91015234375,outside,0.40914249420166,0,0,TRUE,Depression,outside,FALSE,FALSE,FALSE,TRUE,FALSE,FALSE,FALSE,FALSE,FALSE,Neither actor dominant
1,2002,174812,38.46101953125,outside,0.611444652080536,0,0,TRUE,Depression,outside,FALSE,FALSE,FALSE,TRUE,FALSE,FALSE,FALSE,FALSE,FALSE,Neither actor dominant
1,2002,174814,37.566609375,outside,0.296073794364929,0,0,TRUE,Depression,outside,FALSE,FALSE,FALSE,TRUE,FALSE,FALSE,FALSE,FALSE,FALSE,Neither actor dominant
1,2002,174817,36.23534375,outside,0.309006571769714,0,0,TRUE,Depression,outside,FALSE,FALSE,FALSE,TRUE,FALSE,FALSE,FALSE,FALSE,FALSE,Neither actor dominant
1,2002,174828,31.484123046875,outside,0.354504495859146,0,0,TRUE,Depression,outside,FALSE,FALSE,FALSE,TRUE,FALSE,FALSE,FALSE,FALSE,FALSE,Neither actor dominant
1,2002,175255,40.03123828125,outside,0.837930619716644,0,0,TRUE,Depression,outside,FALSE,FALSE,FALSE,TRUE,FALSE,FALSE,FALSE,FALSE,FALSE,Neither actor dominant
1,2002,175256,39.5885078125,outside,0.670090436935425,0,0,TRUE,Depression,outside,FALSE,FALSE,FALSE,TRUE,FALSE,FALSE,FALSE,FALSE,FALSE,Neither actor dominant
1,2002,175257,39.14716015625,outside,0.692270934581757,0.00227563944645226,0.00113781972322613,TRUE,Depression,outside,FALSE,FALSE,FALSE,TRUE,TRUE,TRUE,FALSE,FALSE,FALSE,Neither actor dominant
1,2002,175259,38.24264453125,outside,0.587691366672516,0.00303493486717343,0,TRUE,Depression,outside,FALSE,FALSE,FALSE,TRUE,TRUE,FALSE,FALSE,FALSE,FALSE,Neither actor dominant
1,2002,175260,37.7921953125,outside,0.499358385801315,0,0,TRUE,Depression,outside,FALSE,FALSE,FALSE,TRUE,FALSE,FALSE,FALSE,FALSE,FALSE,Neither actor dominant
1,2002,175263,36.44859375,outside,0.297142416238785,0,0,TRUE,Depression,outside,FALSE,FALSE,FALSE,TRUE,FALSE,FALSE,FALSE,FALSE,FALSE,Neither actor dominant
1,2002,175264,36.00347265625,outside,0.458995252847672,0,0,TRUE,Depression,outside,FALSE,FALSE,FALSE,TRUE,FALSE,FALSE,FALSE,FALSE,FALSE,Neither actor dominant
1,2002,175695,42.95346484375,outside,0.482021629810333,0,0,TRUE,Depression,outside,FALSE,FALSE,FALSE,TRUE,FALSE,FALSE,FALSE,FALSE,FALSE,Neither actor dominant
1,2002,175703,39.3573359375,outside,0.522439479827881,0,0,TRUE,Depression,outside,FALSE,FALSE,FALSE,TRUE,FALSE,FALSE,FALSE,FALSE,FALSE,Neither actor dominant
1,2002,175704,38.9133671875,outside,0.596067428588867,0,0,TRUE,Depression,outside,FALSE,FALSE,FALSE,TRUE,FALSE,FALSE,FALSE,FALSE,FALSE,Neither actor dominant
1,2002,175711,35.7770859375,outside,0.353466242551804,0,0,TRUE,Depression,outside,FALSE,FALSE,FALSE,TRUE,FALSE,FALSE,FALSE,FALSE,FALSE,Neither actor dominant
1,2002,175720,31.815876953125,outside,0.352599918842316,0,0,TRUE,Depression,outside,FALSE,FALSE,FALSE,TRUE,FALSE,FALSE,FALSE,FALSE,FALSE,Neither actor dominant
1,2002,176151,38.68462109375,outside,0.454606950283051,0,0,TRUE,Depression,outside,FALSE,FALSE,FALSE,TRUE,FALSE,FALSE,FALSE,FALSE,FALSE,Neither actor dominant
1,2002,177067,28.46928125,outside,0.334805935621262,0,0,TRUE,Depression,outside,FALSE,FALSE,FALSE,TRUE,FALSE,FALSE,FALSE,FALSE,FALSE,Neither actor dominant
1,2002,178849,30.207615234375,outside,0.519021987915039,0.000215719075640664,0,TRUE,Depression,outside,FALSE,FALSE,FALSE,TRUE,TRUE,FALSE,FALSE,FALSE,FALSE,Neither actor dominant
1,2002,179355,8.732125,outside,0.316870033740997,0.0027500914875418,0,TRUE,Depression,outside,FALSE,TRUE,TRUE,TRUE,TRUE,FALSE,FALSE,FALSE,FALSE,Neither actor dominant
1,2002,179745,28.853076171875,outside,0.373361617326736,0,0,TRUE,Depression,outside,FALSE,FALSE,FALSE,TRUE,FALSE,FALSE,FALSE,FALSE,FALSE,Neither actor dominant
1,2002,179746,28.41214453125,outside,0.573419332504273,0,0,TRUE,Depression,outside,FALSE,FALSE,FALSE,TRUE,FALSE,FALSE,FALSE,FALSE,FALSE,Neither actor dominant
1,2002,179748,27.51817578125,outside,0.386521697044373,0,0,TRUE,Depression,outside,FALSE,FALSE,FALSE,TRUE,FALSE,FALSE,FALSE,FALSE,FALSE,Neither actor dominant
1,2002,180191,29.0688828125,outside,0.449011236429215,0,0,TRUE,Depression,outside,FALSE,FALSE,FALSE,TRUE,FALSE,FALSE,FALSE,FALSE,FALSE,Neither actor dominant
1,2002,180192,28.62254296875,outside,0.653208017349243,0,0,TRUE,Depression,outside,FALSE,FALSE,FALSE,TRUE,FALSE,FALSE,FALSE,FALSE,FALSE,Neither actor dominant
1,2002,180193,28.178005859375,outside,0.518039226531982,0,0,TRUE,Depression,outside,FALSE,FALSE,FALSE,TRUE,FALSE,FALSE,FALSE,FALSE,FALSE,Neither actor dominant
1,2002,180194,27.735357421875,outside,0.604933440685272,0,0,TRUE,Depression,outside,FALSE,FALSE,FALSE,TRUE,FALSE,FALSE,FALSE,FALSE,FALSE,Neither actor dominant
1,2002,182929,5.700876953125,outside,0.3634372651577,0,0,TRUE,Depression,outside,FALSE,TRUE,TRUE,TRUE,FALSE,FALSE,FALSE,FALSE,FALSE,Neither actor dominant
1,2002,186472,15.6923544921875,outside,0.273015528917313,0.00303351599723101,0.00303351599723101,TRUE,Depression,outside,FALSE,FALSE,TRUE,TRUE,TRUE,TRUE,FALSE,FALSE,FALSE,Neither actor dominant
1,2002,191836,14.5,outside,0.360164642333984,0,0,TRUE,Depression,outside,FALSE,FALSE,TRUE,TRUE,FALSE,FALSE,FALSE,FALSE,FALSE,Neither actor dominant
1,2002,194022,39.080046875,outside,0.40557724237442,0.0292533710598946,0.023186556994915,TRUE,Depression,outside,FALSE,FALSE,FALSE,TRUE,TRUE,TRUE,FALSE,FALSE,FALSE,Neither actor dominant
1,2002,194023,38.58108203125,outside,0.344831615686417,0.0188096165657043,0.0188096165657043,TRUE,Depression,outside,FALSE,FALSE,FALSE,TRUE,TRUE,TRUE,FALSE,FALSE,FALSE,Neither actor dominant
1,2002,196242,46.76804296875,outside,0.489945441484451,0.000362043210770935,0,TRUE,Depression,outside,FALSE,FALSE,FALSE,TRUE,TRUE,FALSE,FALSE,FALSE,FALSE,Neither actor dominant
1,2002,196688,47.32071484375,outside,0.35938286781311,0.00845422130078077,0.00574379693716765,TRUE,Depression,outside,FALSE,FALSE,FALSE,TRUE,TRUE,TRUE,FALSE,FALSE,FALSE,Neither actor dominant
1,2002,196689,46.824140625,outside,0.643251240253449,0,0,TRUE,Depression,outside,FALSE,FALSE,FALSE,TRUE,FALSE,FALSE,FALSE,FALSE,FALSE,Neither actor dominant
1,2002,196690,46.32763671875,outside,0.372621446847916,0.0185250546783209,0.0154917072504759,TRUE,Depression,outside,FALSE,FALSE,FALSE,TRUE,TRUE,TRUE,FALSE,FALSE,FALSE,Neither actor dominant
1,2002,197135,47.3814296875,outside,0.281565129756928,0.0102335438132286,0.0066334386356175,TRUE,Depression,outside,FALSE,FALSE,FALSE,TRUE,TRUE,TRUE,FALSE,FALSE,FALSE,Neither actor dominant
1,2002,197136,46.8855,outside,0.757973194122315,0.0126509200781584,0.00961759965866804,TRUE,Depression,outside,FALSE,FALSE,FALSE,TRUE,TRUE,TRUE,FALSE,FALSE,FALSE,Neither actor dominant
1,2002,197583,46.9521015625,outside,0.264585465192795,0.0181996785104275,0.0181996785104275,TRUE,Depression,outside,FALSE,FALSE,FALSE,TRUE,TRUE,TRUE,FALSE,FALSE,FALSE,Neither actor dominant
1,2002,198029,47.51841796875,outside,0.40155103802681,0.00606650533154607,0.00606650533154607,TRUE,Depression,outside,FALSE,FALSE,FALSE,TRUE,TRUE,TRUE,FALSE,FALSE,FALSE,Neither actor dominant
1,2003,708,73.5832890625,outside,0.48106837272644,0.00914155784994364,0.00914155784994364,TRUE,Depression,outside,FALSE,FALSE,FALSE,TRUE,TRUE,TRUE,FALSE,FALSE,FALSE,Neither actor dominant
1,2003,907,133.417578125,outside,0.345133244991303,0.00609821500256658,0,TRUE,Depression,outside,FALSE,FALSE,FALSE,TRUE,TRUE,FALSE,FALSE,FALSE,FALSE,Neither actor dominant
1,2003,3429,71.277625,outside,0.584152400493622,0.0250916834920645,0.0220447760075331,TRUE,Depression,outside,FALSE,FALSE,FALSE,TRUE,TRUE,TRUE,FALSE,FALSE,FALSE,Neither actor dominant
1,2003,6343,100.9863828125,outside,0.438022583723068,0,0,TRUE,Depression,outside,FALSE,FALSE,FALSE,TRUE,FALSE,FALSE,FALSE,FALSE,FALSE,Neither actor dominant
1,2003,10537,62.57994921875,outside,0.598792612552643,0,0,TRUE,Depression,outside,FALSE,FALSE,FALSE,TRUE,FALSE,FALSE,FALSE,FALSE,FALSE,Neither actor dominant
1,2003,10984,62.08462109375,outside,0.58313262462616,0,0,TRUE,Depression,outside,FALSE,FALSE,FALSE,TRUE,FALSE,FALSE,FALSE,FALSE,FALSE,Neither actor dominant
1,2003,13968,85.6329375,outside,0.315120130777359,0.0482267141342163,0.0390853956341743,TRUE,Depression,outside,FALSE,FALSE,FALSE,TRUE,TRUE,TRUE,FALSE,FALSE,FALSE,Neither actor dominant
1,2003,14114,58.69412109375,outside,0.695938646793366,0.0031180689111352,0.0031180689111352,TRUE,Depression,outside,FALSE,FALSE,FALSE,TRUE,TRUE,TRUE,FALSE,FALSE,FALSE,Neither actor dominant
1,2003,14859,86.077,outside,0.288502275943756,0.00304706860333681,0,TRUE,Depression,outside,FALSE,FALSE,FALSE,TRUE,TRUE,FALSE,FALSE,FALSE,FALSE,Neither actor dominant
1,2003,16793,55.5090078125,outside,0.483348518610001,0.0122102461755276,0.00609208038076758,TRUE,Depression,outside,FALSE,FALSE,FALSE,TRUE,TRUE,TRUE,FALSE,FALSE,FALSE,Neither actor dominant
1,2003,16795,55.65294140625,outside,0.455633789300919,0,0,TRUE,Depression,outside,FALSE,FALSE,FALSE,TRUE,FALSE,FALSE,FALSE,FALSE,FALSE,Neither actor dominant
1,2003,17240,55.0136328125,outside,0.354017525911331,0.00916185043752193,0.00609201472252607,TRUE,Depression,outside,FALSE,FALSE,FALSE,TRUE,TRUE,TRUE,FALSE,FALSE,FALSE,Neither actor dominant
1,2003,17329,53.8353984375,outside,0.359810203313828,0.0426422320306301,0.0395963601768017,TRUE,Depression,outside,FALSE,FALSE,FALSE,TRUE,TRUE,TRUE,FALSE,FALSE,FALSE,Neither actor dominant
1,2003,17331,53.73313671875,outside,0.327860921621323,0.0152293713763356,0.0152293713763356,TRUE,Depression,outside,FALSE,FALSE,FALSE,TRUE,TRUE,TRUE,FALSE,FALSE,FALSE,Neither actor dominant
1,2003,17778,53.235328125,outside,0.287305772304535,0.00811601709574461,0.00202433438971639,TRUE,Depression,outside,FALSE,FALSE,FALSE,TRUE,TRUE,TRUE,FALSE,FALSE,FALSE,Neither actor dominant
1,2003,18449,78.2000625,outside,0.25045645236969,0.00609336839988828,0.00304668419994414,TRUE,Depression,outside,FALSE,FALSE,FALSE,TRUE,TRUE,TRUE,FALSE,FALSE,FALSE,Neither actor dominant
1,2003,18584,53.75871875,outside,0.616812765598297,0.000862597953528166,0.000862597953528166,TRUE,Depression,outside,FALSE,FALSE,FALSE,TRUE,TRUE,TRUE,FALSE,FALSE,FALSE,Neither actor dominant
1,2003,19029,53.10602734375,outside,0.440461158752441,0.00304587301798165,0,TRUE,Depression,outside,FALSE,FALSE,FALSE,TRUE,TRUE,FALSE,FALSE,FALSE,FALSE,Neither actor dominant
1,2003,19478,52.77309765625,outside,0.36529666185379,0,0,TRUE,Depression,outside,FALSE,FALSE,FALSE,TRUE,FALSE,FALSE,FALSE,FALSE,FALSE,Neither actor dominant
1,2003,19925,52.2804921875,outside,0.560460984706879,0.0037640817463398,0.0037640817463398,TRUE,Depression,outside,FALSE,FALSE,FALSE,TRUE,TRUE,TRUE,FALSE,FALSE,FALSE,Neither actor dominant
1,2003,20300,57.2450859375,outside,0.302382588386536,0,0,TRUE,Depression,outside,FALSE,FALSE,FALSE,TRUE,FALSE,FALSE,FALSE,FALSE,FALSE,Neither actor dominant
1,2003,20380,51.52183984375,outside,0.430361986160278,0,0,TRUE,Depression,outside,FALSE,FALSE,FALSE,TRUE,FALSE,FALSE,FALSE,FALSE,FALSE,Neither actor dominant
1,2003,20776,51.79285546875,outside,0.430465638637543,0.00304590677842498,0.00304590677842498,TRUE,Depression,outside,FALSE,FALSE,FALSE,TRUE,TRUE,TRUE,FALSE,FALSE,FALSE,Neither actor dominant
1,2003,20777,51.68413671875,outside,0.256989777088165,0,0,TRUE,Depression,outside,FALSE,FALSE,FALSE,TRUE,FALSE,FALSE,FALSE,FALSE,FALSE,Neither actor dominant
1,2003,20778,51.58003515625,outside,0.281565457582474,0,0,TRUE,Depression,outside,FALSE,FALSE,FALSE,TRUE,FALSE,FALSE,FALSE,FALSE,FALSE,Neither actor dominant
1,2003,21195,56.12708984375,outside,0.275830984115601,0.00304602505639195,0,TRUE,Depression,outside,FALSE,FALSE,FALSE,TRUE,TRUE,FALSE,FALSE,FALSE,FALSE,Neither actor dominant
1,2003,22594,48.564390625,outside,0.316857546567917,0.0496090613305569,0.0152282370254397,TRUE,Depression,outside,FALSE,FALSE,FALSE,TRUE,TRUE,TRUE,FALSE,FALSE,FALSE,Neither actor dominant
1,2003,22606,49.2392109375,outside,0.302986323833466,0,0,TRUE,Depression,outside,FALSE,FALSE,FALSE,TRUE,FALSE,FALSE,FALSE,FALSE,FALSE,Neither actor dominant
1,2003,22607,49.30770703125,outside,0.286146104335785,0.0121824126690626,0,TRUE,Depression,outside,FALSE,FALSE,FALSE,TRUE,TRUE,FALSE,FALSE,FALSE,FALSE,Neither actor dominant
1,2003,22986,53.6656328125,outside,0.286081969738007,0.00913762673735619,0,TRUE,Depression,outside,FALSE,FALSE,FALSE,TRUE,TRUE,FALSE,FALSE,FALSE,FALSE,Neither actor dominant
1,2003,22987,53.44389453125,outside,0.309895098209381,0,0,TRUE,Depression,outside,FALSE,FALSE,FALSE,TRUE,FALSE,FALSE,FALSE,FALSE,FALSE,Neither actor dominant
1,2003,23004,50.2891640625,outside,0.659716427326202,0.00609155371785164,0.00609155371785164,TRUE,Depression,outside,FALSE,FALSE,FALSE,TRUE,TRUE,TRUE,FALSE,FALSE,FALSE,Neither actor dominant
1,2003,23054,48.810859375,outside,0.331418216228485,0.0152278505265713,0.00609114021062851,TRUE,Depression,outside,FALSE,FALSE,FALSE,TRUE,TRUE,TRUE,FALSE,FALSE,FALSE,Neither actor dominant
1,2003,23434,52.99528125,outside,0.47712653875351,0,0,TRUE,Depression,outside,FALSE,FALSE,FALSE,TRUE,FALSE,FALSE,FALSE,FALSE,FALSE,Neither actor dominant
1,2003,23435,52.77546875,outside,0.378297030925751,0,0,TRUE,Depression,outside,FALSE,FALSE,FALSE,TRUE,FALSE,FALSE,FALSE,FALSE,FALSE,Neither actor dominant
1,2003,23511,48.00260546875,outside,0.671640932559967,0.00304550747387111,0.00304550747387111,TRUE,Depression,outside,FALSE,FALSE,FALSE,TRUE,TRUE,TRUE,FALSE,FALSE,FALSE,Neither actor dominant
1,2003,23883,52.1080625,outside,0.348862558603287,0.00304579199291766,0,TRUE,Depression,outside,FALSE,FALSE,FALSE,TRUE,TRUE,FALSE,FALSE,FALSE,FALSE,Neither actor dominant
1,2003,23884,51.89412109375,outside,0.25677502155304,0.00609157280996442,0,TRUE,Depression,outside,FALSE,FALSE,FALSE,TRUE,TRUE,FALSE,FALSE,FALSE,FALSE,Neither actor dominant
1,2003,23942,47.3814296875,outside,0.42081144452095,0.00913657061755657,0.00913657061755657,TRUE,Depression,outside,FALSE,FALSE,FALSE,TRUE,TRUE,TRUE,FALSE,FALSE,FALSE,Neither actor dominant
1,2003,23949,47.76243359375,outside,0.405057489871979,0.0118497628718615,0.00880426168441773,TRUE,Depression,outside,FALSE,FALSE,FALSE,TRUE,TRUE,TRUE,FALSE,FALSE,FALSE,Neither actor dominant
1,2003,25727,45.22444140625,outside,0.579685151576996,0.0781707093119621,0.0781707093119621,TRUE,Depression,outside,FALSE,FALSE,FALSE,TRUE,TRUE,TRUE,FALSE,FALSE,FALSE,Neither actor dominant
1,2003,26174,44.72694921875,outside,0.345072448253632,0,0,TRUE,Depression,outside,FALSE,FALSE,FALSE,TRUE,FALSE,FALSE,FALSE,FALSE,FALSE,Neither actor dominant
1,2003,26175,44.78001953125,outside,0.478468775749207,0.0116592384874821,0.0116592384874821,TRUE,Depression,outside,FALSE,FALSE,FALSE,TRUE,TRUE,TRUE,FALSE,FALSE,FALSE,Neither actor dominant
1,2003,26623,44.34241796875,outside,0.405865877866745,0.0030453281942755,0.0030453281942755,TRUE,Depression,outside,FALSE,FALSE,FALSE,TRUE,TRUE,TRUE,FALSE,FALSE,FALSE,Neither actor dominant
1,2003,26624,44.40720703125,outside,0.380052596330643,0,0,TRUE,Depression,outside,FALSE,FALSE,FALSE,TRUE,FALSE,FALSE,FALSE,FALSE,FALSE,Neither actor dominant
1,2003,26635,44.6010078125,outside,0.383306860923767,0.03349819034338,0.0121811600401998,TRUE,Depression,outside,FALSE,FALSE,FALSE,TRUE,TRUE,TRUE,FALSE,FALSE,FALSE,Neither actor dominant
1,2003,27071,43.91184375,outside,0.453259974718094,0.00304529163986444,0.00304529163986444,TRUE,Depression,outside,FALSE,FALSE,FALSE,TRUE,TRUE,TRUE,FALSE,FALSE,FALSE,Neither actor dominant
1,2003,27082,44.10215234375,outside,0.315471351146698,0.00609051389619708,0.00304525694809854,TRUE,Depression,outside,FALSE,FALSE,FALSE,TRUE,TRUE,TRUE,FALSE,FALSE,FALSE,Neither actor dominant
1,2003,48603,20.15564453125,outside,0.397852927446365,0.00304353423416615,0,TRUE,Depression,outside,FALSE,FALSE,FALSE,TRUE,TRUE,FALSE,FALSE,FALSE,FALSE,Neither actor dominant
1,2003,60065,35.598453125,outside,0.540950655937195,0.00120051333215088,0,TRUE,Depression,outside,FALSE,FALSE,FALSE,TRUE,TRUE,FALSE,FALSE,FALSE,FALSE,Neither actor dominant
1,2003,62740,38.65876171875,outside,0.389376699924469,0.00304305087774992,0.00304305087774992,TRUE,Depression,outside,FALSE,FALSE,FALSE,TRUE,TRUE,TRUE,FALSE,FALSE,FALSE,Neither actor dominant
1,2003,63189,37.61980859375,outside,0.544140934944153,0,0,TRUE,Depression,outside,FALSE,FALSE,FALSE,TRUE,FALSE,FALSE,FALSE,FALSE,FALSE,Neither actor dominant
1,2003,68101,36.41771484375,outside,0.336295783519745,0,0,TRUE,Depression,outside,FALSE,FALSE,FALSE,TRUE,FALSE,FALSE,FALSE,FALSE,FALSE,Neither actor dominant
1,2003,68499,55.5090078125,outside,0.519234538078308,0,0,TRUE,Depression,outside,FALSE,FALSE,FALSE,TRUE,FALSE,FALSE,FALSE,FALSE,FALSE,Neither actor dominant
1,2003,74350,35.10698046875,outside,0.251375496387482,0,0,TRUE,Depression,outside,FALSE,FALSE,FALSE,TRUE,FALSE,FALSE,FALSE,FALSE,FALSE,Neither actor dominant
1,2003,77930,31.216982421875,outside,0.324751198291779,0,0,TRUE,Depression,outside,FALSE,FALSE,FALSE,TRUE,FALSE,FALSE,FALSE,FALSE,FALSE,Neither actor dominant
1,2003,78750,65.36436328125,outside,0.488150030374527,0,0,TRUE,Depression,outside,FALSE,FALSE,FALSE,TRUE,FALSE,FALSE,FALSE,FALSE,FALSE,Neither actor dominant
1,2003,79220,54.12023828125,outside,0.497271090745926,0,0,TRUE,Depression,outside,FALSE,FALSE,FALSE,TRUE,FALSE,FALSE,FALSE,FALSE,FALSE,Neither actor dominant
1,2003,79578,97.583296875,outside,0.281243413686752,0,0,TRUE,Depression,outside,FALSE,FALSE,FALSE,TRUE,FALSE,FALSE,FALSE,FALSE,FALSE,Neither actor dominant
1,2003,80066,77.27871875,outside,0.402223408222199,0,0,TRUE,Depression,outside,FALSE,FALSE,FALSE,TRUE,FALSE,FALSE,FALSE,FALSE,FALSE,Neither actor dominant
1,2003,80067,76.787046875,outside,0.45949774980545,0,0,TRUE,Depression,outside,FALSE,FALSE,FALSE,TRUE,FALSE,FALSE,FALSE,FALSE,FALSE,Neither actor dominant
1,2003,83645,75.1681484375,outside,0.7542764544487,0,0,TRUE,Depression,outside,FALSE,FALSE,FALSE,TRUE,FALSE,FALSE,FALSE,FALSE,FALSE,Neither actor dominant
1,2003,83646,74.6726171875,outside,0.364507675170898,0,0,TRUE,Depression,outside,FALSE,FALSE,FALSE,TRUE,FALSE,FALSE,FALSE,FALSE,FALSE,Neither actor dominant
1,2003,83727,34.96069140625,outside,0.352895349264145,0,0,TRUE,Depression,outside,FALSE,FALSE,FALSE,TRUE,FALSE,FALSE,FALSE,FALSE,FALSE,Neither actor dominant
1,2003,106396,80.993828125,outside,0.360263079404831,0,0,TRUE,Depression,outside,FALSE,FALSE,FALSE,TRUE,FALSE,FALSE,FALSE,FALSE,FALSE,Neither actor dominant
1,2003,111379,52.00240234375,outside,0.291477620601654,0,0,TRUE,Depression,outside,FALSE,FALSE,FALSE,TRUE,FALSE,FALSE,FALSE,FALSE,FALSE,Neither actor dominant
1,2003,111822,53.0330078125,outside,0.293268829584122,0,0,TRUE,Depression,outside,FALSE,FALSE,FALSE,TRUE,FALSE,FALSE,FALSE,FALSE,FALSE,Neither actor dominant
1,2003,112271,51.97355078125,outside,0.285742521286011,0,0,TRUE,Depression,outside,FALSE,FALSE,FALSE,TRUE,FALSE,FALSE,FALSE,FALSE,FALSE,Neither actor dominant
1,2003,114898,72.2668671875,outside,0.254605323076248,0,0,TRUE,Depression,outside,FALSE,FALSE,FALSE,TRUE,FALSE,FALSE,FALSE,FALSE,FALSE,Neither actor dominant
1,2003,114947,52.0696640625,outside,0.282090812921524,0,0,TRUE,Depression,outside,FALSE,FALSE,FALSE,TRUE,FALSE,FALSE,FALSE,FALSE,FALSE,Neither actor dominant
1,2003,115391,52.87958203125,outside,0.295032560825348,0.0121587356552482,0.00607936782762408,TRUE,Depression,outside,FALSE,FALSE,FALSE,TRUE,TRUE,TRUE,FALSE,FALSE,FALSE,Neither actor dominant
1,2003,115392,52.4976171875,outside,0.356972873210907,0.00303967297077179,0.00303967297077179,TRUE,Depression,outside,FALSE,FALSE,FALSE,TRUE,TRUE,TRUE,FALSE,FALSE,FALSE,Neither actor dominant
1,2003,115776,78.9588515625,outside,0.618488371372223,0,0,TRUE,Depression,outside,FALSE,FALSE,FALSE,TRUE,FALSE,FALSE,FALSE,FALSE,FALSE,Neither actor dominant
1,2003,116435,-0.707106811523437,inside,0.343862026929855,0,0,TRUE,Depression,inside,TRUE,TRUE,TRUE,TRUE,FALSE,FALSE,FALSE,FALSE,FALSE,Neither actor dominant
1,2003,116714,59.21570703125,outside,0.449460476636887,0.00493793189525604,0,TRUE,Depression,outside,FALSE,FALSE,FALSE,TRUE,TRUE,FALSE,FALSE,FALSE,FALSE,Neither actor dominant
1,2003,117125,74.7010703125,outside,0.334382116794586,0.0150669552385807,0.0120267746970057,TRUE,Depression,outside,FALSE,FALSE,FALSE,TRUE,TRUE,TRUE,FALSE,FALSE,FALSE,Neither actor dominant
1,2003,117155,61.48373828125,outside,0.404331088066101,0.0091194249689579,0.0091194249689579,TRUE,Depression,outside,FALSE,FALSE,FALSE,TRUE,TRUE,TRUE,FALSE,FALSE,FALSE,Neither actor dominant
1,2003,117162,58.5235,outside,0.426205843687058,0,0,TRUE,Depression,outside,FALSE,FALSE,FALSE,TRUE,FALSE,FALSE,FALSE,FALSE,FALSE,Neither actor dominant
1,2003,117169,55.625984375,outside,0.52343076467514,0,0,TRUE,Depression,outside,FALSE,FALSE,FALSE,TRUE,FALSE,FALSE,FALSE,FALSE,FALSE,Neither actor dominant
1,2003,117580,70.8837109375,outside,0.261299520730972,0,0,TRUE,Depression,outside,FALSE,FALSE,FALSE,TRUE,FALSE,FALSE,FALSE,FALSE,FALSE,Neither actor dominant
1,2003,117601,61.65427734375,outside,0.559228241443634,0,0,TRUE,Depression,outside,FALSE,FALSE,FALSE,TRUE,FALSE,FALSE,FALSE,FALSE,FALSE,Neither actor dominant
1,2003,118064,54.6443046875,outside,0.360971450805664,0,0,TRUE,Depression,outside,FALSE,FALSE,FALSE,TRUE,FALSE,FALSE,FALSE,FALSE,FALSE,Neither actor dominant
1,2003,118467,73.6155546875,outside,0.651662528514862,0,0,TRUE,Depression,outside,FALSE,FALSE,FALSE,TRUE,FALSE,FALSE,FALSE,FALSE,FALSE,Neither actor dominant
1,2003,118492,62.453984375,outside,0.394512921571732,0,0,TRUE,Depression,outside,FALSE,FALSE,FALSE,TRUE,FALSE,FALSE,FALSE,FALSE,FALSE,Neither actor dominant
1,2003,118936,63.52951953125,outside,0.342096775770187,0,0,TRUE,Depression,outside,FALSE,FALSE,FALSE,TRUE,FALSE,FALSE,FALSE,FALSE,FALSE,Neither actor dominant
1,2003,118937,63.08922265625,outside,0.378150045871735,0,0,TRUE,Depression,outside,FALSE,FALSE,FALSE,TRUE,FALSE,FALSE,FALSE,FALSE,FALSE,Neither actor dominant
1,2003,118940,61.77378125,outside,0.497535794973373,0,0,TRUE,Depression,outside,FALSE,FALSE,FALSE,TRUE,FALSE,FALSE,FALSE,FALSE,FALSE,Neither actor dominant
1,2003,119814,70.2637890625,outside,0.282444834709168,0,0,TRUE,Depression,outside,FALSE,FALSE,FALSE,TRUE,FALSE,FALSE,FALSE,FALSE,FALSE,Neither actor dominant
1,2003,119831,62.61988671875,outside,0.534812331199646,0.00692283688113093,0.00388317857868969,TRUE,Depression,outside,FALSE,FALSE,FALSE,TRUE,TRUE,TRUE,FALSE,FALSE,FALSE,Neither actor dominant
1,2003,120276,63.2811171875,outside,0.502487421035767,0,0,TRUE,Depression,outside,FALSE,FALSE,FALSE,TRUE,FALSE,FALSE,FALSE,FALSE,FALSE,Neither actor dominant
1,2003,120279,61.9455390625,outside,0.60740739107132,0,0,TRUE,Depression,outside,FALSE,FALSE,FALSE,TRUE,FALSE,FALSE,FALSE,FALSE,FALSE,Neither actor dominant
1,2003,120720,64.40496875,outside,0.500188827514648,0,0,TRUE,Depression,outside,FALSE,FALSE,FALSE,TRUE,FALSE,FALSE,FALSE,FALSE,FALSE,Neither actor dominant
1,2003,121170,62.83708984375,outside,0.528570890426636,0.0030395716894418,0.0030395716894418,TRUE,Depression,outside,FALSE,FALSE,FALSE,TRUE,TRUE,TRUE,FALSE,FALSE,FALSE,Neither actor dominant
1,2003,121173,61.49187109375,outside,0.286507189273834,0,0,TRUE,Depression,outside,FALSE,FALSE,FALSE,TRUE,FALSE,FALSE,FALSE,FALSE,FALSE,Neither actor dominant
1,2003,121617,62.61988671875,outside,0.445245057344437,0,0,TRUE,Depression,outside,FALSE,FALSE,FALSE,TRUE,FALSE,FALSE,FALSE,FALSE,FALSE,Neither actor dominant
1,2003,123404,62.24146484375,outside,0.357030898332596,0,0,TRUE,Depression,outside,FALSE,FALSE,FALSE,TRUE,FALSE,FALSE,FALSE,FALSE,FALSE,Neither actor dominant
1,2003,127441,54.0393359375,outside,0.614926397800446,0,0,TRUE,Depression,outside,FALSE,FALSE,FALSE,TRUE,FALSE,FALSE,FALSE,FALSE,FALSE,Neither actor dominant
1,2003,129352,4.9244287109375,outside,0.364985853433609,0,0,TRUE,Depression,outside,TRUE,TRUE,TRUE,TRUE,FALSE,FALSE,FALSE,FALSE,FALSE,Neither actor dominant
1,2003,139974,41.871828125,outside,0.800693690776825,0,0,TRUE,Depression,outside,FALSE,FALSE,FALSE,TRUE,FALSE,FALSE,FALSE,FALSE,FALSE,Neither actor dominant
1,2003,139975,41.38236328125,outside,0.743136346340179,0,0,TRUE,Depression,outside,FALSE,FALSE,FALSE,TRUE,FALSE,FALSE,FALSE,FALSE,FALSE,Neither actor dominant
1,2003,140422,41.2825625,outside,0.622997879981995,0,0,TRUE,Depression,outside,FALSE,FALSE,FALSE,TRUE,FALSE,FALSE,FALSE,FALSE,FALSE,Neither actor dominant
1,2003,141759,42.9941875,outside,0.57161945104599,0,0,TRUE,Depression,outside,FALSE,FALSE,FALSE,TRUE,FALSE,FALSE,FALSE,FALSE,FALSE,Neither actor dominant
1,2003,144972,1.41421362304688,outside,0.552036941051483,0.0121459262445569,0,TRUE,Depression,outside,TRUE,TRUE,TRUE,TRUE,TRUE,FALSE,FALSE,FALSE,FALSE,Neither actor dominant
1,2003,144973,1.11803393554687,outside,0.438345849514008,0,0,TRUE,Depression,outside,TRUE,TRUE,TRUE,TRUE,FALSE,FALSE,FALSE,FALSE,FALSE,Neither actor dominant
1,2003,146267,23.54782421875,outside,0.36624014377594,0,0,TRUE,Depression,outside,FALSE,FALSE,FALSE,TRUE,FALSE,FALSE,FALSE,FALSE,FALSE,Neither actor dominant
1,2003,146714,23.521267578125,outside,0.330501526594162,0,0,TRUE,Depression,outside,FALSE,FALSE,FALSE,TRUE,FALSE,FALSE,FALSE,FALSE,FALSE,Neither actor dominant
1,2003,147125,41.50301171875,outside,0.48043429851532,0.0060741170309484,0.0060741170309484,TRUE,Depression,outside,FALSE,FALSE,FALSE,TRUE,TRUE,TRUE,FALSE,FALSE,FALSE,Neither actor dominant
1,2003,147163,22.5055546875,outside,0.485023766756058,0,0,TRUE,Depression,outside,FALSE,FALSE,FALSE,TRUE,FALSE,FALSE,FALSE,FALSE,FALSE,Neither actor dominant
1,2003,152037,44.229515625,outside,0.537354111671448,0,0,TRUE,Depression,outside,FALSE,FALSE,FALSE,TRUE,FALSE,FALSE,FALSE,FALSE,FALSE,Neither actor dominant
1,2003,153023,3.5,outside,0.268008887767792,0,0,TRUE,Depression,outside,TRUE,TRUE,TRUE,TRUE,FALSE,FALSE,FALSE,FALSE,FALSE,Neither actor dominant
1,2003,153466,4.272001953125,outside,0.312773317098618,0,0,TRUE,Depression,outside,TRUE,TRUE,TRUE,TRUE,FALSE,FALSE,FALSE,FALSE,FALSE,Neither actor dominant
1,2003,154770,19.924859375,outside,0.370647251605988,0,0,TRUE,Depression,outside,FALSE,FALSE,TRUE,TRUE,FALSE,FALSE,FALSE,FALSE,FALSE,Neither actor dominant
1,2003,154799,7.5,outside,0.462572544813156,0,0,TRUE,Depression,outside,FALSE,TRUE,TRUE,TRUE,FALSE,FALSE,FALSE,FALSE,FALSE,Neither actor dominant
1,2003,160516,44.93606640625,outside,0.360043942928314,0,0,TRUE,Depression,outside,FALSE,FALSE,FALSE,TRUE,FALSE,FALSE,FALSE,FALSE,FALSE,Neither actor dominant
1,2003,160519,43.931765625,outside,0.673818528652191,0,0,TRUE,Depression,outside,FALSE,FALSE,FALSE,TRUE,FALSE,FALSE,FALSE,FALSE,FALSE,Neither actor dominant
1,2003,160522,42.956375,outside,0.588496804237366,0,0,TRUE,Depression,outside,FALSE,FALSE,FALSE,TRUE,FALSE,FALSE,FALSE,FALSE,FALSE,Neither actor dominant
1,2003,164974,46.00271875,outside,0.389957129955292,0,0,TRUE,Depression,outside,FALSE,FALSE,FALSE,TRUE,FALSE,FALSE,FALSE,FALSE,FALSE,Neither actor dominant
1,2003,164982,42.89813671875,outside,0.525195777416229,0,0,TRUE,Depression,outside,FALSE,FALSE,FALSE,TRUE,FALSE,FALSE,FALSE,FALSE,FALSE,Neither actor dominant
1,2003,165422,45.301765625,outside,0.529355466365814,0,0,TRUE,Depression,outside,FALSE,FALSE,FALSE,TRUE,FALSE,FALSE,FALSE,FALSE,FALSE,Neither actor dominant
1,2003,165476,27.53633984375,outside,0.329588234424591,0,0,TRUE,Depression,outside,FALSE,FALSE,FALSE,TRUE,FALSE,FALSE,FALSE,FALSE,FALSE,Neither actor dominant
1,2003,165866,46.208765625,outside,0.308716118335724,0,0,TRUE,Depression,outside,FALSE,FALSE,FALSE,TRUE,FALSE,FALSE,FALSE,FALSE,FALSE,Neither actor dominant
1,2003,165872,43.80924609375,outside,0.580007016658783,0,0,TRUE,Depression,outside,FALSE,FALSE,FALSE,TRUE,FALSE,FALSE,FALSE,FALSE,FALSE,Neither actor dominant
1,2003,165873,43.4165859375,outside,0.413772583007813,0,0,TRUE,Depression,outside,FALSE,FALSE,FALSE,TRUE,FALSE,FALSE,FALSE,FALSE,FALSE,Neither actor dominant
1,2003,166326,40.7829609375,outside,0.479489028453827,0,0,TRUE,Depression,outside,FALSE,FALSE,FALSE,TRUE,FALSE,FALSE,FALSE,FALSE,FALSE,Neither actor dominant
1,2003,166372,26.177279296875,outside,0.644150674343109,0.00199594162404537,0.00199594162404537,TRUE,Depression,outside,FALSE,FALSE,FALSE,TRUE,TRUE,TRUE,FALSE,FALSE,FALSE,Neither actor dominant
1,2003,166410,13.124404296875,outside,0.3784259557724,0,0,TRUE,Depression,outside,FALSE,FALSE,TRUE,TRUE,FALSE,FALSE,FALSE,FALSE,FALSE,Neither actor dominant
1,2003,168117,38.34709765625,outside,0.37370240688324,0,0,TRUE,Depression,outside,FALSE,FALSE,FALSE,TRUE,FALSE,FALSE,FALSE,FALSE,FALSE,Neither actor dominant
1,2003,168564,38.02959375,outside,0.45259889960289,0.00607080431655049,0.00607080431655049,TRUE,Depression,outside,FALSE,FALSE,FALSE,TRUE,TRUE,TRUE,FALSE,FALSE,FALSE,Neither actor dominant
1,2003,169000,42.15744140625,outside,0.400820910930634,0,0,TRUE,Depression,outside,FALSE,FALSE,FALSE,TRUE,FALSE,FALSE,FALSE,FALSE,FALSE,Neither actor dominant
1,2003,169003,40.92065625,outside,0.497824668884277,0,0,TRUE,Depression,outside,FALSE,FALSE,FALSE,TRUE,FALSE,FALSE,FALSE,FALSE,FALSE,Neither actor dominant
1,2003,169011,37.71604296875,outside,0.488928258419037,0,0,TRUE,Depression,outside,FALSE,FALSE,FALSE,TRUE,FALSE,FALSE,FALSE,FALSE,FALSE,Neither actor dominant
1,2003,169451,40.22437109375,outside,0.31509205698967,0,0,TRUE,Depression,outside,FALSE,FALSE,FALSE,TRUE,FALSE,FALSE,FALSE,FALSE,FALSE,Neither actor dominant
1,2003,169458,37.40655078125,outside,0.35934978723526,0,0,TRUE,Depression,outside,FALSE,FALSE,FALSE,TRUE,FALSE,FALSE,FALSE,FALSE,FALSE,Neither actor dominant
1,2003,169463,35.468296875,outside,0.531282424926758,0.00303526618517935,0.00303526618517935,TRUE,Depression,outside,FALSE,FALSE,FALSE,TRUE,TRUE,TRUE,FALSE,FALSE,FALSE,Neither actor dominant
1,2003,169486,27.61340234375,outside,0.481968611478806,0,0,TRUE,Depression,outside,FALSE,FALSE,FALSE,TRUE,FALSE,FALSE,FALSE,FALSE,FALSE,Neither actor dominant
1,2003,170788,41.0761484375,outside,0.370070666074753,0,0,TRUE,Depression,outside,FALSE,FALSE,FALSE,TRUE,FALSE,FALSE,FALSE,FALSE,FALSE,Neither actor dominant
1,2003,170797,37.31621484375,outside,0.728580057621002,0,0,TRUE,Depression,outside,FALSE,FALSE,FALSE,TRUE,FALSE,FALSE,FALSE,FALSE,FALSE,Neither actor dominant
1,2003,171237,39.96248046875,outside,0.427658677101135,0,0,TRUE,Depression,outside,FALSE,FALSE,FALSE,TRUE,FALSE,FALSE,FALSE,FALSE,FALSE,Neither actor dominant
1,2003,172571,42.2670078125,outside,0.552651762962341,0,0,TRUE,Depression,outside,FALSE,FALSE,FALSE,TRUE,FALSE,FALSE,FALSE,FALSE,FALSE,Neither actor dominant
1,2003,172600,30.1537734375,outside,0.319155812263489,0,0,TRUE,Depression,outside,FALSE,FALSE,FALSE,TRUE,FALSE,FALSE,FALSE,FALSE,FALSE,Neither actor dominant
1,2003,173019,41.59326953125,outside,0.333515197038651,0,0,TRUE,Depression,outside,FALSE,FALSE,FALSE,TRUE,FALSE,FALSE,FALSE,FALSE,FALSE,Neither actor dominant
1,2003,173467,40.92065625,outside,0.304664045572281,0,0,TRUE,Depression,outside,FALSE,FALSE,FALSE,TRUE,FALSE,FALSE,FALSE,FALSE,FALSE,Neither actor dominant
1,2003,175280,29.124732421875,outside,0.316939026117325,0,0,TRUE,Depression,outside,FALSE,FALSE,FALSE,TRUE,FALSE,FALSE,FALSE,FALSE,FALSE,Neither actor dominant
1,2003,176231,10.9658564453125,outside,0.391561210155487,0,0,TRUE,Depression,outside,FALSE,FALSE,TRUE,TRUE,FALSE,FALSE,FALSE,FALSE,FALSE,Neither actor dominant
1,2003,177571,9.861541015625,outside,0.313864260911942,0,0,TRUE,Depression,outside,FALSE,TRUE,TRUE,TRUE,FALSE,FALSE,FALSE,FALSE,FALSE,Neither actor dominant
1,2003,178402,30.417921875,outside,0.405311822891235,0,0,TRUE,Depression,outside,FALSE,FALSE,FALSE,TRUE,FALSE,FALSE,FALSE,FALSE,FALSE,Neither actor dominant
1,2003,178852,28.848744140625,outside,0.51330178976059,0,0,TRUE,Depression,outside,FALSE,FALSE,FALSE,TRUE,FALSE,FALSE,FALSE,FALSE,FALSE,Neither actor dominant
1,2003,178927,4.03112890625,outside,0.267303377389908,0,0,TRUE,Depression,outside,TRUE,TRUE,TRUE,TRUE,FALSE,FALSE,FALSE,FALSE,FALSE,Neither actor dominant
1,2003,179744,29.295904296875,outside,0.595282196998596,0,0,TRUE,Depression,outside,FALSE,FALSE,FALSE,TRUE,FALSE,FALSE,FALSE,FALSE,FALSE,Neither actor dominant
1,2003,180644,26.177279296875,outside,0.391778439283371,0,0,TRUE,Depression,outside,FALSE,FALSE,FALSE,TRUE,FALSE,FALSE,FALSE,FALSE,FALSE,Neither actor dominant
1,2003,189118,32.63816796875,outside,0.661984205245972,0.00234560132957995,0.00234560132957995,TRUE,Depression,outside,FALSE,FALSE,FALSE,TRUE,TRUE,TRUE,FALSE,FALSE,FALSE,Neither actor dominant
1,2003,193133,36.53080859375,outside,0.31751412153244,0.0148066356778145,0.00570636289194226,TRUE,Depression,outside,FALSE,FALSE,FALSE,TRUE,TRUE,TRUE,FALSE,FALSE,FALSE,Neither actor dominant
1,2003,193573,40.04996875,outside,0.627182066440582,0.0151516040787101,0.0121181318536401,TRUE,Depression,outside,FALSE,FALSE,FALSE,TRUE,TRUE,TRUE,FALSE,FALSE,FALSE,Neither actor dominant
1,2003,193630,11.6726171875,outside,0.416180431842804,0,0,TRUE,Depression,outside,FALSE,FALSE,TRUE,TRUE,FALSE,FALSE,FALSE,FALSE,FALSE,Neither actor dominant
1,2003,194076,12.257650390625,outside,0.28769651055336,0,0,TRUE,Depression,outside,FALSE,FALSE,TRUE,TRUE,FALSE,FALSE,FALSE,FALSE,FALSE,Neither actor dominant
1,2003,194077,11.7686025390625,outside,0.420673847198486,0.00303277536295354,0.00303277536295354,TRUE,Depression,outside,FALSE,FALSE,TRUE,TRUE,TRUE,TRUE,FALSE,FALSE,FALSE,Neither actor dominant
1,2003,197148,40.94203125,outside,0.333609342575073,0.0375251807272434,0.0375251807272434,TRUE,Depression,outside,FALSE,FALSE,FALSE,TRUE,TRUE,TRUE,FALSE,FALSE,FALSE,Neither actor dominant
1,2003,225732,93.00134375,outside,0.446927011013031,0,0,TRUE,Depression,outside,FALSE,FALSE,FALSE,TRUE,FALSE,FALSE,FALSE,FALSE,FALSE,Neither actor dominant
1,2004,3432,71.0721484375,outside,0.624065101146698,0.00856424495577812,0.00856424495577812,TRUE,Depression,outside,FALSE,FALSE,FALSE,TRUE,TRUE,TRUE,FALSE,FALSE,FALSE,Militia dominant
1,2004,11488,61.6299453125,outside,0.565438270568848,0.0091389250010252,0.0091389250010252,TRUE,Depression,outside,FALSE,FALSE,FALSE,TRUE,TRUE,TRUE,FALSE,FALSE,FALSE,Militia dominant
1,2004,14138,58.7579765625,outside,0.364427506923676,0.0139374677091837,0.00913848821073771,TRUE,Depression,outside,FALSE,FALSE,FALSE,TRUE,TRUE,TRUE,FALSE,FALSE,FALSE,Militia dominant
1,2004,17239,54.947703125,outside,0.32371199131012,0.00304601062089205,0,TRUE,Depression,outside,FALSE,FALSE,FALSE,TRUE,TRUE,FALSE,FALSE,FALSE,FALSE,Militia dominant
1,2004,28461,43.77784765625,outside,0.448191434144974,0,0,TRUE,Depression,outside,FALSE,FALSE,FALSE,TRUE,FALSE,FALSE,FALSE,FALSE,FALSE,Militia dominant
1,2004,42207,35.75262109375,outside,0.495181918144226,0.00608887756243348,0.00304443878121674,TRUE,Depression,outside,FALSE,FALSE,FALSE,TRUE,TRUE,TRUE,FALSE,FALSE,FALSE,Militia dominant
1,2004,49335,40.47530078125,outside,0.363148033618927,0,0,TRUE,Depression,outside,FALSE,FALSE,FALSE,TRUE,FALSE,FALSE,FALSE,FALSE,FALSE,Militia dominant
1,2004,67654,36.76955078125,outside,0.377167582511902,0,0,TRUE,Depression,outside,FALSE,FALSE,FALSE,TRUE,FALSE,FALSE,FALSE,FALSE,FALSE,Militia dominant
1,2004,71164,61.8465859375,outside,0.455932378768921,0.0121718719601631,0.00912890397012234,TRUE,Depression,outside,FALSE,FALSE,FALSE,TRUE,TRUE,TRUE,FALSE,FALSE,FALSE,Militia dominant
1,2004,75599,76.88465625,outside,0.291086435317993,0.00203307857736945,0.00203307857736945,TRUE,Depression,outside,FALSE,FALSE,FALSE,TRUE,TRUE,TRUE,FALSE,FALSE,FALSE,Militia dominant
1,2004,80256,-1.80277563476563,inside,0.597409784793854,0,0,TRUE,Depression,inside,TRUE,TRUE,TRUE,TRUE,FALSE,FALSE,FALSE,FALSE,FALSE,Militia dominant
1,2004,83383,-1,inside,0.68831193447113,0.00304099917411804,0.00304099917411804,TRUE,Depression,inside,TRUE,TRUE,TRUE,TRUE,TRUE,TRUE,FALSE,FALSE,FALSE,Militia dominant
1,2004,83830,-1,inside,0.577012240886688,0,0,TRUE,Depression,inside,TRUE,TRUE,TRUE,TRUE,FALSE,FALSE,FALSE,FALSE,FALSE,Militia dominant
1,2004,84093,74.6073046875,outside,0.366581082344055,0,0,TRUE,Depression,outside,FALSE,FALSE,FALSE,TRUE,FALSE,FALSE,FALSE,FALSE,FALSE,Militia dominant
1,2004,84609,40.51234375,outside,0.369219243526459,0.0134251238778234,0.0121663715690374,TRUE,Depression,outside,FALSE,FALSE,FALSE,TRUE,TRUE,TRUE,FALSE,FALSE,FALSE,Militia dominant
1,2004,85610,2.23606787109375,outside,0.753251969814301,0,0,TRUE,Depression,outside,TRUE,TRUE,TRUE,TRUE,FALSE,FALSE,FALSE,FALSE,FALSE,Militia dominant
1,2004,87394,-0.707106811523437,inside,0.557437717914581,0,0,TRUE,Depression,inside,TRUE,TRUE,TRUE,TRUE,FALSE,FALSE,FALSE,FALSE,FALSE,Militia dominant
1,2004,91857,-3.53553393554688,inside,0.301253378391266,0,0,TRUE,Depression,inside,TRUE,TRUE,TRUE,TRUE,FALSE,FALSE,FALSE,FALSE,FALSE,Militia dominant
1,2004,92602,65.8217265625,outside,0.319855272769928,0,0,TRUE,Depression,outside,FALSE,FALSE,FALSE,TRUE,FALSE,FALSE,FALSE,FALSE,FALSE,Militia dominant
1,2004,93061,59.80175390625,outside,0.339165389537811,0,0,TRUE,Depression,outside,FALSE,FALSE,FALSE,TRUE,FALSE,FALSE,FALSE,FALSE,FALSE,Militia dominant
1,2004,98382,74.2462109375,outside,0.781909167766571,0,0,TRUE,Depression,outside,FALSE,FALSE,FALSE,TRUE,FALSE,FALSE,FALSE,FALSE,FALSE,Militia dominant
1,2004,98383,73.8935078125,outside,0.558626532554627,0,0,TRUE,Depression,outside,FALSE,FALSE,FALSE,TRUE,FALSE,FALSE,FALSE,FALSE,FALSE,Militia dominant
1,2004,98830,73.5391015625,outside,0.306366533041,0.0152064003050327,0,TRUE,Depression,outside,FALSE,FALSE,FALSE,TRUE,TRUE,FALSE,FALSE,FALSE,FALSE,Militia dominant
1,2004,101220,4.242640625,outside,0.703349888324738,0,0,TRUE,Depression,outside,TRUE,TRUE,TRUE,TRUE,FALSE,FALSE,FALSE,FALSE,FALSE,Militia dominant
1,2004,101666,4.9244287109375,outside,0.707388877868652,0.00303973350673914,0.00303973350673914,TRUE,Depression,outside,TRUE,TRUE,TRUE,TRUE,TRUE,TRUE,FALSE,FALSE,FALSE,Militia dominant
1,2004,103748,69.3541640625,outside,0.649066805839539,0.00608174037188292,0.00608174037188292,TRUE,Depression,outside,FALSE,FALSE,FALSE,TRUE,TRUE,TRUE,FALSE,FALSE,FALSE,Militia dominant
1,2004,103902,6.02079736328125,outside,0.408698320388794,0.00303954654373229,0.00303954654373229,TRUE,Depression,outside,FALSE,TRUE,TRUE,TRUE,TRUE,TRUE,FALSE,FALSE,FALSE,Militia dominant
1,2004,104344,8.200609375,outside,0.297580718994141,0,0,TRUE,Depression,outside,FALSE,TRUE,TRUE,TRUE,FALSE,FALSE,FALSE,FALSE,FALSE,Militia dominant
1,2004,105104,62.9364765625,outside,0.321868032217026,0,0,TRUE,Depression,outside,FALSE,FALSE,FALSE,TRUE,FALSE,FALSE,FALSE,FALSE,FALSE,Militia dominant
1,2004,107342,60.104078125,outside,0.37148255109787,0,0,TRUE,Depression,outside,FALSE,FALSE,FALSE,TRUE,FALSE,FALSE,FALSE,FALSE,FALSE,Militia dominant
1,2004,108696,54.561890625,outside,0.642964243888855,0.00608025444671512,0.00608025444671512,TRUE,Depression,outside,FALSE,FALSE,FALSE,TRUE,TRUE,TRUE,FALSE,FALSE,FALSE,Militia dominant
1,2004,109587,54.82928125,outside,0.339831292629242,0,0,TRUE,Depression,outside,FALSE,FALSE,FALSE,TRUE,FALSE,FALSE,FALSE,FALSE,FALSE,Militia dominant
1,2004,110039,52.77546875,outside,0.287704795598984,0,0,TRUE,Depression,outside,FALSE,FALSE,FALSE,TRUE,FALSE,FALSE,FALSE,FALSE,FALSE,Militia dominant
1,2004,110485,52.73755859375,outside,0.400950849056244,0,0,TRUE,Depression,outside,FALSE,FALSE,FALSE,TRUE,FALSE,FALSE,FALSE,FALSE,FALSE,Militia dominant
1,2004,111367,56.24277734375,outside,0.274670451879501,0,0,TRUE,Depression,outside,FALSE,FALSE,FALSE,TRUE,FALSE,FALSE,FALSE,FALSE,FALSE,Militia dominant
1,2004,113106,74.983328125,outside,0.492532819509506,0,0,TRUE,Depression,outside,FALSE,FALSE,FALSE,TRUE,FALSE,FALSE,FALSE,FALSE,FALSE,Militia dominant
1,2004,113164,51.618796875,outside,0.299532830715179,0,0,TRUE,Depression,outside,FALSE,FALSE,FALSE,TRUE,FALSE,FALSE,FALSE,FALSE,FALSE,Militia dominant
1,2004,115383,56.00223046875,outside,0.403926849365234,0,0,TRUE,Depression,outside,FALSE,FALSE,FALSE,TRUE,FALSE,FALSE,FALSE,FALSE,FALSE,Militia dominant
1,2004,115838,52.55948828125,outside,0.32421413064003,0,0,TRUE,Depression,outside,FALSE,FALSE,FALSE,TRUE,FALSE,FALSE,FALSE,FALSE,FALSE,Militia dominant
1,2004,116223,78.748015625,outside,0.339517027139664,0,0,TRUE,Depression,outside,FALSE,FALSE,FALSE,TRUE,FALSE,FALSE,FALSE,FALSE,FALSE,Militia dominant
1,2004,116276,55.8032265625,outside,0.706778466701508,0,0,TRUE,Depression,outside,FALSE,FALSE,FALSE,TRUE,FALSE,FALSE,FALSE,FALSE,FALSE,Militia dominant
1,2004,117161,58.94276953125,outside,0.445036053657532,0.00437860423699021,0,TRUE,Depression,outside,FALSE,FALSE,FALSE,TRUE,TRUE,FALSE,FALSE,FALSE,FALSE,Militia dominant
1,2004,117173,54.00231640625,outside,0.395570605993271,0,0,TRUE,Depression,outside,FALSE,FALSE,FALSE,TRUE,FALSE,FALSE,FALSE,FALSE,FALSE,Militia dominant
1,2004,117600,62.08462109375,outside,0.365381896495819,0.00303979520685971,0,TRUE,Depression,outside,FALSE,FALSE,FALSE,TRUE,TRUE,FALSE,FALSE,FALSE,FALSE,Militia dominant
1,2004,118488,64.20669921875,outside,0.470451414585114,0,0,TRUE,Depression,outside,FALSE,FALSE,FALSE,TRUE,FALSE,FALSE,FALSE,FALSE,FALSE,Militia dominant
1,2004,120274,64.1755390625,outside,0.463425785303116,0,0,TRUE,Depression,outside,FALSE,FALSE,FALSE,TRUE,FALSE,FALSE,FALSE,FALSE,FALSE,Militia dominant
1,2004,120726,61.71709765625,outside,0.262008756399155,0,0,TRUE,Depression,outside,FALSE,FALSE,FALSE,TRUE,FALSE,FALSE,FALSE,FALSE,FALSE,Militia dominant
1,2004,121614,63.97655859375,outside,0.624575316905975,0,0,TRUE,Depression,outside,FALSE,FALSE,FALSE,TRUE,FALSE,FALSE,FALSE,FALSE,FALSE,Militia dominant
1,2004,122062,63.31271484375,outside,0.366027742624283,0,0,TRUE,Depression,outside,FALSE,FALSE,FALSE,TRUE,FALSE,FALSE,FALSE,FALSE,FALSE,Militia dominant
1,2004,126098,55.54277734375,outside,0.583321869373322,0,0,TRUE,Depression,outside,FALSE,FALSE,FALSE,TRUE,FALSE,FALSE,FALSE,FALSE,FALSE,Militia dominant
1,2004,128333,54.60082421875,outside,0.312460571527481,0,0,TRUE,Depression,outside,FALSE,FALSE,FALSE,TRUE,FALSE,FALSE,FALSE,FALSE,FALSE,Militia dominant
1,2004,135061,41.2825625,outside,0.362526476383209,0,0,TRUE,Depression,outside,FALSE,FALSE,FALSE,TRUE,FALSE,FALSE,FALSE,FALSE,FALSE,Militia dominant
1,2004,146727,17.02938671875,outside,0.482806831598282,0,0,TRUE,Depression,outside,FALSE,FALSE,TRUE,TRUE,FALSE,FALSE,FALSE,FALSE,FALSE,Militia dominant
1,2004,152038,43.732140625,outside,0.667193651199341,0,0,TRUE,Depression,outside,FALSE,FALSE,FALSE,TRUE,FALSE,FALSE,FALSE,FALSE,FALSE,Militia dominant
1,2004,154798,7.81024951171875,outside,0.380947142839432,0,0,TRUE,Depression,outside,FALSE,TRUE,TRUE,TRUE,FALSE,FALSE,FALSE,FALSE,FALSE,Militia dominant
1,2004,160065,46.67440234375,outside,0.304789245128632,0.00303621008060873,0.00303621008060873,TRUE,Depression,outside,FALSE,FALSE,FALSE,TRUE,TRUE,TRUE,FALSE,FALSE,FALSE,Militia dominant
1,2004,160963,44.57016796875,outside,0.320732563734055,0,0,TRUE,Depression,outside,FALSE,FALSE,FALSE,TRUE,FALSE,FALSE,FALSE,FALSE,FALSE,Militia dominant
1,2004,162796,29.740544921875,outside,0.508174538612366,0,0,TRUE,Depression,outside,FALSE,FALSE,FALSE,TRUE,FALSE,FALSE,FALSE,FALSE,FALSE,Militia dominant
1,2004,163243,29.295904296875,outside,0.363697648048401,0,0,TRUE,Depression,outside,FALSE,FALSE,FALSE,TRUE,FALSE,FALSE,FALSE,FALSE,FALSE,Militia dominant
1,2004,164536,42.85148828125,outside,0.483041226863861,0,0,TRUE,Depression,outside,FALSE,FALSE,FALSE,TRUE,FALSE,FALSE,FALSE,FALSE,FALSE,Militia dominant
1,2004,164978,44.43253125,outside,0.544727683067322,0,0,TRUE,Depression,outside,FALSE,FALSE,FALSE,TRUE,FALSE,FALSE,FALSE,FALSE,FALSE,Militia dominant
1,2004,164983,42.52058203125,outside,0.43379744887352,0,0,TRUE,Depression,outside,FALSE,FALSE,FALSE,TRUE,FALSE,FALSE,FALSE,FALSE,FALSE,Militia dominant
1,2004,167267,25.059927734375,outside,0.518280148506165,0.00303504266776145,0.00303504266776145,TRUE,Depression,outside,FALSE,FALSE,FALSE,TRUE,TRUE,TRUE,FALSE,FALSE,FALSE,Militia dominant
1,2005,743,74.5553515625,outside,0.450275152921677,0,0,TRUE,Depression,outside,FALSE,FALSE,FALSE,TRUE,FALSE,FALSE,FALSE,FALSE,FALSE,Militia dominant
1,2005,906,133.83759375,outside,0.458134680986404,0.00572470529004931,0,TRUE,Depression,outside,FALSE,FALSE,FALSE,TRUE,TRUE,FALSE,FALSE,FALSE,FALSE,Militia dominant
1,2005,1191,73.9797265625,outside,0.434436470270157,0.00649891654029489,0.00189026817679405,TRUE,Depression,outside,FALSE,FALSE,FALSE,TRUE,TRUE,TRUE,FALSE,FALSE,FALSE,Militia dominant
1,2005,1193,73.8241171875,outside,0.465747445821762,0.02055998519063,0.0175129175186157,TRUE,Depression,outside,FALSE,FALSE,FALSE,TRUE,TRUE,TRUE,FALSE,FALSE,FALSE,Militia dominant
1,2005,1194,73.7512734375,outside,0.277706950902939,0.00609413534402847,0.00609413534402847,TRUE,Depression,outside,FALSE,FALSE,FALSE,TRUE,TRUE,TRUE,FALSE,FALSE,FALSE,Militia dominant
1,2005,1638,73.486390625,outside,0.328680872917175,0,0,TRUE,Depression,outside,FALSE,FALSE,FALSE,TRUE,FALSE,FALSE,FALSE,FALSE,FALSE,Militia dominant
1,2005,1640,73.329734375,outside,0.520054936408997,0.00304703693836927,0.00304703693836927,TRUE,Depression,outside,FALSE,FALSE,FALSE,TRUE,TRUE,TRUE,FALSE,FALSE,FALSE,Militia dominant
1,2005,1642,73.18640625,outside,0.329152286052704,0.021945046260953,0.018481956794858,TRUE,Depression,outside,FALSE,FALSE,FALSE,TRUE,TRUE,TRUE,FALSE,FALSE,FALSE,Militia dominant
1,2005,2087,72.8354296875,outside,0.38445246219635,0.0193119309842587,0.00304700480774045,TRUE,Depression,outside,FALSE,FALSE,FALSE,TRUE,TRUE,TRUE,FALSE,FALSE,FALSE,Militia dominant
1,2005,2980,71.9253046875,outside,0.479335576295853,0.0454825274646282,0.0381183736026287,TRUE,Depression,outside,FALSE,FALSE,FALSE,TRUE,TRUE,TRUE,FALSE,FALSE,FALSE,Militia dominant
1,2005,2983,71.700765625,outside,0.463250786066055,0,0,TRUE,Depression,outside,FALSE,FALSE,FALSE,TRUE,FALSE,FALSE,FALSE,FALSE,FALSE,Militia dominant
1,2005,2984,71.6327421875,outside,0.423245757818222,0,0,TRUE,Depression,outside,FALSE,FALSE,FALSE,TRUE,FALSE,FALSE,FALSE,FALSE,FALSE,Militia dominant
1,2005,3874,70.9383515625,outside,0.498131513595581,0.0209953859448433,0.0179485082626343,TRUE,Depression,outside,FALSE,FALSE,FALSE,TRUE,TRUE,TRUE,FALSE,FALSE,FALSE,Militia dominant
1,2005,4326,70.0803125,outside,0.349154978990555,0.0192293953150511,0.0182810295373201,TRUE,Depression,outside,FALSE,FALSE,FALSE,TRUE,TRUE,TRUE,FALSE,FALSE,FALSE,Militia dominant
1,2005,5226,68.7622734375,outside,0.520290672779083,0.0060935327783227,0.0060935327783227,TRUE,Depression,outside,FALSE,FALSE,FALSE,TRUE,TRUE,TRUE,FALSE,FALSE,FALSE,Militia dominant
1,2005,5227,68.7204453125,outside,0.463012903928757,0,0,TRUE,Depression,outside,FALSE,FALSE,FALSE,TRUE,FALSE,FALSE,FALSE,FALSE,FALSE,Militia dominant
1,2005,9259,64.0078125,outside,0.575482368469238,0,0,TRUE,Depression,outside,FALSE,FALSE,FALSE,TRUE,FALSE,FALSE,FALSE,FALSE,FALSE,Militia dominant
1,2005,13223,59.63430078125,outside,0.542976915836334,0,0,TRUE,Depression,outside,FALSE,FALSE,FALSE,TRUE,FALSE,FALSE,FALSE,FALSE,FALSE,Militia dominant
1,2005,19926,52.23983203125,outside,0.332674413919449,0.0327373705804348,0.0175083819776773,TRUE,Depression,outside,FALSE,FALSE,FALSE,TRUE,TRUE,TRUE,FALSE,FALSE,FALSE,Militia dominant
1,2005,20873,51.24451171875,outside,0.388954937458038,0.271933436393738,0.195742473006248,TRUE,Depression,outside,FALSE,FALSE,FALSE,TRUE,TRUE,TRUE,TRUE,TRUE,FALSE,Militia dominant
1,2005,21210,53.1413203125,outside,0.395587354898453,0.00715781422331929,0.00106593384407461,TRUE,Depression,outside,FALSE,FALSE,FALSE,TRUE,TRUE,TRUE,FALSE,FALSE,FALSE,Militia dominant
1,2005,23064,48.502578125,outside,0.42758920788765,0.00609108107164502,0,TRUE,Depression,outside,FALSE,FALSE,FALSE,TRUE,TRUE,FALSE,FALSE,FALSE,FALSE,Militia dominant
1,2005,25655,54.3622109375,outside,0.501514852046967,0.00913726910948753,0.00913726910948753,TRUE,Depression,outside,FALSE,FALSE,FALSE,TRUE,TRUE,TRUE,FALSE,FALSE,FALSE,Militia dominant
1,2005,26673,45.721984375,outside,0.289385557174683,0,0,TRUE,Depression,outside,FALSE,FALSE,FALSE,TRUE,FALSE,FALSE,FALSE,FALSE,FALSE,Militia dominant
1,2005,27055,43.5114921875,outside,0.304638624191284,0,0,TRUE,Depression,outside,FALSE,FALSE,FALSE,TRUE,FALSE,FALSE,FALSE,FALSE,FALSE,Militia dominant
1,2005,27466,47.01063671875,outside,0.783918261528015,0,0,TRUE,Depression,outside,FALSE,FALSE,FALSE,TRUE,FALSE,FALSE,FALSE,FALSE,FALSE,Militia dominant
1,2005,27507,43.00290625,outside,0.331269711256027,0,0,TRUE,Depression,outside,FALSE,FALSE,FALSE,TRUE,FALSE,FALSE,FALSE,FALSE,FALSE,Militia dominant
1,2005,30183,40.02811328125,outside,0.32020029425621,0,0,TRUE,Depression,outside,FALSE,FALSE,FALSE,TRUE,FALSE,FALSE,FALSE,FALSE,FALSE,Militia dominant
1,2005,30625,39.702015625,outside,0.393832683563232,0,0,TRUE,Depression,outside,FALSE,FALSE,FALSE,TRUE,FALSE,FALSE,FALSE,FALSE,FALSE,Militia dominant
1,2005,30626,39.65476171875,outside,0.309336513280869,0,0,TRUE,Depression,outside,FALSE,FALSE,FALSE,TRUE,FALSE,FALSE,FALSE,FALSE,FALSE,Militia dominant
1,2005,31064,39.81205859375,outside,0.510465145111084,0,0,TRUE,Depression,outside,FALSE,FALSE,FALSE,TRUE,FALSE,FALSE,FALSE,FALSE,FALSE,Militia dominant
1,2005,31071,39.2587578125,outside,0.509540438652039,0,0,TRUE,Depression,outside,FALSE,FALSE,FALSE,TRUE,FALSE,FALSE,FALSE,FALSE,FALSE,Militia dominant
1,2005,31072,39.20458984375,outside,0.53364509344101,0,0,TRUE,Depression,outside,FALSE,FALSE,FALSE,TRUE,FALSE,FALSE,FALSE,FALSE,FALSE,Militia dominant
1,2005,31078,39.0128203125,outside,0.355232834815979,0,0,TRUE,Depression,outside,FALSE,FALSE,FALSE,TRUE,FALSE,FALSE,FALSE,FALSE,FALSE,Militia dominant
1,2005,31510,39.4271484375,outside,0.642631888389587,0,0,TRUE,Depression,outside,FALSE,FALSE,FALSE,TRUE,FALSE,FALSE,FALSE,FALSE,FALSE,Militia dominant
1,2005,31511,39.32238671875,outside,0.759464204311371,0,0,TRUE,Depression,outside,FALSE,FALSE,FALSE,TRUE,FALSE,FALSE,FALSE,FALSE,FALSE,Militia dominant
1,2005,31955,39.16950390625,outside,0.338718950748444,0,0,TRUE,Depression,outside,FALSE,FALSE,FALSE,TRUE,FALSE,FALSE,FALSE,FALSE,FALSE,Militia dominant
1,2005,31957,38.9390546875,outside,0.835866093635559,0,0,TRUE,Depression,outside,FALSE,FALSE,FALSE,TRUE,FALSE,FALSE,FALSE,FALSE,FALSE,Militia dominant
1,2005,31958,38.8329765625,outside,0.758286833763123,0,0,TRUE,Depression,outside,FALSE,FALSE,FALSE,TRUE,FALSE,FALSE,FALSE,FALSE,FALSE,Militia dominant
1,2005,32405,38.34383984375,outside,0.613330125808716,0.00304501154460013,0.00304501154460013,TRUE,Depression,outside,FALSE,FALSE,FALSE,TRUE,TRUE,TRUE,FALSE,FALSE,FALSE,Militia dominant
1,2005,35515,38.23937890625,outside,0.410389006137848,0,0,TRUE,Depression,outside,FALSE,FALSE,FALSE,TRUE,FALSE,FALSE,FALSE,FALSE,FALSE,Militia dominant
1,2005,54259,35.0035703125,outside,0.599160134792328,0.00608724914491177,0.00608724914491177,TRUE,Depression,outside,FALSE,FALSE,FALSE,TRUE,TRUE,TRUE,FALSE,FALSE,FALSE,Militia dominant
1,2005,56934,37.36308203125,outside,0.779909670352936,0.00477553717792034,0.00477553717792034,TRUE,Depression,outside,FALSE,FALSE,FALSE,TRUE,TRUE,TRUE,FALSE,FALSE,FALSE,Militia dominant
1,2005,58277,36.01735546875,outside,0.555990636348724,0,0,TRUE,Depression,outside,FALSE,FALSE,FALSE,TRUE,FALSE,FALSE,FALSE,FALSE,FALSE,Militia dominant
1,2005,58850,13.601470703125,outside,0.648666679859161,0,0,TRUE,Depression,outside,FALSE,FALSE,TRUE,TRUE,FALSE,FALSE,FALSE,FALSE,FALSE,Militia dominant
1,2005,58853,14.3961796875,outside,0.446794092655182,0.00304277613759041,0.00304277613759041,TRUE,Depression,outside,FALSE,FALSE,TRUE,TRUE,TRUE,TRUE,FALSE,FALSE,FALSE,Militia dominant
1,2005,59738,10.9658564453125,outside,0.362299621105194,0,0,TRUE,Depression,outside,FALSE,FALSE,TRUE,TRUE,FALSE,FALSE,FALSE,FALSE,FALSE,Militia dominant
1,2005,60186,10.9658564453125,outside,0.621256053447723,0,0,TRUE,Depression,outside,FALSE,FALSE,TRUE,TRUE,FALSE,FALSE,FALSE,FALSE,FALSE,Militia dominant
1,2005,60187,11.2361025390625,outside,0.463608920574188,0,0,TRUE,Depression,outside,FALSE,FALSE,TRUE,TRUE,FALSE,FALSE,FALSE,FALSE,FALSE,Militia dominant
1,2005,60188,11.5108642578125,outside,0.622166037559509,0,0,TRUE,Depression,outside,FALSE,FALSE,TRUE,TRUE,FALSE,FALSE,FALSE,FALSE,FALSE,Militia dominant
1,2005,60189,11.800423828125,outside,0.567117214202881,0,0,TRUE,Depression,outside,FALSE,FALSE,TRUE,TRUE,FALSE,FALSE,FALSE,FALSE,FALSE,Militia dominant
1,2005,60512,35.5105625,outside,0.513270080089569,0.00121366721577942,0,TRUE,Depression,outside,FALSE,FALSE,FALSE,TRUE,TRUE,FALSE,FALSE,FALSE,FALSE,Militia dominant
1,2005,60636,11.40175390625,outside,0.557916760444641,0.0041860593482852,0.0041860593482852,TRUE,Depression,outside,FALSE,FALSE,TRUE,TRUE,TRUE,TRUE,FALSE,FALSE,FALSE,Militia dominant
1,2005,61080,10.124228515625,outside,0.440235674381256,0,0,TRUE,Depression,outside,FALSE,FALSE,TRUE,TRUE,FALSE,FALSE,FALSE,FALSE,FALSE,Militia dominant
1,2005,61085,11.543396484375,outside,0.532008945941925,0,0,TRUE,Depression,outside,FALSE,FALSE,TRUE,TRUE,FALSE,FALSE,FALSE,FALSE,FALSE,Militia dominant
1,2005,65389,49.5101015625,outside,0.458249717950821,0,0,TRUE,Depression,outside,FALSE,FALSE,FALSE,TRUE,FALSE,FALSE,FALSE,FALSE,FALSE,Militia dominant
1,2005,68052,55.753921875,outside,0.438743233680725,0,0,TRUE,Depression,outside,FALSE,FALSE,FALSE,TRUE,FALSE,FALSE,FALSE,FALSE,FALSE,Militia dominant
1,2005,70287,54.56418359375,outside,0.433394938707352,0,0,TRUE,Depression,outside,FALSE,FALSE,FALSE,TRUE,FALSE,FALSE,FALSE,FALSE,FALSE,Militia dominant
1,2005,70288,54.12023828125,outside,0.516163527965546,0.000344673724612221,0.000344673724612221,TRUE,Depression,outside,FALSE,FALSE,FALSE,TRUE,TRUE,TRUE,FALSE,FALSE,FALSE,Militia dominant
1,2005,71171,58.63659375,outside,0.330563813447952,0,0,TRUE,Depression,outside,FALSE,FALSE,FALSE,TRUE,FALSE,FALSE,FALSE,FALSE,FALSE,Militia dominant
1,2005,71611,61.65427734375,outside,0.491753399372101,0,0,TRUE,Depression,outside,FALSE,FALSE,FALSE,TRUE,FALSE,FALSE,FALSE,FALSE,FALSE,Militia dominant
1,2005,71618,58.43372265625,outside,0.350385844707489,0,0,TRUE,Depression,outside,FALSE,FALSE,FALSE,TRUE,FALSE,FALSE,FALSE,FALSE,FALSE,Militia dominant
1,2005,72484,71.15125,outside,0.360457122325897,0.00304307672195137,0,TRUE,Depression,outside,FALSE,FALSE,FALSE,TRUE,TRUE,FALSE,FALSE,FALSE,FALSE,Militia dominant
1,2005,72525,52.1080625,outside,0.31942343711853,0,0,TRUE,Depression,outside,FALSE,FALSE,FALSE,TRUE,FALSE,FALSE,FALSE,FALSE,FALSE,Militia dominant
1,2005,73381,69.4136171875,outside,0.395114272832871,0,0,TRUE,Depression,outside,FALSE,FALSE,FALSE,TRUE,FALSE,FALSE,FALSE,FALSE,FALSE,Militia dominant
1,2005,73418,52.13923828125,outside,0.297577053308487,0,0,TRUE,Depression,outside,FALSE,FALSE,FALSE,TRUE,FALSE,FALSE,FALSE,FALSE,FALSE,Militia dominant
1,2005,73419,51.68413671875,outside,0.331616997718811,0,0,TRUE,Depression,outside,FALSE,FALSE,FALSE,TRUE,FALSE,FALSE,FALSE,FALSE,FALSE,Militia dominant
1,2005,74044,-1.5,inside,0.75893235206604,0.00608320906758308,0.00608320906758308,TRUE,Depression,inside,TRUE,TRUE,TRUE,TRUE,TRUE,TRUE,FALSE,FALSE,FALSE,Militia dominant
1,2005,74312,51.73490234375,outside,0.290650516748428,0,0,TRUE,Depression,outside,FALSE,FALSE,FALSE,TRUE,FALSE,FALSE,FALSE,FALSE,FALSE,Militia dominant
1,2005,74459,-3.5,inside,0.397347033023834,0,0,TRUE,Depression,inside,TRUE,TRUE,TRUE,TRUE,FALSE,FALSE,FALSE,FALSE,FALSE,Militia dominant
1,2005,77440,50.9215078125,outside,0.316950559616089,0,0,TRUE,Depression,outside,FALSE,FALSE,FALSE,TRUE,FALSE,FALSE,FALSE,FALSE,FALSE,Militia dominant
1,2005,78304,65,outside,0.363143503665924,0.00304252631030977,0.00304252631030977,TRUE,Depression,outside,FALSE,FALSE,FALSE,TRUE,TRUE,TRUE,FALSE,FALSE,FALSE,Militia dominant
1,2005,78773,54.2609453125,outside,0.363389909267426,0,0,TRUE,Depression,outside,FALSE,FALSE,FALSE,TRUE,FALSE,FALSE,FALSE,FALSE,FALSE,Militia dominant
1,2005,81005,55.0567890625,outside,0.412057816982269,0,0,TRUE,Depression,outside,FALSE,FALSE,FALSE,TRUE,FALSE,FALSE,FALSE,FALSE,FALSE,Militia dominant
1,2005,81452,54.94087890625,outside,0.357038378715515,0,0,TRUE,Depression,outside,FALSE,FALSE,FALSE,TRUE,FALSE,FALSE,FALSE,FALSE,FALSE,Militia dominant
1,2005,84562,63.639609375,outside,0.368771284818649,0,0,TRUE,Depression,outside,FALSE,FALSE,FALSE,TRUE,FALSE,FALSE,FALSE,FALSE,FALSE,Militia dominant
1,2005,89045,56.6414140625,outside,0.395797520875931,0,0,TRUE,Depression,outside,FALSE,FALSE,FALSE,TRUE,FALSE,FALSE,FALSE,FALSE,FALSE,Militia dominant
1,2005,89481,62.0987109375,outside,0.434297949075699,0,0,TRUE,Depression,outside,FALSE,FALSE,FALSE,TRUE,FALSE,FALSE,FALSE,FALSE,FALSE,Militia dominant
1,2005,89482,61.59951171875,outside,0.42074117064476,0,0,TRUE,Depression,outside,FALSE,FALSE,FALSE,TRUE,FALSE,FALSE,FALSE,FALSE,FALSE,Militia dominant
1,2005,89491,57.10735546875,outside,0.398523598909378,0,0,TRUE,Depression,outside,FALSE,FALSE,FALSE,TRUE,FALSE,FALSE,FALSE,FALSE,FALSE,Militia dominant
1,2005,90966,-3.20156201171875,inside,0.60322916507721,0,0,TRUE,Depression,inside,TRUE,TRUE,TRUE,TRUE,FALSE,FALSE,FALSE,FALSE,FALSE,Militia dominant
1,2005,91725,57.4913046875,outside,0.329414576292038,0,0,TRUE,Depression,outside,FALSE,FALSE,FALSE,TRUE,FALSE,FALSE,FALSE,FALSE,FALSE,Militia dominant
1,2005,92613,60.3510546875,outside,0.626694619655609,0,0,TRUE,Depression,outside,FALSE,FALSE,FALSE,TRUE,FALSE,FALSE,FALSE,FALSE,FALSE,Militia dominant
1,2005,103001,8.200609375,outside,0.277218282222748,0,0,TRUE,Depression,outside,FALSE,TRUE,TRUE,TRUE,FALSE,FALSE,FALSE,FALSE,FALSE,Militia dominant
1,2005,103897,7.9056943359375,outside,0.314143478870392,0,0,TRUE,Depression,outside,FALSE,TRUE,TRUE,TRUE,FALSE,FALSE,FALSE,FALSE,FALSE,Militia dominant
1,2005,106459,57.10735546875,outside,0.446111261844635,0,0,TRUE,Depression,outside,FALSE,FALSE,FALSE,TRUE,FALSE,FALSE,FALSE,FALSE,FALSE,Militia dominant
1,2005,109142,54.52063671875,outside,0.851869940757752,0,0,TRUE,Depression,outside,FALSE,FALSE,FALSE,TRUE,FALSE,FALSE,FALSE,FALSE,FALSE,Militia dominant
1,2005,110038,53.10837890625,outside,0.545790135860443,0,0,TRUE,Depression,outside,FALSE,FALSE,FALSE,TRUE,FALSE,FALSE,FALSE,FALSE,FALSE,Militia dominant
1,2005,112222,71.1793515625,outside,0.417246431112289,0,0,TRUE,Depression,outside,FALSE,FALSE,FALSE,TRUE,FALSE,FALSE,FALSE,FALSE,FALSE,Militia dominant
1,2005,112692,61.40032421875,outside,0.473539888858795,0,0,TRUE,Depression,outside,FALSE,FALSE,FALSE,TRUE,FALSE,FALSE,FALSE,FALSE,FALSE,Militia dominant
1,2005,112693,61.00205078125,outside,0.368973553180695,6.5202904806938e-05,6.5202904806938e-05,TRUE,Depression,outside,FALSE,FALSE,FALSE,TRUE,TRUE,TRUE,FALSE,FALSE,FALSE,Militia dominant
1,2005,113600,55.317265625,outside,0.350025057792664,0,0,TRUE,Depression,outside,FALSE,FALSE,FALSE,TRUE,FALSE,FALSE,FALSE,FALSE,FALSE,Militia dominant
1,2005,114044,56.14712890625,outside,0.345918744802475,0.00607971986755729,0,TRUE,Depression,outside,FALSE,FALSE,FALSE,TRUE,TRUE,FALSE,FALSE,FALSE,FALSE,Militia dominant
1,2005,114491,55.83233984375,outside,0.443341672420502,0.0111179035156965,0.00503825722262263,TRUE,Depression,outside,FALSE,FALSE,FALSE,TRUE,TRUE,TRUE,FALSE,FALSE,FALSE,Militia dominant
1,2005,114492,55.4436640625,outside,0.521655201911926,0.00389189389534295,0.00389189389534295,TRUE,Depression,outside,FALSE,FALSE,FALSE,TRUE,TRUE,TRUE,FALSE,FALSE,FALSE,Militia dominant
1,2005,116278,55,outside,0.344295799732208,0,0,TRUE,Depression,outside,FALSE,FALSE,FALSE,TRUE,FALSE,FALSE,FALSE,FALSE,FALSE,Militia dominant
1,2005,116279,54.60082421875,outside,0.333531200885773,0,0,TRUE,Depression,outside,FALSE,FALSE,FALSE,TRUE,FALSE,FALSE,FALSE,FALSE,FALSE,Militia dominant
1,2005,117174,53.600375,outside,0.31731116771698,0,0,TRUE,Depression,outside,FALSE,FALSE,FALSE,TRUE,FALSE,FALSE,FALSE,FALSE,FALSE,Militia dominant
1,2005,117616,55.339859375,outside,0.352301806211472,0.016237661242485,0,TRUE,Depression,outside,FALSE,FALSE,FALSE,TRUE,TRUE,FALSE,FALSE,FALSE,FALSE,Militia dominant
1,2005,118066,53.82378515625,outside,0.445909768342972,0,0,TRUE,Depression,outside,FALSE,FALSE,FALSE,TRUE,FALSE,FALSE,FALSE,FALSE,FALSE,Militia dominant
1,2005,118510,54.7768203125,outside,0.330616414546967,0,0,TRUE,Depression,outside,FALSE,FALSE,FALSE,TRUE,FALSE,FALSE,FALSE,FALSE,FALSE,Militia dominant
1,2005,122084,53.5210234375,outside,0.455611169338226,0,0,TRUE,Depression,outside,FALSE,FALSE,FALSE,TRUE,FALSE,FALSE,FALSE,FALSE,FALSE,Militia dominant
1,2005,123413,58.148515625,outside,0.604168891906738,0,0,TRUE,Depression,outside,FALSE,FALSE,FALSE,TRUE,FALSE,FALSE,FALSE,FALSE,FALSE,Militia dominant
1,2005,126544,55.80770703125,outside,0.281026601791382,0.00303900707513094,0.00303900707513094,TRUE,Depression,outside,FALSE,FALSE,FALSE,TRUE,TRUE,TRUE,FALSE,FALSE,FALSE,Militia dominant
1,2005,126995,53.77034375,outside,0.36100760102272,0,0,TRUE,Depression,outside,FALSE,FALSE,FALSE,TRUE,FALSE,FALSE,FALSE,FALSE,FALSE,Militia dominant
1,2005,127440,54.50229296875,outside,0.357229977846146,0,0,TRUE,Depression,outside,FALSE,FALSE,FALSE,TRUE,FALSE,FALSE,FALSE,FALSE,FALSE,Militia dominant
1,2005,127887,54.316203125,outside,0.506729304790497,0.00303887180052698,0.00303887180052698,TRUE,Depression,outside,FALSE,FALSE,FALSE,TRUE,TRUE,TRUE,FALSE,FALSE,FALSE,Militia dominant
1,2005,128334,54.13409375,outside,0.264813125133514,0,0,TRUE,Depression,outside,FALSE,FALSE,FALSE,TRUE,FALSE,FALSE,FALSE,FALSE,FALSE,Militia dominant
1,2005,130574,50.9215078125,outside,0.270054876804352,0,0,TRUE,Depression,outside,FALSE,FALSE,FALSE,TRUE,FALSE,FALSE,FALSE,FALSE,FALSE,Militia dominant
1,2005,145788,39.5506015625,outside,0.59465491771698,0,0,TRUE,Depression,outside,FALSE,FALSE,FALSE,TRUE,FALSE,FALSE,FALSE,FALSE,FALSE,Militia dominant
1,2005,147174,17.0073515625,outside,0.406917780637741,0.00303656747564673,0.00303656747564673,TRUE,Depression,outside,FALSE,FALSE,TRUE,TRUE,TRUE,TRUE,FALSE,FALSE,FALSE,Militia dominant
1,2005,147570,42.5,outside,0.332535624504089,0,0,TRUE,Depression,outside,FALSE,FALSE,FALSE,TRUE,FALSE,FALSE,FALSE,FALSE,FALSE,Militia dominant
1,2005,151133,49.12483984375,outside,0.37042248249054,0,0,TRUE,Depression,outside,FALSE,FALSE,FALSE,TRUE,FALSE,FALSE,FALSE,FALSE,FALSE,Militia dominant
1,2005,165879,41.109609375,outside,0.470837652683258,0,0,TRUE,Depression,outside,FALSE,FALSE,FALSE,TRUE,FALSE,FALSE,FALSE,FALSE,FALSE,Militia dominant
1,2005,166319,43.502875,outside,0.298615455627441,0,0,TRUE,Depression,outside,FALSE,FALSE,FALSE,TRUE,FALSE,FALSE,FALSE,FALSE,FALSE,Militia dominant
1,2005,166820,25.5,outside,0.681755840778351,0,0,TRUE,Depression,outside,FALSE,FALSE,FALSE,TRUE,FALSE,FALSE,FALSE,FALSE,FALSE,Militia dominant
1,2005,167655,44.6542265625,outside,0.303941160440445,0,0,TRUE,Depression,outside,FALSE,FALSE,FALSE,TRUE,FALSE,FALSE,FALSE,FALSE,FALSE,Militia dominant
1,2005,167666,40.215046875,outside,0.251893997192383,0.00303552718833089,0.00303552718833089,TRUE,Depression,outside,FALSE,FALSE,FALSE,TRUE,TRUE,TRUE,FALSE,FALSE,FALSE,Militia dominant
1,2005,170787,41.50301171875,outside,0.491425633430481,0,0,TRUE,Depression,outside,FALSE,FALSE,FALSE,TRUE,FALSE,FALSE,FALSE,FALSE,FALSE,Militia dominant
1,2005,171699,33.50373046875,outside,0.368954330682755,0.00910517852753401,0.00910517852753401,TRUE,Depression,outside,FALSE,FALSE,FALSE,TRUE,TRUE,TRUE,FALSE,FALSE,FALSE,Militia dominant
1,2005,173913,41.14608203125,outside,0.32916721701622,0,0,TRUE,Depression,outside,FALSE,FALSE,FALSE,TRUE,FALSE,FALSE,FALSE,FALSE,FALSE,Militia dominant
1,2005,174833,29.4108828125,outside,0.386233001947403,0,0,TRUE,Depression,outside,FALSE,FALSE,FALSE,TRUE,FALSE,FALSE,FALSE,FALSE,FALSE,Militia dominant
1,2005,175258,38.69431640625,outside,0.329025000333786,0,0,TRUE,Depression,outside,FALSE,FALSE,FALSE,TRUE,FALSE,FALSE,FALSE,FALSE,FALSE,Militia dominant
1,2005,176142,42.74634375,outside,0.497451931238174,0,0,TRUE,Depression,outside,FALSE,FALSE,FALSE,TRUE,FALSE,FALSE,FALSE,FALSE,FALSE,Militia dominant
1,2005,177516,27.354158203125,outside,0.408589482307434,0,0,TRUE,Depression,outside,FALSE,FALSE,FALSE,TRUE,FALSE,FALSE,FALSE,FALSE,FALSE,Militia dominant
1,2005,179747,27.973201171875,outside,0.372430801391602,0,0,TRUE,Depression,outside,FALSE,FALSE,FALSE,TRUE,FALSE,FALSE,FALSE,FALSE,FALSE,Militia dominant
1,2005,180195,27.2946875,outside,0.340087294578552,0,0,TRUE,Depression,outside,FALSE,FALSE,FALSE,TRUE,FALSE,FALSE,FALSE,FALSE,FALSE,Militia dominant
1,2005,186909,20.260798828125,outside,0.381230920553207,0,0,TRUE,Depression,outside,FALSE,FALSE,FALSE,TRUE,FALSE,FALSE,FALSE,FALSE,FALSE,Militia dominant
1,2005,189123,30.149626953125,outside,0.314164459705353,0,0,TRUE,Depression,outside,FALSE,FALSE,FALSE,TRUE,FALSE,FALSE,FALSE,FALSE,FALSE,Militia dominant
1,2005,189129,27.16615625,outside,0.267195850610733,0,0,TRUE,Depression,outside,FALSE,FALSE,FALSE,TRUE,FALSE,FALSE,FALSE,FALSE,FALSE,Militia dominant
1,2005,193125,40.52776953125,outside,0.399635285139084,0.00378235941752791,0.00378235941752791,TRUE,Depression,outside,FALSE,FALSE,FALSE,TRUE,TRUE,TRUE,FALSE,FALSE,FALSE,Militia dominant
1,2005,194021,39.57903515625,outside,0.287675648927689,0.0199985634535551,0.0199985634535551,TRUE,Depression,outside,FALSE,FALSE,FALSE,TRUE,TRUE,TRUE,FALSE,FALSE,FALSE,Militia dominant
1,2005,194024,38.0821484375,outside,0.367630362510681,0.0264591760933399,0.0203924123197794,TRUE,Depression,outside,FALSE,FALSE,FALSE,TRUE,TRUE,TRUE,FALSE,FALSE,FALSE,Militia dominant
1,2005,194472,37.61980859375,outside,0.340667366981506,0.00751896435394883,0.00751896435394883,TRUE,Depression,outside,FALSE,FALSE,FALSE,TRUE,TRUE,TRUE,FALSE,FALSE,FALSE,Militia dominant
1,2005,196263,36.3455625,outside,0.357617020606995,0.00996559765189886,0.00303313159383833,TRUE,Depression,outside,FALSE,FALSE,FALSE,TRUE,TRUE,TRUE,FALSE,FALSE,FALSE,Militia dominant
1,2005,198028,48.01301953125,outside,0.346776515245438,0,0,TRUE,Depression,outside,FALSE,FALSE,FALSE,TRUE,FALSE,FALSE,FALSE,FALSE,FALSE,Militia dominant
1,2006,2085,72.9931484375,outside,0.335561752319336,0.00914102327078581,0.00914102327078581,TRUE,Depression,outside,FALSE,FALSE,FALSE,TRUE,TRUE,TRUE,FALSE,FALSE,FALSE,Militia dominant
1,2006,6790,100.6578359375,outside,0.383059173822403,0.00760004669427872,0.00304787163622677,TRUE,Depression,outside,FALSE,FALSE,FALSE,TRUE,TRUE,TRUE,FALSE,FALSE,FALSE,Militia dominant
1,2006,11028,62.882828125,outside,0.488939017057419,0.00720012793317437,0.00720012793317437,TRUE,Depression,outside,FALSE,FALSE,FALSE,TRUE,TRUE,TRUE,FALSE,FALSE,FALSE,Militia dominant
1,2006,14313,127.680265625,outside,0.302187532186508,0,0,TRUE,Depression,outside,FALSE,FALSE,FALSE,TRUE,FALSE,FALSE,FALSE,FALSE,FALSE,Militia dominant
1,2006,15431,56.53538671875,outside,0.522858858108521,0.00609243148937821,0.00304621574468911,TRUE,Depression,outside,FALSE,FALSE,FALSE,TRUE,TRUE,TRUE,FALSE,FALSE,FALSE,Militia dominant
1,2006,18138,54.23098828125,outside,0.510325610637665,0.00304592913016677,0.00304592913016677,TRUE,Depression,outside,FALSE,FALSE,FALSE,TRUE,TRUE,TRUE,FALSE,FALSE,FALSE,Militia dominant
1,2006,18353,118.0646015625,outside,0.257387906312943,0,0,TRUE,Depression,outside,FALSE,FALSE,FALSE,TRUE,FALSE,FALSE,FALSE,FALSE,FALSE,Militia dominant
1,2006,18582,53.600375,outside,0.612867832183838,0.0182754341512918,0.0182754341512918,TRUE,Depression,outside,FALSE,FALSE,FALSE,TRUE,TRUE,TRUE,FALSE,FALSE,FALSE,Militia dominant
1,2006,18809,113.8299140625,outside,0.288366109132767,0.00609507877379656,0.00609507877379656,TRUE,Depression,outside,FALSE,FALSE,FALSE,TRUE,TRUE,TRUE,FALSE,FALSE,FALSE,Militia dominant
1,2006,21249,50.0025,outside,0.438653767108917,0.00609152251854539,0.00304576125927269,TRUE,Depression,outside,FALSE,FALSE,FALSE,TRUE,TRUE,TRUE,FALSE,FALSE,FALSE,Militia dominant
1,2006,22593,48.54121875,outside,0.283496081829071,0.00913695339113474,0.0030456508975476,TRUE,Depression,outside,FALSE,FALSE,FALSE,TRUE,TRUE,TRUE,FALSE,FALSE,FALSE,Militia dominant
1,2006,25729,45.33486328125,outside,0.467120230197907,0.00354127143509686,0.00304539455100894,TRUE,Depression,outside,FALSE,FALSE,FALSE,TRUE,TRUE,TRUE,FALSE,FALSE,FALSE,Militia dominant
1,2006,25730,45.39823828125,outside,0.543046593666077,0.00609078258275986,0.00609078258275986,TRUE,Depression,outside,FALSE,FALSE,FALSE,TRUE,TRUE,TRUE,FALSE,FALSE,FALSE,Militia dominant
1,2006,26127,48.00260546875,outside,0.495153605937958,0.00230706692673266,0.00230706692673266,TRUE,Depression,outside,FALSE,FALSE,FALSE,TRUE,TRUE,TRUE,FALSE,FALSE,FALSE,Militia dominant
1,2006,26622,44.2831796875,outside,0.500748872756958,0.0127571076154709,0.00666644424200058,TRUE,Depression,outside,FALSE,FALSE,FALSE,TRUE,TRUE,TRUE,FALSE,FALSE,FALSE,Militia dominant
1,2006,26854,110.4287109375,outside,0.254115521907806,0,0,TRUE,Depression,outside,FALSE,FALSE,FALSE,TRUE,FALSE,FALSE,FALSE,FALSE,FALSE,Militia dominant
1,2006,27745,111.4237421875,outside,0.297520846128464,0.0276297740638256,0.0114336451515555,TRUE,Depression,outside,FALSE,FALSE,FALSE,TRUE,TRUE,TRUE,FALSE,FALSE,FALSE,Militia dominant
1,2006,28907,43.4165859375,outside,0.359409689903259,0.0177134163677692,0.0121801681816578,TRUE,Depression,outside,FALSE,FALSE,FALSE,TRUE,TRUE,TRUE,FALSE,FALSE,FALSE,Militia dominant
1,2006,29130,90.7854609375,outside,0.667533755302429,0,0,TRUE,Depression,outside,FALSE,FALSE,FALSE,TRUE,FALSE,FALSE,FALSE,FALSE,FALSE,Militia dominant
1,2006,30630,39.52847265625,outside,0.268531262874603,0.00304508884437382,0,TRUE,Depression,outside,FALSE,FALSE,FALSE,TRUE,TRUE,FALSE,FALSE,FALSE,FALSE,Militia dominant
1,2006,31661,38.14773828125,outside,0.315568029880524,0,0,TRUE,Depression,outside,FALSE,FALSE,FALSE,TRUE,FALSE,FALSE,FALSE,FALSE,FALSE,Militia dominant
1,2006,35963,37.566609375,outside,0.379987746477127,0,0,TRUE,Depression,outside,FALSE,FALSE,FALSE,TRUE,FALSE,FALSE,FALSE,FALSE,FALSE,Militia dominant
1,2006,38629,39.43665625,outside,0.693906784057617,0.00264974124729633,0,TRUE,Depression,outside,FALSE,FALSE,FALSE,TRUE,TRUE,FALSE,FALSE,FALSE,FALSE,Militia dominant
1,2006,42205,36.43144140625,outside,0.329006999731064,0,0,TRUE,Depression,outside,FALSE,FALSE,FALSE,TRUE,FALSE,FALSE,FALSE,FALSE,FALSE,Militia dominant
1,2006,44875,38.900515625,outside,0.272924661636353,0,0,TRUE,Depression,outside,FALSE,FALSE,FALSE,TRUE,FALSE,FALSE,FALSE,FALSE,FALSE,Militia dominant
1,2006,50193,56.7648671875,outside,0.305429965257645,0,0,TRUE,Depression,outside,FALSE,FALSE,FALSE,TRUE,FALSE,FALSE,FALSE,FALSE,FALSE,Militia dominant
1,2006,50393,18.33712109375,outside,0.355561584234238,0,0,TRUE,Depression,outside,FALSE,FALSE,TRUE,TRUE,FALSE,FALSE,FALSE,FALSE,FALSE,Militia dominant
1,2006,53815,33.81198046875,outside,0.559617340564728,0.00608727894723415,0.00608727894723415,TRUE,Depression,outside,FALSE,FALSE,FALSE,TRUE,TRUE,TRUE,FALSE,FALSE,FALSE,Militia dominant
1,2006,56456,52.55948828125,outside,0.305113703012466,0,0,TRUE,Depression,outside,FALSE,FALSE,FALSE,TRUE,FALSE,FALSE,FALSE,FALSE,FALSE,Militia dominant
1,2006,56895,56.2161015625,outside,0.392319947481155,0.00608752202242613,0,TRUE,Depression,outside,FALSE,FALSE,FALSE,TRUE,TRUE,FALSE,FALSE,FALSE,FALSE,Militia dominant
1,2006,58728,33.95585546875,outside,0.474766731262207,0.0213030111044645,0.0182597227394581,TRUE,Depression,outside,FALSE,FALSE,FALSE,TRUE,TRUE,TRUE,FALSE,FALSE,FALSE,Militia dominant
1,2006,60190,12.10371875,outside,0.584535717964172,0,0,TRUE,Depression,outside,FALSE,FALSE,TRUE,TRUE,FALSE,FALSE,FALSE,FALSE,FALSE,Militia dominant
1,2006,62292,39.20458984375,outside,0.280731230974197,0,0,TRUE,Depression,outside,FALSE,FALSE,FALSE,TRUE,FALSE,FALSE,FALSE,FALSE,FALSE,Militia dominant
1,2006,68102,36.0624453125,outside,0.340296179056168,0,0,TRUE,Depression,outside,FALSE,FALSE,FALSE,TRUE,FALSE,FALSE,FALSE,FALSE,FALSE,Militia dominant
1,2006,68550,35.35533984375,outside,0.3471559882164,0,0,TRUE,Depression,outside,FALSE,FALSE,FALSE,TRUE,FALSE,FALSE,FALSE,FALSE,FALSE,Militia dominant
1,2006,79265,33.0945625,outside,0.277220487594605,0,0,TRUE,Depression,outside,FALSE,FALSE,FALSE,TRUE,FALSE,FALSE,FALSE,FALSE,FALSE,Militia dominant
1,2006,83274,37.9802578125,outside,0.55126953125,0,0,TRUE,Depression,outside,FALSE,FALSE,FALSE,TRUE,FALSE,FALSE,FALSE,FALSE,FALSE,Militia dominant
1,2006,84174,34.82096875,outside,0.378277778625488,0,0,TRUE,Depression,outside,FALSE,FALSE,FALSE,TRUE,FALSE,FALSE,FALSE,FALSE,FALSE,Militia dominant
1,2006,88604,53.68891796875,outside,0.283255070447922,0,0,TRUE,Depression,outside,FALSE,FALSE,FALSE,TRUE,FALSE,FALSE,FALSE,FALSE,FALSE,Militia dominant
1,2006,91255,68.9655703125,outside,0.561699211597443,0,0,TRUE,Depression,outside,FALSE,FALSE,FALSE,TRUE,FALSE,FALSE,FALSE,FALSE,FALSE,Militia dominant
1,2006,91702,68.909359375,outside,0.514848053455353,0,0,TRUE,Depression,outside,FALSE,FALSE,FALSE,TRUE,FALSE,FALSE,FALSE,FALSE,FALSE,Militia dominant
1,2006,93521,53.28461328125,outside,0.437305361032486,0,0,TRUE,Depression,outside,FALSE,FALSE,FALSE,TRUE,FALSE,FALSE,FALSE,FALSE,FALSE,Militia dominant
1,2006,98829,73.8935078125,outside,0.451229393482208,0,0,TRUE,Depression,outside,FALSE,FALSE,FALSE,TRUE,FALSE,FALSE,FALSE,FALSE,FALSE,Militia dominant
1,2006,99787,49.022953125,outside,0.377429604530334,0,0,TRUE,Depression,outside,FALSE,FALSE,FALSE,TRUE,FALSE,FALSE,FALSE,FALSE,FALSE,Militia dominant
1,2006,100234,49.04080078125,outside,0.538857519626617,0,0,TRUE,Depression,outside,FALSE,FALSE,FALSE,TRUE,FALSE,FALSE,FALSE,FALSE,FALSE,Militia dominant
1,2006,101101,59.03388671875,outside,0.296583652496338,0.0101867625489831,0.0071460590697825,TRUE,Depression,outside,FALSE,FALSE,FALSE,TRUE,TRUE,TRUE,FALSE,FALSE,FALSE,Militia dominant
1,2006,102390,76.762625,outside,0.497763603925705,0.00195194652769715,0.00195194652769715,TRUE,Depression,outside,FALSE,FALSE,FALSE,TRUE,TRUE,TRUE,FALSE,FALSE,FALSE,Militia dominant
1,2006,107788,60.104078125,outside,0.407969415187836,0,0,TRUE,Depression,outside,FALSE,FALSE,FALSE,TRUE,FALSE,FALSE,FALSE,FALSE,FALSE,Militia dominant
1,2006,108695,54.893078125,outside,0.530820608139038,0,0,TRUE,Depression,outside,FALSE,FALSE,FALSE,TRUE,FALSE,FALSE,FALSE,FALSE,FALSE,Militia dominant
1,2006,114183,7.9056943359375,outside,0.721385657787323,0,0,TRUE,Depression,outside,FALSE,TRUE,TRUE,TRUE,FALSE,FALSE,FALSE,FALSE,FALSE,Militia dominant
1,2006,114940,54.740296875,outside,0.315310835838318,0,0,TRUE,Depression,outside,FALSE,FALSE,FALSE,TRUE,FALSE,FALSE,FALSE,FALSE,FALSE,Militia dominant
1,2006,115078,6.94622216796875,outside,0.418745309114456,0,0,TRUE,Depression,outside,FALSE,TRUE,TRUE,TRUE,FALSE,FALSE,FALSE,FALSE,FALSE,Militia dominant
1,2006,115079,6.51920263671875,outside,0.578440308570862,0,0,TRUE,Depression,outside,FALSE,TRUE,TRUE,TRUE,FALSE,FALSE,FALSE,FALSE,FALSE,Militia dominant
1,2006,117604,60.3696953125,outside,0.29280349612236,0.0109948655590415,0.00303974794223905,TRUE,Depression,outside,FALSE,FALSE,FALSE,TRUE,TRUE,TRUE,FALSE,FALSE,FALSE,Militia dominant
1,2006,118495,61.14940625,outside,0.317585587501526,0,0,TRUE,Depression,outside,FALSE,FALSE,FALSE,TRUE,FALSE,FALSE,FALSE,FALSE,FALSE,Militia dominant
1,2006,120727,61.27193359375,outside,0.45948988199234,0,0,TRUE,Depression,outside,FALSE,FALSE,FALSE,TRUE,FALSE,FALSE,FALSE,FALSE,FALSE,Militia dominant
1,2006,126669,7.9056943359375,outside,0.566046357154846,0,0,TRUE,Depression,outside,FALSE,TRUE,TRUE,TRUE,FALSE,FALSE,FALSE,FALSE,FALSE,Militia dominant
1,2006,128905,5.3851650390625,outside,0.320157647132874,0.00911297742277384,0.00911297742277384,TRUE,Depression,outside,FALSE,TRUE,TRUE,TRUE,TRUE,TRUE,FALSE,FALSE,FALSE,Militia dominant
1,2006,132829,40.67247265625,outside,0.539558053016663,0,0,TRUE,Depression,outside,FALSE,FALSE,FALSE,TRUE,FALSE,FALSE,FALSE,FALSE,FALSE,Militia dominant
1,2006,133722,40.79828515625,outside,0.475058406591415,0,0,TRUE,Depression,outside,FALSE,FALSE,FALSE,TRUE,FALSE,FALSE,FALSE,FALSE,FALSE,Militia dominant
1,2006,139083,40.62634765625,outside,0.440094411373138,0,0,TRUE,Depression,outside,FALSE,FALSE,FALSE,TRUE,FALSE,FALSE,FALSE,FALSE,FALSE,Militia dominant
1,2006,139527,41.97618359375,outside,0.268387109041214,0,0,TRUE,Depression,outside,FALSE,FALSE,FALSE,TRUE,FALSE,FALSE,FALSE,FALSE,FALSE,Militia dominant
1,2006,139528,41.48794921875,outside,0.45402392745018,0,0,TRUE,Depression,outside,FALSE,FALSE,FALSE,TRUE,FALSE,FALSE,FALSE,FALSE,FALSE,Militia dominant
1,2006,139529,41,outside,0.606330096721649,0,0,TRUE,Depression,outside,FALSE,FALSE,FALSE,TRUE,FALSE,FALSE,FALSE,FALSE,FALSE,Militia dominant
1,2006,139530,40.51234375,outside,0.542974710464478,0,0,TRUE,Depression,outside,FALSE,FALSE,FALSE,TRUE,FALSE,FALSE,FALSE,FALSE,FALSE,Militia dominant
1,2006,139978,39.91553515625,outside,0.625834226608276,0,0,TRUE,Depression,outside,FALSE,FALSE,FALSE,TRUE,FALSE,FALSE,FALSE,FALSE,FALSE,Militia dominant
1,2006,140421,41.7731953125,outside,0.841631829738617,0,0,TRUE,Depression,outside,FALSE,FALSE,FALSE,TRUE,FALSE,FALSE,FALSE,FALSE,FALSE,Militia dominant
1,2006,140866,42.66438671875,outside,0.497220277786255,0,0,TRUE,Depression,outside,FALSE,FALSE,FALSE,TRUE,FALSE,FALSE,FALSE,FALSE,FALSE,Militia dominant
1,2006,141314,42.08622265625,outside,0.69233649969101,0,0,TRUE,Depression,outside,FALSE,FALSE,FALSE,TRUE,FALSE,FALSE,FALSE,FALSE,FALSE,Militia dominant
1,2006,141315,41.59326953125,outside,0.518293082714081,0,0,TRUE,Depression,outside,FALSE,FALSE,FALSE,TRUE,FALSE,FALSE,FALSE,FALSE,FALSE,Militia dominant
1,2006,141390,6.3639609375,outside,0.309554100036621,0.01912721991539,0.010016723535955,TRUE,Depression,outside,FALSE,TRUE,TRUE,TRUE,TRUE,TRUE,FALSE,FALSE,FALSE,Militia dominant
1,2006,145399,10.7935166015625,outside,0.614764153957367,0,0,TRUE,Depression,outside,FALSE,FALSE,TRUE,TRUE,FALSE,FALSE,FALSE,FALSE,FALSE,Militia dominant
1,2006,145824,21.592822265625,outside,0.351587116718292,0,0,TRUE,Depression,outside,FALSE,FALSE,FALSE,TRUE,FALSE,FALSE,FALSE,FALSE,FALSE,Militia dominant
1,2006,145844,11.6726171875,outside,0.523664474487305,0,0,TRUE,Depression,outside,FALSE,FALSE,TRUE,TRUE,FALSE,FALSE,FALSE,FALSE,FALSE,Militia dominant
1,2006,146273,20.5548046875,outside,0.39218470454216,0,0,TRUE,Depression,outside,FALSE,FALSE,FALSE,TRUE,FALSE,FALSE,FALSE,FALSE,FALSE,Militia dominant
1,2006,146720,20.524375,outside,0.669502794742584,0,0,TRUE,Depression,outside,FALSE,FALSE,FALSE,TRUE,FALSE,FALSE,FALSE,FALSE,FALSE,Militia dominant
1,2006,147186,11.011357421875,outside,0.380617618560791,0,0,TRUE,Depression,outside,FALSE,FALSE,TRUE,TRUE,FALSE,FALSE,FALSE,FALSE,FALSE,Militia dominant
1,2006,150237,50.0624609375,outside,0.328884154558182,0,0,TRUE,Depression,outside,FALSE,FALSE,FALSE,TRUE,FALSE,FALSE,FALSE,FALSE,FALSE,Militia dominant
1,2006,150696,44.10215234375,outside,0.377418756484985,0,0,TRUE,Depression,outside,FALSE,FALSE,FALSE,TRUE,FALSE,FALSE,FALSE,FALSE,FALSE,Militia dominant
1,2006,150720,32.14031640625,outside,0.414068788290024,0.00303655141033232,0.00303655141033232,TRUE,Depression,outside,FALSE,FALSE,FALSE,TRUE,TRUE,TRUE,FALSE,FALSE,FALSE,Militia dominant
1,2006,152929,45.33486328125,outside,0.458488523960114,0.0091099189594388,0.00303663988597691,TRUE,Depression,outside,FALSE,FALSE,FALSE,TRUE,TRUE,TRUE,FALSE,FALSE,FALSE,Militia dominant
1,2006,153467,4.12310546875,outside,0.343879640102386,0,0,TRUE,Depression,outside,TRUE,TRUE,TRUE,TRUE,FALSE,FALSE,FALSE,FALSE,FALSE,Militia dominant
1,2006,156576,12.806248046875,outside,0.305932104587555,0,0,TRUE,Depression,outside,FALSE,FALSE,TRUE,TRUE,FALSE,FALSE,FALSE,FALSE,FALSE,Militia dominant
1,2006,160518,44.26341796875,outside,0.441809386014938,0,0,TRUE,Depression,outside,FALSE,FALSE,FALSE,TRUE,FALSE,FALSE,FALSE,FALSE,FALSE,Militia dominant
1,2006,160966,43.55743359375,outside,0.425744384527206,0,0,TRUE,Depression,outside,FALSE,FALSE,FALSE,TRUE,FALSE,FALSE,FALSE,FALSE,FALSE,Militia dominant
1,2006,163685,30.016662109375,outside,0.505668044090271,0,0,TRUE,Depression,outside,FALSE,FALSE,FALSE,TRUE,FALSE,FALSE,FALSE,FALSE,FALSE,Militia dominant
1,2006,164132,29.584625,outside,0.329602807760239,0,0,TRUE,Depression,outside,FALSE,FALSE,FALSE,TRUE,FALSE,FALSE,FALSE,FALSE,FALSE,Militia dominant
1,2006,165031,27.504544921875,outside,0.327618002891541,0,0,TRUE,Depression,outside,FALSE,FALSE,FALSE,TRUE,FALSE,FALSE,FALSE,FALSE,FALSE,Militia dominant
1,2006,165430,42.1930078125,outside,0.511375904083252,0.00607146695256233,0.00607146695256233,TRUE,Depression,outside,FALSE,FALSE,FALSE,TRUE,TRUE,TRUE,FALSE,FALSE,FALSE,Militia dominant
1,2006,166322,42.32316015625,outside,0.359055012464523,0,0,TRUE,Depression,outside,FALSE,FALSE,FALSE,TRUE,FALSE,FALSE,FALSE,FALSE,FALSE,Militia dominant
1,2006,168534,50.55937109375,outside,0.305631160736084,0,0,TRUE,Depression,outside,FALSE,FALSE,FALSE,TRUE,FALSE,FALSE,FALSE,FALSE,FALSE,Militia dominant
1,2006,169010,38.1083984375,outside,0.315751492977142,0.00303537491708994,0.00303537491708994,TRUE,Depression,outside,FALSE,FALSE,FALSE,TRUE,TRUE,TRUE,FALSE,FALSE,FALSE,Militia dominant
1,2006,169464,35.089171875,outside,0.642575204372406,0,0,TRUE,Depression,outside,FALSE,FALSE,FALSE,TRUE,FALSE,FALSE,FALSE,FALSE,FALSE,Militia dominant
1,2006,169465,34.713109375,outside,0.420148909091949,0,0,TRUE,Depression,outside,FALSE,FALSE,FALSE,TRUE,FALSE,FALSE,FALSE,FALSE,FALSE,Militia dominant
1,2006,169466,34.3402109375,outside,0.374136179685593,0,0,TRUE,Depression,outside,FALSE,FALSE,FALSE,TRUE,FALSE,FALSE,FALSE,FALSE,FALSE,Militia dominant
1,2006,169908,35.92005078125,outside,0.386589556932449,0,0,TRUE,Depression,outside,FALSE,FALSE,FALSE,TRUE,FALSE,FALSE,FALSE,FALSE,FALSE,Militia dominant
1,2006,169913,34.0073515625,outside,0.332517087459564,0,0,TRUE,Depression,outside,FALSE,FALSE,FALSE,TRUE,FALSE,FALSE,FALSE,FALSE,FALSE,Militia dominant
1,2006,170808,32.97347265625,outside,0.267067283391953,0,0,TRUE,Depression,outside,FALSE,FALSE,FALSE,TRUE,FALSE,FALSE,FALSE,FALSE,FALSE,Militia dominant
1,2006,173480,35.24556640625,outside,0.576111912727356,0,0,TRUE,Depression,outside,FALSE,FALSE,FALSE,TRUE,FALSE,FALSE,FALSE,FALSE,FALSE,Militia dominant
1,2006,173940,29.60151953125,outside,0.308840274810791,0,0,TRUE,Depression,outside,FALSE,FALSE,FALSE,TRUE,FALSE,FALSE,FALSE,FALSE,FALSE,Militia dominant
1,2006,175707,37.57658984375,outside,0.42042875289917,0,0,TRUE,Depression,outside,FALSE,FALSE,FALSE,TRUE,FALSE,FALSE,FALSE,FALSE,FALSE,Militia dominant
1,2006,177050,36.00347265625,outside,0.362954467535019,0,0,TRUE,Depression,outside,FALSE,FALSE,FALSE,TRUE,FALSE,FALSE,FALSE,FALSE,FALSE,Militia dominant
1,2006,177945,35.10698046875,outside,0.343416780233383,0,0,TRUE,Depression,outside,FALSE,FALSE,FALSE,TRUE,FALSE,FALSE,FALSE,FALSE,FALSE,Militia dominant
1,2006,189124,29.652150390625,outside,0.282371789216995,0,0,TRUE,Depression,outside,FALSE,FALSE,FALSE,TRUE,FALSE,FALSE,FALSE,FALSE,FALSE,Militia dominant
1,2006,192298,7.01783447265625,outside,0.512171804904938,0,0,TRUE,Depression,outside,FALSE,TRUE,TRUE,TRUE,FALSE,FALSE,FALSE,FALSE,FALSE,Militia dominant
1,2007,677,73.083859375,outside,0.286633491516113,0.00856644008308649,0.00551914237439632,TRUE,Depression,outside,FALSE,FALSE,FALSE,TRUE,TRUE,TRUE,FALSE,FALSE,FALSE,Neither actor dominant
1,2007,1158,73.027390625,outside,0.523544490337372,0.00914143491536379,0.00304714497178793,TRUE,Depression,outside,FALSE,FALSE,FALSE,TRUE,TRUE,TRUE,FALSE,FALSE,FALSE,Neither actor dominant
1,2007,3266,86.02325,outside,0.258906185626984,0.00304766627959907,0.00304766627959907,TRUE,Depression,outside,FALSE,FALSE,FALSE,TRUE,TRUE,TRUE,FALSE,FALSE,FALSE,Neither actor dominant
1,2007,3430,71.2056875,outside,0.398933291435242,0.00914071593433619,0.00914071593433619,TRUE,Depression,outside,FALSE,FALSE,FALSE,TRUE,TRUE,TRUE,FALSE,FALSE,FALSE,Neither actor dominant
1,2007,3758,74.742890625,outside,0.46131643652916,0,0,TRUE,Depression,outside,FALSE,FALSE,FALSE,TRUE,FALSE,FALSE,FALSE,FALSE,FALSE,Neither actor dominant
1,2007,4205,74.2781953125,outside,0.317320257425308,0,0,TRUE,Depression,outside,FALSE,FALSE,FALSE,TRUE,FALSE,FALSE,FALSE,FALSE,FALSE,Neither actor dominant
1,2007,5133,68.8058828125,outside,0.391281396150589,0.01218815241009,0.00914111454039812,TRUE,Depression,outside,FALSE,FALSE,FALSE,TRUE,TRUE,TRUE,FALSE,FALSE,FALSE,Neither actor dominant
1,2007,7775,71.8000703125,outside,0.371554583311081,0.0213294625282288,0.0213294625282288,TRUE,Depression,outside,FALSE,FALSE,FALSE,TRUE,TRUE,TRUE,FALSE,FALSE,FALSE,Neither actor dominant
1,2007,7859,65.6220234375,outside,0.464064300060272,0.0152333648875356,0.012186692096293,TRUE,Depression,outside,FALSE,FALSE,FALSE,TRUE,TRUE,TRUE,FALSE,FALSE,FALSE,Neither actor dominant
1,2007,9024,99.4208203125,outside,0.397757768630981,0.00304771959781647,0,TRUE,Depression,outside,FALSE,FALSE,FALSE,TRUE,TRUE,FALSE,FALSE,FALSE,FALSE,Neither actor dominant
1,2007,9025,99.036609375,outside,0.320519268512726,0,0,TRUE,Depression,outside,FALSE,FALSE,FALSE,TRUE,FALSE,FALSE,FALSE,FALSE,FALSE,Neither actor dominant
1,2007,9026,98.6534375,outside,0.265607833862305,0.00704605504870415,0.00609539961442351,TRUE,Depression,outside,FALSE,FALSE,FALSE,TRUE,TRUE,TRUE,FALSE,FALSE,FALSE,Neither actor dominant
1,2007,11334,72.40165625,outside,0.384487241506577,0.00609384011477232,0,TRUE,Depression,outside,FALSE,FALSE,FALSE,TRUE,TRUE,FALSE,FALSE,FALSE,FALSE,Neither actor dominant
1,2007,13226,59.55249609375,outside,0.358815014362335,0.0267613288015127,0.0145762339234352,TRUE,Depression,outside,FALSE,FALSE,FALSE,TRUE,TRUE,TRUE,FALSE,FALSE,FALSE,Neither actor dominant
1,2007,13669,59.171359375,outside,0.345642119646072,0,0,TRUE,Depression,outside,FALSE,FALSE,FALSE,TRUE,FALSE,FALSE,FALSE,FALSE,FALSE,Neither actor dominant
1,2007,14984,57.035078125,outside,0.322280824184418,0.0210673343390226,0.0149748381227255,TRUE,Depression,outside,FALSE,FALSE,FALSE,TRUE,TRUE,TRUE,FALSE,FALSE,FALSE,Neither actor dominant
1,2007,15893,56.18051171875,outside,0.486631870269775,0,0,TRUE,Depression,outside,FALSE,FALSE,FALSE,TRUE,FALSE,FALSE,FALSE,FALSE,FALSE,Neither actor dominant
1,2007,17690,54.74486328125,outside,0.580612659454346,0,0,TRUE,Depression,outside,FALSE,FALSE,FALSE,TRUE,FALSE,FALSE,FALSE,FALSE,FALSE,Neither actor dominant
1,2007,17820,55.0817578125,outside,0.298313051462173,0.0182753428816795,0.0152294524013996,TRUE,Depression,outside,FALSE,FALSE,FALSE,TRUE,TRUE,TRUE,FALSE,FALSE,FALSE,Neither actor dominant
1,2007,17821,55.220015625,outside,0.432561814785004,0.0213212482631207,0.0121835703030229,TRUE,Depression,outside,FALSE,FALSE,FALSE,TRUE,TRUE,TRUE,FALSE,FALSE,FALSE,Neither actor dominant
1,2007,18236,52.5,outside,0.34873828291893,0.00609162962064147,0.00304581481032074,TRUE,Depression,outside,FALSE,FALSE,FALSE,TRUE,TRUE,TRUE,FALSE,FALSE,FALSE,Neither actor dominant
1,2007,18585,53.73313671875,outside,0.476415932178497,0.00213525746949017,0.00213525746949017,TRUE,Depression,outside,FALSE,FALSE,FALSE,TRUE,TRUE,TRUE,FALSE,FALSE,FALSE,Neither actor dominant
1,2007,23512,48,outside,0.352564245462418,0,0,TRUE,Depression,outside,FALSE,FALSE,FALSE,TRUE,FALSE,FALSE,FALSE,FALSE,FALSE,Neither actor dominant
1,2007,25721,45.0249921875,outside,0.313520133495331,0.0505857989192009,0.014829421415925,TRUE,Depression,outside,FALSE,FALSE,FALSE,TRUE,TRUE,TRUE,FALSE,FALSE,FALSE,Neither actor dominant
1,2007,25728,45.27692578125,outside,0.297627538442612,0.0125880455598235,0.00704651931300759,TRUE,Depression,outside,FALSE,FALSE,FALSE,TRUE,TRUE,TRUE,FALSE,FALSE,FALSE,Neither actor dominant
1,2007,26636,44.57016796875,outside,0.298463374376297,0.0301726590842009,0.0182717237621546,TRUE,Depression,outside,FALSE,FALSE,FALSE,TRUE,TRUE,TRUE,FALSE,FALSE,FALSE,Neither actor dominant
1,2007,42197,39.28422265625,outside,0.345864325761795,0.00608899863436818,0.00608899863436818,TRUE,Depression,outside,FALSE,FALSE,FALSE,TRUE,TRUE,TRUE,FALSE,FALSE,FALSE,Neither actor dominant
1,2007,42626,46.04345703125,outside,0.448153048753738,0,0,TRUE,Depression,outside,FALSE,FALSE,FALSE,TRUE,FALSE,FALSE,FALSE,FALSE,FALSE,Neither actor dominant
1,2007,45945,21.592822265625,outside,0.485643565654755,0.00228661159053445,0.00228661159053445,TRUE,Depression,outside,FALSE,FALSE,FALSE,TRUE,TRUE,TRUE,FALSE,FALSE,FALSE,Neither actor dominant
1,2007,50391,18.17278125,outside,0.559138476848602,0.0109592955559492,0.0109592955559492,TRUE,Depression,outside,FALSE,FALSE,TRUE,TRUE,TRUE,TRUE,FALSE,FALSE,FALSE,Neither actor dominant
1,2007,50392,18.248287109375,outside,0.722631335258484,0,0,TRUE,Depression,outside,FALSE,FALSE,TRUE,TRUE,FALSE,FALSE,FALSE,FALSE,FALSE,Neither actor dominant
1,2007,50838,17.677669921875,outside,0.590045809745789,0,0,TRUE,Depression,outside,FALSE,FALSE,TRUE,TRUE,FALSE,FALSE,FALSE,FALSE,FALSE,Neither actor dominant
1,2007,53369,33.5596484375,outside,0.313051670789719,0.00237708981148899,0,TRUE,Depression,outside,FALSE,FALSE,FALSE,TRUE,TRUE,FALSE,FALSE,FALSE,FALSE,Neither actor dominant
1,2007,72079,51.8772578125,outside,0.30683633685112,0,0,TRUE,Depression,outside,FALSE,FALSE,FALSE,TRUE,FALSE,FALSE,FALSE,FALSE,FALSE,Neither actor dominant
1,2007,79129,98.6471015625,outside,0.647730052471161,0.00304325739853084,0.00304325739853084,TRUE,Depression,outside,FALSE,FALSE,FALSE,TRUE,TRUE,TRUE,FALSE,FALSE,FALSE,Neither actor dominant
1,2007,91699,70.400640625,outside,0.274894177913666,0,0,TRUE,Depression,outside,FALSE,FALSE,FALSE,TRUE,FALSE,FALSE,FALSE,FALSE,FALSE,Neither actor dominant
1,2007,91700,69.9035078125,outside,0.315189480781555,0,0,TRUE,Depression,outside,FALSE,FALSE,FALSE,TRUE,FALSE,FALSE,FALSE,FALSE,FALSE,Neither actor dominant
1,2007,93060,60.29925390625,outside,0.335650861263275,0,0,TRUE,Depression,outside,FALSE,FALSE,FALSE,TRUE,FALSE,FALSE,FALSE,FALSE,FALSE,Neither actor dominant
1,2007,93967,53.73313671875,outside,0.278850853443146,0,0,TRUE,Depression,outside,FALSE,FALSE,FALSE,TRUE,FALSE,FALSE,FALSE,FALSE,FALSE,Neither actor dominant
1,2007,94413,54.18717578125,outside,0.303679913282394,0,0,TRUE,Depression,outside,FALSE,FALSE,FALSE,TRUE,FALSE,FALSE,FALSE,FALSE,FALSE,Neither actor dominant
1,2007,100232,50.039984375,outside,0.311312109231949,0,0,TRUE,Depression,outside,FALSE,FALSE,FALSE,TRUE,FALSE,FALSE,FALSE,FALSE,FALSE,Neither actor dominant
1,2007,102391,76.37571875,outside,0.417111754417419,0,0,TRUE,Depression,outside,FALSE,FALSE,FALSE,TRUE,FALSE,FALSE,FALSE,FALSE,FALSE,Neither actor dominant
1,2007,107798,56.6392109375,outside,0.456682950258255,0.00422712648287416,0,TRUE,Depression,outside,FALSE,FALSE,FALSE,TRUE,TRUE,FALSE,FALSE,FALSE,FALSE,Neither actor dominant
1,2007,108694,55.2268046875,outside,0.539790749549866,0,0,TRUE,Depression,outside,FALSE,FALSE,FALSE,TRUE,FALSE,FALSE,FALSE,FALSE,FALSE,Neither actor dominant
1,2007,109141,54.8566328125,outside,0.409022659063339,0,0,TRUE,Depression,outside,FALSE,FALSE,FALSE,TRUE,FALSE,FALSE,FALSE,FALSE,FALSE,Neither actor dominant
1,2007,109145,53.52803125,outside,0.44313046336174,0,0,TRUE,Depression,outside,FALSE,FALSE,FALSE,TRUE,FALSE,FALSE,FALSE,FALSE,FALSE,Neither actor dominant
1,2007,109588,54.48853125,outside,0.440877854824066,0,0,TRUE,Depression,outside,FALSE,FALSE,FALSE,TRUE,FALSE,FALSE,FALSE,FALSE,FALSE,Neither actor dominant
1,2007,109591,53.4813046875,outside,0.2979975938797,0,0,TRUE,Depression,outside,FALSE,FALSE,FALSE,TRUE,FALSE,FALSE,FALSE,FALSE,FALSE,Neither actor dominant
1,2007,109592,53.15073046875,outside,0.523537397384644,0,0,TRUE,Depression,outside,FALSE,FALSE,FALSE,TRUE,FALSE,FALSE,FALSE,FALSE,FALSE,Neither actor dominant
1,2007,110041,52.11765625,outside,0.34494960308075,0,0,TRUE,Depression,outside,FALSE,FALSE,FALSE,TRUE,FALSE,FALSE,FALSE,FALSE,FALSE,Neither actor dominant
1,2007,110930,53.05186328125,outside,0.313349276781082,0.00303995492868125,0,TRUE,Depression,outside,FALSE,FALSE,FALSE,TRUE,TRUE,FALSE,FALSE,FALSE,FALSE,Neither actor dominant
1,2007,110931,52.70910546875,outside,0.310803711414337,0,0,TRUE,Depression,outside,FALSE,FALSE,FALSE,TRUE,FALSE,FALSE,FALSE,FALSE,FALSE,Neither actor dominant
1,2007,111376,53.03772265625,outside,0.367242485284805,0,0,TRUE,Depression,outside,FALSE,FALSE,FALSE,TRUE,FALSE,FALSE,FALSE,FALSE,FALSE,Neither actor dominant
1,2007,111825,51.983171875,outside,0.354723960161209,0,0,TRUE,Depression,outside,FALSE,FALSE,FALSE,TRUE,FALSE,FALSE,FALSE,FALSE,FALSE,Neither actor dominant
1,2007,112717,51.97355078125,outside,0.299576878547668,0.00911945663392544,0.00911945663392544,TRUE,Depression,outside,FALSE,FALSE,FALSE,TRUE,TRUE,TRUE,FALSE,FALSE,FALSE,Neither actor dominant
1,2007,114182,8.321658203125,outside,0.512679219245911,0,0,TRUE,Depression,outside,FALSE,TRUE,TRUE,TRUE,FALSE,FALSE,FALSE,FALSE,FALSE,Neither actor dominant
1,2007,114630,7.6321689453125,outside,0.370476990938187,0,0,TRUE,Depression,outside,FALSE,TRUE,TRUE,TRUE,FALSE,FALSE,FALSE,FALSE,FALSE,Neither actor dominant
1,2007,114941,54.35301171875,outside,0.259756833314896,0,0,TRUE,Depression,outside,FALSE,FALSE,FALSE,TRUE,FALSE,FALSE,FALSE,FALSE,FALSE,Neither actor dominant
1,2007,118509,55.19284375,outside,0.321581840515137,0,0,TRUE,Depression,outside,FALSE,FALSE,FALSE,TRUE,FALSE,FALSE,FALSE,FALSE,FALSE,Neither actor dominant
1,2007,118956,54.91812109375,outside,0.310258150100708,0,0,TRUE,Depression,outside,FALSE,FALSE,FALSE,TRUE,FALSE,FALSE,FALSE,FALSE,FALSE,Neither actor dominant
1,2007,119362,72.7495703125,outside,0.347793191671371,0,0,TRUE,Depression,outside,FALSE,FALSE,FALSE,TRUE,FALSE,FALSE,FALSE,FALSE,FALSE,Neither actor dominant
1,2007,119558,-0.5,inside,0.423133850097656,0,0,TRUE,Depression,inside,TRUE,TRUE,TRUE,TRUE,FALSE,FALSE,FALSE,FALSE,FALSE,Neither actor dominant
1,2007,133275,40.96644921875,outside,0.855511426925659,0,0,TRUE,Depression,outside,FALSE,FALSE,FALSE,TRUE,FALSE,FALSE,FALSE,FALSE,FALSE,Neither actor dominant
1,2007,138103,31.756888671875,outside,0.663800060749054,0,0,TRUE,Depression,outside,FALSE,FALSE,FALSE,TRUE,FALSE,FALSE,FALSE,FALSE,FALSE,Neither actor dominant
1,2007,139878,30.22002734375,outside,0.28657728433609,0,0,TRUE,Depression,outside,FALSE,FALSE,FALSE,TRUE,FALSE,FALSE,FALSE,FALSE,FALSE,Neither actor dominant
1,2007,142652,43.35031640625,outside,0.417017906904221,0,0,TRUE,Depression,outside,FALSE,FALSE,FALSE,TRUE,FALSE,FALSE,FALSE,FALSE,FALSE,Neither actor dominant
1,2007,151143,44.138984375,outside,0.480100035667419,0,0,TRUE,Depression,outside,FALSE,FALSE,FALSE,TRUE,FALSE,FALSE,FALSE,FALSE,FALSE,Neither actor dominant
1,2007,154803,6.5,outside,0.453033536672592,0,0,TRUE,Depression,outside,FALSE,TRUE,TRUE,TRUE,FALSE,FALSE,FALSE,FALSE,FALSE,Neither actor dominant
1,2007,154804,6.26498193359375,outside,0.336557120084763,0,0,TRUE,Depression,outside,FALSE,TRUE,TRUE,TRUE,FALSE,FALSE,FALSE,FALSE,FALSE,Neither actor dominant
1,2007,155250,6.94622216796875,outside,0.377837121486664,0,0,TRUE,Depression,outside,FALSE,TRUE,TRUE,TRUE,FALSE,FALSE,FALSE,FALSE,FALSE,Neither actor dominant
1,2007,156129,12.5,outside,0.295114040374756,0,0,TRUE,Depression,outside,FALSE,FALSE,TRUE,TRUE,FALSE,FALSE,FALSE,FALSE,FALSE,Neither actor dominant
1,2007,164070,50.62855078125,outside,0.27962738275528,0,0,TRUE,Depression,outside,FALSE,FALSE,FALSE,TRUE,FALSE,FALSE,FALSE,FALSE,FALSE,Neither actor dominant
1,2007,164537,42.47940625,outside,0.318109661340714,0,0,TRUE,Depression,outside,FALSE,FALSE,FALSE,TRUE,FALSE,FALSE,FALSE,FALSE,FALSE,Neither actor dominant
1,2007,164539,41.74326171875,outside,0.3079973757267,0,0,TRUE,Depression,outside,FALSE,FALSE,FALSE,TRUE,FALSE,FALSE,FALSE,FALSE,FALSE,Neither actor dominant
1,2007,164979,44.0454296875,outside,0.374127745628357,0,0,TRUE,Depression,outside,FALSE,FALSE,FALSE,TRUE,FALSE,FALSE,FALSE,FALSE,FALSE,Neither actor dominant
1,2007,165429,42.57346484375,outside,0.319927990436554,0,0,TRUE,Depression,outside,FALSE,FALSE,FALSE,TRUE,FALSE,FALSE,FALSE,FALSE,FALSE,Neither actor dominant
1,2007,165433,41.06701953125,outside,0.410529494285584,0,0,TRUE,Depression,outside,FALSE,FALSE,FALSE,TRUE,FALSE,FALSE,FALSE,FALSE,FALSE,Neither actor dominant
1,2007,165477,27.2946875,outside,0.757881820201874,0.00303521822206676,0.00303521822206676,TRUE,Depression,outside,FALSE,FALSE,FALSE,TRUE,TRUE,TRUE,FALSE,FALSE,FALSE,Neither actor dominant
1,2007,167657,43.82921484375,outside,0.25605171918869,0,0,TRUE,Depression,outside,FALSE,FALSE,FALSE,TRUE,FALSE,FALSE,FALSE,FALSE,FALSE,Neither actor dominant
1,2007,169462,35.8503828125,outside,0.278718084096909,0.00548592302948237,0.00548592302948237,TRUE,Depression,outside,FALSE,FALSE,FALSE,TRUE,TRUE,TRUE,FALSE,FALSE,FALSE,Neither actor dominant
1,2007,169912,34.38386328125,outside,0.324833929538727,0,0,TRUE,Depression,outside,FALSE,FALSE,FALSE,TRUE,FALSE,FALSE,FALSE,FALSE,FALSE,Neither actor dominant
1,2007,170382,26.20114453125,outside,0.36106351017952,0,0,TRUE,Depression,outside,FALSE,FALSE,FALSE,TRUE,FALSE,FALSE,FALSE,FALSE,FALSE,Neither actor dominant
1,2007,171234,41.2462109375,outside,0.285813301801682,0,0,TRUE,Depression,outside,FALSE,FALSE,FALSE,TRUE,FALSE,FALSE,FALSE,FALSE,FALSE,Neither actor dominant
1,2007,172145,33.60059375,outside,0.254676729440689,0.0138138961046934,0.0138138961046934,TRUE,Depression,outside,FALSE,FALSE,FALSE,TRUE,TRUE,TRUE,FALSE,FALSE,FALSE,Neither actor dominant
1,2007,172146,33.20015234375,outside,0.358942091464996,0,0,TRUE,Depression,outside,FALSE,FALSE,FALSE,TRUE,FALSE,FALSE,FALSE,FALSE,FALSE,Neither actor dominant
1,2007,174830,30.647185546875,outside,0.26937335729599,0,0,TRUE,Depression,outside,FALSE,FALSE,FALSE,TRUE,FALSE,FALSE,FALSE,FALSE,FALSE,Neither actor dominant
1,2007,175705,38.47076953125,outside,0.417405158281326,0,0,TRUE,Depression,outside,FALSE,FALSE,FALSE,TRUE,FALSE,FALSE,FALSE,FALSE,FALSE,Neither actor dominant
1,2007,175708,37.1247890625,outside,0.356770306825638,0,0,TRUE,Depression,outside,FALSE,FALSE,FALSE,TRUE,FALSE,FALSE,FALSE,FALSE,FALSE,Neither actor dominant
1,2007,176140,43.66062109375,outside,0.252208054065704,0,0,TRUE,Depression,outside,FALSE,FALSE,FALSE,TRUE,FALSE,FALSE,FALSE,FALSE,FALSE,Neither actor dominant
1,2007,177497,35.7770859375,outside,0.430165708065033,0,0,TRUE,Depression,outside,FALSE,FALSE,FALSE,TRUE,FALSE,FALSE,FALSE,FALSE,FALSE,Neither actor dominant
1,2007,177498,35.33058203125,outside,0.36054453253746,0,0,TRUE,Depression,outside,FALSE,FALSE,FALSE,TRUE,FALSE,FALSE,FALSE,FALSE,FALSE,Neither actor dominant
1,2007,177503,33.105890625,outside,0.374585062265396,0,0,TRUE,Depression,outside,FALSE,FALSE,FALSE,TRUE,FALSE,FALSE,FALSE,FALSE,FALSE,Neither actor dominant
1,2007,178405,29.0688828125,outside,0.460598647594452,0,0,TRUE,Depression,outside,FALSE,FALSE,FALSE,TRUE,FALSE,FALSE,FALSE,FALSE,FALSE,Neither actor dominant
1,2007,178427,19.84943359375,outside,0.392465531826019,0,0,TRUE,Depression,outside,FALSE,FALSE,TRUE,TRUE,FALSE,FALSE,FALSE,FALSE,FALSE,Neither actor dominant
1,2007,179299,28.635642578125,outside,0.486224591732025,0,0,TRUE,Depression,outside,FALSE,FALSE,FALSE,TRUE,FALSE,FALSE,FALSE,FALSE,FALSE,Neither actor dominant
1,2007,180638,28.848744140625,outside,0.392958015203476,0,0,TRUE,Depression,outside,FALSE,FALSE,FALSE,TRUE,FALSE,FALSE,FALSE,FALSE,FALSE,Neither actor dominant
1,2007,182873,27.85677734375,outside,0.337707370519638,0,0,TRUE,Depression,outside,FALSE,FALSE,FALSE,TRUE,FALSE,FALSE,FALSE,FALSE,FALSE,Neither actor dominant
1,2007,196299,18.5,outside,0.424649327993393,0,0,TRUE,Depression,outside,FALSE,FALSE,TRUE,TRUE,FALSE,FALSE,FALSE,FALSE,FALSE,Neither actor dominant
1,2007,197147,41.43669921875,outside,0.416139960289001,0.00909953098744154,0.00303317699581385,TRUE,Depression,outside,FALSE,FALSE,FALSE,TRUE,TRUE,TRUE,FALSE,FALSE,FALSE,Neither actor dominant
1,2007,222153,89.095453125,outside,0.417627960443497,0.0447343215346336,0.0326177664101124,TRUE,Depression,outside,FALSE,FALSE,FALSE,TRUE,TRUE,TRUE,FALSE,FALSE,FALSE,Neither actor dominant
1,2007,251963,80.5993203125,outside,0.275232046842575,0.00302613782696426,0,TRUE,Depression,outside,FALSE,FALSE,FALSE,TRUE,TRUE,FALSE,FALSE,FALSE,FALSE,Neither actor dominant
1,2008,1679,71.5069921875,outside,0.28731495141983,0,0,TRUE,Depression,outside,FALSE,FALSE,FALSE,TRUE,FALSE,FALSE,FALSE,FALSE,FALSE,Neither actor dominant
1,2008,2979,72.0069453125,outside,0.390132755041122,0.0136564057320356,0.0136564057320356,TRUE,Depression,outside,FALSE,FALSE,FALSE,TRUE,TRUE,TRUE,FALSE,FALSE,FALSE,Neither actor dominant
1,2008,6871,74.941640625,outside,0.292499333620071,0,0,TRUE,Depression,outside,FALSE,FALSE,FALSE,TRUE,FALSE,FALSE,FALSE,FALSE,FALSE,Neither actor dominant
1,2008,7384,65.5476953125,outside,0.322898179292679,0.0121872220188379,0.0121872220188379,TRUE,Depression,outside,FALSE,FALSE,FALSE,TRUE,TRUE,TRUE,FALSE,FALSE,FALSE,Neither actor dominant
1,2008,9644,63.639609375,outside,0.527341842651367,0.0109784910455346,0.00609310483559966,TRUE,Depression,outside,FALSE,FALSE,FALSE,TRUE,TRUE,TRUE,FALSE,FALSE,FALSE,Neither actor dominant
1,2008,9645,63.696546875,outside,0.324450045824051,0.0091396477073431,0.0091396477073431,TRUE,Depression,outside,FALSE,FALSE,FALSE,TRUE,TRUE,TRUE,FALSE,FALSE,FALSE,Neither actor dominant
1,2008,11335,72.1335546875,outside,0.365966796875,0,0,TRUE,Depression,outside,FALSE,FALSE,FALSE,TRUE,FALSE,FALSE,FALSE,FALSE,FALSE,Neither actor dominant
1,2008,12776,60.13318359375,outside,0.668852031230927,0.00304631539620459,0.00304631539620459,TRUE,Depression,outside,FALSE,FALSE,FALSE,TRUE,TRUE,TRUE,FALSE,FALSE,FALSE,Neither actor dominant
1,2008,17342,53.5,outside,0.316063195466995,0,0,TRUE,Depression,outside,FALSE,FALSE,FALSE,TRUE,FALSE,FALSE,FALSE,FALSE,FALSE,Neither actor dominant
1,2008,22114,50.69516796875,outside,0.451661109924316,0,0,TRUE,Depression,outside,FALSE,FALSE,FALSE,TRUE,FALSE,FALSE,FALSE,FALSE,FALSE,Neither actor dominant
1,2008,23861,57.71698046875,outside,0.476947605609894,0,0,TRUE,Depression,outside,FALSE,FALSE,FALSE,TRUE,FALSE,FALSE,FALSE,FALSE,FALSE,Neither actor dominant
1,2008,24389,46.8855,outside,0.491983234882355,0,0,TRUE,Depression,outside,FALSE,FALSE,FALSE,TRUE,FALSE,FALSE,FALSE,FALSE,FALSE,Neither actor dominant
1,2008,26128,47.817359375,outside,0.413149982690811,0,0,TRUE,Depression,outside,FALSE,FALSE,FALSE,TRUE,FALSE,FALSE,FALSE,FALSE,FALSE,Neither actor dominant
1,2008,27061,43.5114921875,outside,0.354184061288834,0,0,TRUE,Depression,outside,FALSE,FALSE,FALSE,TRUE,FALSE,FALSE,FALSE,FALSE,FALSE,Neither actor dominant
1,2008,29411,40,outside,0.50692093372345,0,0,TRUE,Depression,outside,FALSE,FALSE,FALSE,TRUE,FALSE,FALSE,FALSE,FALSE,FALSE,Neither actor dominant
1,2008,29439,42.216703125,outside,0.464261174201965,0.0772048905491829,0.0650247931480408,TRUE,Depression,outside,FALSE,FALSE,FALSE,TRUE,TRUE,TRUE,FALSE,FALSE,FALSE,Neither actor dominant
1,2008,29865,39.61376171875,outside,0.422586977481842,0.012179845944047,0.00304496148601174,TRUE,Depression,outside,FALSE,FALSE,FALSE,TRUE,TRUE,TRUE,FALSE,FALSE,FALSE,Neither actor dominant
1,2008,32108,37.65633984375,outside,0.285235941410065,0.0121792173013091,0.00304480432532728,TRUE,Depression,outside,FALSE,FALSE,FALSE,TRUE,TRUE,TRUE,FALSE,FALSE,FALSE,Neither actor dominant
1,2008,33271,42.617484375,outside,0.402443408966064,0,0,TRUE,Depression,outside,FALSE,FALSE,FALSE,TRUE,FALSE,FALSE,FALSE,FALSE,FALSE,Neither actor dominant
1,2008,33719,41.9314921875,outside,0.609532952308655,0,0,TRUE,Depression,outside,FALSE,FALSE,FALSE,TRUE,FALSE,FALSE,FALSE,FALSE,FALSE,Neither actor dominant
1,2008,34166,41.50301171875,outside,0.416123420000076,0,0,TRUE,Depression,outside,FALSE,FALSE,FALSE,TRUE,FALSE,FALSE,FALSE,FALSE,FALSE,Neither actor dominant
1,2008,34185,37.47332421875,outside,0.417405664920807,0.00608983123674989,0.00608983123674989,TRUE,Depression,outside,FALSE,FALSE,FALSE,TRUE,TRUE,TRUE,FALSE,FALSE,FALSE,Neither actor dominant
1,2008,35223,33.5,outside,0.29417559504509,0.00304455496370792,0.00304455496370792,TRUE,Depression,outside,FALSE,FALSE,FALSE,TRUE,TRUE,TRUE,FALSE,FALSE,FALSE,Neither actor dominant
1,2008,35951,40.63557421875,outside,0.313230395317078,0,0,TRUE,Depression,outside,FALSE,FALSE,FALSE,TRUE,FALSE,FALSE,FALSE,FALSE,FALSE,Neither actor dominant
1,2008,35975,35.25975,outside,0.357550472021103,0.00913431588560343,0.00304477172903717,TRUE,Depression,outside,FALSE,FALSE,FALSE,TRUE,TRUE,TRUE,FALSE,FALSE,FALSE,Neither actor dominant
1,2008,37736,39.906140625,outside,0.452595382928848,0.00304478197358549,0.00304478197358549,TRUE,Depression,outside,FALSE,FALSE,FALSE,TRUE,TRUE,TRUE,FALSE,FALSE,FALSE,Neither actor dominant
1,2008,38185,38.900515625,outside,0.321142613887787,0,0,TRUE,Depression,outside,FALSE,FALSE,FALSE,TRUE,FALSE,FALSE,FALSE,FALSE,FALSE,Neither actor dominant
1,2008,38630,39.12160546875,outside,0.359362125396729,0,0,TRUE,Depression,outside,FALSE,FALSE,FALSE,TRUE,FALSE,FALSE,FALSE,FALSE,FALSE,Neither actor dominant
1,2008,40405,42.1099765625,outside,0.449570447206497,0,0,TRUE,Depression,outside,FALSE,FALSE,FALSE,TRUE,FALSE,FALSE,FALSE,FALSE,FALSE,Neither actor dominant
1,2008,41029,27.041634765625,outside,0.357174873352051,0.0183995496481657,0.00913234148174524,TRUE,Depression,outside,FALSE,FALSE,FALSE,TRUE,TRUE,TRUE,FALSE,FALSE,FALSE,Neither actor dominant
1,2008,41919,26.23451953125,outside,0.449526965618134,0.00304404413327575,0.00304404413327575,TRUE,Depression,outside,FALSE,FALSE,FALSE,TRUE,TRUE,TRUE,FALSE,FALSE,FALSE,Neither actor dominant
1,2008,42641,40.07805078125,outside,0.418719917535782,0.0030444844160229,0.0030444844160229,TRUE,Depression,outside,FALSE,FALSE,FALSE,TRUE,TRUE,TRUE,FALSE,FALSE,FALSE,Neither actor dominant
1,2008,45320,39.40812109375,outside,0.304335504770279,0,0,TRUE,Depression,outside,FALSE,FALSE,FALSE,TRUE,FALSE,FALSE,FALSE,FALSE,FALSE,Neither actor dominant
1,2008,45326,37.01351171875,outside,0.300990909337997,0.00386532372795045,0.000821061374153942,TRUE,Depression,outside,FALSE,FALSE,FALSE,TRUE,TRUE,TRUE,FALSE,FALSE,FALSE,Neither actor dominant
1,2008,45773,36.70490625,outside,0.438222974538803,0.00913268513977528,0.00913268513977528,TRUE,Depression,outside,FALSE,FALSE,FALSE,TRUE,TRUE,TRUE,FALSE,FALSE,FALSE,Neither actor dominant
1,2008,47557,37.165171875,outside,0.405792236328125,0.00304411770775914,0.00304411770775914,TRUE,Depression,outside,FALSE,FALSE,FALSE,TRUE,TRUE,TRUE,FALSE,FALSE,FALSE,Neither actor dominant
1,2008,48005,36.47259375,outside,0.28808468580246,0,0,TRUE,Depression,outside,FALSE,FALSE,FALSE,TRUE,FALSE,FALSE,FALSE,FALSE,FALSE,Neither actor dominant
1,2008,52477,33.0945625,outside,0.280502676963806,0.00608744658529759,0.00304372329264879,TRUE,Depression,outside,FALSE,FALSE,FALSE,TRUE,TRUE,TRUE,FALSE,FALSE,FALSE,Neither actor dominant
1,2008,53367,34.47100390625,outside,0.355635911226273,0,0,TRUE,Depression,outside,FALSE,FALSE,FALSE,TRUE,FALSE,FALSE,FALSE,FALSE,FALSE,Neither actor dominant
1,2008,54260,34.53983203125,outside,0.521963834762573,0.00913085415959358,0.00913085415959358,TRUE,Depression,outside,FALSE,FALSE,FALSE,TRUE,TRUE,TRUE,FALSE,FALSE,FALSE,Neither actor dominant
1,2008,54261,34.0771171875,outside,0.301470130681992,0,0,TRUE,Depression,outside,FALSE,FALSE,FALSE,TRUE,FALSE,FALSE,FALSE,FALSE,FALSE,Neither actor dominant
1,2008,55151,35.58440625,outside,0.346661984920502,0.00304356915876269,0,TRUE,Depression,outside,FALSE,FALSE,FALSE,TRUE,TRUE,FALSE,FALSE,FALSE,FALSE,Neither actor dominant
1,2008,56492,35.10698046875,outside,0.586306214332581,0,0,TRUE,Depression,outside,FALSE,FALSE,FALSE,TRUE,FALSE,FALSE,FALSE,FALSE,FALSE,Neither actor dominant
1,2008,57348,53.3526015625,outside,0.654422998428345,0,0,TRUE,Depression,outside,FALSE,FALSE,FALSE,TRUE,FALSE,FALSE,FALSE,FALSE,FALSE,Neither actor dominant
1,2008,57795,53.26584375,outside,0.434624254703522,0,0,TRUE,Depression,outside,FALSE,FALSE,FALSE,TRUE,FALSE,FALSE,FALSE,FALSE,FALSE,Neither actor dominant
1,2008,58248,50.22449609375,outside,0.283691197633743,0,0,TRUE,Depression,outside,FALSE,FALSE,FALSE,TRUE,FALSE,FALSE,FALSE,FALSE,FALSE,Neither actor dominant
1,2008,60511,36.00347265625,outside,0.325718939304352,0,0,TRUE,Depression,outside,FALSE,FALSE,FALSE,TRUE,FALSE,FALSE,FALSE,FALSE,FALSE,Neither actor dominant
1,2008,60956,36.91205859375,outside,0.338813096284866,0,0,TRUE,Depression,outside,FALSE,FALSE,FALSE,TRUE,FALSE,FALSE,FALSE,FALSE,FALSE,Neither actor dominant
1,2008,71797,-2.5,inside,0.30660605430603,0.00187946273945272,0,TRUE,Depression,inside,TRUE,TRUE,TRUE,TRUE,TRUE,FALSE,FALSE,FALSE,FALSE,Neither actor dominant
1,2008,72230,-5.590169921875,inside,0.418562859296799,0,0,TRUE,Depression,inside,FALSE,TRUE,TRUE,TRUE,FALSE,FALSE,FALSE,FALSE,FALSE,Neither actor dominant
1,2008,74458,-3,inside,0.408198267221451,0,0,TRUE,Depression,inside,TRUE,TRUE,TRUE,TRUE,FALSE,FALSE,FALSE,FALSE,FALSE,Neither actor dominant
1,2008,74905,-3.04138134765625,inside,0.374367535114288,0,0,TRUE,Depression,inside,TRUE,TRUE,TRUE,TRUE,FALSE,FALSE,FALSE,FALSE,FALSE,Neither actor dominant
1,2008,78682,98.7243671875,outside,0.802369832992554,0,0,TRUE,Depression,outside,FALSE,FALSE,FALSE,TRUE,FALSE,FALSE,FALSE,FALSE,FALSE,Neither actor dominant
1,2008,80702,-1.58113879394531,inside,0.521089971065521,0,0,TRUE,Depression,inside,TRUE,TRUE,TRUE,TRUE,FALSE,FALSE,FALSE,FALSE,FALSE,Neither actor dominant
1,2008,82046,-3,inside,0.500986158847809,0,0,TRUE,Depression,inside,TRUE,TRUE,TRUE,TRUE,FALSE,FALSE,FALSE,FALSE,FALSE,Neither actor dominant
1,2008,83382,-0.5,inside,0.741547286510468,0,0,TRUE,Depression,inside,TRUE,TRUE,TRUE,TRUE,FALSE,FALSE,FALSE,FALSE,FALSE,Neither actor dominant
1,2008,83722,37.36308203125,outside,0.32704496383667,0,0,TRUE,Depression,outside,FALSE,FALSE,FALSE,TRUE,FALSE,FALSE,FALSE,FALSE,FALSE,Neither actor dominant
1,2008,84175,34.3402109375,outside,0.398371607065201,0,0,TRUE,Depression,outside,FALSE,FALSE,FALSE,TRUE,FALSE,FALSE,FALSE,FALSE,FALSE,Neither actor dominant
1,2008,84279,-2,inside,0.675638437271118,0,0,TRUE,Depression,inside,TRUE,TRUE,TRUE,TRUE,FALSE,FALSE,FALSE,FALSE,FALSE,Neither actor dominant
1,2008,84534,77.5241875,outside,0.294397085905075,0,0,TRUE,Depression,outside,FALSE,FALSE,FALSE,TRUE,FALSE,FALSE,FALSE,FALSE,FALSE,Neither actor dominant
1,2008,85056,40.40420703125,outside,0.306743651628494,0.00912467204034328,0.00912467204034328,TRUE,Depression,outside,FALSE,FALSE,FALSE,TRUE,TRUE,TRUE,FALSE,FALSE,FALSE,Neither actor dominant
1,2008,88597,57.17735546875,outside,0.286638557910919,0.00304159009829164,0,TRUE,Depression,outside,FALSE,FALSE,FALSE,TRUE,TRUE,FALSE,FALSE,FALSE,FALSE,Neither actor dominant
1,2008,91254,69.46221875,outside,0.360976457595825,0,0,TRUE,Depression,outside,FALSE,FALSE,FALSE,TRUE,FALSE,FALSE,FALSE,FALSE,FALSE,Neither actor dominant
1,2008,91256,68.46896875,outside,0.380160361528397,0.00304161105304956,0.00304161105304956,TRUE,Depression,outside,FALSE,FALSE,FALSE,TRUE,TRUE,TRUE,FALSE,FALSE,FALSE,Neither actor dominant
1,2008,91280,56.51990625,outside,0.269635021686554,0,0,TRUE,Depression,outside,FALSE,FALSE,FALSE,TRUE,FALSE,FALSE,FALSE,FALSE,FALSE,Neither actor dominant
1,2008,91703,68.4123515625,outside,0.328619718551636,0,0,TRUE,Depression,outside,FALSE,FALSE,FALSE,TRUE,FALSE,FALSE,FALSE,FALSE,FALSE,Neither actor dominant
1,2008,92608,62.83708984375,outside,0.414665073156357,0,0,TRUE,Depression,outside,FALSE,FALSE,FALSE,TRUE,FALSE,FALSE,FALSE,FALSE,FALSE,Neither actor dominant
1,2008,98893,49.00255078125,outside,0.313794612884522,0,0,TRUE,Depression,outside,FALSE,FALSE,FALSE,TRUE,FALSE,FALSE,FALSE,FALSE,FALSE,Neither actor dominant
1,2008,101090,63.28704296875,outside,0.252286434173584,0.00912245735526085,0,TRUE,Depression,outside,FALSE,FALSE,FALSE,TRUE,TRUE,FALSE,FALSE,FALSE,FALSE,Neither actor dominant
1,2008,101126,49.86230859375,outside,0.381878346204758,0,0,TRUE,Depression,outside,FALSE,FALSE,FALSE,TRUE,FALSE,FALSE,FALSE,FALSE,FALSE,Neither actor dominant
1,2008,101535,63.570828125,outside,0.327620625495911,0.0060816090553999,0.0060816090553999,TRUE,Depression,outside,FALSE,FALSE,FALSE,TRUE,TRUE,TRUE,FALSE,FALSE,FALSE,Neither actor dominant
1,2008,101943,77.0795078125,outside,0.565969407558441,0,0,TRUE,Depression,outside,FALSE,FALSE,FALSE,TRUE,FALSE,FALSE,FALSE,FALSE,FALSE,Neither actor dominant
1,2008,102389,77.150828125,outside,0.648539185523987,0.00088031473569572,0.00088031473569572,TRUE,Depression,outside,FALSE,FALSE,FALSE,TRUE,TRUE,TRUE,FALSE,FALSE,FALSE,Neither actor dominant
1,2008,103302,69.3289296875,outside,0.571751058101654,0,0,TRUE,Depression,outside,FALSE,FALSE,FALSE,TRUE,FALSE,FALSE,FALSE,FALSE,FALSE,Neither actor dominant
1,2008,103747,69.7226640625,outside,0.302607834339142,0,0,TRUE,Depression,outside,FALSE,FALSE,FALSE,TRUE,FALSE,FALSE,FALSE,FALSE,FALSE,Neither actor dominant
1,2008,105565,57.87270703125,outside,0.280360996723175,0.00912121031433344,0.00304040336050093,TRUE,Depression,outside,FALSE,FALSE,FALSE,TRUE,TRUE,TRUE,FALSE,FALSE,FALSE,Neither actor dominant
1,2008,107352,56.678921875,outside,0.362999677658081,0,0,TRUE,Depression,outside,FALSE,FALSE,FALSE,TRUE,FALSE,FALSE,FALSE,FALSE,FALSE,Neither actor dominant
1,2008,108682,59.4011796875,outside,0.346697151660919,0,0,TRUE,Depression,outside,FALSE,FALSE,FALSE,TRUE,FALSE,FALSE,FALSE,FALSE,FALSE,Neither actor dominant
1,2008,108684,58.68986328125,outside,0.359107047319412,0,0,TRUE,Depression,outside,FALSE,FALSE,FALSE,TRUE,FALSE,FALSE,FALSE,FALSE,FALSE,Neither actor dominant
1,2008,108837,6.5,outside,0.290935039520264,0,0,TRUE,Depression,outside,FALSE,TRUE,TRUE,TRUE,FALSE,FALSE,FALSE,FALSE,FALSE,Neither actor dominant
1,2008,110921,56.22499609375,outside,0.30237141251564,0,0,TRUE,Depression,outside,FALSE,FALSE,FALSE,TRUE,FALSE,FALSE,FALSE,FALSE,FALSE,Neither actor dominant
1,2008,110927,54.09482421875,outside,0.311362981796265,0,0,TRUE,Depression,outside,FALSE,FALSE,FALSE,TRUE,FALSE,FALSE,FALSE,FALSE,FALSE,Neither actor dominant
1,2008,111310,79.4512421875,outside,0.387544333934784,0,0,TRUE,Depression,outside,FALSE,FALSE,FALSE,TRUE,FALSE,FALSE,FALSE,FALSE,FALSE,Neither actor dominant
1,2008,111756,79.649234375,outside,0.506241500377655,0.00608137343078852,0.00608137343078852,TRUE,Depression,outside,FALSE,FALSE,FALSE,TRUE,TRUE,TRUE,FALSE,FALSE,FALSE,Neither actor dominant
1,2008,111798,62.0080625,outside,0.368208080530167,0,0,TRUE,Depression,outside,FALSE,FALSE,FALSE,TRUE,FALSE,FALSE,FALSE,FALSE,FALSE,Neither actor dominant
1,2008,113543,79.1596484375,outside,0.504980325698853,0,0,TRUE,Depression,outside,FALSE,FALSE,FALSE,TRUE,FALSE,FALSE,FALSE,FALSE,FALSE,Neither actor dominant
1,2008,113991,78.4872578125,outside,0.277025163173676,0.00608100695535541,0,TRUE,Depression,outside,FALSE,FALSE,FALSE,TRUE,TRUE,FALSE,FALSE,FALSE,FALSE,Neither actor dominant
1,2008,115090,2.061552734375,outside,0.368277460336685,0.00227858941070735,0,TRUE,Depression,outside,TRUE,TRUE,TRUE,TRUE,TRUE,FALSE,FALSE,FALSE,FALSE,Neither actor dominant
1,2008,115334,76.9220390625,outside,0.457463413476944,0.0014654794940725,0.0014654794940725,TRUE,Depression,outside,FALSE,FALSE,FALSE,TRUE,TRUE,TRUE,FALSE,FALSE,FALSE,Neither actor dominant
1,2008,115384,55.60575390625,outside,0.481862872838974,0.00303976074792445,0,TRUE,Depression,outside,FALSE,FALSE,FALSE,TRUE,TRUE,FALSE,FALSE,FALSE,FALSE,Neither actor dominant
1,2008,115781,76.70234375,outside,0.449745863676071,0,0,TRUE,Depression,outside,FALSE,FALSE,FALSE,TRUE,FALSE,FALSE,FALSE,FALSE,FALSE,Neither actor dominant
1,2008,116229,76.03453125,outside,0.38226717710495,0,0,TRUE,Depression,outside,FALSE,FALSE,FALSE,TRUE,FALSE,FALSE,FALSE,FALSE,FALSE,Neither actor dominant
1,2008,116273,57.019734375,outside,0.400758922100067,0,0,TRUE,Depression,outside,FALSE,FALSE,FALSE,TRUE,FALSE,FALSE,FALSE,FALSE,FALSE,Neither actor dominant
1,2008,116715,58.7983828125,outside,0.534485459327698,0,0,TRUE,Depression,outside,FALSE,FALSE,FALSE,TRUE,FALSE,FALSE,FALSE,FALSE,FALSE,Neither actor dominant
1,2008,117124,75.1531796875,outside,0.567158401012421,0.00295065576210618,0.00295065576210618,TRUE,Depression,outside,FALSE,FALSE,FALSE,TRUE,TRUE,TRUE,FALSE,FALSE,FALSE,Neither actor dominant
1,2008,117602,61.22499609375,outside,0.263375371694565,0.00303977145813406,0.00303977145813406,TRUE,Depression,outside,FALSE,FALSE,FALSE,TRUE,TRUE,TRUE,FALSE,FALSE,FALSE,Neither actor dominant
1,2008,118020,73.8241171875,outside,0.350234895944595,0,0,TRUE,Depression,outside,FALSE,FALSE,FALSE,TRUE,FALSE,FALSE,FALSE,FALSE,FALSE,Neither actor dominant
1,2008,118041,64.44571484375,outside,0.42916077375412,0,0,TRUE,Depression,outside,FALSE,FALSE,FALSE,TRUE,FALSE,FALSE,FALSE,FALSE,FALSE,Neither actor dominant
1,2008,118494,61.58327734375,outside,0.35705953836441,0,0,TRUE,Depression,outside,FALSE,FALSE,FALSE,TRUE,FALSE,FALSE,FALSE,FALSE,FALSE,Neither actor dominant
1,2008,118528,47.5657421875,outside,0.403532207012177,0.00303934048861265,0,TRUE,Depression,outside,FALSE,FALSE,FALSE,TRUE,TRUE,FALSE,FALSE,FALSE,FALSE,Neither actor dominant
1,2008,119401,55.4909921875,outside,0.35512575507164,0,0,TRUE,Depression,outside,FALSE,FALSE,FALSE,TRUE,FALSE,FALSE,FALSE,FALSE,FALSE,Neither actor dominant
1,2008,120278,62.38990234375,outside,0.266991555690765,0.0180126950144768,0.0149730732664466,TRUE,Depression,outside,FALSE,FALSE,FALSE,TRUE,TRUE,TRUE,FALSE,FALSE,FALSE,Neither actor dominant
1,2008,120290,57.118296875,outside,0.266602665185928,0.0060789599083364,0.0060789599083364,TRUE,Depression,outside,FALSE,FALSE,FALSE,TRUE,TRUE,TRUE,FALSE,FALSE,FALSE,Neither actor dominant
1,2008,120718,65.30696875,outside,0.325685650110245,0,0,TRUE,Depression,outside,FALSE,FALSE,FALSE,TRUE,FALSE,FALSE,FALSE,FALSE,FALSE,Neither actor dominant
1,2008,120719,64.855609375,outside,0.466765403747559,0,0,TRUE,Depression,outside,FALSE,FALSE,FALSE,TRUE,FALSE,FALSE,FALSE,FALSE,FALSE,Neither actor dominant
1,2008,120722,63.50590625,outside,0.264791667461395,0,0,TRUE,Depression,outside,FALSE,FALSE,FALSE,TRUE,FALSE,FALSE,FALSE,FALSE,FALSE,Neither actor dominant
1,2008,121168,63.7377421875,outside,0.267374008893967,0,0,TRUE,Depression,outside,FALSE,FALSE,FALSE,TRUE,FALSE,FALSE,FALSE,FALSE,FALSE,Neither actor dominant
1,2008,121171,62.3878984375,outside,0.396558552980423,0,0,TRUE,Depression,outside,FALSE,FALSE,FALSE,TRUE,FALSE,FALSE,FALSE,FALSE,FALSE,Neither actor dominant
1,2008,124752,58.43372265625,outside,0.302932381629944,0,0,TRUE,Depression,outside,FALSE,FALSE,FALSE,TRUE,FALSE,FALSE,FALSE,FALSE,FALSE,Neither actor dominant
1,2008,127015,44.73533203125,outside,0.4582599401474,0,0,TRUE,Depression,outside,FALSE,FALSE,FALSE,TRUE,FALSE,FALSE,FALSE,FALSE,FALSE,Neither actor dominant
1,2008,128803,43.83206640625,outside,0.298900932073593,0,0,TRUE,Depression,outside,FALSE,FALSE,FALSE,TRUE,FALSE,FALSE,FALSE,FALSE,FALSE,Neither actor dominant
1,2008,129353,4.74341650390625,outside,0.324773967266083,0.0121504599228501,0.0121504599228501,TRUE,Depression,outside,TRUE,TRUE,TRUE,TRUE,TRUE,TRUE,FALSE,FALSE,FALSE,Neither actor dominant
1,2008,132027,5.14781494140625,outside,0.279214441776276,0,0,TRUE,Depression,outside,FALSE,TRUE,TRUE,TRUE,FALSE,FALSE,FALSE,FALSE,FALSE,Neither actor dominant
1,2008,132474,4.9244287109375,outside,0.469121485948563,0.0121496291831136,0.0121496291831136,TRUE,Depression,outside,TRUE,TRUE,TRUE,TRUE,TRUE,TRUE,FALSE,FALSE,FALSE,Neither actor dominant
1,2008,134071,25.553865234375,outside,0.281248897314072,0,0,TRUE,Depression,outside,FALSE,FALSE,FALSE,TRUE,FALSE,FALSE,FALSE,FALSE,FALSE,Neither actor dominant
1,2008,138260,9.4339814453125,outside,0.290437638759613,0.00303710508160293,0.00303710508160293,TRUE,Depression,outside,FALSE,TRUE,TRUE,TRUE,TRUE,TRUE,FALSE,FALSE,FALSE,Neither actor dominant
1,2008,138712,7.5,outside,0.373268753290176,0,0,TRUE,Depression,outside,FALSE,TRUE,TRUE,TRUE,FALSE,FALSE,FALSE,FALSE,FALSE,Neither actor dominant
1,2008,139605,7.15891064453125,outside,0.423897683620453,0,0,TRUE,Depression,outside,FALSE,TRUE,TRUE,TRUE,FALSE,FALSE,FALSE,FALSE,FALSE,Neither actor dominant
1,2008,140497,6.8007353515625,outside,0.533192574977875,0.0208094231784344,0.0182214006781578,TRUE,Depression,outside,FALSE,TRUE,TRUE,TRUE,TRUE,TRUE,FALSE,FALSE,FALSE,Neither actor dominant
1,2008,141333,32.756677734375,outside,0.331993460655212,0,0,TRUE,Depression,outside,FALSE,FALSE,FALSE,TRUE,FALSE,FALSE,FALSE,FALSE,FALSE,Neither actor dominant
1,2008,141389,6.72681201171875,outside,0.288372606039047,0.00488708447664976,0.00488708447664976,TRUE,Depression,outside,FALSE,TRUE,TRUE,TRUE,TRUE,TRUE,FALSE,FALSE,FALSE,Neither actor dominant
1,2008,141779,33.143625,outside,0.446056962013245,0,0,TRUE,Depression,outside,FALSE,FALSE,FALSE,TRUE,FALSE,FALSE,FALSE,FALSE,FALSE,Neither actor dominant
1,2008,141835,6.72681201171875,outside,0.303767144680023,0,0,TRUE,Depression,outside,FALSE,TRUE,TRUE,TRUE,FALSE,FALSE,FALSE,FALSE,FALSE,Neither actor dominant
1,2008,141837,6.02079736328125,outside,0.47323751449585,0,0,TRUE,Depression,outside,FALSE,TRUE,TRUE,TRUE,FALSE,FALSE,FALSE,FALSE,FALSE,Neither actor dominant
1,2008,145867,0.5,outside,0.5107302069664,0.001571363536641,0,TRUE,Depression,outside,TRUE,TRUE,TRUE,TRUE,TRUE,FALSE,FALSE,FALSE,FALSE,Neither actor dominant
1,2008,146271,21.55226171875,outside,0.468727052211762,0,0,TRUE,Depression,outside,FALSE,FALSE,FALSE,TRUE,FALSE,FALSE,FALSE,FALSE,FALSE,Neither actor dominant
1,2008,146715,23.021728515625,outside,0.267949759960175,0,0,TRUE,Depression,outside,FALSE,FALSE,FALSE,TRUE,FALSE,FALSE,FALSE,FALSE,FALSE,Neither actor dominant
1,2008,146728,16.530275390625,outside,0.459167629480362,0.00284438999369741,0.00284438999369741,TRUE,Depression,outside,FALSE,FALSE,TRUE,TRUE,TRUE,TRUE,FALSE,FALSE,FALSE,Neither actor dominant
1,2008,154800,7.2111025390625,outside,0.359202951192856,0,0,TRUE,Depression,outside,FALSE,TRUE,TRUE,TRUE,FALSE,FALSE,FALSE,FALSE,FALSE,Neither actor dominant
1,2008,157023,13.124404296875,outside,0.427610963582993,0,0,TRUE,Depression,outside,FALSE,FALSE,TRUE,TRUE,FALSE,FALSE,FALSE,FALSE,FALSE,Neither actor dominant
1,2008,157916,14.159802734375,outside,0.310332804918289,0,0,TRUE,Depression,outside,FALSE,FALSE,TRUE,TRUE,FALSE,FALSE,FALSE,FALSE,FALSE,Neither actor dominant
1,2008,161938,17.75528125,outside,0.251695305109024,0,0,TRUE,Depression,outside,FALSE,FALSE,TRUE,TRUE,FALSE,FALSE,FALSE,FALSE,FALSE,Neither actor dominant
1,2008,194900,47.130140625,outside,0.436920762062073,0.0091006001457572,0.0091006001457572,TRUE,Depression,outside,FALSE,FALSE,FALSE,TRUE,TRUE,TRUE,FALSE,FALSE,FALSE,Neither actor dominant
1,2009,699,73.2888125,outside,0.359162092208862,0.0243777148425579,0.0243777148425579,TRUE,Depression,outside,FALSE,FALSE,FALSE,TRUE,TRUE,TRUE,FALSE,FALSE,FALSE,Neither actor dominant
1,2009,1192,73.9002734375,outside,0.325240701436996,0.0106035200878978,0.00914121139794588,TRUE,Depression,outside,FALSE,FALSE,FALSE,TRUE,TRUE,TRUE,FALSE,FALSE,FALSE,Neither actor dominant
1,2009,2519,71.84184375,outside,0.311284095048904,0,0,TRUE,Depression,outside,FALSE,FALSE,FALSE,TRUE,FALSE,FALSE,FALSE,FALSE,FALSE,Neither actor dominant
1,2009,3378,70.17834375,outside,0.338275581598282,0,0,TRUE,Depression,outside,FALSE,FALSE,FALSE,TRUE,FALSE,FALSE,FALSE,FALSE,FALSE,Neither actor dominant
1,2009,3382,70.3491328125,outside,0.278456389904022,0,0,TRUE,Depression,outside,FALSE,FALSE,FALSE,TRUE,FALSE,FALSE,FALSE,FALSE,FALSE,Neither actor dominant
1,2009,3384,70.45565625,outside,0.370721966028214,0,0,TRUE,Depression,outside,FALSE,FALSE,FALSE,TRUE,FALSE,FALSE,FALSE,FALSE,FALSE,Neither actor dominant
1,2009,3428,71.3529921875,outside,0.406402915716171,0.0741639584302902,0.0589294172823429,TRUE,Depression,outside,FALSE,FALSE,FALSE,TRUE,TRUE,TRUE,FALSE,FALSE,FALSE,Neither actor dominant
1,2009,4203,74.654203125,outside,0.366653084754944,0,0,TRUE,Depression,outside,FALSE,FALSE,FALSE,TRUE,FALSE,FALSE,FALSE,FALSE,FALSE,Neither actor dominant
1,2009,5130,69.050703125,outside,0.356048136949539,0,0,TRUE,Depression,outside,FALSE,FALSE,FALSE,TRUE,FALSE,FALSE,FALSE,FALSE,FALSE,Neither actor dominant
1,2009,5660,69.1393515625,outside,0.377929508686066,0,0,TRUE,Depression,outside,FALSE,FALSE,FALSE,TRUE,FALSE,FALSE,FALSE,FALSE,FALSE,Neither actor dominant
1,2009,6565,67.3646796875,outside,0.441585421562195,0.0139302667230368,0.0139302667230368,TRUE,Depression,outside,FALSE,FALSE,FALSE,TRUE,TRUE,TRUE,FALSE,FALSE,FALSE,Neither actor dominant
1,2009,7266,89.84709375,outside,0.405180811882019,0.00609513511881232,0,TRUE,Depression,outside,FALSE,FALSE,FALSE,TRUE,TRUE,FALSE,FALSE,FALSE,FALSE,Neither actor dominant
1,2009,7445,66.99440625,outside,0.335152894258499,0.0172259602695704,0.011674533598125,TRUE,Depression,outside,FALSE,FALSE,FALSE,TRUE,TRUE,TRUE,FALSE,FALSE,FALSE,Neither actor dominant
1,2009,9196,64.06637109375,outside,0.446420311927795,0,0,TRUE,Depression,outside,FALSE,FALSE,FALSE,TRUE,FALSE,FALSE,FALSE,FALSE,FALSE,Neither actor dominant
1,2009,9247,64.38167578125,outside,0.482717335224152,0.00625491142272949,0.00625491142272949,TRUE,Depression,outside,FALSE,FALSE,FALSE,TRUE,TRUE,TRUE,FALSE,FALSE,FALSE,Neither actor dominant
1,2009,9643,63.570828125,outside,0.718342900276184,0,0,TRUE,Depression,outside,FALSE,FALSE,FALSE,TRUE,FALSE,FALSE,FALSE,FALSE,FALSE,Neither actor dominant
1,2009,9694,63.88466015625,outside,0.385232031345367,0,0,TRUE,Depression,outside,FALSE,FALSE,FALSE,TRUE,FALSE,FALSE,FALSE,FALSE,FALSE,Neither actor dominant
1,2009,10090,63.0753515625,outside,0.475802004337311,0.00609304616227746,0.00609304616227746,TRUE,Depression,outside,FALSE,FALSE,FALSE,TRUE,TRUE,TRUE,FALSE,FALSE,FALSE,Neither actor dominant
1,2009,10091,63.14467578125,outside,0.687655866146088,0.0134414499625564,0.0121860802173615,TRUE,Depression,outside,FALSE,FALSE,FALSE,TRUE,TRUE,TRUE,FALSE,FALSE,FALSE,Neither actor dominant
1,2009,10092,63.1981015625,outside,0.371449410915375,0,0,TRUE,Depression,outside,FALSE,FALSE,FALSE,TRUE,FALSE,FALSE,FALSE,FALSE,FALSE,Neither actor dominant
1,2009,10539,62.6996796875,outside,0.350289136171341,0.00304648443125188,0,TRUE,Depression,outside,FALSE,FALSE,FALSE,TRUE,TRUE,FALSE,FALSE,FALSE,FALSE,Neither actor dominant
1,2009,10540,62.6617890625,outside,0.315703958272934,0,0,TRUE,Depression,outside,FALSE,FALSE,FALSE,TRUE,FALSE,FALSE,FALSE,FALSE,FALSE,Neither actor dominant
1,2009,10580,63.4606171875,outside,0.570900022983551,0.00195331289432943,0.00195331289432943,TRUE,Depression,outside,FALSE,FALSE,FALSE,TRUE,TRUE,TRUE,FALSE,FALSE,FALSE,Neither actor dominant
1,2009,11920,62.07455078125,outside,0.432590991258621,0.0215137246996164,0.0121851768344641,TRUE,Depression,outside,FALSE,FALSE,FALSE,TRUE,TRUE,TRUE,FALSE,FALSE,FALSE,Neither actor dominant
1,2009,12365,61.777828125,outside,0.349596232175827,0.00609252974390984,0.00304626487195492,TRUE,Depression,outside,FALSE,FALSE,FALSE,TRUE,TRUE,TRUE,FALSE,FALSE,FALSE,Neither actor dominant
1,2009,12366,61.6786015625,outside,0.341656506061554,0.0121850529685617,0.00304626324214041,TRUE,Depression,outside,FALSE,FALSE,FALSE,TRUE,TRUE,TRUE,FALSE,FALSE,FALSE,Neither actor dominant
1,2009,12370,61.32087890625,outside,0.289924412965775,0.000717060291208327,0,TRUE,Depression,outside,FALSE,FALSE,FALSE,TRUE,TRUE,FALSE,FALSE,FALSE,FALSE,Neither actor dominant
1,2009,12371,61.24132421875,outside,0.374414086341858,0,0,TRUE,Depression,outside,FALSE,FALSE,FALSE,TRUE,FALSE,FALSE,FALSE,FALSE,FALSE,Neither actor dominant
1,2009,12380,60.70626171875,outside,0.426483958959579,0,0,TRUE,Depression,outside,FALSE,FALSE,FALSE,TRUE,FALSE,FALSE,FALSE,FALSE,FALSE,Neither actor dominant
1,2009,12798,60.29925390625,outside,0.362994283437729,0.0291462298482657,0.0121850343421102,TRUE,Depression,outside,FALSE,FALSE,FALSE,TRUE,TRUE,TRUE,FALSE,FALSE,FALSE,Neither actor dominant
1,2009,12830,60.10199609375,outside,0.324760913848877,0,0,TRUE,Depression,outside,FALSE,FALSE,FALSE,TRUE,FALSE,FALSE,FALSE,FALSE,FALSE,Neither actor dominant
1,2009,13262,60.508265625,outside,0.338400691747665,0,0,TRUE,Depression,outside,FALSE,FALSE,FALSE,TRUE,FALSE,FALSE,FALSE,FALSE,FALSE,Neither actor dominant
1,2009,13780,57.8662265625,outside,0.297460734844208,0,0,TRUE,Depression,outside,FALSE,FALSE,FALSE,TRUE,FALSE,FALSE,FALSE,FALSE,FALSE,Neither actor dominant
1,2009,14159,59.26634765625,outside,0.332781970500946,0.0184087604284287,0,TRUE,Depression,outside,FALSE,FALSE,FALSE,TRUE,TRUE,FALSE,FALSE,FALSE,FALSE,Neither actor dominant
1,2009,14610,58.48290234375,outside,0.398110866546631,0.0030460876878351,0,TRUE,Depression,outside,FALSE,FALSE,FALSE,TRUE,TRUE,FALSE,FALSE,FALSE,FALSE,Neither actor dominant
1,2009,16771,55.0567890625,outside,0.340163826942444,0.0182767286896706,0.0152306081727147,TRUE,Depression,outside,FALSE,FALSE,FALSE,TRUE,TRUE,TRUE,FALSE,FALSE,FALSE,Neither actor dominant
1,2009,17608,62.26555859375,outside,0.251999884843826,0,0,TRUE,Depression,outside,FALSE,FALSE,FALSE,TRUE,FALSE,FALSE,FALSE,FALSE,FALSE,Neither actor dominant
1,2009,18136,54.17102734375,outside,0.564865112304688,0.00298681226558983,0.00298681226558983,TRUE,Depression,outside,FALSE,FALSE,FALSE,TRUE,TRUE,TRUE,FALSE,FALSE,FALSE,Neither actor dominant
1,2009,19032,53.235328125,outside,0.32051482796669,0,0,TRUE,Depression,outside,FALSE,FALSE,FALSE,TRUE,FALSE,FALSE,FALSE,FALSE,FALSE,Neither actor dominant
1,2009,19407,57.91588671875,outside,0.277506589889526,0,0,TRUE,Depression,outside,FALSE,FALSE,FALSE,TRUE,FALSE,FALSE,FALSE,FALSE,FALSE,Neither actor dominant
1,2009,19770,84.9028828125,outside,0.310462445020676,0,0,TRUE,Depression,outside,FALSE,FALSE,FALSE,TRUE,FALSE,FALSE,FALSE,FALSE,FALSE,Neither actor dominant
1,2009,20363,51.19814453125,outside,0.32373258471489,0.00304579781368375,0.00304579781368375,TRUE,Depression,outside,FALSE,FALSE,FALSE,TRUE,TRUE,TRUE,FALSE,FALSE,FALSE,Neither actor dominant
1,2009,21274,50.5222734375,outside,0.268662631511688,0.0227414723485708,0.00725732324644923,TRUE,Depression,outside,FALSE,FALSE,FALSE,TRUE,TRUE,TRUE,FALSE,FALSE,FALSE,Neither actor dominant
1,2009,21670,50.8183046875,outside,0.258198589086533,0.00913752242922783,0.00913752242922783,TRUE,Depression,outside,FALSE,FALSE,FALSE,TRUE,TRUE,TRUE,FALSE,FALSE,FALSE,Neither actor dominant
1,2009,22615,49.022953125,outside,0.302138775587082,0,0,TRUE,Depression,outside,FALSE,FALSE,FALSE,TRUE,FALSE,FALSE,FALSE,FALSE,FALSE,Neither actor dominant
1,2009,22617,49.00255078125,outside,0.313077837228775,0.00609114719554782,0.00304557359777391,TRUE,Depression,outside,FALSE,FALSE,FALSE,TRUE,TRUE,TRUE,FALSE,FALSE,FALSE,Neither actor dominant
1,2009,24976,48.1040546875,outside,0.265460044145584,0.0122581655159593,0.00304537150077522,TRUE,Depression,outside,FALSE,FALSE,FALSE,TRUE,TRUE,TRUE,FALSE,FALSE,FALSE,Neither actor dominant
1,2009,25423,47.63664453125,outside,0.278398513793945,0.0377092659473419,0.00609067687764764,TRUE,Depression,outside,FALSE,FALSE,FALSE,TRUE,TRUE,TRUE,FALSE,FALSE,FALSE,Neither actor dominant
1,2009,25679,48.65439453125,outside,0.307427883148193,0,0,TRUE,Depression,outside,FALSE,FALSE,FALSE,TRUE,FALSE,FALSE,FALSE,FALSE,FALSE,Neither actor dominant
1,2009,27020,47.2705,outside,0.392704844474793,0,0,TRUE,Depression,outside,FALSE,FALSE,FALSE,TRUE,FALSE,FALSE,FALSE,FALSE,FALSE,Neither actor dominant
1,2009,27021,47.07706640625,outside,0.649096965789795,0,0,TRUE,Depression,outside,FALSE,FALSE,FALSE,TRUE,FALSE,FALSE,FALSE,FALSE,FALSE,Neither actor dominant
1,2009,27056,43.502875,outside,0.441068112850189,0,0,TRUE,Depression,outside,FALSE,FALSE,FALSE,TRUE,FALSE,FALSE,FALSE,FALSE,FALSE,Neither actor dominant
1,2009,27057,43.5,outside,0.261541396379471,0,0,TRUE,Depression,outside,FALSE,FALSE,FALSE,TRUE,FALSE,FALSE,FALSE,FALSE,FALSE,Neither actor dominant
1,2009,27467,46.8107890625,outside,0.361620873212814,0,0,TRUE,Depression,outside,FALSE,FALSE,FALSE,TRUE,FALSE,FALSE,FALSE,FALSE,FALSE,Neither actor dominant
1,2009,27468,46.61544921875,outside,0.413003593683243,0,0,TRUE,Depression,outside,FALSE,FALSE,FALSE,TRUE,FALSE,FALSE,FALSE,FALSE,FALSE,Neither actor dominant
1,2009,27469,46.424671875,outside,0.282265722751617,0,0,TRUE,Depression,outside,FALSE,FALSE,FALSE,TRUE,FALSE,FALSE,FALSE,FALSE,FALSE,Neither actor dominant
1,2009,27651,44.11632421875,outside,0.496321022510529,0.00609031692147255,0.00609031692147255,TRUE,Depression,outside,FALSE,FALSE,FALSE,TRUE,TRUE,TRUE,FALSE,FALSE,FALSE,Neither actor dominant
1,2009,31406,71.7112265625,outside,0.39340004324913,0,0,TRUE,Depression,outside,FALSE,FALSE,FALSE,TRUE,FALSE,FALSE,FALSE,FALSE,FALSE,Neither actor dominant
1,2009,31927,44.6794140625,outside,0.480158805847168,0.0121808229014277,0.0121808229014277,TRUE,Depression,outside,FALSE,FALSE,FALSE,TRUE,TRUE,TRUE,FALSE,FALSE,FALSE,Neither actor dominant
1,2009,32373,44.52246484375,outside,0.690406203269959,0.021316247060895,0.021316247060895,TRUE,Depression,outside,FALSE,FALSE,FALSE,TRUE,TRUE,TRUE,FALSE,FALSE,FALSE,Neither actor dominant
1,2009,32374,44.25494140625,outside,0.882509350776672,0.0182710345834494,0.0182710345834494,TRUE,Depression,outside,FALSE,FALSE,FALSE,TRUE,TRUE,TRUE,FALSE,FALSE,FALSE,Neither actor dominant
1,2009,32375,43.9914765625,outside,0.304475992918015,0,0,TRUE,Depression,outside,FALSE,FALSE,FALSE,TRUE,FALSE,FALSE,FALSE,FALSE,FALSE,Neither actor dominant
1,2009,32997,36.28016015625,outside,0.32367604970932,0,0,TRUE,Depression,outside,FALSE,FALSE,FALSE,TRUE,FALSE,FALSE,FALSE,FALSE,FALSE,Neither actor dominant
1,2009,33226,57.5543203125,outside,0.277124851942062,0,0,TRUE,Depression,outside,FALSE,FALSE,FALSE,TRUE,FALSE,FALSE,FALSE,FALSE,FALSE,Neither actor dominant
1,2009,34624,38.48376171875,outside,0.38924452662468,0.00304492260329425,0,TRUE,Depression,outside,FALSE,FALSE,FALSE,TRUE,TRUE,FALSE,FALSE,FALSE,FALSE,Neither actor dominant
1,2009,34763,34.44198046875,outside,0.282486647367477,0,0,TRUE,Depression,outside,FALSE,FALSE,FALSE,TRUE,FALSE,FALSE,FALSE,FALSE,FALSE,Neither actor dominant
1,2009,35205,34.44198046875,outside,0.282655268907547,0.00304454658180475,0.00304454658180475,TRUE,Depression,outside,FALSE,FALSE,FALSE,TRUE,TRUE,TRUE,FALSE,FALSE,FALSE,Neither actor dominant
1,2009,37276,44.55333984375,outside,0.392163068056107,0,0,TRUE,Depression,outside,FALSE,FALSE,FALSE,TRUE,FALSE,FALSE,FALSE,FALSE,FALSE,Neither actor dominant
1,2009,39524,38.34709765625,outside,0.391432166099548,0.00608929432928562,0.00608929432928562,TRUE,Depression,outside,FALSE,FALSE,FALSE,TRUE,TRUE,TRUE,FALSE,FALSE,FALSE,Neither actor dominant
1,2009,39957,42.81646875,outside,0.308001428842545,0.00304469978436828,0.00304469978436828,TRUE,Depression,outside,FALSE,FALSE,FALSE,TRUE,TRUE,TRUE,FALSE,FALSE,FALSE,Neither actor dominant
1,2009,40589,27.51817578125,outside,0.275564312934876,0.00913245882838964,0.00913245882838964,TRUE,Depression,outside,FALSE,FALSE,FALSE,TRUE,TRUE,TRUE,FALSE,FALSE,FALSE,Neither actor dominant
1,2009,41299,41.43971484375,outside,0.352468580007553,0,0,TRUE,Depression,outside,FALSE,FALSE,FALSE,TRUE,FALSE,FALSE,FALSE,FALSE,FALSE,Neither actor dominant
1,2009,41462,27.82983984375,outside,0.357564866542816,0.00864953547716141,0.00608815066516399,TRUE,Depression,outside,FALSE,FALSE,FALSE,TRUE,TRUE,TRUE,FALSE,FALSE,FALSE,Neither actor dominant
1,2009,41515,31.484123046875,outside,0.336618900299072,0.0251806508749723,0.022136515006423,TRUE,Depression,outside,FALSE,FALSE,FALSE,TRUE,TRUE,TRUE,FALSE,FALSE,FALSE,Neither actor dominant
1,2009,41749,39.990625,outside,0.357638090848923,0.0030445393640548,0.0030445393640548,TRUE,Depression,outside,FALSE,FALSE,FALSE,TRUE,TRUE,TRUE,FALSE,FALSE,FALSE,Neither actor dominant
1,2009,41971,32.5,outside,0.265671014785767,0.0152206076309085,0.0152206076309085,TRUE,Depression,outside,FALSE,FALSE,FALSE,TRUE,TRUE,TRUE,FALSE,FALSE,FALSE,Neither actor dominant
1,2009,43087,40.14037890625,outside,0.494201987981796,0,0,TRUE,Depression,outside,FALSE,FALSE,FALSE,TRUE,FALSE,FALSE,FALSE,FALSE,FALSE,Neither actor dominant
1,2009,43088,39.75550390625,outside,0.429215431213379,0.00127195462118834,0.00127195462118834,TRUE,Depression,outside,FALSE,FALSE,FALSE,TRUE,TRUE,TRUE,FALSE,FALSE,FALSE,Neither actor dominant
1,2009,43964,46.4811796875,outside,0.469874769449234,0,0,TRUE,Depression,outside,FALSE,FALSE,FALSE,TRUE,FALSE,FALSE,FALSE,FALSE,FALSE,Neither actor dominant
1,2009,43977,41.10048828125,outside,0.366119712591171,0,0,TRUE,Depression,outside,FALSE,FALSE,FALSE,TRUE,FALSE,FALSE,FALSE,FALSE,FALSE,Neither actor dominant
1,2009,44425,40.40111328125,outside,0.375054240226746,0.00246818992309272,0.00246818992309272,TRUE,Depression,outside,FALSE,FALSE,FALSE,TRUE,TRUE,TRUE,FALSE,FALSE,FALSE,Neither actor dominant
1,2009,44874,39.30012890625,outside,0.32464611530304,0.00913298409432173,0.00913298409432173,TRUE,Depression,outside,FALSE,FALSE,FALSE,TRUE,TRUE,TRUE,FALSE,FALSE,FALSE,Neither actor dominant
1,2009,45775,35.92005078125,outside,0.337082087993622,0.00913264788687229,0,TRUE,Depression,outside,FALSE,FALSE,FALSE,TRUE,TRUE,FALSE,FALSE,FALSE,FALSE,Neither actor dominant
1,2009,46213,39.24601953125,outside,0.454135596752167,0,0,TRUE,Depression,outside,FALSE,FALSE,FALSE,TRUE,FALSE,FALSE,FALSE,FALSE,FALSE,Neither actor dominant
1,2009,46673,33.7379609375,outside,0.370523393154144,0,0,TRUE,Depression,outside,FALSE,FALSE,FALSE,TRUE,FALSE,FALSE,FALSE,FALSE,FALSE,Neither actor dominant
1,2009,47111,37.03039453125,outside,0.32370537519455,0,0,TRUE,Depression,outside,FALSE,FALSE,FALSE,TRUE,FALSE,FALSE,FALSE,FALSE,FALSE,Neither actor dominant
1,2009,47113,36.2111875,outside,0.278257757425308,0,0,TRUE,Depression,outside,FALSE,FALSE,FALSE,TRUE,FALSE,FALSE,FALSE,FALSE,FALSE,Neither actor dominant
1,2009,49734,62.64183984375,outside,0.525167047977448,0,0,TRUE,Depression,outside,FALSE,FALSE,FALSE,TRUE,FALSE,FALSE,FALSE,FALSE,FALSE,Neither actor dominant
1,2009,49945,18.7416640625,outside,0.406341463327408,0,0,TRUE,Depression,outside,FALSE,FALSE,TRUE,TRUE,FALSE,FALSE,FALSE,FALSE,FALSE,Neither actor dominant
1,2009,50182,62.02015625,outside,0.315008670091629,0,0,TRUE,Depression,outside,FALSE,FALSE,FALSE,TRUE,FALSE,FALSE,FALSE,FALSE,FALSE,Neither actor dominant
1,2009,50183,61.54063671875,outside,0.365529447793961,0,0,TRUE,Depression,outside,FALSE,FALSE,FALSE,TRUE,FALSE,FALSE,FALSE,FALSE,FALSE,Neither actor dominant
1,2009,50223,42.74634375,outside,0.26048156619072,0,0,TRUE,Depression,outside,FALSE,FALSE,FALSE,TRUE,FALSE,FALSE,FALSE,FALSE,FALSE,Neither actor dominant
1,2009,50224,42.29066015625,outside,0.580352544784546,0,0,TRUE,Depression,outside,FALSE,FALSE,FALSE,TRUE,FALSE,FALSE,FALSE,FALSE,FALSE,Neither actor dominant
1,2009,51732,16.688318359375,outside,0.485555738210678,0,0,TRUE,Depression,outside,FALSE,FALSE,TRUE,TRUE,FALSE,FALSE,FALSE,FALSE,FALSE,Neither actor dominant
1,2009,55100,60.108234375,outside,0.334526985883713,0,0,TRUE,Depression,outside,FALSE,FALSE,FALSE,TRUE,FALSE,FALSE,FALSE,FALSE,FALSE,Neither actor dominant
1,2009,55552,57.6584765625,outside,0.260728180408478,0,0,TRUE,Depression,outside,FALSE,FALSE,FALSE,TRUE,FALSE,FALSE,FALSE,FALSE,FALSE,Neither actor dominant
1,2009,56007,53.64000390625,outside,0.382273942232132,0,0,TRUE,Depression,outside,FALSE,FALSE,FALSE,TRUE,FALSE,FALSE,FALSE,FALSE,FALSE,Neither actor dominant
1,2009,56045,35.25975,outside,0.356937855482101,0,0,TRUE,Depression,outside,FALSE,FALSE,FALSE,TRUE,FALSE,FALSE,FALSE,FALSE,FALSE,Neither actor dominant
1,2009,56901,53.44389453125,outside,0.422109037637711,0,0,TRUE,Depression,outside,FALSE,FALSE,FALSE,TRUE,FALSE,FALSE,FALSE,FALSE,FALSE,Neither actor dominant
1,2009,57081,11.4236591796875,outside,0.256102114915848,0.00268212286755443,0.00268212286755443,TRUE,Depression,outside,FALSE,FALSE,TRUE,TRUE,TRUE,TRUE,FALSE,FALSE,FALSE,Neither actor dominant
1,2009,57095,10.688779296875,outside,0.305438905954361,0.0121715348213911,0.00912865065038204,TRUE,Depression,outside,FALSE,FALSE,TRUE,TRUE,TRUE,TRUE,FALSE,FALSE,FALSE,Neither actor dominant
1,2009,58404,14.300349609375,outside,0.469732612371445,0.00045522564323619,0.00045522564323619,TRUE,Depression,outside,FALSE,FALSE,TRUE,TRUE,TRUE,TRUE,FALSE,FALSE,FALSE,Neither actor dominant
1,2009,59131,54.10406640625,outside,0.503620386123657,0,0,TRUE,Depression,outside,FALSE,FALSE,FALSE,TRUE,FALSE,FALSE,FALSE,FALSE,FALSE,Neither actor dominant
1,2009,59740,11.6619033203125,outside,0.309159964323044,0,0,TRUE,Depression,outside,FALSE,FALSE,TRUE,TRUE,FALSE,FALSE,FALSE,FALSE,FALSE,Neither actor dominant
1,2009,60191,12.4197421875,outside,0.433190435171127,0.00242932653054595,0,TRUE,Depression,outside,FALSE,FALSE,TRUE,TRUE,TRUE,FALSE,FALSE,FALSE,FALSE,Neither actor dominant
1,2009,60927,49.85228125,outside,0.25817209482193,0,0,TRUE,Depression,outside,FALSE,FALSE,FALSE,TRUE,FALSE,FALSE,FALSE,FALSE,FALSE,Neither actor dominant
1,2009,61527,9.708244140625,outside,0.411465466022491,0,0,TRUE,Depression,outside,FALSE,TRUE,TRUE,TRUE,FALSE,FALSE,FALSE,FALSE,FALSE,Neither actor dominant
1,2009,62704,52.55948828125,outside,0.294989168643951,0,0,TRUE,Depression,outside,FALSE,FALSE,FALSE,TRUE,FALSE,FALSE,FALSE,FALSE,FALSE,Neither actor dominant
1,2009,62861,6.3639609375,outside,0.454262107610703,0,0,TRUE,Depression,outside,FALSE,TRUE,TRUE,TRUE,FALSE,FALSE,FALSE,FALSE,FALSE,Neither actor dominant
1,2009,62862,6.72681201171875,outside,0.381406754255295,0,0,TRUE,Depression,outside,FALSE,TRUE,TRUE,TRUE,FALSE,FALSE,FALSE,FALSE,FALSE,Neither actor dominant
1,2009,64085,36.55475390625,outside,0.257851630449295,0,0,TRUE,Depression,outside,FALSE,FALSE,FALSE,TRUE,FALSE,FALSE,FALSE,FALSE,FALSE,Neither actor dominant
1,2009,64490,52.10086328125,outside,0.287694752216339,0.00608641467988491,0,TRUE,Depression,outside,FALSE,FALSE,FALSE,TRUE,TRUE,FALSE,FALSE,FALSE,FALSE,Neither actor dominant
1,2009,64937,51.80009765625,outside,0.370151966810226,0,0,TRUE,Depression,outside,FALSE,FALSE,FALSE,TRUE,FALSE,FALSE,FALSE,FALSE,FALSE,Neither actor dominant
1,2009,65384,51.50242578125,outside,0.304896622896194,0.00304313772358,0,TRUE,Depression,outside,FALSE,FALSE,FALSE,TRUE,TRUE,FALSE,FALSE,FALSE,FALSE,Neither actor dominant
1,2009,65835,49.60090625,outside,0.399165779352188,0.00338452565483749,0.00338452565483749,TRUE,Depression,outside,FALSE,FALSE,FALSE,TRUE,TRUE,TRUE,FALSE,FALSE,FALSE,Neither actor dominant
1,2009,65836,49.20366015625,outside,0.448905050754547,0,0,TRUE,Depression,outside,FALSE,FALSE,FALSE,TRUE,FALSE,FALSE,FALSE,FALSE,FALSE,Neither actor dominant
1,2009,68242,5,outside,0.376081675291061,0.0151411229744554,0.0151411229744554,TRUE,Depression,outside,TRUE,TRUE,TRUE,TRUE,TRUE,TRUE,FALSE,FALSE,FALSE,Neither actor dominant
1,2009,74318,48.9948984375,outside,0.253759205341339,0,0,TRUE,Depression,outside,FALSE,FALSE,FALSE,TRUE,FALSE,FALSE,FALSE,FALSE,FALSE,Neither actor dominant
1,2009,78681,99.2181953125,outside,0.290266454219818,0,0,TRUE,Depression,outside,FALSE,FALSE,FALSE,TRUE,FALSE,FALSE,FALSE,FALSE,FALSE,Neither actor dominant
1,2009,81155,-4.242640625,inside,0.363388895988464,0.0030411509796977,0.0030411509796977,TRUE,Depression,inside,TRUE,TRUE,TRUE,TRUE,TRUE,TRUE,FALSE,FALSE,FALSE,Neither actor dominant
1,2009,81444,58.84301171875,outside,0.409306883811951,0.0121686747297645,0.0091265058144927,TRUE,Depression,outside,FALSE,FALSE,FALSE,TRUE,TRUE,TRUE,FALSE,FALSE,FALSE,Neither actor dominant
1,2009,81598,-2.5,inside,0.809991180896759,0,0,TRUE,Depression,inside,TRUE,TRUE,TRUE,TRUE,FALSE,FALSE,FALSE,FALSE,FALSE,Neither actor dominant
1,2009,82044,-2,inside,0.517227709293366,0,0,TRUE,Depression,inside,TRUE,TRUE,TRUE,TRUE,FALSE,FALSE,FALSE,FALSE,FALSE,Neither actor dominant
1,2009,82045,-2.5,inside,0.620591223239899,0,0,TRUE,Depression,inside,TRUE,TRUE,TRUE,TRUE,FALSE,FALSE,FALSE,FALSE,FALSE,Neither actor dominant
1,2009,82047,-3.5,inside,0.300375461578369,0,0,TRUE,Depression,inside,TRUE,TRUE,TRUE,TRUE,FALSE,FALSE,FALSE,FALSE,FALSE,Neither actor dominant
1,2009,82766,67.896984375,outside,0.315919101238251,0,0,TRUE,Depression,outside,FALSE,FALSE,FALSE,TRUE,FALSE,FALSE,FALSE,FALSE,FALSE,Neither actor dominant
1,2009,82935,-0.5,inside,0.50954395532608,0,0,TRUE,Depression,inside,TRUE,TRUE,TRUE,TRUE,FALSE,FALSE,FALSE,FALSE,FALSE,Neither actor dominant
1,2009,83218,65.3490625,outside,0.291459172964096,0,0,TRUE,Depression,outside,FALSE,FALSE,FALSE,TRUE,FALSE,FALSE,FALSE,FALSE,FALSE,Neither actor dominant
1,2009,83832,-2,inside,0.671510100364685,0,0,TRUE,Depression,inside,TRUE,TRUE,TRUE,TRUE,FALSE,FALSE,FALSE,FALSE,FALSE,Neither actor dominant
1,2009,84273,1.41421362304688,outside,0.475874811410904,0,0,TRUE,Depression,outside,TRUE,TRUE,TRUE,TRUE,FALSE,FALSE,FALSE,FALSE,FALSE,Neither actor dominant
1,2009,84278,-1.5,inside,0.654423415660858,0.00304092420265079,0.00304092420265079,TRUE,Depression,inside,TRUE,TRUE,TRUE,TRUE,TRUE,TRUE,FALSE,FALSE,FALSE,Neither actor dominant
1,2009,84721,0.707106811523437,outside,0.335638791322708,0,0,TRUE,Depression,outside,TRUE,TRUE,TRUE,TRUE,FALSE,FALSE,FALSE,FALSE,FALSE,Neither actor dominant
1,2009,85165,2,outside,0.74470466375351,0,0,TRUE,Depression,outside,TRUE,TRUE,TRUE,TRUE,FALSE,FALSE,FALSE,FALSE,FALSE,Neither actor dominant
1,2009,85167,1,outside,0.57033908367157,0,0,TRUE,Depression,outside,TRUE,TRUE,TRUE,TRUE,FALSE,FALSE,FALSE,FALSE,FALSE,Neither actor dominant
1,2009,86056,1.58113879394531,outside,0.401785403490067,0,0,TRUE,Depression,outside,TRUE,TRUE,TRUE,TRUE,FALSE,FALSE,FALSE,FALSE,FALSE,Neither actor dominant
1,2009,86951,1.11803393554687,outside,0.475237250328064,0,0,TRUE,Depression,outside,TRUE,TRUE,TRUE,TRUE,FALSE,FALSE,FALSE,FALSE,FALSE,Neither actor dominant
1,2009,86952,1.11803393554687,outside,0.450622200965881,0,0,TRUE,Depression,outside,TRUE,TRUE,TRUE,TRUE,FALSE,FALSE,FALSE,FALSE,FALSE,Neither actor dominant
1,2009,87395,-0.5,inside,0.519627928733826,0,0,TRUE,Depression,inside,TRUE,TRUE,TRUE,TRUE,FALSE,FALSE,FALSE,FALSE,FALSE,Neither actor dominant
1,2009,87841,-1.11803393554687,inside,0.364398539066315,0,0,TRUE,Depression,inside,TRUE,TRUE,TRUE,TRUE,FALSE,FALSE,FALSE,FALSE,FALSE,Neither actor dominant
1,2009,88598,56.678921875,outside,0.40014511346817,0.0060831606388092,0.0060831606388092,TRUE,Depression,outside,FALSE,FALSE,FALSE,TRUE,TRUE,TRUE,FALSE,FALSE,FALSE,Neither actor dominant
1,2009,89930,61.0737265625,outside,0.288113862276077,0,0,TRUE,Depression,outside,FALSE,FALSE,FALSE,TRUE,FALSE,FALSE,FALSE,FALSE,FALSE,Neither actor dominant
1,2009,90529,-3.04138134765625,inside,0.367813527584076,0,0,TRUE,Depression,inside,TRUE,TRUE,TRUE,TRUE,FALSE,FALSE,FALSE,FALSE,FALSE,Neither actor dominant
1,2009,90825,60.533046875,outside,0.322179138660431,0,0,TRUE,Depression,outside,FALSE,FALSE,FALSE,TRUE,FALSE,FALSE,FALSE,FALSE,FALSE,Neither actor dominant
1,2009,91709,65.43126171875,outside,0.412847876548767,0,0,TRUE,Depression,outside,FALSE,FALSE,FALSE,TRUE,FALSE,FALSE,FALSE,FALSE,FALSE,Neither actor dominant
1,2009,92614,59.85398828125,outside,0.261271357536316,0,0,TRUE,Depression,outside,FALSE,FALSE,FALSE,TRUE,FALSE,FALSE,FALSE,FALSE,FALSE,Neither actor dominant
1,2009,93020,77.939078125,outside,0.374970078468323,0,0,TRUE,Depression,outside,FALSE,FALSE,FALSE,TRUE,FALSE,FALSE,FALSE,FALSE,FALSE,Neither actor dominant
1,2009,97075,63.0753515625,outside,0.414321660995483,0,0,TRUE,Depression,outside,FALSE,FALSE,FALSE,TRUE,FALSE,FALSE,FALSE,FALSE,FALSE,Neither actor dominant
1,2009,97471,81.094078125,outside,0.314030915498734,0,0,TRUE,Depression,outside,FALSE,FALSE,FALSE,TRUE,FALSE,FALSE,FALSE,FALSE,FALSE,Neither actor dominant
1,2009,97970,62.04232421875,outside,0.261989861726761,0,0,TRUE,Depression,outside,FALSE,FALSE,FALSE,TRUE,FALSE,FALSE,FALSE,FALSE,FALSE,Neither actor dominant
1,2009,100629,68.280671875,outside,0.528947830200195,0.00304100918583572,0.00304100918583572,TRUE,Depression,outside,FALSE,FALSE,FALSE,TRUE,TRUE,TRUE,FALSE,FALSE,FALSE,Neither actor dominant
1,2009,101219,4.6097724609375,outside,0.585025548934937,0,0,TRUE,Depression,outside,TRUE,TRUE,TRUE,TRUE,FALSE,FALSE,FALSE,FALSE,FALSE,Neither actor dominant
1,2009,101667,4.4721357421875,outside,0.486181497573853,0,0,TRUE,Depression,outside,TRUE,TRUE,TRUE,TRUE,FALSE,FALSE,FALSE,FALSE,FALSE,Neither actor dominant
1,2009,102388,77.5403125,outside,0.549246191978455,0,0,TRUE,Depression,outside,FALSE,FALSE,FALSE,TRUE,FALSE,FALSE,FALSE,FALSE,FALSE,Neither actor dominant
1,2009,102409,69.65809375,outside,0.263801157474518,0.0383469760417938,0.00304095586761832,TRUE,Depression,outside,FALSE,FALSE,FALSE,TRUE,TRUE,TRUE,FALSE,FALSE,FALSE,Neither actor dominant
1,2009,102424,64.4437734375,outside,0.390329927206039,0,0,TRUE,Depression,outside,FALSE,FALSE,FALSE,TRUE,FALSE,FALSE,FALSE,FALSE,FALSE,Neither actor dominant
1,2009,102560,5.4083271484375,outside,0.330181002616882,0,0,TRUE,Depression,outside,FALSE,TRUE,TRUE,TRUE,FALSE,FALSE,FALSE,FALSE,FALSE,Neither actor dominant
1,2009,102561,5,outside,0.499154061079025,0.00303965550847352,0.00303965550847352,TRUE,Depression,outside,TRUE,TRUE,TRUE,TRUE,TRUE,TRUE,FALSE,FALSE,FALSE,Neither actor dominant
1,2009,103454,6.02079736328125,outside,0.432428181171417,0,0,TRUE,Depression,outside,FALSE,TRUE,TRUE,TRUE,FALSE,FALSE,FALSE,FALSE,FALSE,Neither actor dominant
1,2009,104682,54.60082421875,outside,0.269504517316818,0,0,TRUE,Depression,outside,FALSE,FALSE,FALSE,TRUE,FALSE,FALSE,FALSE,FALSE,FALSE,Neither actor dominant
1,2009,108236,59.39696875,outside,0.272799134254456,0,0,TRUE,Depression,outside,FALSE,FALSE,FALSE,TRUE,FALSE,FALSE,FALSE,FALSE,FALSE,Neither actor dominant
1,2009,108249,54.9386015625,outside,0.317368388175964,0,0,TRUE,Depression,outside,FALSE,FALSE,FALSE,TRUE,FALSE,FALSE,FALSE,FALSE,FALSE,Neither actor dominant
1,2009,109143,54.18717578125,outside,0.542691230773926,0,0,TRUE,Depression,outside,FALSE,FALSE,FALSE,TRUE,FALSE,FALSE,FALSE,FALSE,FALSE,Neither actor dominant
1,2009,110027,56.9231953125,outside,0.330168277025223,0,0,TRUE,Depression,outside,FALSE,FALSE,FALSE,TRUE,FALSE,FALSE,FALSE,FALSE,FALSE,Neither actor dominant
1,2009,113097,78.9446015625,outside,0.506966471672058,0,0,TRUE,Depression,outside,FALSE,FALSE,FALSE,TRUE,FALSE,FALSE,FALSE,FALSE,FALSE,Neither actor dominant
1,2009,113541,80.051546875,outside,0.281158924102783,0,0,TRUE,Depression,outside,FALSE,FALSE,FALSE,TRUE,FALSE,FALSE,FALSE,FALSE,FALSE,Neither actor dominant
1,2009,113990,78.933515625,outside,0.354438990354538,0,0,TRUE,Depression,outside,FALSE,FALSE,FALSE,TRUE,FALSE,FALSE,FALSE,FALSE,FALSE,Neither actor dominant
1,2009,114045,55.7606484375,outside,0.307475447654724,0,0,TRUE,Depression,outside,FALSE,FALSE,FALSE,TRUE,FALSE,FALSE,FALSE,FALSE,FALSE,Neither actor dominant
1,2009,114437,78.7099140625,outside,0.289208739995956,0,0,TRUE,Depression,outside,FALSE,FALSE,FALSE,TRUE,FALSE,FALSE,FALSE,FALSE,FALSE,Neither actor dominant
1,2009,114439,77.815484375,outside,0.288552492856979,0,0,TRUE,Depression,outside,FALSE,FALSE,FALSE,TRUE,FALSE,FALSE,FALSE,FALSE,FALSE,Neither actor dominant
1,2009,115787,74.015203125,outside,0.437233120203018,0,0,TRUE,Depression,outside,FALSE,FALSE,FALSE,TRUE,FALSE,FALSE,FALSE,FALSE,FALSE,Neither actor dominant
1,2009,115832,54.9044609375,outside,0.254052102565765,0,0,TRUE,Depression,outside,FALSE,FALSE,FALSE,TRUE,FALSE,FALSE,FALSE,FALSE,FALSE,Neither actor dominant
1,2009,116722,55.91511328125,outside,0.306089669466019,0,0,TRUE,Depression,outside,FALSE,FALSE,FALSE,TRUE,FALSE,FALSE,FALSE,FALSE,FALSE,Neither actor dominant
1,2009,116884,-1.80277563476563,inside,0.291572660207748,0,0,TRUE,Depression,inside,TRUE,TRUE,TRUE,TRUE,FALSE,FALSE,FALSE,FALSE,FALSE,Neither actor dominant
1,2009,118943,60.46693359375,outside,0.400763958692551,0,0,TRUE,Depression,outside,FALSE,FALSE,FALSE,TRUE,FALSE,FALSE,FALSE,FALSE,FALSE,Neither actor dominant
1,2009,119390,60.2204296875,outside,0.302682131528854,0,0,TRUE,Depression,outside,FALSE,FALSE,FALSE,TRUE,FALSE,FALSE,FALSE,FALSE,FALSE,Neither actor dominant
1,2009,120906,-3.90512475585938,inside,0.45886641740799,0.000538020569365472,0.000538020569365472,TRUE,Depression,inside,TRUE,TRUE,TRUE,TRUE,TRUE,TRUE,FALSE,FALSE,FALSE,Neither actor dominant
1,2009,127474,39.274671875,outside,0.392861932516098,0,0,TRUE,Depression,outside,FALSE,FALSE,FALSE,TRUE,FALSE,FALSE,FALSE,FALSE,FALSE,Neither actor dominant
1,2009,127909,44.2747109375,outside,0.264534831047058,0.00948662031441927,0.00948662031441927,TRUE,Depression,outside,FALSE,FALSE,FALSE,TRUE,TRUE,TRUE,FALSE,FALSE,FALSE,Neither actor dominant
1,2009,127921,39.0160234375,outside,0.298694252967834,0,0,TRUE,Depression,outside,FALSE,FALSE,FALSE,TRUE,FALSE,FALSE,FALSE,FALSE,FALSE,Neither actor dominant
1,2009,128366,39.62953515625,outside,0.343959808349609,0,0,TRUE,Depression,outside,FALSE,FALSE,FALSE,TRUE,FALSE,FALSE,FALSE,FALSE,FALSE,Neither actor dominant
1,2009,128902,6.10327783203125,outside,0.332641363143921,0,0,TRUE,Depression,outside,FALSE,TRUE,TRUE,TRUE,FALSE,FALSE,FALSE,FALSE,FALSE,Neither actor dominant
1,2009,134074,26.348625,outside,0.270604908466339,0,0,TRUE,Depression,outside,FALSE,FALSE,FALSE,TRUE,FALSE,FALSE,FALSE,FALSE,FALSE,Neither actor dominant
1,2009,138089,28.363708984375,outside,0.429813146591187,0,0,TRUE,Depression,outside,FALSE,FALSE,FALSE,TRUE,FALSE,FALSE,FALSE,FALSE,FALSE,Neither actor dominant
1,2009,138090,28.692333984375,outside,0.325979977846146,0,0,TRUE,Depression,outside,FALSE,FALSE,FALSE,TRUE,FALSE,FALSE,FALSE,FALSE,FALSE,Neither actor dominant
1,2009,138104,32.03513671875,outside,0.389565765857697,0,0,TRUE,Depression,outside,FALSE,FALSE,FALSE,TRUE,FALSE,FALSE,FALSE,FALSE,FALSE,Neither actor dominant
1,2009,138536,28.744564453125,outside,0.389880001544952,0,0,TRUE,Depression,outside,FALSE,FALSE,FALSE,TRUE,FALSE,FALSE,FALSE,FALSE,FALSE,Neither actor dominant
1,2009,139158,7.61577294921875,outside,0.360191941261292,0,0,TRUE,Depression,outside,FALSE,TRUE,TRUE,TRUE,FALSE,FALSE,FALSE,FALSE,FALSE,Neither actor dominant
1,2009,140288,19.144189453125,outside,0.313252985477448,0.00607237964868546,0.00607237964868546,TRUE,Depression,outside,FALSE,FALSE,TRUE,TRUE,TRUE,TRUE,FALSE,FALSE,FALSE,Neither actor dominant
1,2009,140867,42.172265625,outside,0.6567742228508,0,0,TRUE,Depression,outside,FALSE,FALSE,FALSE,TRUE,FALSE,FALSE,FALSE,FALSE,FALSE,Neither actor dominant
1,2009,143185,2.69258251953125,outside,0.395303785800934,0,0,TRUE,Depression,outside,TRUE,TRUE,TRUE,TRUE,FALSE,FALSE,FALSE,FALSE,FALSE,Neither actor dominant
1,2009,148063,19.5,outside,0.42173957824707,0,0,TRUE,Depression,outside,FALSE,FALSE,TRUE,TRUE,FALSE,FALSE,FALSE,FALSE,FALSE,Neither actor dominant
1,2009,150266,35.58791796875,outside,0.313474237918854,0,0,TRUE,Depression,outside,FALSE,FALSE,FALSE,TRUE,FALSE,FALSE,FALSE,FALSE,FALSE,Neither actor dominant
1,2009,150692,46.09772265625,outside,0.280109763145447,0,0,TRUE,Depression,outside,FALSE,FALSE,FALSE,TRUE,FALSE,FALSE,FALSE,FALSE,FALSE,Neither actor dominant
1,2009,154321,20.718349609375,outside,0.606727540493012,0,0,TRUE,Depression,outside,FALSE,FALSE,FALSE,TRUE,FALSE,FALSE,FALSE,FALSE,FALSE,Neither actor dominant
1,2009,162302,44.19558984375,outside,0.413341403007507,0,0,TRUE,Depression,outside,FALSE,FALSE,FALSE,TRUE,FALSE,FALSE,FALSE,FALSE,FALSE,Neither actor dominant
1,2009,162749,43.84632421875,outside,0.349587917327881,0,0,TRUE,Depression,outside,FALSE,FALSE,FALSE,TRUE,FALSE,FALSE,FALSE,FALSE,FALSE,Neither actor dominant
1,2009,164538,42.1099765625,outside,0.602613389492035,0,0,TRUE,Depression,outside,FALSE,FALSE,FALSE,TRUE,FALSE,FALSE,FALSE,FALSE,FALSE,Neither actor dominant
1,2009,164986,41.40350390625,outside,0.373462557792664,0.00607147347182035,0,TRUE,Depression,outside,FALSE,FALSE,FALSE,TRUE,TRUE,FALSE,FALSE,FALSE,FALSE,Neither actor dominant
1,2009,165878,41.48794921875,outside,0.257706433534622,0,0,TRUE,Depression,outside,FALSE,FALSE,FALSE,TRUE,FALSE,FALSE,FALSE,FALSE,FALSE,Neither actor dominant
1,2009,165925,26.6176640625,outside,0.431938111782074,0,0,TRUE,Depression,outside,FALSE,FALSE,FALSE,TRUE,FALSE,FALSE,FALSE,FALSE,FALSE,Neither actor dominant
1,2009,166764,44.00283984375,outside,0.342315107584,0,0,TRUE,Depression,outside,FALSE,FALSE,FALSE,TRUE,FALSE,FALSE,FALSE,FALSE,FALSE,Neither actor dominant
1,2009,166779,38.2099453125,outside,0.349438846111298,0,0,TRUE,Depression,outside,FALSE,FALSE,FALSE,TRUE,FALSE,FALSE,FALSE,FALSE,FALSE,Neither actor dominant
1,2009,166818,25.985572265625,outside,0.557311534881592,0,0,TRUE,Depression,outside,FALSE,FALSE,FALSE,TRUE,FALSE,FALSE,FALSE,FALSE,FALSE,Neither actor dominant
1,2009,166858,12.4197421875,outside,0.360516309738159,0,0,TRUE,Depression,outside,FALSE,FALSE,TRUE,TRUE,FALSE,FALSE,FALSE,FALSE,FALSE,Neither actor dominant
1,2009,167263,26.076810546875,outside,0.316895455121994,0,0,TRUE,Depression,outside,FALSE,FALSE,FALSE,TRUE,FALSE,FALSE,FALSE,FALSE,FALSE,Neither actor dominant
1,2009,167265,25.553865234375,outside,0.438049584627152,0,0,TRUE,Depression,outside,FALSE,FALSE,FALSE,TRUE,FALSE,FALSE,FALSE,FALSE,FALSE,Neither actor dominant
1,2009,167305,12.0415947265625,outside,0.35594454407692,0,0,TRUE,Depression,outside,FALSE,FALSE,TRUE,TRUE,FALSE,FALSE,FALSE,FALSE,FALSE,Neither actor dominant
1,2009,167672,37.91108203125,outside,0.36859992146492,0,0,TRUE,Depression,outside,FALSE,FALSE,FALSE,TRUE,FALSE,FALSE,FALSE,FALSE,FALSE,Neither actor dominant
1,2009,168099,45.63441796875,outside,0.44346034526825,0,0,TRUE,Depression,outside,FALSE,FALSE,FALSE,TRUE,FALSE,FALSE,FALSE,FALSE,FALSE,Neither actor dominant
1,2009,168124,35.724640625,outside,0.54431539773941,0,0,TRUE,Depression,outside,FALSE,FALSE,FALSE,TRUE,FALSE,FALSE,FALSE,FALSE,FALSE,Neither actor dominant
1,2009,168571,35.38361328125,outside,0.394091606140137,0,0,TRUE,Depression,outside,FALSE,FALSE,FALSE,TRUE,FALSE,FALSE,FALSE,FALSE,FALSE,Neither actor dominant
1,2009,169014,36.55475390625,outside,0.317595422267914,0,0,TRUE,Depression,outside,FALSE,FALSE,FALSE,TRUE,FALSE,FALSE,FALSE,FALSE,FALSE,Neither actor dominant
1,2009,169909,35.53167578125,outside,0.290144860744476,0.000792057137005031,0.000792057137005031,TRUE,Depression,outside,FALSE,FALSE,FALSE,TRUE,TRUE,TRUE,FALSE,FALSE,FALSE,Neither actor dominant
1,2009,169914,33.63405859375,outside,0.325489848852158,0,0,TRUE,Depression,outside,FALSE,FALSE,FALSE,TRUE,FALSE,FALSE,FALSE,FALSE,FALSE,Neither actor dominant
1,2009,170350,37.606515625,outside,0.412796199321747,0,0,TRUE,Depression,outside,FALSE,FALSE,FALSE,TRUE,FALSE,FALSE,FALSE,FALSE,FALSE,Neither actor dominant
1,2009,170381,26.537708984375,outside,0.378415018320084,0,0,TRUE,Depression,outside,FALSE,FALSE,FALSE,TRUE,FALSE,FALSE,FALSE,FALSE,FALSE,Neither actor dominant
1,2009,170783,43.2261484375,outside,0.297059774398804,0,0,TRUE,Depression,outside,FALSE,FALSE,FALSE,TRUE,FALSE,FALSE,FALSE,FALSE,FALSE,Neither actor dominant
1,2009,171678,42.29952734375,outside,0.325580388307571,0,0,TRUE,Depression,outside,FALSE,FALSE,FALSE,TRUE,FALSE,FALSE,FALSE,FALSE,FALSE,Neither actor dominant
1,2009,171680,41.4276484375,outside,0.550388514995575,0,0,TRUE,Depression,outside,FALSE,FALSE,FALSE,TRUE,FALSE,FALSE,FALSE,FALSE,FALSE,Neither actor dominant
1,2009,171708,30.07075,outside,0.276203751564026,0,0,TRUE,Depression,outside,FALSE,FALSE,FALSE,TRUE,FALSE,FALSE,FALSE,FALSE,FALSE,Neither actor dominant
1,2009,172587,35.36241015625,outside,0.35352697968483,0.00670435093343258,0.000634249532595277,TRUE,Depression,outside,FALSE,FALSE,FALSE,TRUE,TRUE,TRUE,FALSE,FALSE,FALSE,Neither actor dominant
1,2009,172596,31.705677734375,outside,0.33127024769783,0,0,TRUE,Depression,outside,FALSE,FALSE,FALSE,TRUE,FALSE,FALSE,FALSE,FALSE,FALSE,Neither actor dominant
1,2009,173927,34.9857109375,outside,0.320203602313995,0,0,TRUE,Depression,outside,FALSE,FALSE,FALSE,TRUE,FALSE,FALSE,FALSE,FALSE,FALSE,Neither actor dominant
1,2009,174390,28.111384765625,outside,0.27706915140152,0,0,TRUE,Depression,outside,FALSE,FALSE,FALSE,TRUE,FALSE,FALSE,FALSE,FALSE,FALSE,Neither actor dominant
1,2009,174394,26.575365234375,outside,0.385261327028275,0,0,TRUE,Depression,outside,FALSE,FALSE,FALSE,TRUE,FALSE,FALSE,FALSE,FALSE,FALSE,Neither actor dominant
1,2009,174839,27.01851171875,outside,0.389773190021515,0,0,TRUE,Depression,outside,FALSE,FALSE,FALSE,TRUE,FALSE,FALSE,FALSE,FALSE,FALSE,Neither actor dominant
1,2009,174840,26.631748046875,outside,0.446038126945496,0,0,TRUE,Depression,outside,FALSE,FALSE,FALSE,TRUE,FALSE,FALSE,FALSE,FALSE,FALSE,Neither actor dominant
1,2009,175266,35.11766015625,outside,0.254049271345139,0,0,TRUE,Depression,outside,FALSE,FALSE,FALSE,TRUE,FALSE,FALSE,FALSE,FALSE,FALSE,Neither actor dominant
1,2009,175277,30.372685546875,outside,0.313414186239243,0,0,TRUE,Depression,outside,FALSE,FALSE,FALSE,TRUE,FALSE,FALSE,FALSE,FALSE,FALSE,Neither actor dominant
1,2009,175706,38.02959375,outside,0.359937578439713,0,0,TRUE,Depression,outside,FALSE,FALSE,FALSE,TRUE,FALSE,FALSE,FALSE,FALSE,FALSE,Neither actor dominant
1,2009,175728,28.42973828125,outside,0.330263167619705,0,0,TRUE,Depression,outside,FALSE,FALSE,FALSE,TRUE,FALSE,FALSE,FALSE,FALSE,FALSE,Neither actor dominant
1,2009,176613,31.764759765625,outside,0.290287852287293,0,0,TRUE,Depression,outside,FALSE,FALSE,FALSE,TRUE,FALSE,FALSE,FALSE,FALSE,FALSE,Neither actor dominant
1,2009,176616,30.450779296875,outside,0.303930014371872,0,0,TRUE,Depression,outside,FALSE,FALSE,FALSE,TRUE,FALSE,FALSE,FALSE,FALSE,FALSE,Neither actor dominant
1,2009,177513,28.65309765625,outside,0.428428381681442,0,0,TRUE,Depression,outside,FALSE,FALSE,FALSE,TRUE,FALSE,FALSE,FALSE,FALSE,FALSE,Neither actor dominant
1,2009,177944,35.55629296875,outside,0.510347843170166,0,0,TRUE,Depression,outside,FALSE,FALSE,FALSE,TRUE,FALSE,FALSE,FALSE,FALSE,FALSE,Neither actor dominant
1,2009,177946,34.6590546875,outside,0.302123129367828,0,0,TRUE,Depression,outside,FALSE,FALSE,FALSE,TRUE,FALSE,FALSE,FALSE,FALSE,FALSE,Neither actor dominant
1,2009,177950,32.8823671875,outside,0.398736655712128,0,0,TRUE,Depression,outside,FALSE,FALSE,FALSE,TRUE,FALSE,FALSE,FALSE,FALSE,FALSE,Neither actor dominant
1,2009,177951,32.442255859375,outside,0.300087481737137,0,0,TRUE,Depression,outside,FALSE,FALSE,FALSE,TRUE,FALSE,FALSE,FALSE,FALSE,FALSE,Neither actor dominant
1,2009,178394,33.98896875,outside,0.430352807044983,0,0,TRUE,Depression,outside,FALSE,FALSE,FALSE,TRUE,FALSE,FALSE,FALSE,FALSE,FALSE,Neither actor dominant
1,2009,178850,29.753150390625,outside,0.25144100189209,0,0,TRUE,Depression,outside,FALSE,FALSE,FALSE,TRUE,FALSE,FALSE,FALSE,FALSE,FALSE,Neither actor dominant
1,2009,179296,29.970818359375,outside,0.37739834189415,0,0,TRUE,Depression,outside,FALSE,FALSE,FALSE,TRUE,FALSE,FALSE,FALSE,FALSE,FALSE,Neither actor dominant
1,2009,179749,27.064736328125,outside,0.303824096918106,0,0,TRUE,Depression,outside,FALSE,FALSE,FALSE,TRUE,FALSE,FALSE,FALSE,FALSE,FALSE,Neither actor dominant
1,2009,179773,16.985287109375,outside,0.383723378181458,0,0,TRUE,Depression,outside,FALSE,FALSE,TRUE,TRUE,FALSE,FALSE,FALSE,FALSE,FALSE,Neither actor dominant
1,2009,180639,28.398943359375,outside,0.387820988893509,0,0,TRUE,Depression,outside,FALSE,FALSE,FALSE,TRUE,FALSE,FALSE,FALSE,FALSE,FALSE,Neither actor dominant
1,2009,180640,27.950849609375,outside,0.299555867910385,0,0,TRUE,Depression,outside,FALSE,FALSE,FALSE,TRUE,FALSE,FALSE,FALSE,FALSE,FALSE,Neither actor dominant
1,2009,180645,25.739076171875,outside,0.272482484579086,0,0,TRUE,Depression,outside,FALSE,FALSE,FALSE,TRUE,FALSE,FALSE,FALSE,FALSE,FALSE,Neither actor dominant
1,2009,181507,40.18083984375,outside,0.518621981143951,0,0,TRUE,Depression,outside,FALSE,FALSE,FALSE,TRUE,FALSE,FALSE,FALSE,FALSE,FALSE,Neither actor dominant
1,2009,183767,27.5136328125,outside,0.257139205932617,0,0,TRUE,Depression,outside,FALSE,FALSE,FALSE,TRUE,FALSE,FALSE,FALSE,FALSE,FALSE,Neither actor dominant
1,2009,186014,21.029740234375,outside,0.331989139318466,0,0,TRUE,Depression,outside,FALSE,FALSE,FALSE,TRUE,FALSE,FALSE,FALSE,FALSE,FALSE,Neither actor dominant
1,2009,187316,39.81519921875,outside,0.270304679870605,0,0,TRUE,Depression,outside,FALSE,FALSE,FALSE,TRUE,FALSE,FALSE,FALSE,FALSE,FALSE,Neither actor dominant
1,2009,187326,34.8604375,outside,0.257880568504334,0.00354004860855639,0.00354004860855639,TRUE,Depression,outside,FALSE,FALSE,FALSE,TRUE,TRUE,TRUE,FALSE,FALSE,FALSE,Neither actor dominant
1,2009,190893,39.0128203125,outside,0.251008361577988,0.00303368642926216,0.00303368642926216,TRUE,Depression,outside,FALSE,FALSE,FALSE,TRUE,TRUE,TRUE,FALSE,FALSE,FALSE,Neither actor dominant
1,2009,192299,6.51920263671875,outside,0.451971292495728,0,0,TRUE,Depression,outside,FALSE,TRUE,TRUE,TRUE,FALSE,FALSE,FALSE,FALSE,FALSE,Neither actor dominant
1,2009,194453,47.0956484375,outside,0.314847677946091,0,0,TRUE,Depression,outside,FALSE,FALSE,FALSE,TRUE,FALSE,FALSE,FALSE,FALSE,FALSE,Neither actor dominant
1,2009,194901,46.63153515625,outside,0.334363371133804,0.00412883516401052,0.00303352018818259,TRUE,Depression,outside,FALSE,FALSE,FALSE,TRUE,TRUE,TRUE,FALSE,FALSE,FALSE,Neither actor dominant
1,2009,196264,35.8503828125,outside,0.258681684732437,0,0,TRUE,Depression,outside,FALSE,FALSE,FALSE,TRUE,FALSE,FALSE,FALSE,FALSE,FALSE,Neither actor dominant
1,2009,196700,41.3672578125,outside,0.264985024929047,0.00303321704268456,0.00303321704268456,TRUE,Depression,outside,FALSE,FALSE,FALSE,TRUE,TRUE,TRUE,FALSE,FALSE,FALSE,Neither actor dominant
1,2009,196710,36.41771484375,outside,0.272259116172791,0,0,TRUE,Depression,outside,FALSE,FALSE,FALSE,TRUE,FALSE,FALSE,FALSE,FALSE,FALSE,Neither actor dominant
1,2009,197146,41.9314921875,outside,0.35381019115448,0.00303318980149925,0.00303318980149925,TRUE,Depression,outside,FALSE,FALSE,FALSE,TRUE,TRUE,TRUE,FALSE,FALSE,FALSE,Neither actor dominant
1,2009,197581,47.94267578125,outside,0.260853141546249,0,0,TRUE,Depression,outside,FALSE,FALSE,FALSE,TRUE,FALSE,FALSE,FALSE,FALSE,FALSE,Neither actor dominant
1,2009,226179,93.3621953125,outside,0.289159744977951,0,0,TRUE,Depression,outside,FALSE,FALSE,FALSE,TRUE,FALSE,FALSE,FALSE,FALSE,FALSE,Neither actor dominant
1,2010,458,134.5288125,outside,0.279087960720062,0.00302134756930172,0,TRUE,Depression,outside,FALSE,FALSE,FALSE,TRUE,TRUE,FALSE,FALSE,FALSE,FALSE,Neither actor dominant
1,2010,459,134.10909375,outside,0.354928702116013,0.0127625148743391,0.0121966097503901,TRUE,Depression,outside,FALSE,FALSE,FALSE,TRUE,TRUE,TRUE,FALSE,FALSE,FALSE,Neither actor dominant
1,2010,461,133.27134375,outside,0.257574081420898,0.00609825365245342,0.00304912682622671,TRUE,Depression,outside,FALSE,FALSE,FALSE,TRUE,TRUE,TRUE,FALSE,FALSE,FALSE,Neither actor dominant
1,2010,668,73.437046875,outside,0.425535321235657,0.0030473368242383,0.0030473368242383,TRUE,Depression,outside,FALSE,FALSE,FALSE,TRUE,TRUE,TRUE,FALSE,FALSE,FALSE,Neither actor dominant
1,2010,698,73.2461640625,outside,0.275566518306732,0,0,TRUE,Depression,outside,FALSE,FALSE,FALSE,TRUE,FALSE,FALSE,FALSE,FALSE,FALSE,Neither actor dominant
1,2010,709,73.5611953125,outside,0.488300174474716,0,0,TRUE,Depression,outside,FALSE,FALSE,FALSE,TRUE,FALSE,FALSE,FALSE,FALSE,FALSE,Neither actor dominant
1,2010,744,74.4731484375,outside,0.263067960739136,0.0121884169057012,0.0121884169057012,TRUE,Depression,outside,FALSE,FALSE,FALSE,TRUE,TRUE,TRUE,FALSE,FALSE,FALSE,Neither actor dominant
1,2010,746,74.3185703125,outside,0.409355998039246,0.00383883388713002,0.00383883388713002,TRUE,Depression,outside,FALSE,FALSE,FALSE,TRUE,TRUE,TRUE,FALSE,FALSE,FALSE,Neither actor dominant
1,2010,1121,72.6722109375,outside,0.325721144676209,0.00914183352142572,0.00914183352142572,TRUE,Depression,outside,FALSE,FALSE,FALSE,TRUE,TRUE,TRUE,FALSE,FALSE,FALSE,Neither actor dominant
1,2010,1554,72.9931484375,outside,0.317496567964554,0,0,TRUE,Depression,outside,FALSE,FALSE,FALSE,TRUE,FALSE,FALSE,FALSE,FALSE,FALSE,Neither actor dominant
1,2010,1562,72.443078125,outside,0.287625551223755,0.0304727256298065,0.0304727256298065,TRUE,Depression,outside,FALSE,FALSE,FALSE,TRUE,TRUE,TRUE,FALSE,FALSE,FALSE,Neither actor dominant
1,2010,1566,72.2495703125,outside,0.292597860097885,0.00609450927004218,0.00609450927004218,TRUE,Depression,outside,FALSE,FALSE,FALSE,TRUE,TRUE,TRUE,FALSE,FALSE,FALSE,Neither actor dominant
1,2010,1567,72.209765625,outside,0.348602175712585,0,0,TRUE,Depression,outside,FALSE,FALSE,FALSE,TRUE,FALSE,FALSE,FALSE,FALSE,FALSE,Neither actor dominant
1,2010,1602,72.5844296875,outside,0.483091741800308,0.00328434188850224,0.00328434188850224,TRUE,Depression,outside,FALSE,FALSE,FALSE,TRUE,TRUE,TRUE,FALSE,FALSE,FALSE,Neither actor dominant
1,2010,1603,72.5620390625,outside,0.291257351636887,0,0,TRUE,Depression,outside,FALSE,FALSE,FALSE,TRUE,FALSE,FALSE,FALSE,FALSE,FALSE,Neither actor dominant
1,2010,2012,71.79484375,outside,0.278144031763077,0,0,TRUE,Depression,outside,FALSE,FALSE,FALSE,TRUE,FALSE,FALSE,FALSE,FALSE,FALSE,Neither actor dominant
1,2010,2092,72.5,outside,0.373534291982651,0.0136646153405309,0.0106176165863872,TRUE,Depression,outside,FALSE,FALSE,FALSE,TRUE,TRUE,TRUE,FALSE,FALSE,FALSE,Neither actor dominant
1,2010,2520,71.89228125,outside,0.417097181081772,0.0121879884973168,0.0121879884973168,TRUE,Depression,outside,FALSE,FALSE,FALSE,TRUE,TRUE,TRUE,FALSE,FALSE,FALSE,Neither actor dominant
1,2010,3433,71.0105625,outside,0.281721323728561,0.0414771921932697,0.0166538767516613,TRUE,Depression,outside,FALSE,FALSE,FALSE,TRUE,TRUE,TRUE,FALSE,FALSE,FALSE,Neither actor dominant
1,2010,4323,70.2886875,outside,0.351395010948181,0.0213278960436583,0.0182810537517071,TRUE,Depression,outside,FALSE,FALSE,FALSE,TRUE,TRUE,TRUE,FALSE,FALSE,FALSE,Neither actor dominant
1,2010,4730,69.11584375,outside,0.280768603086472,0.00304689933545887,0,TRUE,Depression,outside,FALSE,FALSE,FALSE,TRUE,TRUE,FALSE,FALSE,FALSE,FALSE,Neither actor dominant
1,2010,5215,69.4586171875,outside,0.328329056501389,0.00609356118366122,0.00304678059183061,TRUE,Depression,outside,FALSE,FALSE,FALSE,TRUE,TRUE,TRUE,FALSE,FALSE,FALSE,Neither actor dominant
1,2010,5580,68.3117890625,outside,0.366433769464493,0,0,TRUE,Depression,outside,FALSE,FALSE,FALSE,TRUE,FALSE,FALSE,FALSE,FALSE,FALSE,Neither actor dominant
1,2010,5665,68.731359375,outside,0.438579946756363,0,0,TRUE,Depression,outside,FALSE,FALSE,FALSE,TRUE,FALSE,FALSE,FALSE,FALSE,FALSE,Neither actor dominant
1,2010,6036,67.2681171875,outside,0.328901886940002,0.00304693239741027,0,TRUE,Depression,outside,FALSE,FALSE,FALSE,TRUE,TRUE,FALSE,FALSE,FALSE,FALSE,Neither actor dominant
1,2010,6112,68.23671875,outside,0.436848849058151,0.00650785816833377,0.00041443484951742,TRUE,Depression,outside,FALSE,FALSE,FALSE,TRUE,TRUE,TRUE,FALSE,FALSE,FALSE,Neither actor dominant
1,2010,6924,66.6108125,outside,0.293076932430267,0.000813853868748993,0,TRUE,Depression,outside,FALSE,FALSE,FALSE,TRUE,TRUE,FALSE,FALSE,FALSE,FALSE,Neither actor dominant
1,2010,6998,67.4870390625,outside,0.315322607755661,0.0106302052736282,0,TRUE,Depression,outside,FALSE,FALSE,FALSE,TRUE,TRUE,FALSE,FALSE,FALSE,FALSE,Neither actor dominant
1,2010,6999,67.57403125,outside,0.464497447013855,0.0350288562476635,0.0182799473404884,TRUE,Depression,outside,FALSE,FALSE,FALSE,TRUE,TRUE,TRUE,FALSE,FALSE,FALSE,Neither actor dominant
1,2010,7858,65.6543984375,outside,0.292330503463745,0,0,TRUE,Depression,outside,FALSE,FALSE,FALSE,TRUE,FALSE,FALSE,FALSE,FALSE,FALSE,Neither actor dominant
1,2010,7909,65.7305078125,outside,0.385218888521194,0,0,TRUE,Depression,outside,FALSE,FALSE,FALSE,TRUE,FALSE,FALSE,FALSE,FALSE,FALSE,Neither actor dominant
1,2010,7910,65.6905625,outside,0.325232923030853,0.0060931402258575,0.00304657011292875,TRUE,Depression,outside,FALSE,FALSE,FALSE,TRUE,TRUE,TRUE,FALSE,FALSE,FALSE,Neither actor dominant
1,2010,8353,65.3758359375,outside,0.553272485733032,0,0,TRUE,Depression,outside,FALSE,FALSE,FALSE,TRUE,FALSE,FALSE,FALSE,FALSE,FALSE,Neither actor dominant
1,2010,9195,64.001953125,outside,0.299138158559799,0.00609318260103464,0,TRUE,Depression,outside,FALSE,FALSE,FALSE,TRUE,TRUE,FALSE,FALSE,FALSE,FALSE,Neither actor dominant
1,2010,10536,62.514,outside,0.754670321941376,0.0121859749779105,0.0121859749779105,TRUE,Depression,outside,FALSE,FALSE,FALSE,TRUE,TRUE,TRUE,FALSE,FALSE,FALSE,Neither actor dominant
1,2010,10577,63.7377421875,outside,0.296538382768631,0.00378502137027681,0.00304639502428472,TRUE,Depression,outside,FALSE,FALSE,FALSE,TRUE,TRUE,TRUE,FALSE,FALSE,FALSE,Neither actor dominant
1,2010,10581,63.37586328125,outside,0.476168572902679,0.00411719782277942,0.00411719782277942,TRUE,Depression,outside,FALSE,FALSE,FALSE,TRUE,TRUE,TRUE,FALSE,FALSE,FALSE,Neither actor dominant
1,2010,10983,62.018140625,outside,0.725502967834473,0,0,TRUE,Depression,outside,FALSE,FALSE,FALSE,TRUE,FALSE,FALSE,FALSE,FALSE,FALSE,Neither actor dominant
1,2010,11029,62.8012734375,outside,0.411094129085541,0.00609270995482802,0.00609270995482802,TRUE,Depression,outside,FALSE,FALSE,FALSE,TRUE,TRUE,TRUE,FALSE,FALSE,FALSE,Neither actor dominant
1,2010,11430,61.52235546875,outside,0.486734807491303,0,0,TRUE,Depression,outside,FALSE,FALSE,FALSE,TRUE,FALSE,FALSE,FALSE,FALSE,FALSE,Neither actor dominant
1,2010,11432,61.660359375,outside,0.564826130867004,0,0,TRUE,Depression,outside,FALSE,FALSE,FALSE,TRUE,FALSE,FALSE,FALSE,FALSE,FALSE,Neither actor dominant
1,2010,11464,62.2294140625,outside,0.308416306972504,0.0041128215380013,0.00106647924985737,TRUE,Depression,outside,FALSE,FALSE,FALSE,TRUE,TRUE,TRUE,FALSE,FALSE,FALSE,Neither actor dominant
1,2010,11466,62.38990234375,outside,0.379306495189667,0.0116448765620589,0.006555266212672,TRUE,Depression,outside,FALSE,FALSE,FALSE,TRUE,TRUE,TRUE,FALSE,FALSE,FALSE,Neither actor dominant
1,2010,11469,62.659796875,outside,0.468003839254379,0.00304633332416415,0.00304633332416415,TRUE,Depression,outside,FALSE,FALSE,FALSE,TRUE,TRUE,TRUE,FALSE,FALSE,FALSE,Neither actor dominant
1,2010,11471,62.75746875,outside,0.306188106536865,0,0,TRUE,Depression,outside,FALSE,FALSE,FALSE,TRUE,FALSE,FALSE,FALSE,FALSE,FALSE,Neither actor dominant
1,2010,11477,62.2294140625,outside,0.503255605697632,0.0251594446599484,0.0171492043882608,TRUE,Depression,outside,FALSE,FALSE,FALSE,TRUE,TRUE,TRUE,FALSE,FALSE,FALSE,Neither actor dominant
1,2010,11912,61.81423828125,outside,0.307037472724915,0.00141596235334873,0,TRUE,Depression,outside,FALSE,FALSE,FALSE,TRUE,TRUE,FALSE,FALSE,FALSE,FALSE,Neither actor dominant
1,2010,11923,61.81423828125,outside,0.492068350315094,0.0128805236890912,0.00983423367142677,TRUE,Depression,outside,FALSE,FALSE,FALSE,TRUE,TRUE,TRUE,FALSE,FALSE,FALSE,Neither actor dominant
1,2010,11933,61.20457421875,outside,0.47960090637207,0.00913883373141289,0.00913883373141289,TRUE,Depression,outside,FALSE,FALSE,FALSE,TRUE,TRUE,TRUE,FALSE,FALSE,FALSE,Neither actor dominant
1,2010,12328,60.667125,outside,0.319686442613602,0.00609270203858614,0.00609270203858614,TRUE,Depression,outside,FALSE,FALSE,FALSE,TRUE,TRUE,TRUE,FALSE,FALSE,FALSE,Neither actor dominant
1,2010,12329,60.6320859375,outside,0.330684393644333,0.00913904421031475,0.00913904421031475,TRUE,Depression,outside,FALSE,FALSE,FALSE,TRUE,TRUE,TRUE,FALSE,FALSE,FALSE,Neither actor dominant
1,2010,12777,60.10199609375,outside,0.331013441085815,0,0,TRUE,Depression,outside,FALSE,FALSE,FALSE,TRUE,FALSE,FALSE,FALSE,FALSE,FALSE,Neither actor dominant
1,2010,13630,59.114296875,outside,0.549757838249207,0,0,TRUE,Depression,outside,FALSE,FALSE,FALSE,TRUE,FALSE,FALSE,FALSE,FALSE,FALSE,Neither actor dominant
1,2010,13667,59.1882578125,outside,0.287758260965347,0,0,TRUE,Depression,outside,FALSE,FALSE,FALSE,TRUE,FALSE,FALSE,FALSE,FALSE,FALSE,Neither actor dominant
1,2010,14078,58.549125,outside,0.334841012954712,0.0072412914596498,0.0072412914596498,TRUE,Depression,outside,FALSE,FALSE,FALSE,TRUE,TRUE,TRUE,FALSE,FALSE,FALSE,Neither actor dominant
1,2010,14139,58.80688671875,outside,0.318929016590118,0.0160255637019873,0.0160255637019873,TRUE,Depression,outside,FALSE,FALSE,FALSE,TRUE,TRUE,TRUE,FALSE,FALSE,FALSE,Neither actor dominant
1,2010,14525,58.05385546875,outside,0.327459067106247,0,0,TRUE,Depression,outside,FALSE,FALSE,FALSE,TRUE,FALSE,FALSE,FALSE,FALSE,FALSE,Neither actor dominant
1,2010,14526,57.98706640625,outside,0.483225852251053,0,0,TRUE,Depression,outside,FALSE,FALSE,FALSE,TRUE,FALSE,FALSE,FALSE,FALSE,FALSE,Neither actor dominant
1,2010,16333,55.5090078125,outside,0.280894190073013,0,0,TRUE,Depression,outside,FALSE,FALSE,FALSE,TRUE,FALSE,FALSE,FALSE,FALSE,FALSE,Neither actor dominant
1,2010,17626,58.30951953125,outside,0.308073043823242,0,0,TRUE,Depression,outside,FALSE,FALSE,FALSE,TRUE,FALSE,FALSE,FALSE,FALSE,FALSE,Neither actor dominant
1,2010,17692,54.68546484375,outside,0.3492631316185,0.00609191786497831,0.00609191786497831,TRUE,Depression,outside,FALSE,FALSE,FALSE,TRUE,TRUE,TRUE,FALSE,FALSE,FALSE,Neither actor dominant
1,2010,18137,54.2517265625,outside,0.486751109361649,0.00304593215696514,0.00304593215696514,TRUE,Depression,outside,FALSE,FALSE,FALSE,TRUE,TRUE,TRUE,FALSE,FALSE,FALSE,Neither actor dominant
1,2010,18139,54.18717578125,outside,0.419626802206039,0,0,TRUE,Depression,outside,FALSE,FALSE,FALSE,TRUE,FALSE,FALSE,FALSE,FALSE,FALSE,Neither actor dominant
1,2010,18583,53.67727734375,outside,0.317892581224442,0,0,TRUE,Depression,outside,FALSE,FALSE,FALSE,TRUE,FALSE,FALSE,FALSE,FALSE,FALSE,Neither actor dominant
1,2010,19030,53.18364453125,outside,0.322639048099518,0.00913760904222727,0.00913760904222727,TRUE,Depression,outside,FALSE,FALSE,FALSE,TRUE,TRUE,TRUE,FALSE,FALSE,FALSE,Neither actor dominant
1,2010,19031,53.26584375,outside,0.470398098230362,0,0,TRUE,Depression,outside,FALSE,FALSE,FALSE,TRUE,FALSE,FALSE,FALSE,FALSE,FALSE,Neither actor dominant
1,2010,19033,53.1906953125,outside,0.362795859575272,0,0,TRUE,Depression,outside,FALSE,FALSE,FALSE,TRUE,FALSE,FALSE,FALSE,FALSE,FALSE,Neither actor dominant
1,2010,19034,53.15073046875,outside,0.310824275016785,0,0,TRUE,Depression,outside,FALSE,FALSE,FALSE,TRUE,FALSE,FALSE,FALSE,FALSE,FALSE,Neither actor dominant
1,2010,19035,53.11544140625,outside,0.37161323428154,0,0,TRUE,Depression,outside,FALSE,FALSE,FALSE,TRUE,FALSE,FALSE,FALSE,FALSE,FALSE,Neither actor dominant
1,2010,19480,52.69250390625,outside,0.299230098724365,0,0,TRUE,Depression,outside,FALSE,FALSE,FALSE,TRUE,FALSE,FALSE,FALSE,FALSE,FALSE,Neither actor dominant
1,2010,19492,52.5023828125,outside,0.392575114965439,0.0115871876478195,0.00913738086819649,TRUE,Depression,outside,FALSE,FALSE,FALSE,TRUE,TRUE,TRUE,FALSE,FALSE,FALSE,Neither actor dominant
1,2010,19518,53.85396875,outside,0.302476465702057,0.00304573960602284,0.00304573960602284,TRUE,Depression,outside,FALSE,FALSE,FALSE,TRUE,TRUE,TRUE,FALSE,FALSE,FALSE,Neither actor dominant
1,2010,19853,57.69098828125,outside,0.264220327138901,0.00304612959735096,0,TRUE,Depression,outside,FALSE,FALSE,FALSE,TRUE,TRUE,FALSE,FALSE,FALSE,FALSE,Neither actor dominant
1,2010,19913,51.5873046875,outside,0.301709830760956,0.00913752429187298,0.00304584135301411,TRUE,Depression,outside,FALSE,FALSE,FALSE,TRUE,TRUE,TRUE,FALSE,FALSE,FALSE,Neither actor dominant
1,2010,19918,51.79285546875,outside,0.284431576728821,0.0249616354703903,0.0188699886202812,TRUE,Depression,outside,FALSE,FALSE,FALSE,TRUE,TRUE,TRUE,FALSE,FALSE,FALSE,Neither actor dominant
1,2010,19919,51.8483359375,outside,0.340298563241959,0.0102985287085176,0.0102985287085176,TRUE,Depression,outside,FALSE,FALSE,FALSE,TRUE,TRUE,TRUE,FALSE,FALSE,FALSE,Neither actor dominant
1,2010,20360,51.08816015625,outside,0.312651425600052,0.0152290426194668,0.0152290426194668,TRUE,Depression,outside,FALSE,FALSE,FALSE,TRUE,TRUE,TRUE,FALSE,FALSE,FALSE,Neither actor dominant
1,2010,20793,50.58903125,outside,0.28996616601944,0.00304583017714322,0.00304583017714322,TRUE,Depression,outside,FALSE,FALSE,FALSE,TRUE,TRUE,TRUE,FALSE,FALSE,FALSE,Neither actor dominant
1,2010,20827,51.0220546875,outside,0.315649330615997,0.00609142240136862,0.00609142240136862,TRUE,Depression,outside,FALSE,FALSE,FALSE,TRUE,TRUE,TRUE,FALSE,FALSE,FALSE,Neither actor dominant
1,2010,21702,49.62358203125,outside,0.296534508466721,0.0254021473228931,0.0174766480922699,TRUE,Depression,outside,FALSE,FALSE,FALSE,TRUE,TRUE,TRUE,FALSE,FALSE,FALSE,Neither actor dominant
1,2010,22126,49.4974765625,outside,0.335421144962311,0,0,TRUE,Depression,outside,FALSE,FALSE,FALSE,TRUE,FALSE,FALSE,FALSE,FALSE,FALSE,Neither actor dominant
1,2010,22172,49.5,outside,0.262482196092606,0.00111313292291015,0.00111313292291015,TRUE,Depression,outside,FALSE,FALSE,FALSE,TRUE,TRUE,TRUE,FALSE,FALSE,FALSE,Neither actor dominant
1,2010,22579,48.66466796875,outside,0.291925132274628,0,0,TRUE,Depression,outside,FALSE,FALSE,FALSE,TRUE,FALSE,FALSE,FALSE,FALSE,FALSE,Neither actor dominant
1,2010,22626,49.09175,outside,0.300344705581665,0.00183470826596022,0.00183470826596022,TRUE,Depression,outside,FALSE,FALSE,FALSE,TRUE,TRUE,TRUE,FALSE,FALSE,FALSE,Neither actor dominant
1,2010,23481,47.5,outside,0.458219438791275,0.0254315659403801,0.0190187431871891,TRUE,Depression,outside,FALSE,FALSE,FALSE,TRUE,TRUE,TRUE,FALSE,FALSE,FALSE,Neither actor dominant
1,2010,23482,47.5026328125,outside,0.345455259084702,0.0209370367228985,0.0121824154630303,TRUE,Depression,outside,FALSE,FALSE,FALSE,TRUE,TRUE,TRUE,FALSE,FALSE,FALSE,Neither actor dominant
1,2010,24388,46.824140625,outside,0.281291395425797,0.00913648214191198,0.00913648214191198,TRUE,Depression,outside,FALSE,FALSE,FALSE,TRUE,TRUE,TRUE,FALSE,FALSE,FALSE,Neither actor dominant
1,2010,25269,45.5,outside,0.369833260774612,0,0,TRUE,Depression,outside,FALSE,FALSE,FALSE,TRUE,FALSE,FALSE,FALSE,FALSE,FALSE,Neither actor dominant
1,2010,25280,45.721984375,outside,0.254732847213745,0,0,TRUE,Depression,outside,FALSE,FALSE,FALSE,TRUE,FALSE,FALSE,FALSE,FALSE,FALSE,Neither actor dominant
1,2010,25283,45.8938984375,outside,0.264131456613541,0.00346933514811099,0.00304542435333133,TRUE,Depression,outside,FALSE,FALSE,FALSE,TRUE,TRUE,TRUE,FALSE,FALSE,FALSE,Neither actor dominant
1,2010,26169,44.544921875,outside,0.31171926856041,0,0,TRUE,Depression,outside,FALSE,FALSE,FALSE,TRUE,FALSE,FALSE,FALSE,FALSE,FALSE,Neither actor dominant
1,2010,26177,44.902671875,outside,0.300830364227295,0.00609071599319577,0.00609071599319577,TRUE,Depression,outside,FALSE,FALSE,FALSE,TRUE,TRUE,TRUE,FALSE,FALSE,FALSE,Neither actor dominant
1,2010,27069,43.7864140625,outside,0.367381453514099,0,0,TRUE,Depression,outside,FALSE,FALSE,FALSE,TRUE,FALSE,FALSE,FALSE,FALSE,FALSE,Neither actor dominant
1,2010,27072,43.982953125,outside,0.298543125391006,0,0,TRUE,Depression,outside,FALSE,FALSE,FALSE,TRUE,FALSE,FALSE,FALSE,FALSE,FALSE,Neither actor dominant
1,2010,28793,48.9719296875,outside,0.311715990304947,0,0,TRUE,Depression,outside,FALSE,FALSE,FALSE,TRUE,FALSE,FALSE,FALSE,FALSE,FALSE,Neither actor dominant
1,2010,29601,80.0078125,outside,0.408677697181702,0.00609212834388018,0.00609212834388018,TRUE,Depression,outside,FALSE,FALSE,FALSE,TRUE,TRUE,TRUE,FALSE,FALSE,FALSE,Neither actor dominant
1,2010,29890,42.43230078125,outside,0.295365005731583,0.00913500040769577,0.00609000027179718,TRUE,Depression,outside,FALSE,FALSE,FALSE,TRUE,TRUE,TRUE,FALSE,FALSE,FALSE,Neither actor dominant
1,2010,31073,39.15673828125,outside,0.273602813482285,0.00304507208056748,0,TRUE,Depression,outside,FALSE,FALSE,FALSE,TRUE,TRUE,FALSE,FALSE,FALSE,FALSE,Neither actor dominant
1,2010,33268,43.410828125,outside,0.267857432365418,0,0,TRUE,Depression,outside,FALSE,FALSE,FALSE,TRUE,FALSE,FALSE,FALSE,FALSE,FALSE,Neither actor dominant
1,2010,33269,43.14220703125,outside,0.464801788330078,0,0,TRUE,Depression,outside,FALSE,FALSE,FALSE,TRUE,FALSE,FALSE,FALSE,FALSE,FALSE,Neither actor dominant
1,2010,34494,88.2383125,outside,0.311889111995697,0,0,TRUE,Depression,outside,FALSE,FALSE,FALSE,TRUE,FALSE,FALSE,FALSE,FALSE,FALSE,Neither actor dominant
1,2010,35504,41.04875,outside,0.477565288543701,0.00608986476436257,0.00608986476436257,TRUE,Depression,outside,FALSE,FALSE,FALSE,TRUE,TRUE,TRUE,FALSE,FALSE,FALSE,Neither actor dominant
1,2010,35514,38.47076953125,outside,0.282499611377716,0,0,TRUE,Depression,outside,FALSE,FALSE,FALSE,TRUE,FALSE,FALSE,FALSE,FALSE,FALSE,Neither actor dominant
1,2010,36129,33.04920703125,outside,0.272754400968552,0,0,TRUE,Depression,outside,FALSE,FALSE,FALSE,TRUE,FALSE,FALSE,FALSE,FALSE,FALSE,Neither actor dominant
1,2010,37470,31.575306640625,outside,0.33140566945076,0,0,TRUE,Depression,outside,FALSE,FALSE,FALSE,TRUE,FALSE,FALSE,FALSE,FALSE,FALSE,Neither actor dominant
1,2010,38617,43.48850390625,outside,0.366692930459976,0,0,TRUE,Depression,outside,FALSE,FALSE,FALSE,TRUE,FALSE,FALSE,FALSE,FALSE,FALSE,Neither actor dominant
1,2010,39076,39.05125,outside,0.275417387485504,0.00353261060081422,0.00304468674585223,TRUE,Depression,outside,FALSE,FALSE,FALSE,TRUE,TRUE,TRUE,FALSE,FALSE,FALSE,Neither actor dominant
1,2010,39972,37.64305859375,outside,0.266026735305786,0.00399920484051108,0.00399920484051108,TRUE,Depression,outside,FALSE,FALSE,FALSE,TRUE,TRUE,TRUE,FALSE,FALSE,FALSE,Neither actor dominant
1,2010,40408,41.0182890625,outside,0.282963693141937,0.00608928129076958,0,TRUE,Depression,outside,FALSE,FALSE,FALSE,TRUE,TRUE,FALSE,FALSE,FALSE,FALSE,Neither actor dominant
1,2010,41083,34.6590546875,outside,0.284951001405716,0.00913261435925961,0.00913261435925961,TRUE,Depression,outside,FALSE,FALSE,FALSE,TRUE,TRUE,TRUE,FALSE,FALSE,FALSE,Neither actor dominant
1,2010,41460,28.151376953125,outside,0.261453360319138,0.00913222599774599,0.00913222599774599,TRUE,Depression,outside,FALSE,FALSE,FALSE,TRUE,TRUE,TRUE,FALSE,FALSE,FALSE,Neither actor dominant
1,2010,41763,35.146125,outside,0.264705449342728,0,0,TRUE,Depression,outside,FALSE,FALSE,FALSE,TRUE,FALSE,FALSE,FALSE,FALSE,FALSE,Neither actor dominant
1,2010,42640,40.45985546875,outside,0.337321609258652,0,0,TRUE,Depression,outside,FALSE,FALSE,FALSE,TRUE,FALSE,FALSE,FALSE,FALSE,FALSE,Neither actor dominant
1,2010,42656,34.713109375,outside,0.297591298818588,0.00608878675848246,0,TRUE,Depression,outside,FALSE,FALSE,FALSE,TRUE,TRUE,FALSE,FALSE,FALSE,FALSE,Neither actor dominant
1,2010,42657,34.38386328125,outside,0.281167328357697,0,0,TRUE,Depression,outside,FALSE,FALSE,FALSE,TRUE,FALSE,FALSE,FALSE,FALSE,FALSE,Neither actor dominant
1,2010,43533,40.215046875,outside,0.302779793739319,0.00304442946799099,0.00304442946799099,TRUE,Depression,outside,FALSE,FALSE,FALSE,TRUE,TRUE,TRUE,FALSE,FALSE,FALSE,Neither actor dominant
1,2010,43534,39.8246171875,outside,0.299269199371338,0,0,TRUE,Depression,outside,FALSE,FALSE,FALSE,TRUE,FALSE,FALSE,FALSE,FALSE,FALSE,Neither actor dominant
1,2010,43993,35.0035703125,outside,0.420587360858917,0,0,TRUE,Depression,outside,FALSE,FALSE,FALSE,TRUE,FALSE,FALSE,FALSE,FALSE,FALSE,Neither actor dominant
1,2010,43996,33.9484921875,outside,0.35386335849762,0,0,TRUE,Depression,outside,FALSE,FALSE,FALSE,TRUE,FALSE,FALSE,FALSE,FALSE,FALSE,Neither actor dominant
1,2010,44443,33.58943359375,outside,0.505077421665192,0,0,TRUE,Depression,outside,FALSE,FALSE,FALSE,TRUE,FALSE,FALSE,FALSE,FALSE,FALSE,Neither actor dominant
1,2010,45766,39.52847265625,outside,0.338549017906189,0,0,TRUE,Depression,outside,FALSE,FALSE,FALSE,TRUE,FALSE,FALSE,FALSE,FALSE,FALSE,Neither actor dominant
1,2010,45774,36.31115625,outside,0.314942628145218,0,0,TRUE,Depression,outside,FALSE,FALSE,FALSE,TRUE,FALSE,FALSE,FALSE,FALSE,FALSE,Neither actor dominant
1,2010,46219,36.80013671875,outside,0.332210838794708,0.00304420059546828,0,TRUE,Depression,outside,FALSE,FALSE,FALSE,TRUE,TRUE,FALSE,FALSE,FALSE,FALSE,Neither actor dominant
1,2010,46672,34.12476953125,outside,0.388003677129746,0,0,TRUE,Depression,outside,FALSE,FALSE,FALSE,TRUE,FALSE,FALSE,FALSE,FALSE,FALSE,Neither actor dominant
1,2010,48900,35.5105625,outside,0.284848839044571,0,0,TRUE,Depression,outside,FALSE,FALSE,FALSE,TRUE,FALSE,FALSE,FALSE,FALSE,FALSE,Neither actor dominant
1,2010,51125,38.69431640625,outside,0.378130584955215,0,0,TRUE,Depression,outside,FALSE,FALSE,FALSE,TRUE,FALSE,FALSE,FALSE,FALSE,FALSE,Neither actor dominant
1,2010,51579,35.33058203125,outside,0.344681739807129,0,0,TRUE,Depression,outside,FALSE,FALSE,FALSE,TRUE,FALSE,FALSE,FALSE,FALSE,FALSE,Neither actor dominant
1,2010,55152,35.1141015625,outside,0.402698636054993,0.00913068745285273,0.00913068745285273,TRUE,Depression,outside,FALSE,FALSE,FALSE,TRUE,TRUE,TRUE,FALSE,FALSE,FALSE,Neither actor dominant
1,2010,56046,34.7850546875,outside,0.35543292760849,0.00608698790892959,0.00608698790892959,TRUE,Depression,outside,FALSE,FALSE,FALSE,TRUE,TRUE,TRUE,FALSE,FALSE,FALSE,Neither actor dominant
1,2010,56493,34.6301875,outside,0.525623559951782,0,0,TRUE,Depression,outside,FALSE,FALSE,FALSE,TRUE,FALSE,FALSE,FALSE,FALSE,FALSE,Neither actor dominant
1,2010,57350,52.3688828125,outside,0.305096834897995,0,0,TRUE,Depression,outside,FALSE,FALSE,FALSE,TRUE,FALSE,FALSE,FALSE,FALSE,FALSE,Neither actor dominant
1,2010,57381,37.23237890625,outside,0.657372176647186,0.000463377655250952,0.000463377655250952,TRUE,Depression,outside,FALSE,FALSE,FALSE,TRUE,TRUE,TRUE,FALSE,FALSE,FALSE,Neither actor dominant
1,2010,57828,37.10794921875,outside,0.551517307758331,0,0,TRUE,Depression,outside,FALSE,FALSE,FALSE,TRUE,FALSE,FALSE,FALSE,FALSE,FALSE,Neither actor dominant
1,2010,57830,36.13862109375,outside,0.469438850879669,0,0,TRUE,Depression,outside,FALSE,FALSE,FALSE,TRUE,FALSE,FALSE,FALSE,FALSE,FALSE,Neither actor dominant
1,2010,58281,34.0771171875,outside,0.434871673583984,0.00304332165978849,0,TRUE,Depression,outside,FALSE,FALSE,FALSE,TRUE,TRUE,FALSE,FALSE,FALSE,FALSE,Neither actor dominant
1,2010,58692,51.618796875,outside,0.268831700086594,0,0,TRUE,Depression,outside,FALSE,FALSE,FALSE,TRUE,FALSE,FALSE,FALSE,FALSE,FALSE,Neither actor dominant
1,2010,58721,37.3664296875,outside,0.349266082048416,0,0,TRUE,Depression,outside,FALSE,FALSE,FALSE,TRUE,FALSE,FALSE,FALSE,FALSE,FALSE,Neither actor dominant
1,2010,58730,32.98484375,outside,0.325900614261627,0,0,TRUE,Depression,outside,FALSE,FALSE,FALSE,TRUE,FALSE,FALSE,FALSE,FALSE,FALSE,Neither actor dominant
1,2010,60064,36.0901640625,outside,0.530874192714691,0,0,TRUE,Depression,outside,FALSE,FALSE,FALSE,TRUE,FALSE,FALSE,FALSE,FALSE,FALSE,Neither actor dominant
1,2010,62205,74.6876796875,outside,0.302710652351379,0,0,TRUE,Depression,outside,FALSE,FALSE,FALSE,TRUE,FALSE,FALSE,FALSE,FALSE,FALSE,Neither actor dominant
1,2010,62647,76.70234375,outside,0.300249934196472,0.00304387463256717,0.00304387463256717,TRUE,Depression,outside,FALSE,FALSE,FALSE,TRUE,TRUE,TRUE,FALSE,FALSE,FALSE,Neither actor dominant
1,2010,62648,76.2528671875,outside,0.308922857046127,0,0,TRUE,Depression,outside,FALSE,FALSE,FALSE,TRUE,FALSE,FALSE,FALSE,FALSE,FALSE,Neither actor dominant
1,2010,62649,75.8040234375,outside,0.314147114753723,0.00608770688995719,0.00608770688995719,TRUE,Depression,outside,FALSE,FALSE,FALSE,TRUE,TRUE,TRUE,FALSE,FALSE,FALSE,Neither actor dominant
1,2010,64077,39.965609375,outside,0.28447625041008,0,0,TRUE,Depression,outside,FALSE,FALSE,FALSE,TRUE,FALSE,FALSE,FALSE,FALSE,FALSE,Neither actor dominant
1,2010,64078,39.6232265625,outside,0.261801719665527,0,0,TRUE,Depression,outside,FALSE,FALSE,FALSE,TRUE,FALSE,FALSE,FALSE,FALSE,FALSE,Neither actor dominant
1,2010,64423,81.346484375,outside,0.26654639840126,0,0,TRUE,Depression,outside,FALSE,FALSE,FALSE,TRUE,FALSE,FALSE,FALSE,FALSE,FALSE,Neither actor dominant
1,2010,65837,48.808296875,outside,0.350466936826706,0,0,TRUE,Depression,outside,FALSE,FALSE,FALSE,TRUE,FALSE,FALSE,FALSE,FALSE,FALSE,Neither actor dominant
1,2010,68051,56.18941015625,outside,0.287261128425598,0,0,TRUE,Depression,outside,FALSE,FALSE,FALSE,TRUE,FALSE,FALSE,FALSE,FALSE,FALSE,Neither actor dominant
1,2010,72037,71.3109375,outside,0.362402528524399,0,0,TRUE,Depression,outside,FALSE,FALSE,FALSE,TRUE,FALSE,FALSE,FALSE,FALSE,FALSE,Neither actor dominant
1,2010,72049,65.660109375,outside,0.296718448400497,0,0,TRUE,Depression,outside,FALSE,FALSE,FALSE,TRUE,FALSE,FALSE,FALSE,FALSE,FALSE,Neither actor dominant
1,2010,72065,58.23444140625,outside,0.352597534656525,0,0,TRUE,Depression,outside,FALSE,FALSE,FALSE,TRUE,FALSE,FALSE,FALSE,FALSE,FALSE,Neither actor dominant
1,2010,72496,65.486640625,outside,0.266223192214966,0,0,TRUE,Depression,outside,FALSE,FALSE,FALSE,TRUE,FALSE,FALSE,FALSE,FALSE,FALSE,Neither actor dominant
1,2010,72497,65.0173046875,outside,0.27064773440361,0,0,TRUE,Depression,outside,FALSE,FALSE,FALSE,TRUE,FALSE,FALSE,FALSE,FALSE,FALSE,Neither actor dominant
1,2010,72947,63.4369765625,outside,0.301655888557434,0,0,TRUE,Depression,outside,FALSE,FALSE,FALSE,TRUE,FALSE,FALSE,FALSE,FALSE,FALSE,Neither actor dominant
1,2010,75223,43.60332421875,outside,0.418831437826157,0.00608465354889631,0.00608465354889631,TRUE,Depression,outside,FALSE,FALSE,FALSE,TRUE,TRUE,TRUE,FALSE,FALSE,FALSE,Neither actor dominant
1,2010,75598,77.3692421875,outside,0.267663478851318,0.000826437899377197,0.000826437899377197,TRUE,Depression,outside,FALSE,FALSE,FALSE,TRUE,TRUE,TRUE,FALSE,FALSE,FALSE,Neither actor dominant
1,2010,76243,-2.23606787109375,inside,0.366797775030136,0,0,TRUE,Depression,inside,TRUE,TRUE,TRUE,TRUE,FALSE,FALSE,FALSE,FALSE,FALSE,Neither actor dominant
1,2010,76962,65.8672890625,outside,0.301089644432068,0.00304264225997031,0.00304264225997031,TRUE,Depression,outside,FALSE,FALSE,FALSE,TRUE,TRUE,TRUE,FALSE,FALSE,FALSE,Neither actor dominant
1,2010,77870,58.86000390625,outside,0.251191645860672,0.0060848630964756,0,TRUE,Depression,outside,FALSE,FALSE,FALSE,TRUE,TRUE,FALSE,FALSE,FALSE,FALSE,Neither actor dominant
1,2010,78235,98.8041015625,outside,0.372652173042297,0,0,TRUE,Depression,outside,FALSE,FALSE,FALSE,TRUE,FALSE,FALSE,FALSE,FALSE,FALSE,Neither actor dominant
1,2010,78819,32.8823671875,outside,0.365731924772263,0,0,TRUE,Depression,outside,FALSE,FALSE,FALSE,TRUE,FALSE,FALSE,FALSE,FALSE,FALSE,Neither actor dominant
1,2010,79132,97.1648046875,outside,0.302850186824799,0,0,TRUE,Depression,outside,FALSE,FALSE,FALSE,TRUE,FALSE,FALSE,FALSE,FALSE,FALSE,Neither actor dominant
1,2010,79219,54.60082421875,outside,0.299921691417694,0,0,TRUE,Depression,outside,FALSE,FALSE,FALSE,TRUE,FALSE,FALSE,FALSE,FALSE,FALSE,Neither actor dominant
1,2010,79809,-1.41421362304688,inside,0.470365911722183,0,0,TRUE,Depression,inside,TRUE,TRUE,TRUE,TRUE,FALSE,FALSE,FALSE,FALSE,FALSE,Neither actor dominant
1,2010,80113,54.33461328125,outside,0.256562858819962,0,0,TRUE,Depression,outside,FALSE,FALSE,FALSE,TRUE,FALSE,FALSE,FALSE,FALSE,FALSE,Neither actor dominant
1,2010,80701,-1.11803393554687,inside,0.648314654827118,0,0,TRUE,Depression,inside,TRUE,TRUE,TRUE,TRUE,FALSE,FALSE,FALSE,FALSE,FALSE,Neither actor dominant
1,2010,80997,58.95125,outside,0.268957376480103,0.0182791743427515,0.0121688162907958,TRUE,Depression,outside,FALSE,FALSE,FALSE,TRUE,TRUE,TRUE,FALSE,FALSE,FALSE,Neither actor dominant
1,2010,81053,32.237400390625,outside,0.328716665506363,0,0,TRUE,Depression,outside,FALSE,FALSE,FALSE,TRUE,FALSE,FALSE,FALSE,FALSE,FALSE,Neither actor dominant
1,2010,82037,2,outside,0.487875610589981,0,0,TRUE,Depression,outside,TRUE,TRUE,TRUE,TRUE,FALSE,FALSE,FALSE,FALSE,FALSE,Neither actor dominant
1,2010,82375,40.66017578125,outside,0.265730053186417,0,0,TRUE,Depression,outside,FALSE,FALSE,FALSE,TRUE,FALSE,FALSE,FALSE,FALSE,FALSE,Neither actor dominant
1,2010,83200,74.2462109375,outside,0.275101274251938,0,0,TRUE,Depression,outside,FALSE,FALSE,FALSE,TRUE,FALSE,FALSE,FALSE,FALSE,FALSE,Neither actor dominant
1,2010,83255,47.18315234375,outside,0.328103005886078,0.00304181175306439,0.00304181175306439,TRUE,Depression,outside,FALSE,FALSE,FALSE,TRUE,TRUE,TRUE,FALSE,FALSE,FALSE,Neither actor dominant
1,2010,84082,80.0656015625,outside,0.275019019842148,0,0,TRUE,Depression,outside,FALSE,FALSE,FALSE,TRUE,FALSE,FALSE,FALSE,FALSE,FALSE,Neither actor dominant
1,2010,84620,35.17101171875,outside,0.417401611804962,0,0,TRUE,Depression,outside,FALSE,FALSE,FALSE,TRUE,FALSE,FALSE,FALSE,FALSE,FALSE,Neither actor dominant
1,2010,86382,47.51841796875,outside,0.265382081270218,0,0,TRUE,Depression,outside,FALSE,FALSE,FALSE,TRUE,FALSE,FALSE,FALSE,FALSE,FALSE,Neither actor dominant
1,2010,86506,1.11803393554687,outside,0.399531215429306,0,0,TRUE,Depression,outside,TRUE,TRUE,TRUE,TRUE,FALSE,FALSE,FALSE,FALSE,FALSE,Neither actor dominant
1,2010,86949,0.5,outside,0.509351909160614,0,0,TRUE,Depression,outside,TRUE,TRUE,TRUE,TRUE,FALSE,FALSE,FALSE,FALSE,FALSE,Neither actor dominant
1,2010,91701,69.4064140625,outside,0.379673153162003,0,0,TRUE,Depression,outside,FALSE,FALSE,FALSE,TRUE,FALSE,FALSE,FALSE,FALSE,FALSE,Neither actor dominant
1,2010,91712,63.94137890625,outside,0.409698218107224,0,0,TRUE,Depression,outside,FALSE,FALSE,FALSE,TRUE,FALSE,FALSE,FALSE,FALSE,FALSE,Neither actor dominant
1,2010,91717,61.4593359375,outside,0.294104069471359,0,0,TRUE,Depression,outside,FALSE,FALSE,FALSE,TRUE,FALSE,FALSE,FALSE,FALSE,FALSE,Neither actor dominant
1,2010,92127,78.366125,outside,0.407162725925446,0.00304179615341127,0.00304179615341127,TRUE,Depression,outside,FALSE,FALSE,FALSE,TRUE,TRUE,TRUE,FALSE,FALSE,FALSE,Neither actor dominant
1,2010,92160,63.3876953125,outside,0.275384277105331,0,0,TRUE,Depression,outside,FALSE,FALSE,FALSE,TRUE,FALSE,FALSE,FALSE,FALSE,FALSE,Neither actor dominant
1,2010,92575,77.661125,outside,0.509471356868744,0,0,TRUE,Depression,outside,FALSE,FALSE,FALSE,TRUE,FALSE,FALSE,FALSE,FALSE,FALSE,Neither actor dominant
1,2010,92609,62.33979296875,outside,0.312841057777405,0,0,TRUE,Depression,outside,FALSE,FALSE,FALSE,TRUE,FALSE,FALSE,FALSE,FALSE,FALSE,Neither actor dominant
1,2010,93021,77.6096015625,outside,0.312790155410767,0,0,TRUE,Depression,outside,FALSE,FALSE,FALSE,TRUE,FALSE,FALSE,FALSE,FALSE,FALSE,Neither actor dominant
1,2010,93023,76.95615625,outside,0.258587092161179,0,0,TRUE,Depression,outside,FALSE,FALSE,FALSE,TRUE,FALSE,FALSE,FALSE,FALSE,FALSE,Neither actor dominant
1,2010,93050,65.2763359375,outside,0.264714509248734,0,0,TRUE,Depression,outside,FALSE,FALSE,FALSE,TRUE,FALSE,FALSE,FALSE,FALSE,FALSE,Neither actor dominant
1,2010,93468,77.2334140625,outside,0.275629281997681,0,0,TRUE,Depression,outside,FALSE,FALSE,FALSE,TRUE,FALSE,FALSE,FALSE,FALSE,FALSE,Neither actor dominant
1,2010,94357,78.174484375,outside,0.438156217336655,0,0,TRUE,Depression,outside,FALSE,FALSE,FALSE,TRUE,FALSE,FALSE,FALSE,FALSE,FALSE,Neither actor dominant
1,2010,98391,71.1354375,outside,0.317036122083664,0,0,TRUE,Depression,outside,FALSE,FALSE,FALSE,TRUE,FALSE,FALSE,FALSE,FALSE,FALSE,Neither actor dominant
1,2010,98828,74.2462109375,outside,0.338421642780304,0,0,TRUE,Depression,outside,FALSE,FALSE,FALSE,TRUE,FALSE,FALSE,FALSE,FALSE,FALSE,Neither actor dominant
1,2010,99269,76.0542578125,outside,0.461794286966324,0,0,TRUE,Depression,outside,FALSE,FALSE,FALSE,TRUE,FALSE,FALSE,FALSE,FALSE,FALSE,Neither actor dominant
1,2010,100163,75.3740703125,outside,0.361251264810562,0,0,TRUE,Depression,outside,FALSE,FALSE,FALSE,TRUE,FALSE,FALSE,FALSE,FALSE,FALSE,Neither actor dominant
1,2010,100630,67.9411484375,outside,0.643089532852173,0,0,TRUE,Depression,outside,FALSE,FALSE,FALSE,TRUE,FALSE,FALSE,FALSE,FALSE,FALSE,Neither actor dominant
1,2010,100631,67.603625,outside,0.438628941774368,0,0,TRUE,Depression,outside,FALSE,FALSE,FALSE,TRUE,FALSE,FALSE,FALSE,FALSE,FALSE,Neither actor dominant
1,2010,100642,63.994140625,outside,0.272296786308289,0,0,TRUE,Depression,outside,FALSE,FALSE,FALSE,TRUE,FALSE,FALSE,FALSE,FALSE,FALSE,Neither actor dominant
1,2010,101076,67.915390625,outside,0.356923848390579,0,0,TRUE,Depression,outside,FALSE,FALSE,FALSE,TRUE,FALSE,FALSE,FALSE,FALSE,FALSE,Neither actor dominant
1,2010,102373,83.5239453125,outside,0.42769992351532,0,0,TRUE,Depression,outside,FALSE,FALSE,FALSE,TRUE,FALSE,FALSE,FALSE,FALSE,FALSE,Neither actor dominant
1,2010,102392,75.9901328125,outside,0.490013301372528,0.00608231732621789,0.00608231732621789,TRUE,Depression,outside,FALSE,FALSE,FALSE,TRUE,TRUE,TRUE,FALSE,FALSE,FALSE,Neither actor dominant
1,2010,102817,84.4644921875,outside,0.321265131235123,0,0,TRUE,Depression,outside,FALSE,FALSE,FALSE,TRUE,FALSE,FALSE,FALSE,FALSE,FALSE,Neither actor dominant
1,2010,103264,84.1813515625,outside,0.502682149410248,0,0,TRUE,Depression,outside,FALSE,FALSE,FALSE,TRUE,FALSE,FALSE,FALSE,FALSE,FALSE,Neither actor dominant
1,2010,103749,68.9873203125,outside,0.2954061627388,0,0,TRUE,Depression,outside,FALSE,FALSE,FALSE,TRUE,FALSE,FALSE,FALSE,FALSE,FALSE,Neither actor dominant
1,2010,104211,63.3107421875,outside,0.362104922533035,0.00688978843390942,0,TRUE,Depression,outside,FALSE,FALSE,FALSE,TRUE,TRUE,FALSE,FALSE,FALSE,FALSE,Neither actor dominant
1,2010,106139,7.1063349609375,outside,0.406089246273041,0,0,TRUE,Depression,outside,FALSE,TRUE,TRUE,TRUE,FALSE,FALSE,FALSE,FALSE,FALSE,Neither actor dominant
1,2010,106461,56.46458984375,outside,0.353185594081879,0,0,TRUE,Depression,outside,FALSE,FALSE,FALSE,TRUE,FALSE,FALSE,FALSE,FALSE,FALSE,Neither actor dominant
1,2010,106911,55.12939453125,outside,0.353666573762894,0,0,TRUE,Depression,outside,FALSE,FALSE,FALSE,TRUE,FALSE,FALSE,FALSE,FALSE,FALSE,Neither actor dominant
1,2010,110430,73.93578125,outside,0.339764833450317,0,0,TRUE,Depression,outside,FALSE,FALSE,FALSE,TRUE,FALSE,FALSE,FALSE,FALSE,FALSE,Neither actor dominant
1,2010,110864,79.2590703125,outside,0.335247963666916,0,0,TRUE,Depression,outside,FALSE,FALSE,FALSE,TRUE,FALSE,FALSE,FALSE,FALSE,FALSE,Neither actor dominant
1,2010,110865,78.824171875,outside,0.393242388963699,0,0,TRUE,Depression,outside,FALSE,FALSE,FALSE,TRUE,FALSE,FALSE,FALSE,FALSE,FALSE,Neither actor dominant
1,2010,111306,81.2065234375,outside,0.307541191577911,0,0,TRUE,Depression,outside,FALSE,FALSE,FALSE,TRUE,FALSE,FALSE,FALSE,FALSE,FALSE,Neither actor dominant
1,2010,111521,4.03112890625,outside,0.295538663864136,0,0,TRUE,Depression,outside,TRUE,TRUE,TRUE,TRUE,FALSE,FALSE,FALSE,FALSE,FALSE,Neither actor dominant
1,2010,112213,75.04165625,outside,0.300309091806412,0,0,TRUE,Depression,outside,FALSE,FALSE,FALSE,TRUE,FALSE,FALSE,FALSE,FALSE,FALSE,Neither actor dominant
1,2010,112223,70.754859375,outside,0.350492686033249,0,0,TRUE,Depression,outside,FALSE,FALSE,FALSE,TRUE,FALSE,FALSE,FALSE,FALSE,FALSE,Neither actor dominant
1,2010,112695,60.21005078125,outside,0.313776850700378,0,0,TRUE,Depression,outside,FALSE,FALSE,FALSE,TRUE,FALSE,FALSE,FALSE,FALSE,FALSE,Neither actor dominant
1,2010,113142,59.90408984375,outside,0.373488068580627,0,0,TRUE,Depression,outside,FALSE,FALSE,FALSE,TRUE,FALSE,FALSE,FALSE,FALSE,FALSE,Neither actor dominant
1,2010,113988,79.8279375,outside,0.250063598155975,0,0,TRUE,Depression,outside,FALSE,FALSE,FALSE,TRUE,FALSE,FALSE,FALSE,FALSE,FALSE,Neither actor dominant
1,2010,114446,74.70609375,outside,0.262918800115585,0,0,TRUE,Depression,outside,FALSE,FALSE,FALSE,TRUE,FALSE,FALSE,FALSE,FALSE,FALSE,Neither actor dominant
1,2010,114450,72.9451875,outside,0.313396334648132,0,0,TRUE,Depression,outside,FALSE,FALSE,FALSE,TRUE,FALSE,FALSE,FALSE,FALSE,FALSE,Neither actor dominant
1,2010,114895,73.5883828125,outside,0.310407251119614,0,0,TRUE,Depression,outside,FALSE,FALSE,FALSE,TRUE,FALSE,FALSE,FALSE,FALSE,FALSE,Neither actor dominant
1,2010,115341,73.7987109375,outside,0.402140915393829,0,0,TRUE,Depression,outside,FALSE,FALSE,FALSE,TRUE,FALSE,FALSE,FALSE,FALSE,FALSE,Neither actor dominant
1,2010,115342,73.355296875,outside,0.390125751495361,0,0,TRUE,Depression,outside,FALSE,FALSE,FALSE,TRUE,FALSE,FALSE,FALSE,FALSE,FALSE,Neither actor dominant
1,2010,115788,73.5696953125,outside,0.328448891639709,0,0,TRUE,Depression,outside,FALSE,FALSE,FALSE,TRUE,FALSE,FALSE,FALSE,FALSE,FALSE,Neither actor dominant
1,2010,115789,73.124890625,outside,0.283457964658737,0,0,TRUE,Depression,outside,FALSE,FALSE,FALSE,TRUE,FALSE,FALSE,FALSE,FALSE,FALSE,Neither actor dominant
1,2010,116234,73.7902421875,outside,0.423758715391159,0,0,TRUE,Depression,outside,FALSE,FALSE,FALSE,TRUE,FALSE,FALSE,FALSE,FALSE,FALSE,Neither actor dominant
1,2010,116275,56.20720703125,outside,0.514096081256867,0,0,TRUE,Depression,outside,FALSE,FALSE,FALSE,TRUE,FALSE,FALSE,FALSE,FALSE,FALSE,Neither actor dominant
1,2010,116677,75.3674296875,outside,0.372216522693634,0,0,TRUE,Depression,outside,FALSE,FALSE,FALSE,TRUE,FALSE,FALSE,FALSE,FALSE,FALSE,Neither actor dominant
1,2010,116683,72.6722109375,outside,0.343495190143585,0,0,TRUE,Depression,outside,FALSE,FALSE,FALSE,TRUE,FALSE,FALSE,FALSE,FALSE,FALSE,Neither actor dominant
1,2010,116705,63.0257890625,outside,0.275227934122086,0.00303988088853657,0.00303988088853657,TRUE,Depression,outside,FALSE,FALSE,FALSE,TRUE,TRUE,TRUE,FALSE,FALSE,FALSE,Neither actor dominant
1,2010,118944,60.03332421875,outside,0.263235002756119,0.00911894720047712,0.00303964898921549,TRUE,Depression,outside,FALSE,FALSE,FALSE,TRUE,TRUE,TRUE,FALSE,FALSE,FALSE,Neither actor dominant
1,2010,118945,59.60075390625,outside,0.270568817853928,0,0,TRUE,Depression,outside,FALSE,FALSE,FALSE,TRUE,FALSE,FALSE,FALSE,FALSE,FALSE,Neither actor dominant
1,2010,120280,61.50203125,outside,0.438438832759857,0,0,TRUE,Depression,outside,FALSE,FALSE,FALSE,TRUE,FALSE,FALSE,FALSE,FALSE,FALSE,Neither actor dominant
1,2010,120716,66.21178125,outside,0.399150848388672,0,0,TRUE,Depression,outside,FALSE,FALSE,FALSE,TRUE,FALSE,FALSE,FALSE,FALSE,FALSE,Neither actor dominant
1,2010,120717,65.75903125,outside,0.302651047706604,0,0,TRUE,Depression,outside,FALSE,FALSE,FALSE,TRUE,FALSE,FALSE,FALSE,FALSE,FALSE,Neither actor dominant
1,2010,121637,53.77034375,outside,0.270279258489609,0,0,TRUE,Depression,outside,FALSE,FALSE,FALSE,TRUE,FALSE,FALSE,FALSE,FALSE,FALSE,Neither actor dominant
1,2010,122514,60.83584375,outside,0.285932242870331,0,0,TRUE,Depression,outside,FALSE,FALSE,FALSE,TRUE,FALSE,FALSE,FALSE,FALSE,FALSE,Neither actor dominant
1,2010,127472,40.13103515625,outside,0.490571439266205,0.00417042197659612,0.00417042197659612,TRUE,Depression,outside,FALSE,FALSE,FALSE,TRUE,TRUE,TRUE,FALSE,FALSE,FALSE,Neither actor dominant
1,2010,127473,39.702015625,outside,0.627937257289887,0.00172704888973385,0.00172704888973385,TRUE,Depression,outside,FALSE,FALSE,FALSE,TRUE,TRUE,TRUE,FALSE,FALSE,FALSE,Neither actor dominant
1,2010,127911,43.38490625,outside,0.383451491594315,0,0,TRUE,Depression,outside,FALSE,FALSE,FALSE,TRUE,FALSE,FALSE,FALSE,FALSE,FALSE,Neither actor dominant
1,2010,132383,40.388734375,outside,0.855092704296112,0,0,TRUE,Depression,outside,FALSE,FALSE,FALSE,TRUE,FALSE,FALSE,FALSE,FALSE,FALSE,Neither actor dominant
1,2010,132831,39.73977734375,outside,0.481846928596497,0,0,TRUE,Depression,outside,FALSE,FALSE,FALSE,TRUE,FALSE,FALSE,FALSE,FALSE,FALSE,Neither actor dominant
1,2010,135981,28.692333984375,outside,0.382127910852432,0,0,TRUE,Depression,outside,FALSE,FALSE,FALSE,TRUE,FALSE,FALSE,FALSE,FALSE,FALSE,Neither actor dominant
1,2010,136396,43.77784765625,outside,0.35647776722908,0,0,TRUE,Depression,outside,FALSE,FALSE,FALSE,TRUE,FALSE,FALSE,FALSE,FALSE,FALSE,Neither actor dominant
1,2010,136842,44.14748046875,outside,0.29715958237648,0,0,TRUE,Depression,outside,FALSE,FALSE,FALSE,TRUE,FALSE,FALSE,FALSE,FALSE,FALSE,Neither actor dominant
1,2010,139069,47.46051171875,outside,0.322764337062836,0,0,TRUE,Depression,outside,FALSE,FALSE,FALSE,TRUE,FALSE,FALSE,FALSE,FALSE,FALSE,Neither actor dominant
1,2010,141319,39.6232265625,outside,0.34429407119751,0,0,TRUE,Depression,outside,FALSE,FALSE,FALSE,TRUE,FALSE,FALSE,FALSE,FALSE,FALSE,Neither actor dominant
1,2010,141329,34.713109375,outside,0.459571570158005,0,0,TRUE,Depression,outside,FALSE,FALSE,FALSE,TRUE,FALSE,FALSE,FALSE,FALSE,FALSE,Neither actor dominant
1,2010,141330,34.22353125,outside,0.30860647559166,0,0,TRUE,Depression,outside,FALSE,FALSE,FALSE,TRUE,FALSE,FALSE,FALSE,FALSE,FALSE,Neither actor dominant
1,2010,141331,33.73425390625,outside,0.448127508163452,0,0,TRUE,Depression,outside,FALSE,FALSE,FALSE,TRUE,FALSE,FALSE,FALSE,FALSE,FALSE,Neither actor dominant
1,2010,141771,37.07425,outside,0.295938313007355,0,0,TRUE,Depression,outside,FALSE,FALSE,FALSE,TRUE,FALSE,FALSE,FALSE,FALSE,FALSE,Neither actor dominant
1,2010,141780,32.653484375,outside,0.25188821554184,0,0,TRUE,Depression,outside,FALSE,FALSE,FALSE,TRUE,FALSE,FALSE,FALSE,FALSE,FALSE,Neither actor dominant
1,2010,142207,42.42640625,outside,0.424013048410416,0,0,TRUE,Depression,outside,FALSE,FALSE,FALSE,TRUE,FALSE,FALSE,FALSE,FALSE,FALSE,Neither actor dominant
1,2010,142217,37.483328125,outside,0.390713781118393,0,0,TRUE,Depression,outside,FALSE,FALSE,FALSE,TRUE,FALSE,FALSE,FALSE,FALSE,FALSE,Neither actor dominant
1,2010,143592,20.5,outside,0.518422722816467,0,0,TRUE,Depression,outside,FALSE,FALSE,FALSE,TRUE,FALSE,FALSE,FALSE,FALSE,FALSE,Neither actor dominant
1,2010,144038,20.88659765625,outside,0.341040283441544,0,0,TRUE,Depression,outside,FALSE,FALSE,FALSE,TRUE,FALSE,FALSE,FALSE,FALSE,FALSE,Neither actor dominant
1,2010,145378,21.14828515625,outside,0.36485093832016,0,0,TRUE,Depression,outside,FALSE,FALSE,FALSE,TRUE,FALSE,FALSE,FALSE,FALSE,FALSE,Neither actor dominant
1,2010,145825,21.0950234375,outside,0.576652109622955,0,0,TRUE,Depression,outside,FALSE,FALSE,FALSE,TRUE,FALSE,FALSE,FALSE,FALSE,FALSE,Neither actor dominant
1,2010,146678,41.512046875,outside,0.481065154075623,0,0,TRUE,Depression,outside,FALSE,FALSE,FALSE,TRUE,FALSE,FALSE,FALSE,FALSE,FALSE,Neither actor dominant
1,2010,146680,40.51234375,outside,0.410879075527191,0,0,TRUE,Depression,outside,FALSE,FALSE,FALSE,TRUE,FALSE,FALSE,FALSE,FALSE,FALSE,Neither actor dominant
1,2010,146681,40.0125,outside,0.504299163818359,0,0,TRUE,Depression,outside,FALSE,FALSE,FALSE,TRUE,FALSE,FALSE,FALSE,FALSE,FALSE,Neither actor dominant
1,2010,146682,39.51265625,outside,0.501541256904602,0,0,TRUE,Depression,outside,FALSE,FALSE,FALSE,TRUE,FALSE,FALSE,FALSE,FALSE,FALSE,Neither actor dominant
1,2010,147129,39.5031640625,outside,0.386340200901032,0,0,TRUE,Depression,outside,FALSE,FALSE,FALSE,TRUE,FALSE,FALSE,FALSE,FALSE,FALSE,Neither actor dominant
1,2010,147616,19.5,outside,0.389933109283447,0.00303657515905798,0.00303657515905798,TRUE,Depression,outside,FALSE,FALSE,TRUE,TRUE,TRUE,TRUE,FALSE,FALSE,FALSE,Neither actor dominant
1,2010,148930,33.0151484375,outside,0.287599086761475,0,0,TRUE,Depression,outside,FALSE,FALSE,FALSE,TRUE,FALSE,FALSE,FALSE,FALSE,FALSE,Neither actor dominant
1,2010,148971,12.5399365234375,outside,0.407166510820389,0,0,TRUE,Depression,outside,FALSE,FALSE,TRUE,TRUE,FALSE,FALSE,FALSE,FALSE,FALSE,Neither actor dominant
1,2010,150248,44.57016796875,outside,0.333160668611527,0,0,TRUE,Depression,outside,FALSE,FALSE,FALSE,TRUE,FALSE,FALSE,FALSE,FALSE,FALSE,Neither actor dominant
1,2010,150695,44.6010078125,outside,0.327149212360382,0,0,TRUE,Depression,outside,FALSE,FALSE,FALSE,TRUE,FALSE,FALSE,FALSE,FALSE,FALSE,Neither actor dominant
1,2010,151142,44.6374296875,outside,0.303161084651947,0.0030367816798389,0,TRUE,Depression,outside,FALSE,FALSE,FALSE,TRUE,TRUE,FALSE,FALSE,FALSE,FALSE,Neither actor dominant
1,2010,151580,49.16299609375,outside,0.375843703746796,0,0,TRUE,Depression,outside,FALSE,FALSE,FALSE,TRUE,FALSE,FALSE,FALSE,FALSE,FALSE,Neither actor dominant
1,2010,151590,44.1814453125,outside,0.407088577747345,0,0,TRUE,Depression,outside,FALSE,FALSE,FALSE,TRUE,FALSE,FALSE,FALSE,FALSE,FALSE,Neither actor dominant
1,2010,152040,42.7375703125,outside,0.286128461360931,0,0,TRUE,Depression,outside,FALSE,FALSE,FALSE,TRUE,FALSE,FALSE,FALSE,FALSE,FALSE,Neither actor dominant
1,2010,152049,38.26551953125,outside,0.544656574726105,0,0,TRUE,Depression,outside,FALSE,FALSE,FALSE,TRUE,FALSE,FALSE,FALSE,FALSE,FALSE,Neither actor dominant
1,2010,152482,45.27692578125,outside,0.540892481803894,0,0,TRUE,Depression,outside,FALSE,FALSE,FALSE,TRUE,FALSE,FALSE,FALSE,FALSE,FALSE,Neither actor dominant
1,2010,152927,46.32763671875,outside,0.296406716108322,0.000826266885269433,0.000826266885269433,TRUE,Depression,outside,FALSE,FALSE,FALSE,TRUE,TRUE,TRUE,FALSE,FALSE,FALSE,Neither actor dominant
1,2010,153375,45.8938984375,outside,0.320427805185318,0,0,TRUE,Depression,outside,FALSE,FALSE,FALSE,TRUE,FALSE,FALSE,FALSE,FALSE,FALSE,Neither actor dominant
1,2010,157832,47.83565625,outside,0.283605933189392,0,0,TRUE,Depression,outside,FALSE,FALSE,FALSE,TRUE,FALSE,FALSE,FALSE,FALSE,FALSE,Neither actor dominant
1,2010,161444,33.70830859375,outside,0.313871711492538,0,0,TRUE,Depression,outside,FALSE,FALSE,FALSE,TRUE,FALSE,FALSE,FALSE,FALSE,FALSE,Neither actor dominant
1,2010,161482,20.5548046875,outside,0.355944603681564,0,0,TRUE,Depression,outside,FALSE,FALSE,FALSE,TRUE,FALSE,FALSE,FALSE,FALSE,FALSE,Neither actor dominant
1,2010,164097,40.3112890625,outside,0.293615251779556,0,0,TRUE,Depression,outside,FALSE,FALSE,FALSE,TRUE,FALSE,FALSE,FALSE,FALSE,FALSE,Neither actor dominant
1,2010,164535,43.2261484375,outside,0.271930515766144,0,0,TRUE,Depression,outside,FALSE,FALSE,FALSE,TRUE,FALSE,FALSE,FALSE,FALSE,FALSE,Neither actor dominant
1,2010,164549,38.24264453125,outside,0.285101711750031,0.00303565966896713,0.00303565966896713,TRUE,Depression,outside,FALSE,FALSE,FALSE,TRUE,TRUE,TRUE,FALSE,FALSE,FALSE,Neither actor dominant
1,2010,164581,28.65309765625,outside,0.327372759580612,0,0,TRUE,Depression,outside,FALSE,FALSE,FALSE,TRUE,FALSE,FALSE,FALSE,FALSE,FALSE,Neither actor dominant
1,2010,164984,42.14558203125,outside,0.278086364269257,0,0,TRUE,Depression,outside,FALSE,FALSE,FALSE,TRUE,FALSE,FALSE,FALSE,FALSE,FALSE,Neither actor dominant
1,2010,164985,41.7731953125,outside,0.420570373535156,0,0,TRUE,Depression,outside,FALSE,FALSE,FALSE,TRUE,FALSE,FALSE,FALSE,FALSE,FALSE,Neither actor dominant
1,2010,165475,27.784888671875,outside,0.349671512842178,0,0,TRUE,Depression,outside,FALSE,FALSE,FALSE,TRUE,FALSE,FALSE,FALSE,FALSE,FALSE,Neither actor dominant
1,2010,165885,38.89730078125,outside,0.50954806804657,0,0,TRUE,Depression,outside,FALSE,FALSE,FALSE,TRUE,FALSE,FALSE,FALSE,FALSE,FALSE,Neither actor dominant
1,2010,165924,26.85609765625,outside,0.35235008597374,0,0,TRUE,Depression,outside,FALSE,FALSE,FALSE,TRUE,FALSE,FALSE,FALSE,FALSE,FALSE,Neither actor dominant
1,2010,166321,42.71416796875,outside,0.287156939506531,0,0,TRUE,Depression,outside,FALSE,FALSE,FALSE,TRUE,FALSE,FALSE,FALSE,FALSE,FALSE,Neither actor dominant
1,2010,166373,25.942244140625,outside,0.369780242443085,0,0,TRUE,Depression,outside,FALSE,FALSE,FALSE,TRUE,FALSE,FALSE,FALSE,FALSE,FALSE,Neither actor dominant
1,2010,166766,43.2001171875,outside,0.271107017993927,0,0,TRUE,Depression,outside,FALSE,FALSE,FALSE,TRUE,FALSE,FALSE,FALSE,FALSE,FALSE,Neither actor dominant
1,2010,166819,25.739076171875,outside,0.766512930393219,0,0,TRUE,Depression,outside,FALSE,FALSE,FALSE,TRUE,FALSE,FALSE,FALSE,FALSE,FALSE,Neither actor dominant
1,2010,167266,25.303162109375,outside,0.509654879570007,0,0,TRUE,Depression,outside,FALSE,FALSE,FALSE,TRUE,FALSE,FALSE,FALSE,FALSE,FALSE,Neither actor dominant
1,2010,167714,24.62214453125,outside,0.321469396352768,0,0,TRUE,Depression,outside,FALSE,FALSE,FALSE,TRUE,FALSE,FALSE,FALSE,FALSE,FALSE,Neither actor dominant
1,2010,167715,24.38237109375,outside,0.314864009618759,0,0,TRUE,Depression,outside,FALSE,FALSE,FALSE,TRUE,FALSE,FALSE,FALSE,FALSE,FALSE,Neither actor dominant
1,2010,168100,45.2133828125,outside,0.358722478151321,0,0,TRUE,Depression,outside,FALSE,FALSE,FALSE,TRUE,FALSE,FALSE,FALSE,FALSE,FALSE,Neither actor dominant
1,2010,168158,24.964974609375,outside,0.405147075653076,0,0,TRUE,Depression,outside,FALSE,FALSE,FALSE,TRUE,FALSE,FALSE,FALSE,FALSE,FALSE,Neither actor dominant
1,2010,169884,45.8938984375,outside,0.297208428382874,0,0,TRUE,Depression,outside,FALSE,FALSE,FALSE,TRUE,FALSE,FALSE,FALSE,FALSE,FALSE,Neither actor dominant
1,2010,170779,44.97221484375,outside,0.28431037068367,0,0,TRUE,Depression,outside,FALSE,FALSE,FALSE,TRUE,FALSE,FALSE,FALSE,FALSE,FALSE,Neither actor dominant
1,2010,170809,32.59601171875,outside,0.265740007162094,0.0060701840557158,0,TRUE,Depression,outside,FALSE,FALSE,FALSE,TRUE,TRUE,FALSE,FALSE,FALSE,FALSE,Neither actor dominant
1,2010,174359,41.38236328125,outside,0.300313979387283,0,0,TRUE,Depression,outside,FALSE,FALSE,FALSE,TRUE,FALSE,FALSE,FALSE,FALSE,FALSE,Neither actor dominant
1,2010,175248,43.16537890625,outside,0.299677014350891,0.00607014121487737,0.00607014121487737,TRUE,Depression,outside,FALSE,FALSE,FALSE,TRUE,TRUE,TRUE,FALSE,FALSE,FALSE,Neither actor dominant
1,2010,177484,41.69232421875,outside,0.328161060810089,0,0,TRUE,Depression,outside,FALSE,FALSE,FALSE,TRUE,FALSE,FALSE,FALSE,FALSE,FALSE,Neither actor dominant
1,2010,178435,17.02938671875,outside,0.33399173617363,0,0,TRUE,Depression,outside,FALSE,FALSE,TRUE,TRUE,FALSE,FALSE,FALSE,FALSE,FALSE,Neither actor dominant
1,2010,178873,19.91230859375,outside,0.355736613273621,0,0,TRUE,Depression,outside,FALSE,FALSE,TRUE,TRUE,FALSE,FALSE,FALSE,FALSE,FALSE,Neither actor dominant
1,2010,179276,39.09283984375,outside,0.301019459962845,0,0,TRUE,Depression,outside,FALSE,FALSE,FALSE,TRUE,FALSE,FALSE,FALSE,FALSE,FALSE,Neither actor dominant
1,2010,185097,32.380548828125,outside,0.31151419878006,0.0030340189114213,0.0030340189114213,TRUE,Depression,outside,FALSE,FALSE,FALSE,TRUE,TRUE,TRUE,FALSE,FALSE,FALSE,Neither actor dominant
1,2010,186470,16.62076953125,outside,0.329455941915512,0,0,TRUE,Depression,outside,FALSE,FALSE,TRUE,TRUE,FALSE,FALSE,FALSE,FALSE,FALSE,Neither actor dominant
1,2010,186870,39.38591015625,outside,0.254763424396515,0,0,TRUE,Depression,outside,FALSE,FALSE,FALSE,TRUE,FALSE,FALSE,FALSE,FALSE,FALSE,Neither actor dominant
1,2010,186871,38.89087109375,outside,0.273714780807495,0,0,TRUE,Depression,outside,FALSE,FALSE,FALSE,TRUE,FALSE,FALSE,FALSE,FALSE,FALSE,Neither actor dominant
1,2010,193574,39.5506015625,outside,0.267129510641098,0.00248434371314943,0.00248434371314943,TRUE,Depression,outside,FALSE,FALSE,FALSE,TRUE,TRUE,TRUE,FALSE,FALSE,FALSE,Neither actor dominant
1,2010,197149,40.44749609375,outside,0.319271147251129,0.0107862344011664,0.0107862344011664,TRUE,Depression,outside,FALSE,FALSE,FALSE,TRUE,TRUE,TRUE,FALSE,FALSE,FALSE,Neither actor dominant
1,2010,199835,38.707234375,outside,0.281344473361969,0.0134555930271745,0.00738987233489752,TRUE,Depression,outside,FALSE,FALSE,FALSE,TRUE,TRUE,TRUE,FALSE,FALSE,FALSE,Neither actor dominant
1,2011,693,73.083859375,outside,0.297340542078018,0,0,TRUE,Depression,outside,FALSE,FALSE,FALSE,TRUE,FALSE,FALSE,FALSE,FALSE,FALSE,Neither actor dominant
1,2011,715,73.5,outside,0.262061536312103,0.00295929587446153,0,TRUE,Depression,outside,FALSE,FALSE,FALSE,TRUE,TRUE,FALSE,FALSE,FALSE,FALSE,Neither actor dominant
1,2011,750,74.04896875,outside,0.34986224770546,0.0152354780584574,0,TRUE,Depression,outside,FALSE,FALSE,FALSE,TRUE,TRUE,FALSE,FALSE,FALSE,FALSE,Neither actor dominant
1,2011,781,72.76159375,outside,0.274546205997467,0,0,TRUE,Depression,outside,FALSE,FALSE,FALSE,TRUE,FALSE,FALSE,FALSE,FALSE,FALSE,Neither actor dominant
1,2011,810,72.0624765625,outside,0.313917398452759,0,0,TRUE,Depression,outside,FALSE,FALSE,FALSE,TRUE,FALSE,FALSE,FALSE,FALSE,FALSE,Neither actor dominant
1,2011,1189,74.0624765625,outside,0.28551259636879,0,0,TRUE,Depression,outside,FALSE,FALSE,FALSE,TRUE,FALSE,FALSE,FALSE,FALSE,FALSE,Neither actor dominant
1,2011,1290,74.11140625,outside,0.251417905092239,0.000816079147625715,0,TRUE,Depression,outside,FALSE,FALSE,FALSE,TRUE,TRUE,FALSE,FALSE,FALSE,FALSE,Neither actor dominant
1,2011,1726,72.3671171875,outside,0.299400240182877,0.0426587797701359,0.00304705556482077,TRUE,Depression,outside,FALSE,FALSE,FALSE,TRUE,TRUE,TRUE,FALSE,FALSE,FALSE,Neither actor dominant
1,2011,1786,82.7647265625,outside,0.251520991325378,0.00304724159650505,0,TRUE,Depression,outside,FALSE,FALSE,FALSE,TRUE,TRUE,FALSE,FALSE,FALSE,FALSE,Neither actor dominant
1,2011,2310,107.712578125,outside,0.254098176956177,0.0182897709310055,0.0152414748445153,TRUE,Depression,outside,FALSE,FALSE,FALSE,TRUE,TRUE,TRUE,FALSE,FALSE,FALSE,Neither actor dominant
1,2011,2867,75.14153125,outside,0.287712544202805,0,0,TRUE,Depression,outside,FALSE,FALSE,FALSE,TRUE,FALSE,FALSE,FALSE,FALSE,FALSE,Neither actor dominant
1,2011,2869,74.80140625,outside,0.324016094207764,0,0,TRUE,Depression,outside,FALSE,FALSE,FALSE,TRUE,FALSE,FALSE,FALSE,FALSE,FALSE,Neither actor dominant
1,2011,2985,71.5681484375,outside,0.271941900253296,0.0182816088199615,0.0152346743270755,TRUE,Depression,outside,FALSE,FALSE,FALSE,TRUE,TRUE,TRUE,FALSE,FALSE,FALSE,Neither actor dominant
1,2011,3068,70.9964765625,outside,0.351010680198669,0.00609392207115889,0.00304696103557944,TRUE,Depression,outside,FALSE,FALSE,FALSE,TRUE,TRUE,TRUE,FALSE,FALSE,FALSE,Neither actor dominant
1,2011,3076,71.92009375,outside,0.354048937559128,0.00609395559877157,0.00609395559877157,TRUE,Depression,outside,FALSE,FALSE,FALSE,TRUE,TRUE,TRUE,FALSE,FALSE,FALSE,Neither actor dominant
1,2011,3431,71.1371875,outside,0.459294229745865,0.0294505637139082,0.0294505637139082,TRUE,Depression,outside,FALSE,FALSE,FALSE,TRUE,TRUE,TRUE,FALSE,FALSE,FALSE,Neither actor dominant
1,2011,3448,70.50709375,outside,0.338983923196793,0.00941552687436342,0.00761486263945699,TRUE,Depression,outside,FALSE,FALSE,FALSE,TRUE,TRUE,TRUE,FALSE,FALSE,FALSE,Neither actor dominant
1,2011,3517,70.719515625,outside,0.379580497741699,0.00416306266561151,0.00416306266561151,TRUE,Depression,outside,FALSE,FALSE,FALSE,TRUE,TRUE,TRUE,FALSE,FALSE,FALSE,Neither actor dominant
1,2011,3873,71.021125,outside,0.446397393941879,0.00304687907919288,0.00304687907919288,TRUE,Depression,outside,FALSE,FALSE,FALSE,TRUE,TRUE,TRUE,FALSE,FALSE,FALSE,Neither actor dominant
1,2011,3875,70.859015625,outside,0.271514058113098,0.00273643690161407,0.00273643690161407,TRUE,Depression,outside,FALSE,FALSE,FALSE,TRUE,TRUE,TRUE,FALSE,FALSE,FALSE,Neither actor dominant
1,2011,3878,70.641703125,outside,0.266658186912537,0.0162518322467804,0.0134520204737782,TRUE,Depression,outside,FALSE,FALSE,FALSE,TRUE,TRUE,TRUE,FALSE,FALSE,FALSE,Neither actor dominant
1,2011,5101,72.9811640625,outside,0.307032912969589,0.00609442126005888,0.00609442126005888,TRUE,Depression,outside,FALSE,FALSE,FALSE,TRUE,TRUE,TRUE,FALSE,FALSE,FALSE,Neither actor dominant
1,2011,5219,69.155625,outside,0.53694474697113,0.0217574890702963,0.0213274247944355,TRUE,Depression,outside,FALSE,FALSE,FALSE,TRUE,TRUE,TRUE,FALSE,FALSE,FALSE,Neither actor dominant
1,2011,5221,69.025359375,outside,0.439962685108185,0.00134287856053561,0.00134287856053561,TRUE,Depression,outside,FALSE,FALSE,FALSE,TRUE,TRUE,TRUE,FALSE,FALSE,FALSE,Neither actor dominant
1,2011,5357,78.084890625,outside,0.385231256484985,0.00609392579644918,0.00304696289822459,TRUE,Depression,outside,FALSE,FALSE,FALSE,TRUE,TRUE,TRUE,FALSE,FALSE,FALSE,Neither actor dominant
1,2011,5666,68.6603984375,outside,0.295923084020615,0.00609348528087139,0.0030467426404357,TRUE,Depression,outside,FALSE,FALSE,FALSE,TRUE,TRUE,TRUE,FALSE,FALSE,FALSE,Neither actor dominant
1,2011,6113,68.1652421875,outside,0.336870282888413,0.0308458711951971,0.0236106235533953,TRUE,Depression,outside,FALSE,FALSE,FALSE,TRUE,TRUE,TRUE,FALSE,FALSE,FALSE,Neither actor dominant
1,2011,6925,66.54509375,outside,0.278507173061371,0.00825672782957554,0,TRUE,Depression,outside,FALSE,FALSE,FALSE,TRUE,TRUE,FALSE,FALSE,FALSE,FALSE,Neither actor dominant
1,2011,7446,67.0820390625,outside,0.371885448694229,0.0233689937740564,0.00962607655674219,TRUE,Depression,outside,FALSE,FALSE,FALSE,TRUE,TRUE,TRUE,FALSE,FALSE,FALSE,Neither actor dominant
1,2011,7587,74.7813515625,outside,0.259304761886597,0,0,TRUE,Depression,outside,FALSE,FALSE,FALSE,TRUE,FALSE,FALSE,FALSE,FALSE,FALSE,Neither actor dominant
1,2011,7764,74.3034296875,outside,0.311517119407654,0.00304713845252991,0.00304713845252991,TRUE,Depression,outside,FALSE,FALSE,FALSE,TRUE,TRUE,TRUE,FALSE,FALSE,FALSE,Neither actor dominant
1,2011,7831,65.04805859375,outside,0.251658529043198,0.00609354628250003,0,TRUE,Depression,outside,FALSE,FALSE,FALSE,TRUE,TRUE,FALSE,FALSE,FALSE,FALSE,Neither actor dominant
1,2011,7906,65.872984375,outside,0.277894079685211,0.00304657453671098,0.00304657453671098,TRUE,Depression,outside,FALSE,FALSE,FALSE,TRUE,TRUE,TRUE,FALSE,FALSE,FALSE,Neither actor dominant
1,2011,7908,65.774234375,outside,0.250891298055649,0.00304657220840454,0,TRUE,Depression,outside,FALSE,FALSE,FALSE,TRUE,TRUE,FALSE,FALSE,FALSE,FALSE,Neither actor dominant
1,2011,7992,66.483078125,outside,0.275294154882431,0,0,TRUE,Depression,outside,FALSE,FALSE,FALSE,TRUE,FALSE,FALSE,FALSE,FALSE,FALSE,Neither actor dominant
1,2011,8001,67.8398828125,outside,0.370276898145676,0,0,TRUE,Depression,outside,FALSE,FALSE,FALSE,TRUE,FALSE,FALSE,FALSE,FALSE,FALSE,Neither actor dominant
1,2011,8036,74.732859375,outside,0.280807018280029,0,0,TRUE,Depression,outside,FALSE,FALSE,FALSE,TRUE,FALSE,FALSE,FALSE,FALSE,FALSE,Neither actor dominant
1,2011,8354,65.32419140625,outside,0.385140687227249,0.00304654100909829,0.00304654100909829,TRUE,Depression,outside,FALSE,FALSE,FALSE,TRUE,TRUE,TRUE,FALSE,FALSE,FALSE,Neither actor dominant
1,2011,8365,65.00769140625,outside,0.307784169912338,0,0,TRUE,Depression,outside,FALSE,FALSE,FALSE,TRUE,FALSE,FALSE,FALSE,FALSE,FALSE,Neither actor dominant
1,2011,8481,73.8664296875,outside,0.265073418617249,0,0,TRUE,Depression,outside,FALSE,FALSE,FALSE,TRUE,FALSE,FALSE,FALSE,FALSE,FALSE,Neither actor dominant
1,2011,8482,74.0709140625,outside,0.352723389863968,0,0,TRUE,Depression,outside,FALSE,FALSE,FALSE,TRUE,FALSE,FALSE,FALSE,FALSE,FALSE,Neither actor dominant
1,2011,8483,74.2781953125,outside,0.43858128786087,0.00304672447964549,0,TRUE,Depression,outside,FALSE,FALSE,FALSE,TRUE,TRUE,FALSE,FALSE,FALSE,FALSE,Neither actor dominant
1,2011,9248,64.32923046875,outside,0.295150876045227,0,0,TRUE,Depression,outside,FALSE,FALSE,FALSE,TRUE,FALSE,FALSE,FALSE,FALSE,FALSE,Neither actor dominant
1,2011,9258,64.01757421875,outside,0.405323028564453,0.0121858669444919,0,TRUE,Depression,outside,FALSE,FALSE,FALSE,TRUE,TRUE,FALSE,FALSE,FALSE,FALSE,Neither actor dominant
1,2011,9260,64.001953125,outside,0.368708610534668,0,0,TRUE,Depression,outside,FALSE,FALSE,FALSE,TRUE,FALSE,FALSE,FALSE,FALSE,FALSE,Neither actor dominant
1,2011,9695,63.83180859375,outside,0.295308709144592,0,0,TRUE,Depression,outside,FALSE,FALSE,FALSE,TRUE,FALSE,FALSE,FALSE,FALSE,FALSE,Neither actor dominant
1,2011,10089,63.00991796875,outside,0.275905072689056,0.00609305268153548,0.00609305268153548,TRUE,Depression,outside,FALSE,FALSE,FALSE,TRUE,TRUE,TRUE,FALSE,FALSE,FALSE,Neither actor dominant
1,2011,10582,63.2949453125,outside,0.367706656455994,0.00609277514740825,0.00609277514740825,TRUE,Depression,outside,FALSE,FALSE,FALSE,TRUE,TRUE,TRUE,FALSE,FALSE,FALSE,Neither actor dominant
1,2011,10586,63.00991796875,outside,0.279445648193359,0,0,TRUE,Depression,outside,FALSE,FALSE,FALSE,TRUE,FALSE,FALSE,FALSE,FALSE,FALSE,Neither actor dominant
1,2011,10702,68.8839609375,outside,0.330250829458237,0.00609300751239061,0.00304650375619531,TRUE,Depression,outside,FALSE,FALSE,FALSE,TRUE,TRUE,TRUE,FALSE,FALSE,FALSE,Neither actor dominant
1,2011,10985,62.155046875,outside,0.261737376451492,0,0,TRUE,Depression,outside,FALSE,FALSE,FALSE,TRUE,FALSE,FALSE,FALSE,FALSE,FALSE,Neither actor dominant
1,2011,11026,63.05751171875,outside,0.376186549663544,0.00453572534024715,0,TRUE,Depression,outside,FALSE,FALSE,FALSE,TRUE,TRUE,FALSE,FALSE,FALSE,FALSE,Neither actor dominant
1,2011,11032,62.57994921875,outside,0.392363250255585,0.00118909159209579,0.00118909159209579,TRUE,Depression,outside,FALSE,FALSE,FALSE,TRUE,TRUE,TRUE,FALSE,FALSE,FALSE,Neither actor dominant
1,2011,11034,62.45198046875,outside,0.270992785692215,0,0,TRUE,Depression,outside,FALSE,FALSE,FALSE,TRUE,FALSE,FALSE,FALSE,FALSE,FALSE,Neither actor dominant
1,2011,11428,61.40032421875,outside,0.292312860488892,0,0,TRUE,Depression,outside,FALSE,FALSE,FALSE,TRUE,FALSE,FALSE,FALSE,FALSE,FALSE,Neither actor dominant
1,2011,11448,61.5182890625,outside,0.278387874364853,0,0,TRUE,Depression,outside,FALSE,FALSE,FALSE,TRUE,FALSE,FALSE,FALSE,FALSE,FALSE,Neither actor dominant
1,2011,11467,62.47599609375,outside,0.297262817621231,0.00304633658379316,0.00304633658379316,TRUE,Depression,outside,FALSE,FALSE,FALSE,TRUE,TRUE,TRUE,FALSE,FALSE,FALSE,Neither actor dominant
1,2011,11468,62.56596484375,outside,0.360522389411926,0,0,TRUE,Depression,outside,FALSE,FALSE,FALSE,TRUE,FALSE,FALSE,FALSE,FALSE,FALSE,Neither actor dominant
1,2011,11472,62.659796875,outside,0.293462038040161,0,0,TRUE,Depression,outside,FALSE,FALSE,FALSE,TRUE,FALSE,FALSE,FALSE,FALSE,FALSE,Neither actor dominant
1,2011,11473,62.56596484375,outside,0.497634708881378,0.00451278034597635,0.00451278034597635,TRUE,Depression,outside,FALSE,FALSE,FALSE,TRUE,TRUE,TRUE,FALSE,FALSE,FALSE,Neither actor dominant
1,2011,11474,62.47599609375,outside,0.462568610906601,0.00155697599984705,0.00155697599984705,TRUE,Depression,outside,FALSE,FALSE,FALSE,TRUE,TRUE,TRUE,FALSE,FALSE,FALSE,Neither actor dominant
1,2011,11475,62.38990234375,outside,0.423247784376144,0.0750726163387299,0.0598409958183765,TRUE,Depression,outside,FALSE,FALSE,FALSE,TRUE,TRUE,TRUE,FALSE,FALSE,FALSE,Neither actor dominant
1,2011,11919,62.169125,outside,0.327456563711166,0.0121851833537221,0,TRUE,Depression,outside,FALSE,FALSE,FALSE,TRUE,TRUE,FALSE,FALSE,FALSE,FALSE,Neither actor dominant
1,2011,11924,61.7353203125,outside,0.296840131282806,0.0335091724991798,0.0152314426377416,TRUE,Depression,outside,FALSE,FALSE,FALSE,TRUE,TRUE,TRUE,FALSE,FALSE,FALSE,Neither actor dominant
1,2011,11932,61.24744921875,outside,0.298183411359787,0.00794141180813313,0.00609255768358707,TRUE,Depression,outside,FALSE,FALSE,FALSE,TRUE,TRUE,TRUE,FALSE,FALSE,FALSE,Neither actor dominant
1,2011,12367,61.58327734375,outside,0.461463272571564,0.00594915822148323,0.00304626161232591,TRUE,Depression,outside,FALSE,FALSE,FALSE,TRUE,TRUE,TRUE,FALSE,FALSE,FALSE,Neither actor dominant
1,2011,12368,61.49187109375,outside,0.510113775730133,0,0,TRUE,Depression,outside,FALSE,FALSE,FALSE,TRUE,FALSE,FALSE,FALSE,FALSE,FALSE,Neither actor dominant
1,2011,12465,62.13895703125,outside,0.417900234460831,0.00304630235768855,0.00304630235768855,TRUE,Depression,outside,FALSE,FALSE,FALSE,TRUE,TRUE,TRUE,FALSE,FALSE,FALSE,Neither actor dominant
1,2011,12814,61.09214453125,outside,0.262227267026901,0,0,TRUE,Depression,outside,FALSE,FALSE,FALSE,TRUE,FALSE,FALSE,FALSE,FALSE,FALSE,Neither actor dominant
1,2011,12815,61,outside,0.317647725343704,0,0,TRUE,Depression,outside,FALSE,FALSE,FALSE,TRUE,FALSE,FALSE,FALSE,FALSE,FALSE,Neither actor dominant
1,2011,12909,61.2066171875,outside,0.26483952999115,0,0,TRUE,Depression,outside,FALSE,FALSE,FALSE,TRUE,FALSE,FALSE,FALSE,FALSE,FALSE,Neither actor dominant
1,2011,12923,63.618,outside,0.292149156332016,0.0152314901351929,0.00609259633347392,TRUE,Depression,outside,FALSE,FALSE,FALSE,TRUE,TRUE,TRUE,FALSE,FALSE,FALSE,Neither actor dominant
1,2011,13227,59.53360546875,outside,0.255697995424271,0,0,TRUE,Depression,outside,FALSE,FALSE,FALSE,TRUE,FALSE,FALSE,FALSE,FALSE,FALSE,Neither actor dominant
1,2011,14029,66.4849609375,outside,0.291520923376083,0.000210076716030017,0.000210076716030017,TRUE,Depression,outside,FALSE,FALSE,FALSE,TRUE,TRUE,TRUE,FALSE,FALSE,FALSE,Neither actor dominant
1,2011,14129,58.508546875,outside,0.285547882318497,0.00829805992543697,0.00525187561288476,TRUE,Depression,outside,FALSE,FALSE,FALSE,TRUE,TRUE,TRUE,FALSE,FALSE,FALSE,Neither actor dominant
1,2011,14231,57.6302890625,outside,0.284604549407959,0,0,TRUE,Depression,outside,FALSE,FALSE,FALSE,TRUE,FALSE,FALSE,FALSE,FALSE,FALSE,Neither actor dominant
1,2011,14678,57.1358046875,outside,0.34085488319397,0,0,TRUE,Depression,outside,FALSE,FALSE,FALSE,TRUE,FALSE,FALSE,FALSE,FALSE,FALSE,Neither actor dominant
1,2011,15021,57.5,outside,0.251002252101898,0,0,TRUE,Depression,outside,FALSE,FALSE,FALSE,TRUE,FALSE,FALSE,FALSE,FALSE,FALSE,Neither actor dominant
1,2011,15895,56.26944140625,outside,0.251752614974976,0,0,TRUE,Depression,outside,FALSE,FALSE,FALSE,TRUE,FALSE,FALSE,FALSE,FALSE,FALSE,Neither actor dominant
1,2011,16069,63.88466015625,outside,0.256169855594635,0,0,TRUE,Depression,outside,FALSE,FALSE,FALSE,TRUE,FALSE,FALSE,FALSE,FALSE,FALSE,Neither actor dominant
1,2011,16469,55.4098359375,outside,0.265432327985764,0.00304597080685198,0.00304597080685198,TRUE,Depression,outside,FALSE,FALSE,FALSE,TRUE,TRUE,TRUE,FALSE,FALSE,FALSE,Neither actor dominant
1,2011,17627,58.12271484375,outside,0.285324543714523,0.0121849663555622,0.0121849663555622,TRUE,Depression,outside,FALSE,FALSE,FALSE,TRUE,TRUE,TRUE,FALSE,FALSE,FALSE,Neither actor dominant
1,2011,17689,54.66488671875,outside,0.290004998445511,0,0,TRUE,Depression,outside,FALSE,FALSE,FALSE,TRUE,FALSE,FALSE,FALSE,FALSE,FALSE,Neither actor dominant
1,2011,18140,54.1479453125,outside,0.260312765836716,0,0,TRUE,Depression,outside,FALSE,FALSE,FALSE,TRUE,FALSE,FALSE,FALSE,FALSE,FALSE,Neither actor dominant
1,2011,18586,53.68891796875,outside,0.294013470411301,0,0,TRUE,Depression,outside,FALSE,FALSE,FALSE,TRUE,FALSE,FALSE,FALSE,FALSE,FALSE,Neither actor dominant
1,2011,18600,53.5210234375,outside,0.269647240638733,0.0100722601637244,0,TRUE,Depression,outside,FALSE,FALSE,FALSE,TRUE,TRUE,FALSE,FALSE,FALSE,FALSE,Neither actor dominant
1,2011,19495,52.53808203125,outside,0.309164494276047,0.00464994553476572,0.00304578593932092,TRUE,Depression,outside,FALSE,FALSE,FALSE,TRUE,TRUE,TRUE,FALSE,FALSE,FALSE,Neither actor dominant
1,2011,19868,54.7220234375,outside,0.317303478717804,0.00304604438133538,0,TRUE,Depression,outside,FALSE,FALSE,FALSE,TRUE,TRUE,FALSE,FALSE,FALSE,FALSE,Neither actor dominant
1,2011,19917,51.7421484375,outside,0.274543464183807,0,0,TRUE,Depression,outside,FALSE,FALSE,FALSE,TRUE,FALSE,FALSE,FALSE,FALSE,FALSE,Neither actor dominant
1,2011,20345,51.11995703125,outside,0.287127315998077,0.00609173439443111,0.00609173439443111,TRUE,Depression,outside,FALSE,FALSE,FALSE,TRUE,TRUE,TRUE,FALSE,FALSE,FALSE,Neither actor dominant
1,2011,20359,51.06123828125,outside,0.274277865886688,0.0112366462126374,0.0112366462126374,TRUE,Depression,outside,FALSE,FALSE,FALSE,TRUE,TRUE,TRUE,FALSE,FALSE,FALSE,Neither actor dominant
1,2011,20764,53.446234375,outside,0.257651567459106,0,0,TRUE,Depression,outside,FALSE,FALSE,FALSE,TRUE,FALSE,FALSE,FALSE,FALSE,FALSE,Neither actor dominant
1,2011,20830,51,outside,0.28679296374321,0,0,TRUE,Depression,outside,FALSE,FALSE,FALSE,TRUE,FALSE,FALSE,FALSE,FALSE,FALSE,Neither actor dominant
1,2011,20947,51.44171484375,outside,0.311581432819366,0.00913696922361851,0.00913696922361851,TRUE,Depression,outside,FALSE,FALSE,FALSE,TRUE,TRUE,TRUE,FALSE,FALSE,FALSE,Neither actor dominant
1,2011,21187,58.05385546875,outside,0.274014860391617,0,0,TRUE,Depression,outside,FALSE,FALSE,FALSE,TRUE,FALSE,FALSE,FALSE,FALSE,FALSE,Neither actor dominant
1,2011,21392,50.69516796875,outside,0.353784382343292,0.00304561969824135,0.00304561969824135,TRUE,Depression,outside,FALSE,FALSE,FALSE,TRUE,TRUE,TRUE,FALSE,FALSE,FALSE,Neither actor dominant
1,2011,21394,50.96076953125,outside,0.359966605901718,0.0101415077224374,0.0101415077224374,TRUE,Depression,outside,FALSE,FALSE,FALSE,TRUE,TRUE,TRUE,FALSE,FALSE,FALSE,Neither actor dominant
1,2011,21725,50,outside,0.254910558462143,0.0117999268695712,0.00875429343432188,TRUE,Depression,outside,FALSE,FALSE,FALSE,TRUE,TRUE,TRUE,FALSE,FALSE,FALSE,Neither actor dominant
1,2011,21839,50.21205078125,outside,0.288568198680878,0.0121823474764824,0.0030455868691206,TRUE,Depression,outside,FALSE,FALSE,FALSE,TRUE,TRUE,TRUE,FALSE,FALSE,FALSE,Neither actor dominant
1,2011,22273,48.43810546875,outside,0.250895261764526,0.00609106663614512,0.00609106663614512,TRUE,Depression,outside,FALSE,FALSE,FALSE,TRUE,TRUE,TRUE,FALSE,FALSE,FALSE,Neither actor dominant
1,2011,22561,50.21205078125,outside,0.252472460269928,0,0,TRUE,Depression,outside,FALSE,FALSE,FALSE,TRUE,FALSE,FALSE,FALSE,FALSE,FALSE,Neither actor dominant
1,2011,22577,48.75705078125,outside,0.259310305118561,0,0,TRUE,Depression,outside,FALSE,FALSE,FALSE,TRUE,FALSE,FALSE,FALSE,FALSE,FALSE,Neither actor dominant
1,2011,22737,49.8121484375,outside,0.293779075145721,0,0,TRUE,Depression,outside,FALSE,FALSE,FALSE,TRUE,FALSE,FALSE,FALSE,FALSE,FALSE,Neither actor dominant
1,2011,22928,71.5052421875,outside,0.272934705018997,0,0,TRUE,Depression,outside,FALSE,FALSE,FALSE,TRUE,FALSE,FALSE,FALSE,FALSE,FALSE,Neither actor dominant
1,2011,23063,48.51030859375,outside,0.253324657678604,0.0365465208888054,0.0152277173474431,TRUE,Depression,outside,FALSE,FALSE,FALSE,TRUE,TRUE,TRUE,FALSE,FALSE,FALSE,Neither actor dominant
1,2011,23450,49.96498828125,outside,0.311646997928619,0.00202135602012277,0,TRUE,Depression,outside,FALSE,FALSE,FALSE,TRUE,TRUE,FALSE,FALSE,FALSE,FALSE,Neither actor dominant
1,2011,23451,49.8121484375,outside,0.260343074798584,0,0,TRUE,Depression,outside,FALSE,FALSE,FALSE,TRUE,FALSE,FALSE,FALSE,FALSE,FALSE,Neither actor dominant
1,2011,23507,48.06505859375,outside,0.333116680383682,0.0433378554880619,0.0247434731572866,TRUE,Depression,outside,FALSE,FALSE,FALSE,TRUE,TRUE,TRUE,FALSE,FALSE,FALSE,Neither actor dominant
1,2011,23626,48.1508046875,outside,0.351578533649445,0,0,TRUE,Depression,outside,FALSE,FALSE,FALSE,TRUE,FALSE,FALSE,FALSE,FALSE,FALSE,Neither actor dominant
1,2011,24369,46.596671875,outside,0.286109089851379,0.000363766506779939,0,TRUE,Depression,outside,FALSE,FALSE,FALSE,TRUE,TRUE,FALSE,FALSE,FALSE,FALSE,Neither actor dominant
1,2011,24407,47,outside,0.277352511882782,0,0,TRUE,Depression,outside,FALSE,FALSE,FALSE,TRUE,FALSE,FALSE,FALSE,FALSE,FALSE,Neither actor dominant
1,2011,24979,48.65439453125,outside,0.307769030332565,0.00907088443636894,0.00907088443636894,TRUE,Depression,outside,FALSE,FALSE,FALSE,TRUE,TRUE,TRUE,FALSE,FALSE,FALSE,Neither actor dominant
1,2011,25656,54.08326953125,outside,0.590526223182678,0,0,TRUE,Depression,outside,FALSE,FALSE,FALSE,TRUE,FALSE,FALSE,FALSE,FALSE,FALSE,Neither actor dominant
1,2011,26574,47.53945703125,outside,0.309946328401566,0.000821452355012298,0.000821452355012298,TRUE,Depression,outside,FALSE,FALSE,FALSE,TRUE,TRUE,TRUE,FALSE,FALSE,FALSE,Neither actor dominant
1,2011,26621,44.229515625,outside,0.274462103843689,0,0,TRUE,Depression,outside,FALSE,FALSE,FALSE,TRUE,FALSE,FALSE,FALSE,FALSE,FALSE,Neither actor dominant
1,2011,27026,46.179,outside,0.305236160755157,0,0,TRUE,Depression,outside,FALSE,FALSE,FALSE,TRUE,FALSE,FALSE,FALSE,FALSE,FALSE,Neither actor dominant
1,2011,27650,43.96589453125,outside,0.371045380830765,0,0,TRUE,Depression,outside,FALSE,FALSE,FALSE,TRUE,FALSE,FALSE,FALSE,FALSE,FALSE,Neither actor dominant
1,2011,28099,43.79783203125,outside,0.39018926024437,0.00304512726143003,0.00304512726143003,TRUE,Depression,outside,FALSE,FALSE,FALSE,TRUE,TRUE,TRUE,FALSE,FALSE,FALSE,Neither actor dominant
1,2011,29743,40.51234375,outside,0.25348025560379,0.0133738219738007,0.00423843739554286,TRUE,Depression,outside,FALSE,FALSE,FALSE,TRUE,TRUE,TRUE,FALSE,FALSE,FALSE,Neither actor dominant
1,2011,30169,40.89315234375,outside,0.272888123989105,0,0,TRUE,Depression,outside,FALSE,FALSE,FALSE,TRUE,FALSE,FALSE,FALSE,FALSE,FALSE,Neither actor dominant
1,2011,30783,41.3188828125,outside,0.260446399450302,0.0529184862971306,0.0452014021575451,TRUE,Depression,outside,FALSE,FALSE,FALSE,TRUE,TRUE,TRUE,FALSE,FALSE,FALSE,Neither actor dominant
1,2011,30795,43.854875,outside,0.29132068157196,0.0456743724644184,0.0426294170320034,TRUE,Depression,outside,FALSE,FALSE,FALSE,TRUE,TRUE,TRUE,FALSE,FALSE,FALSE,Neither actor dominant
1,2011,31950,39.84971875,outside,0.288079887628555,0,0,TRUE,Depression,outside,FALSE,FALSE,FALSE,TRUE,FALSE,FALSE,FALSE,FALSE,FALSE,Neither actor dominant
1,2011,33720,41.67733203125,outside,0.475032925605774,0,0,TRUE,Depression,outside,FALSE,FALSE,FALSE,TRUE,FALSE,FALSE,FALSE,FALSE,FALSE,Neither actor dominant
1,2011,33733,38.8104375,outside,0.252663522958756,0,0,TRUE,Depression,outside,FALSE,FALSE,FALSE,TRUE,FALSE,FALSE,FALSE,FALSE,FALSE,Neither actor dominant
1,2011,34167,41.2462109375,outside,0.275722980499268,0,0,TRUE,Depression,outside,FALSE,FALSE,FALSE,TRUE,FALSE,FALSE,FALSE,FALSE,FALSE,Neither actor dominant
1,2011,35219,33.514921875,outside,0.463511288166046,0,0,TRUE,Depression,outside,FALSE,FALSE,FALSE,TRUE,FALSE,FALSE,FALSE,FALSE,FALSE,Neither actor dominant
1,2011,35952,40.35467578125,outside,0.282298445701599,0,0,TRUE,Depression,outside,FALSE,FALSE,FALSE,TRUE,FALSE,FALSE,FALSE,FALSE,FALSE,Neither actor dominant
1,2011,36383,44.93606640625,outside,0.299790591001511,0,0,TRUE,Depression,outside,FALSE,FALSE,FALSE,TRUE,FALSE,FALSE,FALSE,FALSE,FALSE,Neither actor dominant
1,2011,36399,39.94058203125,outside,0.289362013339996,0.00304485950618982,0.00304485950618982,TRUE,Depression,outside,FALSE,FALSE,FALSE,TRUE,TRUE,TRUE,FALSE,FALSE,FALSE,Neither actor dominant
1,2011,37000,31.8198046875,outside,0.297974675893784,0.00304441410116851,0.00304441410116851,TRUE,Depression,outside,FALSE,FALSE,FALSE,TRUE,TRUE,TRUE,FALSE,FALSE,FALSE,Neither actor dominant
1,2011,37737,39.60113671875,outside,0.262902915477753,0,0,TRUE,Depression,outside,FALSE,FALSE,FALSE,TRUE,FALSE,FALSE,FALSE,FALSE,FALSE,Neither actor dominant
1,2011,38628,39.75550390625,outside,0.385073184967041,0,0,TRUE,Depression,outside,FALSE,FALSE,FALSE,TRUE,FALSE,FALSE,FALSE,FALSE,FALSE,Neither actor dominant
1,2011,38638,36.7491484375,outside,0.309223592281342,0,0,TRUE,Depression,outside,FALSE,FALSE,FALSE,TRUE,FALSE,FALSE,FALSE,FALSE,FALSE,Neither actor dominant
1,2011,39075,39.37321484375,outside,0.294001877307892,0.00304469279944897,0.00304469279944897,TRUE,Depression,outside,FALSE,FALSE,FALSE,TRUE,TRUE,TRUE,FALSE,FALSE,FALSE,Neither actor dominant
1,2011,39088,35.5105625,outside,0.336362987756729,0,0,TRUE,Depression,outside,FALSE,FALSE,FALSE,TRUE,FALSE,FALSE,FALSE,FALSE,FALSE,Neither actor dominant
1,2011,39975,36.70490625,outside,0.269536077976227,0.0268843024969101,0.00304459035396576,TRUE,Depression,outside,FALSE,FALSE,FALSE,TRUE,TRUE,TRUE,FALSE,FALSE,FALSE,Neither actor dominant
1,2011,42210,34.76348828125,outside,0.277550756931305,0,0,TRUE,Depression,outside,FALSE,FALSE,FALSE,TRUE,FALSE,FALSE,FALSE,FALSE,FALSE,Neither actor dominant
1,2011,42365,25.811818359375,outside,0.29350009560585,0.00356159335933626,0,TRUE,Depression,outside,FALSE,FALSE,FALSE,TRUE,TRUE,FALSE,FALSE,FALSE,FALSE,Neither actor dominant
1,2011,42799,27.115494140625,outside,0.404434561729431,0,0,TRUE,Depression,outside,FALSE,FALSE,FALSE,TRUE,FALSE,FALSE,FALSE,FALSE,FALSE,Neither actor dominant
1,2011,43090,38.99358984375,outside,0.258391678333282,0.000805720221251249,0,TRUE,Depression,outside,FALSE,FALSE,FALSE,TRUE,TRUE,FALSE,FALSE,FALSE,FALSE,Neither actor dominant
1,2011,45772,37.10121484375,outside,0.291146039962769,0,0,TRUE,Depression,outside,FALSE,FALSE,FALSE,TRUE,FALSE,FALSE,FALSE,FALSE,FALSE,Neither actor dominant
1,2011,46661,38.5519140625,outside,0.416522771120071,0.00304419849999249,0.00304419849999249,TRUE,Depression,outside,FALSE,FALSE,FALSE,TRUE,TRUE,TRUE,FALSE,FALSE,FALSE,Neither actor dominant
1,2011,46662,38.13790625,outside,0.270675659179688,0,0,TRUE,Depression,outside,FALSE,FALSE,FALSE,TRUE,FALSE,FALSE,FALSE,FALSE,FALSE,Neither actor dominant
1,2011,47107,38.69431640625,outside,0.403036236763001,0,0,TRUE,Depression,outside,FALSE,FALSE,FALSE,TRUE,FALSE,FALSE,FALSE,FALSE,FALSE,Neither actor dominant
1,2011,47108,38.2753203125,outside,0.430267870426178,0,0,TRUE,Depression,outside,FALSE,FALSE,FALSE,TRUE,FALSE,FALSE,FALSE,FALSE,FALSE,Neither actor dominant
1,2011,48446,38.76209375,outside,0.254751622676849,0,0,TRUE,Depression,outside,FALSE,FALSE,FALSE,TRUE,FALSE,FALSE,FALSE,FALSE,FALSE,Neither actor dominant
1,2011,48885,42.038671875,outside,0.282812148332596,0.00304410210810602,0.00304410210810602,TRUE,Depression,outside,FALSE,FALSE,FALSE,TRUE,TRUE,TRUE,FALSE,FALSE,FALSE,Neither actor dominant
1,2011,49344,36.53080859375,outside,0.290547013282776,0,0,TRUE,Depression,outside,FALSE,FALSE,FALSE,TRUE,FALSE,FALSE,FALSE,FALSE,FALSE,Neither actor dominant
1,2011,49946,18.828169921875,outside,0.506931245326996,0,0,TRUE,Depression,outside,FALSE,FALSE,TRUE,TRUE,FALSE,FALSE,FALSE,FALSE,FALSE,Neither actor dominant
1,2011,50383,18.027755859375,outside,0.349931061267853,0,0,TRUE,Depression,outside,FALSE,FALSE,TRUE,TRUE,FALSE,FALSE,FALSE,FALSE,FALSE,Neither actor dominant
1,2011,50837,17.6139140625,outside,0.36329710483551,0,0,TRUE,Depression,outside,FALSE,FALSE,TRUE,TRUE,FALSE,FALSE,FALSE,FALSE,FALSE,Neither actor dominant
1,2011,50839,17.75528125,outside,0.282027095556259,0.00608672620728612,0.00608672620728612,TRUE,Depression,outside,FALSE,FALSE,TRUE,TRUE,TRUE,TRUE,FALSE,FALSE,FALSE,Neither actor dominant
1,2011,51284,17.1172421875,outside,0.282842457294464,0,0,TRUE,Depression,outside,FALSE,FALSE,TRUE,TRUE,FALSE,FALSE,FALSE,FALSE,FALSE,Neither actor dominant
1,2011,51285,17.18283984375,outside,0.420391350984573,0,0,TRUE,Depression,outside,FALSE,FALSE,TRUE,TRUE,FALSE,FALSE,FALSE,FALSE,FALSE,Neither actor dominant
1,2011,51730,16.568041015625,outside,0.296188145875931,0,0,TRUE,Depression,outside,FALSE,FALSE,TRUE,TRUE,FALSE,FALSE,FALSE,FALSE,FALSE,Neither actor dominant
1,2011,51731,16.62076953125,outside,0.437011897563934,0,0,TRUE,Depression,outside,FALSE,FALSE,TRUE,TRUE,FALSE,FALSE,FALSE,FALSE,FALSE,Neither actor dominant
1,2011,51733,16.770509765625,outside,0.490060716867447,0,0,TRUE,Depression,outside,FALSE,FALSE,TRUE,TRUE,FALSE,FALSE,FALSE,FALSE,FALSE,Neither actor dominant
1,2011,51981,56.18051171875,outside,0.255860984325409,0,0,TRUE,Depression,outside,FALSE,FALSE,FALSE,TRUE,FALSE,FALSE,FALSE,FALSE,FALSE,Neither actor dominant
1,2011,51982,55.70008984375,outside,0.333607107400894,0.00139406532980502,0.00139406532980502,TRUE,Depression,outside,FALSE,FALSE,FALSE,TRUE,TRUE,TRUE,FALSE,FALSE,FALSE,Neither actor dominant
1,2011,52179,16.194134765625,outside,0.272138178348541,0,0,TRUE,Depression,outside,FALSE,FALSE,TRUE,TRUE,FALSE,FALSE,FALSE,FALSE,FALSE,Neither actor dominant
1,2011,53811,35.65459375,outside,0.280726939439774,0.000234887746046297,0.000234887746046297,TRUE,Depression,outside,FALSE,FALSE,FALSE,TRUE,TRUE,TRUE,FALSE,FALSE,FALSE,Neither actor dominant
1,2011,53813,34.731109375,outside,0.588399767875671,0,0,TRUE,Depression,outside,FALSE,FALSE,FALSE,TRUE,FALSE,FALSE,FALSE,FALSE,FALSE,Neither actor dominant
1,2011,54258,35.468296875,outside,0.396762102842331,0.00115109549369663,0.00115109549369663,TRUE,Depression,outside,FALSE,FALSE,FALSE,TRUE,TRUE,TRUE,FALSE,FALSE,FALSE,Neither actor dominant
1,2011,54707,34.354765625,outside,0.350747555494308,0,0,TRUE,Depression,outside,FALSE,FALSE,FALSE,TRUE,FALSE,FALSE,FALSE,FALSE,FALSE,Neither actor dominant
1,2011,55110,55.317265625,outside,0.260859280824661,0,0,TRUE,Depression,outside,FALSE,FALSE,FALSE,TRUE,FALSE,FALSE,FALSE,FALSE,FALSE,Neither actor dominant
1,2011,55557,55.2109609375,outside,0.262617141008377,0,0,TRUE,Depression,outside,FALSE,FALSE,FALSE,TRUE,FALSE,FALSE,FALSE,FALSE,FALSE,Neither actor dominant
1,2011,56454,53.539703125,outside,0.264582902193069,0,0,TRUE,Depression,outside,FALSE,FALSE,FALSE,TRUE,FALSE,FALSE,FALSE,FALSE,FALSE,Neither actor dominant
1,2011,56488,37.020265625,outside,0.336528033018112,0,0,TRUE,Depression,outside,FALSE,FALSE,FALSE,TRUE,FALSE,FALSE,FALSE,FALSE,FALSE,Neither actor dominant
1,2011,56649,11.2805146484375,outside,0.261047720909119,0,0,TRUE,Depression,outside,FALSE,FALSE,TRUE,TRUE,FALSE,FALSE,FALSE,FALSE,FALSE,Neither actor dominant
1,2011,56933,37.845078125,outside,0.281938582658768,0,0,TRUE,Depression,outside,FALSE,FALSE,FALSE,TRUE,FALSE,FALSE,FALSE,FALSE,FALSE,Neither actor dominant
1,2011,56936,36.40055078125,outside,0.382754236459732,0,0,TRUE,Depression,outside,FALSE,FALSE,FALSE,TRUE,FALSE,FALSE,FALSE,FALSE,FALSE,Neither actor dominant
1,2011,57382,36.7491484375,outside,0.720636188983917,0.0117326499894261,0.0117326499894261,TRUE,Depression,outside,FALSE,FALSE,FALSE,TRUE,TRUE,TRUE,FALSE,FALSE,FALSE,Neither actor dominant
1,2011,57385,35.302265625,outside,0.34984216094017,0.000260943750618026,0.000260943750618026,TRUE,Depression,outside,FALSE,FALSE,FALSE,TRUE,TRUE,TRUE,FALSE,FALSE,FALSE,Neither actor dominant
1,2011,57829,36.62308203125,outside,0.777484893798828,0.000939124904107302,0.000939124904107302,TRUE,Depression,outside,FALSE,FALSE,FALSE,TRUE,TRUE,TRUE,FALSE,FALSE,FALSE,Neither actor dominant
1,2011,57834,34.20526171875,outside,0.27657887339592,0,0,TRUE,Depression,outside,FALSE,FALSE,FALSE,TRUE,FALSE,FALSE,FALSE,FALSE,FALSE,Neither actor dominant
1,2011,58247,50.71735546875,outside,0.305108964443207,0,0,TRUE,Depression,outside,FALSE,FALSE,FALSE,TRUE,FALSE,FALSE,FALSE,FALSE,FALSE,Neither actor dominant
1,2011,58274,37.47666015625,outside,0.25371778011322,0,0,TRUE,Depression,outside,FALSE,FALSE,FALSE,TRUE,FALSE,FALSE,FALSE,FALSE,FALSE,Neither actor dominant
1,2011,58282,33.59315234375,outside,0.604374349117279,0.00912994518876076,0.00608663028106093,TRUE,Depression,outside,FALSE,FALSE,FALSE,TRUE,TRUE,TRUE,FALSE,FALSE,FALSE,Neither actor dominant
1,2011,58722,36.8781796875,outside,0.302775889635086,0,0,TRUE,Depression,outside,FALSE,FALSE,FALSE,TRUE,FALSE,FALSE,FALSE,FALSE,FALSE,Neither actor dominant
1,2011,58851,13.9014384765625,outside,0.28417295217514,0.00608555879443884,0.00608555879443884,TRUE,Depression,outside,FALSE,FALSE,TRUE,TRUE,TRUE,TRUE,FALSE,FALSE,FALSE,Neither actor dominant
1,2011,59171,35.79455078125,outside,0.316831409931183,0,0,TRUE,Depression,outside,FALSE,FALSE,FALSE,TRUE,FALSE,FALSE,FALSE,FALSE,FALSE,Neither actor dominant
1,2011,59297,13.20037890625,outside,0.398899972438812,0,0,TRUE,Depression,outside,FALSE,FALSE,TRUE,TRUE,FALSE,FALSE,FALSE,FALSE,FALSE,Neither actor dominant
1,2011,59300,13.928388671875,outside,0.48653656244278,0.00304274167865515,0,TRUE,Depression,outside,FALSE,FALSE,TRUE,TRUE,TRUE,FALSE,FALSE,FALSE,FALSE,Neither actor dominant
1,2011,59618,35.69313671875,outside,0.497583389282227,0,0,TRUE,Depression,outside,FALSE,FALSE,FALSE,TRUE,FALSE,FALSE,FALSE,FALSE,FALSE,Neither actor dominant
1,2011,60637,11.715375,outside,0.498045057058334,0.00117182172834873,0.00117182172834873,TRUE,Depression,outside,FALSE,FALSE,TRUE,TRUE,TRUE,TRUE,FALSE,FALSE,FALSE,Neither actor dominant
1,2011,60638,12.0208154296875,outside,0.383849322795868,0,0,TRUE,Depression,outside,FALSE,FALSE,TRUE,TRUE,FALSE,FALSE,FALSE,FALSE,FALSE,Neither actor dominant
1,2011,61551,7.1063349609375,outside,0.256069004535675,0,0,TRUE,Depression,outside,FALSE,TRUE,TRUE,TRUE,FALSE,FALSE,FALSE,FALSE,FALSE,Neither actor dominant
1,2011,61845,39.2587578125,outside,0.307849436998367,0,0,TRUE,Depression,outside,FALSE,FALSE,FALSE,TRUE,FALSE,FALSE,FALSE,FALSE,FALSE,Neither actor dominant
1,2011,61974,9.3005380859375,outside,0.288271963596344,0,0,TRUE,Depression,outside,FALSE,TRUE,TRUE,TRUE,FALSE,FALSE,FALSE,FALSE,FALSE,Neither actor dominant
1,2011,64076,40.3112890625,outside,0.338439434766769,0,0,TRUE,Depression,outside,FALSE,FALSE,FALSE,TRUE,FALSE,FALSE,FALSE,FALSE,FALSE,Neither actor dominant
1,2011,67604,56.4358046875,outside,0.315485268831253,0,0,TRUE,Depression,outside,FALSE,FALSE,FALSE,TRUE,FALSE,FALSE,FALSE,FALSE,FALSE,Neither actor dominant
1,2011,68022,69.1989921875,outside,0.329678952693939,0,0,TRUE,Depression,outside,FALSE,FALSE,FALSE,TRUE,FALSE,FALSE,FALSE,FALSE,FALSE,Neither actor dominant
1,2011,68480,63.97655859375,outside,0.283941984176636,0,0,TRUE,Depression,outside,FALSE,FALSE,FALSE,TRUE,FALSE,FALSE,FALSE,FALSE,FALSE,Neither actor dominant
1,2011,70705,67.5962265625,outside,0.259320169687271,0.00608624611049891,0.00608624611049891,TRUE,Depression,outside,FALSE,FALSE,FALSE,TRUE,TRUE,TRUE,FALSE,FALSE,FALSE,Neither actor dominant
1,2011,70751,46.90682421875,outside,0.433781713247299,0,0,TRUE,Depression,outside,FALSE,FALSE,FALSE,TRUE,FALSE,FALSE,FALSE,FALSE,FALSE,Neither actor dominant
1,2011,71798,-2.1213203125,inside,0.407598912715912,0,0,TRUE,Depression,inside,TRUE,TRUE,TRUE,TRUE,FALSE,FALSE,FALSE,FALSE,FALSE,Neither actor dominant
1,2011,72243,-3.20156201171875,inside,0.273097813129425,0,0,TRUE,Depression,inside,TRUE,TRUE,TRUE,TRUE,FALSE,FALSE,FALSE,FALSE,FALSE,Neither actor dominant
1,2011,72485,70.6770859375,outside,0.272939682006836,0.0060861324891448,0,TRUE,Depression,outside,FALSE,FALSE,FALSE,TRUE,TRUE,FALSE,FALSE,FALSE,FALSE,Neither actor dominant
1,2011,74043,-1.58113879394531,inside,0.325749069452286,0,0,TRUE,Depression,inside,TRUE,TRUE,TRUE,TRUE,FALSE,FALSE,FALSE,FALSE,FALSE,Neither actor dominant
1,2011,74045,-1.5,inside,0.291221112012863,0.00608320534229279,0.00608320534229279,TRUE,Depression,inside,TRUE,TRUE,TRUE,TRUE,TRUE,TRUE,FALSE,FALSE,FALSE,Neither actor dominant
1,2011,74490,-2.061552734375,inside,0.408678889274597,0.0030415712390095,0.0030415712390095,TRUE,Depression,inside,TRUE,TRUE,TRUE,TRUE,TRUE,TRUE,FALSE,FALSE,FALSE,Neither actor dominant
1,2011,74937,-2.549509765625,inside,0.3280209004879,0.00304153608158231,0,TRUE,Depression,inside,TRUE,TRUE,TRUE,TRUE,TRUE,FALSE,FALSE,FALSE,FALSE,Neither actor dominant
1,2011,75349,-1.80277563476563,inside,0.391584128141403,0,0,TRUE,Depression,inside,TRUE,TRUE,TRUE,TRUE,FALSE,FALSE,FALSE,FALSE,FALSE,Neither actor dominant
1,2011,76963,65.38539453125,outside,0.308067232370377,0.0121705280616879,0.00608526403084397,TRUE,Depression,outside,FALSE,FALSE,FALSE,TRUE,TRUE,TRUE,FALSE,FALSE,FALSE,Neither actor dominant
1,2011,78683,98.23059375,outside,0.316287875175476,0,0,TRUE,Depression,outside,FALSE,FALSE,FALSE,TRUE,FALSE,FALSE,FALSE,FALSE,FALSE,Neither actor dominant
1,2011,79131,97.65884375,outside,0.286064565181732,0,0,TRUE,Depression,outside,FALSE,FALSE,FALSE,TRUE,FALSE,FALSE,FALSE,FALSE,FALSE,Neither actor dominant
1,2011,79133,96.6708359375,outside,0.321438580751419,0,0,TRUE,Depression,outside,FALSE,FALSE,FALSE,TRUE,FALSE,FALSE,FALSE,FALSE,FALSE,Neither actor dominant
1,2011,79361,-0.707106811523437,inside,0.330823302268982,0,0,TRUE,Depression,inside,TRUE,TRUE,TRUE,TRUE,FALSE,FALSE,FALSE,FALSE,FALSE,Neither actor dominant
1,2011,79808,-1.11803393554687,inside,0.426336735486984,0,0,TRUE,Depression,inside,TRUE,TRUE,TRUE,TRUE,FALSE,FALSE,FALSE,FALSE,FALSE,Neither actor dominant
1,2011,83831,-1.5,inside,0.527853548526764,0,0,TRUE,Depression,inside,TRUE,TRUE,TRUE,TRUE,FALSE,FALSE,FALSE,FALSE,FALSE,Neither actor dominant
1,2011,84150,46.4811796875,outside,0.274069041013718,0.00304173189215362,0.00304173189215362,TRUE,Depression,outside,FALSE,FALSE,FALSE,TRUE,TRUE,TRUE,FALSE,FALSE,FALSE,Neither actor dominant
1,2011,86058,1.80277563476563,outside,0.705056488513947,0,0,TRUE,Depression,outside,TRUE,TRUE,TRUE,TRUE,FALSE,FALSE,FALSE,FALSE,FALSE,Neither actor dominant
1,2011,86950,0.707106811523437,outside,0.362523019313812,0,0,TRUE,Depression,outside,TRUE,TRUE,TRUE,TRUE,FALSE,FALSE,FALSE,FALSE,FALSE,Neither actor dominant
1,2011,86953,0.707106811523437,outside,0.272333949804306,0,0,TRUE,Depression,outside,TRUE,TRUE,TRUE,TRUE,FALSE,FALSE,FALSE,FALSE,FALSE,Neither actor dominant
1,2011,88603,54.18717578125,outside,0.250540316104889,0,0,TRUE,Depression,outside,FALSE,FALSE,FALSE,TRUE,FALSE,FALSE,FALSE,FALSE,FALSE,Neither actor dominant
1,2011,90346,76.5310390625,outside,0.32248842716217,0,0,TRUE,Depression,outside,FALSE,FALSE,FALSE,TRUE,FALSE,FALSE,FALSE,FALSE,FALSE,Neither actor dominant
1,2011,90970,-4.03112890625,inside,0.383992552757263,0,0,TRUE,Depression,inside,TRUE,TRUE,TRUE,TRUE,FALSE,FALSE,FALSE,FALSE,FALSE,Neither actor dominant
1,2011,90971,-3.80788647460938,inside,0.342639535665512,0,0,TRUE,Depression,inside,TRUE,TRUE,TRUE,TRUE,FALSE,FALSE,FALSE,FALSE,FALSE,Neither actor dominant
1,2011,93076,52.3450078125,outside,0.277147114276886,0,0,TRUE,Depression,outside,FALSE,FALSE,FALSE,TRUE,FALSE,FALSE,FALSE,FALSE,FALSE,Neither actor dominant
1,2011,93453,82.3786953125,outside,0.319294422864914,0,0,TRUE,Depression,outside,FALSE,FALSE,FALSE,TRUE,FALSE,FALSE,FALSE,FALSE,FALSE,Neither actor dominant
1,2011,93466,77.8973671875,outside,0.297220796346664,0,0,TRUE,Depression,outside,FALSE,FALSE,FALSE,TRUE,FALSE,FALSE,FALSE,FALSE,FALSE,Neither actor dominant
1,2011,93966,54.23098828125,outside,0.265225440263748,0,0,TRUE,Depression,outside,FALSE,FALSE,FALSE,TRUE,FALSE,FALSE,FALSE,FALSE,FALSE,Neither actor dominant
1,2011,93968,53.235328125,outside,0.252434074878693,0,0,TRUE,Depression,outside,FALSE,FALSE,FALSE,TRUE,FALSE,FALSE,FALSE,FALSE,FALSE,Neither actor dominant
1,2011,94532,-4.5,inside,0.316932439804077,0,0,TRUE,Depression,inside,TRUE,TRUE,TRUE,TRUE,FALSE,FALSE,FALSE,FALSE,FALSE,Neither actor dominant
1,2011,94803,78.155296875,outside,0.459168910980225,0,0,TRUE,Depression,outside,FALSE,FALSE,FALSE,TRUE,FALSE,FALSE,FALSE,FALSE,FALSE,Neither actor dominant
1,2011,94977,-3.5,inside,0.426982253789902,0,0,TRUE,Depression,inside,TRUE,TRUE,TRUE,TRUE,FALSE,FALSE,FALSE,FALSE,FALSE,Neither actor dominant
1,2011,94978,-4,inside,0.587501466274262,0,0,TRUE,Depression,inside,TRUE,TRUE,TRUE,TRUE,FALSE,FALSE,FALSE,FALSE,FALSE,Neither actor dominant
1,2011,94982,-5.83095166015625,inside,0.307002782821655,0,0,TRUE,Depression,inside,FALSE,TRUE,TRUE,TRUE,FALSE,FALSE,FALSE,FALSE,FALSE,Neither actor dominant
1,2011,97522,62.74751171875,outside,0.284054338932037,0,0,TRUE,Depression,outside,FALSE,FALSE,FALSE,TRUE,FALSE,FALSE,FALSE,FALSE,FALSE,Neither actor dominant
1,2011,98092,2.549509765625,outside,0.440464347600937,0,0,TRUE,Depression,outside,TRUE,TRUE,TRUE,TRUE,FALSE,FALSE,FALSE,FALSE,FALSE,Neither actor dominant
1,2011,98381,74.6006015625,outside,0.391325980424881,0,0,TRUE,Depression,outside,FALSE,FALSE,FALSE,TRUE,FALSE,FALSE,FALSE,FALSE,FALSE,Neither actor dominant
1,2011,98890,50.5024765625,outside,0.272860109806061,0,0,TRUE,Depression,outside,FALSE,FALSE,FALSE,TRUE,FALSE,FALSE,FALSE,FALSE,FALSE,Neither actor dominant
1,2011,99716,75.7132734375,outside,0.675713956356049,0,0,TRUE,Depression,outside,FALSE,FALSE,FALSE,TRUE,FALSE,FALSE,FALSE,FALSE,FALSE,Neither actor dominant
1,2011,99785,50.02249609375,outside,0.25509774684906,0,0,TRUE,Depression,outside,FALSE,FALSE,FALSE,TRUE,FALSE,FALSE,FALSE,FALSE,FALSE,Neither actor dominant
1,2011,100609,75.4072265625,outside,0.394644618034363,0,0,TRUE,Depression,outside,FALSE,FALSE,FALSE,TRUE,FALSE,FALSE,FALSE,FALSE,FALSE,Neither actor dominant
1,2011,100619,71.7722109375,outside,0.30880731344223,0,0,TRUE,Depression,outside,FALSE,FALSE,FALSE,TRUE,FALSE,FALSE,FALSE,FALSE,FALSE,Neither actor dominant
1,2011,100679,50.0624609375,outside,0.397293657064438,0,0,TRUE,Depression,outside,FALSE,FALSE,FALSE,TRUE,FALSE,FALSE,FALSE,FALSE,FALSE,Neither actor dominant
1,2011,101218,5,outside,0.318527936935425,0,0,TRUE,Depression,outside,TRUE,TRUE,TRUE,TRUE,FALSE,FALSE,FALSE,FALSE,FALSE,Neither actor dominant
1,2011,102114,4.71699072265625,outside,0.342104613780975,0.00311530055478215,0.00311530055478215,TRUE,Depression,outside,TRUE,TRUE,TRUE,TRUE,TRUE,TRUE,FALSE,FALSE,FALSE,Neither actor dominant
1,2011,102405,71.1073125,outside,0.313133358955383,0,0,TRUE,Depression,outside,FALSE,FALSE,FALSE,TRUE,FALSE,FALSE,FALSE,FALSE,FALSE,Neither actor dominant
1,2011,102413,68.23671875,outside,0.259991347789764,0,0,TRUE,Depression,outside,FALSE,FALSE,FALSE,TRUE,FALSE,FALSE,FALSE,FALSE,FALSE,Neither actor dominant
1,2011,102562,4.6097724609375,outside,0.250030159950256,0,0,TRUE,Depression,outside,TRUE,TRUE,TRUE,TRUE,FALSE,FALSE,FALSE,FALSE,FALSE,Neither actor dominant
1,2011,102563,4.242640625,outside,0.291290462017059,0,0,TRUE,Depression,outside,TRUE,TRUE,TRUE,TRUE,FALSE,FALSE,FALSE,FALSE,FALSE,Neither actor dominant
1,2011,103265,83.76903125,outside,0.325209319591522,0,0,TRUE,Depression,outside,FALSE,FALSE,FALSE,TRUE,FALSE,FALSE,FALSE,FALSE,FALSE,Neither actor dominant
1,2011,103455,5.6568544921875,outside,0.427131235599518,0,0,TRUE,Depression,outside,FALSE,TRUE,TRUE,TRUE,FALSE,FALSE,FALSE,FALSE,FALSE,Neither actor dominant
1,2011,103456,5.31507275390625,outside,0.449434816837311,0.00303957727737725,0.00303957727737725,TRUE,Depression,outside,FALSE,TRUE,TRUE,TRUE,TRUE,TRUE,FALSE,FALSE,FALSE,Neither actor dominant
1,2011,104212,62.96824609375,outside,0.439050108194351,0.00204576714895666,0,TRUE,Depression,outside,FALSE,FALSE,FALSE,TRUE,TRUE,FALSE,FALSE,FALSE,FALSE,Neither actor dominant
1,2011,104694,49.9524765625,outside,0.339353382587433,0,0,TRUE,Depression,outside,FALSE,FALSE,FALSE,TRUE,FALSE,FALSE,FALSE,FALSE,FALSE,Neither actor dominant
1,2011,104782,12.2065556640625,outside,0.348109871149063,0,0,TRUE,Depression,outside,FALSE,FALSE,TRUE,TRUE,FALSE,FALSE,FALSE,FALSE,FALSE,Neither actor dominant
1,2011,105705,4.30116259765625,outside,0.455732643604279,0,0,TRUE,Depression,outside,TRUE,TRUE,TRUE,TRUE,FALSE,FALSE,FALSE,FALSE,FALSE,Neither actor dominant
1,2011,105706,4.03112890625,outside,0.535318553447723,0,0,TRUE,Depression,outside,TRUE,TRUE,TRUE,TRUE,FALSE,FALSE,FALSE,FALSE,FALSE,Neither actor dominant
1,2011,106013,57.168609375,outside,0.444255501031876,0,0,TRUE,Depression,outside,FALSE,FALSE,FALSE,TRUE,FALSE,FALSE,FALSE,FALSE,FALSE,Neither actor dominant
1,2011,106154,4.242640625,outside,0.391904175281525,0,0,TRUE,Depression,outside,TRUE,TRUE,TRUE,TRUE,FALSE,FALSE,FALSE,FALSE,FALSE,Neither actor dominant
1,2011,106601,4.6097724609375,outside,0.396964609622955,0,0,TRUE,Depression,outside,TRUE,TRUE,TRUE,TRUE,FALSE,FALSE,FALSE,FALSE,FALSE,Neither actor dominant
1,2011,106842,81.1449296875,outside,0.307222425937653,0,0,TRUE,Depression,outside,FALSE,FALSE,FALSE,TRUE,FALSE,FALSE,FALSE,FALSE,FALSE,Neither actor dominant
1,2011,106905,57.054796875,outside,0.353427767753601,0.00608060928061605,0.00304030464030802,TRUE,Depression,outside,FALSE,FALSE,FALSE,TRUE,TRUE,TRUE,FALSE,FALSE,FALSE,Neither actor dominant
1,2011,106906,56.72741796875,outside,0.279320180416107,0,0,TRUE,Depression,outside,FALSE,FALSE,FALSE,TRUE,FALSE,FALSE,FALSE,FALSE,FALSE,Neither actor dominant
1,2011,106907,56.4025703125,outside,0.286708772182465,0,0,TRUE,Depression,outside,FALSE,FALSE,FALSE,TRUE,FALSE,FALSE,FALSE,FALSE,FALSE,Neither actor dominant
1,2011,106908,56.08030078125,outside,0.422293961048126,0.00304027320817113,0.00304027320817113,TRUE,Depression,outside,FALSE,FALSE,FALSE,TRUE,TRUE,TRUE,FALSE,FALSE,FALSE,Neither actor dominant
1,2011,108387,6.8007353515625,outside,0.339108347892761,0,0,TRUE,Depression,outside,FALSE,TRUE,TRUE,TRUE,FALSE,FALSE,FALSE,FALSE,FALSE,Neither actor dominant
1,2011,108390,6.04152294921875,outside,0.268944799900055,0,0,TRUE,Depression,outside,FALSE,TRUE,TRUE,TRUE,FALSE,FALSE,FALSE,FALSE,FALSE,Neither actor dominant
1,2011,109140,55.195109375,outside,0.320867151021957,0,0,TRUE,Depression,outside,FALSE,FALSE,FALSE,TRUE,FALSE,FALSE,FALSE,FALSE,FALSE,Neither actor dominant
1,2011,110431,73.5136015625,outside,0.289645940065384,0,0,TRUE,Depression,outside,FALSE,FALSE,FALSE,TRUE,FALSE,FALSE,FALSE,FALSE,FALSE,Neither actor dominant
1,2011,110484,53.07541796875,outside,0.309486567974091,0,0,TRUE,Depression,outside,FALSE,FALSE,FALSE,TRUE,FALSE,FALSE,FALSE,FALSE,FALSE,Neither actor dominant
1,2011,110933,52.0312421875,outside,0.262939810752869,0,0,TRUE,Depression,outside,FALSE,FALSE,FALSE,TRUE,FALSE,FALSE,FALSE,FALSE,FALSE,Neither actor dominant
1,2011,111311,79.0142421875,outside,0.344391018152237,0,0,TRUE,Depression,outside,FALSE,FALSE,FALSE,TRUE,FALSE,FALSE,FALSE,FALSE,FALSE,Neither actor dominant
1,2011,111312,78.577984375,outside,0.336895436048508,0.00912205129861832,0.00912205129861832,TRUE,Depression,outside,FALSE,FALSE,FALSE,TRUE,TRUE,TRUE,FALSE,FALSE,FALSE,Neither actor dominant
1,2011,111328,71.7112265625,outside,0.367998063564301,0,0,TRUE,Depression,outside,FALSE,FALSE,FALSE,TRUE,FALSE,FALSE,FALSE,FALSE,FALSE,Neither actor dominant
1,2011,112245,61.70291796875,outside,0.275610476732254,0,0,TRUE,Depression,outside,FALSE,FALSE,FALSE,TRUE,FALSE,FALSE,FALSE,FALSE,FALSE,Neither actor dominant
1,2011,113281,11.715375,outside,0.314404785633087,0,0,TRUE,Depression,outside,FALSE,FALSE,TRUE,TRUE,FALSE,FALSE,FALSE,FALSE,FALSE,Neither actor dominant
1,2011,114631,7.2111025390625,outside,0.310841083526611,0,0,TRUE,Depression,outside,FALSE,TRUE,TRUE,TRUE,FALSE,FALSE,FALSE,FALSE,FALSE,Neither actor dominant
1,2011,115333,77.370859375,outside,0.30135652422905,0,0,TRUE,Depression,outside,FALSE,FALSE,FALSE,TRUE,FALSE,FALSE,FALSE,FALSE,FALSE,Neither actor dominant
1,2011,115385,55.2109609375,outside,0.285621404647827,0,0,TRUE,Depression,outside,FALSE,FALSE,FALSE,TRUE,FALSE,FALSE,FALSE,FALSE,FALSE,Neither actor dominant
1,2011,115525,6.7082041015625,outside,0.475140273571014,0,0,TRUE,Depression,outside,FALSE,TRUE,TRUE,TRUE,FALSE,FALSE,FALSE,FALSE,FALSE,Neither actor dominant
1,2011,115780,77.1524453125,outside,0.255865097045898,0,0,TRUE,Depression,outside,FALSE,FALSE,FALSE,TRUE,FALSE,FALSE,FALSE,FALSE,FALSE,Neither actor dominant
1,2011,115782,76.2528671875,outside,0.295711636543274,0,0,TRUE,Depression,outside,FALSE,FALSE,FALSE,TRUE,FALSE,FALSE,FALSE,FALSE,FALSE,Neither actor dominant
1,2011,116251,66.2966796875,outside,0.278470516204834,0,0,TRUE,Depression,outside,FALSE,FALSE,FALSE,TRUE,FALSE,FALSE,FALSE,FALSE,FALSE,Neither actor dominant
1,2011,116268,59.07622265625,outside,0.346622884273529,0,0,TRUE,Depression,outside,FALSE,FALSE,FALSE,TRUE,FALSE,FALSE,FALSE,FALSE,FALSE,Neither actor dominant
1,2011,116436,-1.11803393554687,inside,0.483193635940552,0,0,TRUE,Depression,inside,TRUE,TRUE,TRUE,TRUE,FALSE,FALSE,FALSE,FALSE,FALSE,Neither actor dominant
1,2011,116676,75.818859375,outside,0.462570488452911,0,0,TRUE,Depression,outside,FALSE,FALSE,FALSE,TRUE,FALSE,FALSE,FALSE,FALSE,FALSE,Neither actor dominant
1,2011,116678,74.9166171875,outside,0.270709961652756,0,0,TRUE,Depression,outside,FALSE,FALSE,FALSE,TRUE,FALSE,FALSE,FALSE,FALSE,FALSE,Neither actor dominant
1,2011,116721,56.32273046875,outside,0.275213330984116,0,0,TRUE,Depression,outside,FALSE,FALSE,FALSE,TRUE,FALSE,FALSE,FALSE,FALSE,FALSE,Neither actor dominant
1,2011,117571,74.941640625,outside,0.287836402654648,0,0,TRUE,Depression,outside,FALSE,FALSE,FALSE,TRUE,FALSE,FALSE,FALSE,FALSE,FALSE,Neither actor dominant
1,2011,119386,61.97176953125,outside,0.421456426382065,0,0,TRUE,Depression,outside,FALSE,FALSE,FALSE,TRUE,FALSE,FALSE,FALSE,FALSE,FALSE,Neither actor dominant
1,2011,119389,60.6568203125,outside,0.28463739156723,0,0,TRUE,Depression,outside,FALSE,FALSE,FALSE,TRUE,FALSE,FALSE,FALSE,FALSE,FALSE,Neither actor dominant
1,2011,121623,59.9270390625,outside,0.256935775279999,0,0,TRUE,Depression,outside,FALSE,FALSE,FALSE,TRUE,FALSE,FALSE,FALSE,FALSE,FALSE,Neither actor dominant
1,2011,122531,53.27523046875,outside,0.306062042713165,0,0,TRUE,Depression,outside,FALSE,FALSE,FALSE,TRUE,FALSE,FALSE,FALSE,FALSE,FALSE,Neither actor dominant
1,2011,122966,58.36523046875,outside,0.285137742757797,0,0,TRUE,Depression,outside,FALSE,FALSE,FALSE,TRUE,FALSE,FALSE,FALSE,FALSE,FALSE,Neither actor dominant
1,2011,125221,48.32442578125,outside,0.300570160150528,0.00180496647953987,0,TRUE,Depression,outside,FALSE,FALSE,FALSE,TRUE,TRUE,FALSE,FALSE,FALSE,FALSE,Neither actor dominant
1,2011,125222,47.88528125,outside,0.334729671478272,0,0,TRUE,Depression,outside,FALSE,FALSE,FALSE,TRUE,FALSE,FALSE,FALSE,FALSE,FALSE,Neither actor dominant
1,2011,127026,39.96248046875,outside,0.267907917499542,0,0,TRUE,Depression,outside,FALSE,FALSE,FALSE,TRUE,FALSE,FALSE,FALSE,FALSE,FALSE,Neither actor dominant
1,2011,128356,44.05110546875,outside,0.363804906606674,0,0,TRUE,Depression,outside,FALSE,FALSE,FALSE,TRUE,FALSE,FALSE,FALSE,FALSE,FALSE,Neither actor dominant
1,2011,130149,40.92981640625,outside,0.285086005926132,0,0,TRUE,Depression,outside,FALSE,FALSE,FALSE,TRUE,FALSE,FALSE,FALSE,FALSE,FALSE,Neither actor dominant
1,2011,134688,10.9658564453125,outside,0.294428318738937,0,0,TRUE,Depression,outside,FALSE,FALSE,TRUE,TRUE,FALSE,FALSE,FALSE,FALSE,FALSE,Neither actor dominant
1,2011,137284,46.44620703125,outside,0.394401848316193,0,0,TRUE,Depression,outside,FALSE,FALSE,FALSE,TRUE,FALSE,FALSE,FALSE,FALSE,FALSE,Neither actor dominant
1,2011,139179,0.5,outside,0.304550111293793,0,0,TRUE,Depression,outside,TRUE,TRUE,TRUE,TRUE,FALSE,FALSE,FALSE,FALSE,FALSE,Neither actor dominant
1,2011,142700,19.780041015625,outside,0.368829280138016,0,0,TRUE,Depression,outside,FALSE,FALSE,TRUE,TRUE,FALSE,FALSE,FALSE,FALSE,FALSE,Neither actor dominant
1,2011,144482,22.276669921875,outside,0.288986295461655,0,0,TRUE,Depression,outside,FALSE,FALSE,FALSE,TRUE,FALSE,FALSE,FALSE,FALSE,FALSE,Neither actor dominant
1,2011,146718,21.523244140625,outside,0.357663780450821,0.00607337709516287,0.00607337709516287,TRUE,Depression,outside,FALSE,FALSE,FALSE,TRUE,TRUE,TRUE,FALSE,FALSE,FALSE,Neither actor dominant
1,2011,147128,40.003125,outside,0.362714141607285,0,0,TRUE,Depression,outside,FALSE,FALSE,FALSE,TRUE,FALSE,FALSE,FALSE,FALSE,FALSE,Neither actor dominant
1,2011,148057,22.5,outside,0.512055695056915,0.00249734125100076,0.00249734125100076,TRUE,Depression,outside,FALSE,FALSE,FALSE,TRUE,TRUE,TRUE,FALSE,FALSE,FALSE,Neither actor dominant
1,2011,153022,3.5,outside,0.385781794786453,0,0,TRUE,Depression,outside,TRUE,TRUE,TRUE,TRUE,FALSE,FALSE,FALSE,FALSE,FALSE,Neither actor dominant
1,2011,153351,55.2268046875,outside,0.312840312719345,0,0,TRUE,Depression,outside,FALSE,FALSE,FALSE,TRUE,FALSE,FALSE,FALSE,FALSE,FALSE,Neither actor dominant
1,2011,153427,20.402205078125,outside,0.365730941295624,0,0,TRUE,Depression,outside,FALSE,FALSE,FALSE,TRUE,FALSE,FALSE,FALSE,FALSE,FALSE,Neither actor dominant
1,2011,158283,46.15733984375,outside,0.283319473266602,0,0,TRUE,Depression,outside,FALSE,FALSE,FALSE,TRUE,FALSE,FALSE,FALSE,FALSE,FALSE,Neither actor dominant
1,2011,159626,44.36496484375,outside,0.322906017303467,0,0,TRUE,Depression,outside,FALSE,FALSE,FALSE,TRUE,FALSE,FALSE,FALSE,FALSE,FALSE,Neither actor dominant
1,2011,160521,43.278171875,outside,0.332520246505737,0.00303606572560966,0,TRUE,Depression,outside,FALSE,FALSE,FALSE,TRUE,TRUE,FALSE,FALSE,FALSE,FALSE,Neither actor dominant
1,2011,160968,42.89813671875,outside,0.376545786857605,0.00607205415144563,0.00607205415144563,TRUE,Depression,outside,FALSE,FALSE,FALSE,TRUE,TRUE,TRUE,FALSE,FALSE,FALSE,Neither actor dominant
1,2011,161484,19.81161328125,outside,0.264379590749741,0,0,TRUE,Depression,outside,FALSE,FALSE,TRUE,TRUE,FALSE,FALSE,FALSE,FALSE,FALSE,Neither actor dominant
1,2011,161855,44.5477265625,outside,0.360375255346298,0,0,TRUE,Depression,outside,FALSE,FALSE,FALSE,TRUE,FALSE,FALSE,FALSE,FALSE,FALSE,Neither actor dominant
1,2011,163288,14.11559375,outside,0.308957517147064,0,0,TRUE,Depression,outside,FALSE,FALSE,TRUE,TRUE,FALSE,FALSE,FALSE,FALSE,FALSE,Neither actor dominant
1,2011,164995,38.2099453125,outside,0.300069570541382,0,0,TRUE,Depression,outside,FALSE,FALSE,FALSE,TRUE,FALSE,FALSE,FALSE,FALSE,FALSE,Neither actor dominant
1,2011,165478,27.060119140625,outside,0.50378543138504,0,0,TRUE,Depression,outside,FALSE,FALSE,FALSE,TRUE,FALSE,FALSE,FALSE,FALSE,FALSE,Neither actor dominant
1,2011,166318,43.90045703125,outside,0.25071594119072,0,0,TRUE,Depression,outside,FALSE,FALSE,FALSE,TRUE,FALSE,FALSE,FALSE,FALSE,FALSE,Neither actor dominant
1,2011,166330,39.28422265625,outside,0.280860930681229,0,0,TRUE,Depression,outside,FALSE,FALSE,FALSE,TRUE,FALSE,FALSE,FALSE,FALSE,FALSE,Neither actor dominant
1,2011,166777,38.94868359375,outside,0.376162648200989,0,0,TRUE,Depression,outside,FALSE,FALSE,FALSE,TRUE,FALSE,FALSE,FALSE,FALSE,FALSE,Neither actor dominant
1,2011,167656,44.24081640625,outside,0.385413825511932,0,0,TRUE,Depression,outside,FALSE,FALSE,FALSE,TRUE,FALSE,FALSE,FALSE,FALSE,FALSE,Neither actor dominant
1,2011,168546,45.36794140625,outside,0.253036856651306,0.00303561938926578,0,TRUE,Depression,outside,FALSE,FALSE,FALSE,TRUE,TRUE,FALSE,FALSE,FALSE,FALSE,Neither actor dominant
1,2011,169461,36.23534375,outside,0.28865122795105,0,0,TRUE,Depression,outside,FALSE,FALSE,FALSE,TRUE,FALSE,FALSE,FALSE,FALSE,FALSE,Neither actor dominant
1,2011,169467,33.97057421875,outside,0.278209775686264,0,0,TRUE,Depression,outside,FALSE,FALSE,FALSE,TRUE,FALSE,FALSE,FALSE,FALSE,FALSE,Neither actor dominant
1,2011,169934,26.907248046875,outside,0.363190084695816,0,0,TRUE,Depression,outside,FALSE,FALSE,FALSE,TRUE,FALSE,FALSE,FALSE,FALSE,FALSE,Neither actor dominant
1,2011,170784,42.79310546875,outside,0.296108543872833,0,0,TRUE,Depression,outside,FALSE,FALSE,FALSE,TRUE,FALSE,FALSE,FALSE,FALSE,FALSE,Neither actor dominant
1,2011,170786,41.9314921875,outside,0.266006380319595,0,0,TRUE,Depression,outside,FALSE,FALSE,FALSE,TRUE,FALSE,FALSE,FALSE,FALSE,FALSE,Neither actor dominant
1,2011,170804,34.51448828125,outside,0.319251865148544,0,0,TRUE,Depression,outside,FALSE,FALSE,FALSE,TRUE,FALSE,FALSE,FALSE,FALSE,FALSE,Neither actor dominant
1,2011,171252,33.81198046875,outside,0.260204970836639,0,0,TRUE,Depression,outside,FALSE,FALSE,FALSE,TRUE,FALSE,FALSE,FALSE,FALSE,FALSE,Neither actor dominant
1,2011,172159,28.284271484375,outside,0.373505085706711,0,0,TRUE,Depression,outside,FALSE,FALSE,FALSE,TRUE,FALSE,FALSE,FALSE,FALSE,FALSE,Neither actor dominant
1,2011,172606,27.932955078125,outside,0.394516319036484,0,0,TRUE,Depression,outside,FALSE,FALSE,FALSE,TRUE,FALSE,FALSE,FALSE,FALSE,FALSE,Neither actor dominant
1,2011,173912,41.5962734375,outside,0.288832396268845,0.00303512578830123,0.00303512578830123,TRUE,Depression,outside,FALSE,FALSE,FALSE,TRUE,TRUE,TRUE,FALSE,FALSE,FALSE,Neither actor dominant
1,2011,173915,40.24922265625,outside,0.342800885438919,0,0,TRUE,Depression,outside,FALSE,FALSE,FALSE,TRUE,FALSE,FALSE,FALSE,FALSE,FALSE,Neither actor dominant
1,2011,174808,40.26475,outside,0.27201172709465,0,0,TRUE,Depression,outside,FALSE,FALSE,FALSE,TRUE,FALSE,FALSE,FALSE,FALSE,FALSE,Neither actor dominant
1,2011,175261,37.34300390625,outside,0.290215104818344,0,0,TRUE,Depression,outside,FALSE,FALSE,FALSE,TRUE,FALSE,FALSE,FALSE,FALSE,FALSE,Neither actor dominant
1,2011,175724,30.103986328125,outside,0.294002771377564,0,0,TRUE,Depression,outside,FALSE,FALSE,FALSE,TRUE,FALSE,FALSE,FALSE,FALSE,FALSE,Neither actor dominant
1,2011,176615,30.886890625,outside,0.402090668678284,0,0,TRUE,Depression,outside,FALSE,FALSE,FALSE,TRUE,FALSE,FALSE,FALSE,FALSE,FALSE,Neither actor dominant
1,2011,177500,34.44198046875,outside,0.268182069063187,0,0,TRUE,Depression,outside,FALSE,FALSE,FALSE,TRUE,FALSE,FALSE,FALSE,FALSE,FALSE,Neither actor dominant
1,2011,177514,28.21790234375,outside,0.327951073646545,0,0,TRUE,Depression,outside,FALSE,FALSE,FALSE,TRUE,FALSE,FALSE,FALSE,FALSE,FALSE,Neither actor dominant
1,2011,177978,20.934421875,outside,0.299258917570114,0.0119557259604335,0.00285289180465043,TRUE,Depression,outside,FALSE,FALSE,FALSE,TRUE,TRUE,TRUE,FALSE,FALSE,FALSE,Neither actor dominant
1,2011,178393,34.4383515625,outside,0.468298375606537,0,0,TRUE,Depression,outside,FALSE,FALSE,FALSE,TRUE,FALSE,FALSE,FALSE,FALSE,FALSE,Neither actor dominant
1,2011,180637,29.300169921875,outside,0.265113711357117,0,0,TRUE,Depression,outside,FALSE,FALSE,FALSE,TRUE,FALSE,FALSE,FALSE,FALSE,FALSE,Neither actor dominant
1,2011,181062,39.37321484375,outside,0.340424180030823,0,0,TRUE,Depression,outside,FALSE,FALSE,FALSE,TRUE,FALSE,FALSE,FALSE,FALSE,FALSE,Neither actor dominant
1,2011,181091,25.942244140625,outside,0.366656810045242,0,0,TRUE,Depression,outside,FALSE,FALSE,FALSE,TRUE,FALSE,FALSE,FALSE,FALSE,FALSE,Neither actor dominant
1,2011,181508,39.702015625,outside,0.301292598247528,0.00303449458442628,0.00303449458442628,TRUE,Depression,outside,FALSE,FALSE,FALSE,TRUE,TRUE,TRUE,FALSE,FALSE,FALSE,Neither actor dominant
1,2011,183316,29.56771875,outside,0.317038238048553,0,0,TRUE,Depression,outside,FALSE,FALSE,FALSE,TRUE,FALSE,FALSE,FALSE,FALSE,FALSE,Neither actor dominant
1,2011,186471,16.155494140625,outside,0.262234151363373,0,0,TRUE,Depression,outside,FALSE,FALSE,TRUE,TRUE,FALSE,FALSE,FALSE,FALSE,FALSE,Neither actor dominant
1,2011,189127,28.160255859375,outside,0.281133741140366,0.00303357862867415,0.00303357862867415,TRUE,Depression,outside,FALSE,FALSE,FALSE,TRUE,TRUE,TRUE,FALSE,FALSE,FALSE,Neither actor dominant
1,2011,192220,46.00271875,outside,0.267810553312302,0,0,TRUE,Depression,outside,FALSE,FALSE,FALSE,TRUE,FALSE,FALSE,FALSE,FALSE,FALSE,Neither actor dominant
1,2011,205197,40.7461640625,outside,0.302551507949829,0.0242592077702284,0,TRUE,Depression,outside,FALSE,FALSE,FALSE,TRUE,TRUE,FALSE,FALSE,FALSE,FALSE,Neither actor dominant
1,2011,221706,88.7426015625,outside,0.260987848043442,0.00908754020929337,0.00908754020929337,TRUE,Depression,outside,FALSE,FALSE,FALSE,TRUE,TRUE,TRUE,FALSE,FALSE,FALSE,Neither actor dominant
1,2012,742,74.5553515625,outside,0.272022068500519,0.0121884299442172,0.00914132222533226,TRUE,Depression,outside,FALSE,FALSE,FALSE,TRUE,TRUE,TRUE,FALSE,FALSE,FALSE,Neither actor dominant
1,2012,779,72.9126171875,outside,0.259503811597824,0.0013341351877898,0.0013341351877898,TRUE,Depression,outside,FALSE,FALSE,FALSE,TRUE,TRUE,TRUE,FALSE,FALSE,FALSE,Neither actor dominant
1,2012,1606,72.515515625,outside,0.252910137176514,0.0182826612144709,0.0152355507016182,TRUE,Depression,outside,FALSE,FALSE,FALSE,TRUE,TRUE,TRUE,FALSE,FALSE,FALSE,Neither actor dominant
1,2012,1639,73.40640625,outside,0.323219060897827,0.00609407667070627,0,TRUE,Depression,outside,FALSE,FALSE,FALSE,TRUE,TRUE,FALSE,FALSE,FALSE,FALSE,Neither actor dominant
1,2012,1641,73.2563984375,outside,0.257133960723877,0.0163831189274788,0.0119669735431671,TRUE,Depression,outside,FALSE,FALSE,FALSE,TRUE,TRUE,TRUE,FALSE,FALSE,FALSE,Neither actor dominant
1,2012,1784,82.346828125,outside,0.276609987020493,0.0396140292286873,0.0152361653745174,TRUE,Depression,outside,FALSE,FALSE,FALSE,TRUE,TRUE,TRUE,FALSE,FALSE,FALSE,Neither actor dominant
1,2012,2089,72.691125,outside,0.352224081754684,0,0,TRUE,Depression,outside,FALSE,FALSE,FALSE,TRUE,FALSE,FALSE,FALSE,FALSE,FALSE,Neither actor dominant
1,2012,3070,71.2074453125,outside,0.254367023706436,0,0,TRUE,Depression,outside,FALSE,FALSE,FALSE,TRUE,FALSE,FALSE,FALSE,FALSE,FALSE,Neither actor dominant
1,2012,3427,71.4317890625,outside,0.250311315059662,0.0414322502911091,0.0243752766400576,TRUE,Depression,outside,FALSE,FALSE,FALSE,TRUE,TRUE,TRUE,FALSE,FALSE,FALSE,Neither actor dominant
1,2012,3879,70.576203125,outside,0.255282580852509,0,0,TRUE,Depression,outside,FALSE,FALSE,FALSE,TRUE,FALSE,FALSE,FALSE,FALSE,FALSE,Neither actor dominant
1,2012,4324,70.2157421875,outside,0.257298439741135,0.0274215675890446,0.0274215675890446,TRUE,Depression,outside,FALSE,FALSE,FALSE,TRUE,TRUE,TRUE,FALSE,FALSE,FALSE,Neither actor dominant
1,2012,5214,69.5431484375,outside,0.302676975727081,0.00914034713059664,0.00914034713059664,TRUE,Depression,outside,FALSE,FALSE,FALSE,TRUE,TRUE,TRUE,FALSE,FALSE,FALSE,Neither actor dominant
1,2012,5220,69.0887109375,outside,0.314397186040878,0.0153842475265265,0.00365306925959885,TRUE,Depression,outside,FALSE,FALSE,FALSE,TRUE,TRUE,TRUE,FALSE,FALSE,FALSE,Neither actor dominant
1,2012,5579,68.390421875,outside,0.250706702470779,0,0,TRUE,Depression,outside,FALSE,FALSE,FALSE,TRUE,FALSE,FALSE,FALSE,FALSE,FALSE,Neither actor dominant
1,2012,5581,68.23671875,outside,0.307799488306046,0,0,TRUE,Depression,outside,FALSE,FALSE,FALSE,TRUE,FALSE,FALSE,FALSE,FALSE,FALSE,Neither actor dominant
1,2012,5672,68.309953125,outside,0.310915321111679,0.0091402055695653,0.0091402055695653,TRUE,Depression,outside,FALSE,FALSE,FALSE,TRUE,TRUE,TRUE,FALSE,FALSE,FALSE,Neither actor dominant
1,2012,5673,68.2641953125,outside,0.276132434606552,0,0,TRUE,Depression,outside,FALSE,FALSE,FALSE,TRUE,FALSE,FALSE,FALSE,FALSE,FALSE,Neither actor dominant
1,2012,6028,67.74215625,outside,0.297060012817383,0.00914090685546398,0.00914090685546398,TRUE,Depression,outside,FALSE,FALSE,FALSE,TRUE,TRUE,TRUE,FALSE,FALSE,FALSE,Neither actor dominant
1,2012,6111,68.3117890625,outside,0.286763191223145,0.00870416406542063,0.00870416406542063,TRUE,Depression,outside,FALSE,FALSE,FALSE,TRUE,TRUE,TRUE,FALSE,FALSE,FALSE,Neither actor dominant
1,2012,6381,87.585671875,outside,0.255507081747055,0,0,TRUE,Depression,outside,FALSE,FALSE,FALSE,TRUE,FALSE,FALSE,FALSE,FALSE,FALSE,Neither actor dominant
1,2012,6498,66.5018828125,outside,0.265298277139664,0,0,TRUE,Depression,outside,FALSE,FALSE,FALSE,TRUE,FALSE,FALSE,FALSE,FALSE,FALSE,Neither actor dominant
1,2012,6566,67.3145625,outside,0.264586329460144,0,0,TRUE,Depression,outside,FALSE,FALSE,FALSE,TRUE,FALSE,FALSE,FALSE,FALSE,FALSE,Neither actor dominant
1,2012,6953,66.153234375,outside,0.267769545316696,0,0,TRUE,Depression,outside,FALSE,FALSE,FALSE,TRUE,FALSE,FALSE,FALSE,FALSE,FALSE,Neither actor dominant
1,2012,7448,67.17328125,outside,0.301974207162857,0.0182797331362963,0.0121864881366491,TRUE,Depression,outside,FALSE,FALSE,FALSE,TRUE,TRUE,TRUE,FALSE,FALSE,FALSE,Neither actor dominant
1,2012,7917,65.517171875,outside,0.35476416349411,0.00304656405933201,0,TRUE,Depression,outside,FALSE,FALSE,FALSE,TRUE,TRUE,FALSE,FALSE,FALSE,FALSE,Neither actor dominant
1,2012,8929,73.6155546875,outside,0.252592653036118,0,0,TRUE,Depression,outside,FALSE,FALSE,FALSE,TRUE,FALSE,FALSE,FALSE,FALSE,FALSE,Neither actor dominant
1,2012,9027,98.2713046875,outside,0.258906304836273,0.00304769002832472,0.00304769002832472,TRUE,Depression,outside,FALSE,FALSE,FALSE,TRUE,TRUE,TRUE,FALSE,FALSE,FALSE,Neither actor dominant
1,2012,9993,73.669875,outside,0.270170599222183,0.00153155508451164,0.00153155508451164,TRUE,Depression,outside,FALSE,FALSE,FALSE,TRUE,TRUE,TRUE,FALSE,FALSE,FALSE,Neither actor dominant
1,2012,10557,62.57195703125,outside,0.267024338245392,0.00609286967664957,0.00609286967664957,TRUE,Depression,outside,FALSE,FALSE,FALSE,TRUE,TRUE,TRUE,FALSE,FALSE,FALSE,Neither actor dominant
1,2012,11020,62.96824609375,outside,0.267155051231384,0,0,TRUE,Depression,outside,FALSE,FALSE,FALSE,TRUE,FALSE,FALSE,FALSE,FALSE,FALSE,Neither actor dominant
1,2012,11021,63.05751171875,outside,0.270312577486038,0.00240858644247055,0,TRUE,Depression,outside,FALSE,FALSE,FALSE,TRUE,TRUE,FALSE,FALSE,FALSE,FALSE,Neither actor dominant
1,2012,11465,62.307703125,outside,0.253833919763565,0.0502775982022286,0.01579250395298,TRUE,Depression,outside,FALSE,FALSE,FALSE,TRUE,TRUE,TRUE,FALSE,FALSE,FALSE,Neither actor dominant
1,2012,11881,61.1657578125,outside,0.278257220983505,0,0,TRUE,Depression,outside,FALSE,FALSE,FALSE,TRUE,FALSE,FALSE,FALSE,FALSE,FALSE,Neither actor dominant
1,2012,11922,61.89709375,outside,0.301501542329788,0.00537551427260041,0.00537551427260041,TRUE,Depression,outside,FALSE,FALSE,FALSE,TRUE,TRUE,TRUE,FALSE,FALSE,FALSE,Neither actor dominant
1,2012,11999,60.334484375,outside,0.258381634950638,0,0,TRUE,Depression,outside,FALSE,FALSE,FALSE,TRUE,FALSE,FALSE,FALSE,FALSE,FALSE,Neither actor dominant
1,2012,13592,64.64131640625,outside,0.270708471536636,0,0,TRUE,Depression,outside,FALSE,FALSE,FALSE,TRUE,FALSE,FALSE,FALSE,FALSE,FALSE,Neither actor dominant
1,2012,13668,59.211484375,outside,0.313653916120529,0,0,TRUE,Depression,outside,FALSE,FALSE,FALSE,TRUE,FALSE,FALSE,FALSE,FALSE,FALSE,Neither actor dominant
1,2012,14113,58.61953515625,outside,0.304333925247192,0,0,TRUE,Depression,outside,FALSE,FALSE,FALSE,TRUE,FALSE,FALSE,FALSE,FALSE,FALSE,Neither actor dominant
1,2012,15318,81.329578125,outside,0.308369100093842,0,0,TRUE,Depression,outside,FALSE,FALSE,FALSE,TRUE,FALSE,FALSE,FALSE,FALSE,FALSE,Neither actor dominant
1,2012,16334,55.520265625,outside,0.271324127912521,0.00609222985804081,0.00609222985804081,TRUE,Depression,outside,FALSE,FALSE,FALSE,TRUE,TRUE,TRUE,FALSE,FALSE,FALSE,Neither actor dominant
1,2012,16449,54.5,outside,0.269158989191055,0.00775378616526723,0.00304594682529569,TRUE,Depression,outside,FALSE,FALSE,FALSE,TRUE,TRUE,TRUE,FALSE,FALSE,FALSE,Neither actor dominant
1,2012,16791,55.3827578125,outside,0.261290937662125,0,0,TRUE,Depression,outside,FALSE,FALSE,FALSE,TRUE,FALSE,FALSE,FALSE,FALSE,FALSE,Neither actor dominant
1,2012,17336,53.55837890625,outside,0.33974015712738,0,0,TRUE,Depression,outside,FALSE,FALSE,FALSE,TRUE,FALSE,FALSE,FALSE,FALSE,FALSE,Neither actor dominant
1,2012,18581,53.52803125,outside,0.267336875200272,0,0,TRUE,Depression,outside,FALSE,FALSE,FALSE,TRUE,FALSE,FALSE,FALSE,FALSE,FALSE,Neither actor dominant
1,2012,19188,58.826015625,outside,0.33856013417244,0.00609172089025378,0.00609172089025378,TRUE,Depression,outside,FALSE,FALSE,FALSE,TRUE,TRUE,TRUE,FALSE,FALSE,FALSE,Neither actor dominant
1,2012,20197,92.775265625,outside,0.29060822725296,0,0,TRUE,Depression,outside,FALSE,FALSE,FALSE,TRUE,FALSE,FALSE,FALSE,FALSE,FALSE,Neither actor dominant
1,2012,21250,50.01,outside,0.292406231164932,0.025656258687377,0.012183029204607,TRUE,Depression,outside,FALSE,FALSE,FALSE,TRUE,TRUE,TRUE,FALSE,FALSE,FALSE,Neither actor dominant
1,2012,21278,50.5,outside,0.264358371496201,0.00336338230408728,0.00336338230408728,TRUE,Depression,outside,FALSE,FALSE,FALSE,TRUE,TRUE,TRUE,FALSE,FALSE,FALSE,Neither actor dominant
1,2012,21956,104.2353125,outside,0.312012642621994,0,0,TRUE,Depression,outside,FALSE,FALSE,FALSE,TRUE,FALSE,FALSE,FALSE,FALSE,FALSE,Neither actor dominant
1,2012,22082,56.9385625,outside,0.268123179674149,0,0,TRUE,Depression,outside,FALSE,FALSE,FALSE,TRUE,FALSE,FALSE,FALSE,FALSE,FALSE,Neither actor dominant
1,2012,22131,49.20619921875,outside,0.328307211399078,0.00249915919266641,0,TRUE,Depression,outside,FALSE,FALSE,FALSE,TRUE,TRUE,FALSE,FALSE,FALSE,FALSE,Neither actor dominant
1,2012,22578,48.70831640625,outside,0.279043048620224,0,0,TRUE,Depression,outside,FALSE,FALSE,FALSE,TRUE,FALSE,FALSE,FALSE,FALSE,FALSE,Neither actor dominant
1,2012,23030,48.0416484375,outside,0.270663768053055,0.00304565695114434,0,TRUE,Depression,outside,FALSE,FALSE,FALSE,TRUE,TRUE,FALSE,FALSE,FALSE,FALSE,Neither actor dominant
1,2012,23494,47.817359375,outside,0.340538501739502,0.00913668051362038,0.00609112018719316,TRUE,Depression,outside,FALSE,FALSE,FALSE,TRUE,TRUE,TRUE,FALSE,FALSE,FALSE,Neither actor dominant
1,2012,24857,46.51075,outside,0.330610424280167,0,0,TRUE,Depression,outside,FALSE,FALSE,FALSE,TRUE,FALSE,FALSE,FALSE,FALSE,FALSE,Neither actor dominant
1,2012,26102,53.94905078125,outside,0.311183333396912,0.0061080208979547,0.00609144615009427,TRUE,Depression,outside,FALSE,FALSE,FALSE,TRUE,TRUE,TRUE,FALSE,FALSE,FALSE,Neither actor dominant
1,2012,27015,48.3037265625,outside,0.265298336744308,0,0,TRUE,Depression,outside,FALSE,FALSE,FALSE,TRUE,FALSE,FALSE,FALSE,FALSE,FALSE,Neither actor dominant
1,2012,27070,43.84632421875,outside,0.260785460472107,0.00913588516414165,0.00913588516414165,TRUE,Depression,outside,FALSE,FALSE,FALSE,TRUE,TRUE,TRUE,FALSE,FALSE,FALSE,Neither actor dominant
1,2012,27518,43.4165859375,outside,0.274806886911392,0,0,TRUE,Depression,outside,FALSE,FALSE,FALSE,TRUE,FALSE,FALSE,FALSE,FALSE,FALSE,Neither actor dominant
1,2012,28256,82.492421875,outside,0.259665846824646,0.00304620177485049,0.00304620177485049,TRUE,Depression,outside,FALSE,FALSE,FALSE,TRUE,TRUE,TRUE,FALSE,FALSE,FALSE,Neither actor dominant
1,2012,28261,80.350796875,outside,0.261680036783218,0.0241255536675453,0.0241255536675453,TRUE,Depression,outside,FALSE,FALSE,FALSE,TRUE,TRUE,TRUE,FALSE,FALSE,FALSE,Neither actor dominant
1,2012,28346,49.39635546875,outside,0.308634966611862,0,0,TRUE,Depression,outside,FALSE,FALSE,FALSE,TRUE,FALSE,FALSE,FALSE,FALSE,FALSE,Neither actor dominant
1,2012,28993,42.85148828125,outside,0.26429295539856,0.00304506067186594,0.00304506067186594,TRUE,Depression,outside,FALSE,FALSE,FALSE,TRUE,TRUE,TRUE,FALSE,FALSE,FALSE,Neither actor dominant
1,2012,30484,84.32378125,outside,0.340787827968597,0,0,TRUE,Depression,outside,FALSE,FALSE,FALSE,TRUE,FALSE,FALSE,FALSE,FALSE,FALSE,Neither actor dominant
1,2012,30485,83.882359375,outside,0.274444371461868,0.00304609350860119,0,TRUE,Depression,outside,FALSE,FALSE,FALSE,TRUE,TRUE,FALSE,FALSE,FALSE,FALSE,Neither actor dominant
1,2012,30632,39.5031640625,outside,0.25705087184906,0.00304508092813194,0,TRUE,Depression,outside,FALSE,FALSE,FALSE,TRUE,TRUE,FALSE,FALSE,FALSE,FALSE,Neither actor dominant
1,2012,32838,39.9249296875,outside,0.269864231348038,0.00304504600353539,0.00304504600353539,TRUE,Depression,outside,FALSE,FALSE,FALSE,TRUE,TRUE,TRUE,FALSE,FALSE,FALSE,Neither actor dominant
1,2012,33270,42.877734375,outside,0.310527265071869,0,0,TRUE,Depression,outside,FALSE,FALSE,FALSE,TRUE,FALSE,FALSE,FALSE,FALSE,FALSE,Neither actor dominant
1,2012,33272,42.3615390625,outside,0.345674812793732,0,0,TRUE,Depression,outside,FALSE,FALSE,FALSE,TRUE,FALSE,FALSE,FALSE,FALSE,FALSE,Neither actor dominant
1,2012,33286,39.274671875,outside,0.308648407459259,0,0,TRUE,Depression,outside,FALSE,FALSE,FALSE,TRUE,FALSE,FALSE,FALSE,FALSE,FALSE,Neither actor dominant
1,2012,33465,38.53894140625,outside,0.26140770316124,0.0152236549183726,0,TRUE,Depression,outside,FALSE,FALSE,FALSE,TRUE,TRUE,FALSE,FALSE,FALSE,FALSE,Neither actor dominant
1,2012,33718,42.190046875,outside,0.279312878847122,0,0,TRUE,Depression,outside,FALSE,FALSE,FALSE,TRUE,FALSE,FALSE,FALSE,FALSE,FALSE,Neither actor dominant
1,2012,34778,34.014703125,outside,0.252716928720474,0.0091337701305747,0.0091337701305747,TRUE,Depression,outside,FALSE,FALSE,FALSE,TRUE,TRUE,TRUE,FALSE,FALSE,FALSE,Neither actor dominant
1,2012,35057,41.46383984375,outside,0.366716295480728,0.00257914699614048,0.00257914699614048,TRUE,Depression,outside,FALSE,FALSE,FALSE,TRUE,TRUE,TRUE,FALSE,FALSE,FALSE,Neither actor dominant
1,2012,35060,40.650953125,outside,0.251829952001572,0,0,TRUE,Depression,outside,FALSE,FALSE,FALSE,TRUE,FALSE,FALSE,FALSE,FALSE,FALSE,Neither actor dominant
1,2012,35076,37.047265625,outside,0.272166073322296,0,0,TRUE,Depression,outside,FALSE,FALSE,FALSE,TRUE,FALSE,FALSE,FALSE,FALSE,FALSE,Neither actor dominant
1,2012,35487,46.34921875,outside,0.26181635260582,0,0,TRUE,Depression,outside,FALSE,FALSE,FALSE,TRUE,FALSE,FALSE,FALSE,FALSE,FALSE,Neither actor dominant
1,2012,38802,29.538111328125,outside,0.262768507003784,0.0023767170496285,0,TRUE,Depression,outside,FALSE,FALSE,FALSE,TRUE,TRUE,FALSE,FALSE,FALSE,FALSE,Neither actor dominant
1,2012,39510,43.15669140625,outside,0.260522753000259,0,0,TRUE,Depression,outside,FALSE,FALSE,FALSE,TRUE,FALSE,FALSE,FALSE,FALSE,FALSE,Neither actor dominant
1,2012,39986,33.61547265625,outside,0.2967289686203,0,0,TRUE,Depression,outside,FALSE,FALSE,FALSE,TRUE,FALSE,FALSE,FALSE,FALSE,FALSE,Neither actor dominant
1,2012,41296,42.57346484375,outside,0.286329746246338,0,0,TRUE,Depression,outside,FALSE,FALSE,FALSE,TRUE,FALSE,FALSE,FALSE,FALSE,FALSE,Neither actor dominant
1,2012,41743,42.25221875,outside,0.261810600757599,0.003044577781111,0.003044577781111,TRUE,Depression,outside,FALSE,FALSE,FALSE,TRUE,TRUE,TRUE,FALSE,FALSE,FALSE,Neither actor dominant
1,2012,46660,38.96793359375,outside,0.335566997528076,0,0,TRUE,Depression,outside,FALSE,FALSE,FALSE,TRUE,FALSE,FALSE,FALSE,FALSE,FALSE,Neither actor dominant
1,2012,46868,23.505318359375,outside,0.308197259902954,0.00938005838543177,0.00329264649190009,TRUE,Depression,outside,FALSE,FALSE,FALSE,TRUE,TRUE,TRUE,FALSE,FALSE,FALSE,Neither actor dominant
1,2012,47552,39.274671875,outside,0.328230887651444,0,0,TRUE,Depression,outside,FALSE,FALSE,FALSE,TRUE,FALSE,FALSE,FALSE,FALSE,FALSE,Neither actor dominant
1,2012,48143,20.796634765625,outside,0.260950893163681,0,0,TRUE,Depression,outside,FALSE,FALSE,FALSE,TRUE,FALSE,FALSE,FALSE,FALSE,FALSE,Neither actor dominant
1,2012,49051,19.729419921875,outside,0.253413170576096,0,0,TRUE,Depression,outside,FALSE,FALSE,TRUE,TRUE,FALSE,FALSE,FALSE,FALSE,FALSE,Neither actor dominant
1,2012,50181,62.5,outside,0.276039779186249,0,0,TRUE,Depression,outside,FALSE,FALSE,FALSE,TRUE,FALSE,FALSE,FALSE,FALSE,FALSE,Neither actor dominant
1,2012,50686,35.35533984375,outside,0.258578330278397,0,0,TRUE,Depression,outside,FALSE,FALSE,FALSE,TRUE,FALSE,FALSE,FALSE,FALSE,FALSE,Neither actor dominant
1,2012,50840,17.846568359375,outside,0.332896769046783,0,0,TRUE,Depression,outside,FALSE,FALSE,TRUE,TRUE,FALSE,FALSE,FALSE,FALSE,FALSE,Neither actor dominant
1,2012,51534,56.32051171875,outside,0.259634226560593,0,0,TRUE,Depression,outside,FALSE,FALSE,FALSE,TRUE,FALSE,FALSE,FALSE,FALSE,FALSE,Neither actor dominant
1,2012,52912,38.34709765625,outside,0.252130270004272,0,0,TRUE,Depression,outside,FALSE,FALSE,FALSE,TRUE,FALSE,FALSE,FALSE,FALSE,FALSE,Neither actor dominant
1,2012,53368,34.014703125,outside,0.363940268754959,0,0,TRUE,Depression,outside,FALSE,FALSE,FALSE,TRUE,FALSE,FALSE,FALSE,FALSE,FALSE,Neither actor dominant
1,2012,53802,39.8559921875,outside,0.272161781787872,0,0,TRUE,Depression,outside,FALSE,FALSE,FALSE,TRUE,FALSE,FALSE,FALSE,FALSE,FALSE,Neither actor dominant
1,2012,53812,35.192328125,outside,0.379097849130631,0,0,TRUE,Depression,outside,FALSE,FALSE,FALSE,TRUE,FALSE,FALSE,FALSE,FALSE,FALSE,Neither actor dominant
1,2012,54706,34.82096875,outside,0.304243355989456,0,0,TRUE,Depression,outside,FALSE,FALSE,FALSE,TRUE,FALSE,FALSE,FALSE,FALSE,FALSE,Neither actor dominant
1,2012,56044,35.73513671875,outside,0.301657408475876,0,0,TRUE,Depression,outside,FALSE,FALSE,FALSE,TRUE,FALSE,FALSE,FALSE,FALSE,FALSE,Neither actor dominant
1,2012,56201,11.6726171875,outside,0.262491762638092,0,0,TRUE,Depression,outside,FALSE,FALSE,TRUE,TRUE,FALSE,FALSE,FALSE,FALSE,FALSE,Neither actor dominant
1,2012,56876,63.25345703125,outside,0.298561155796051,0,0,TRUE,Depression,outside,FALSE,FALSE,FALSE,TRUE,FALSE,FALSE,FALSE,FALSE,FALSE,Neither actor dominant
1,2012,56935,36.88156640625,outside,0.266268849372864,0.000667160318698734,0.000667160318698734,TRUE,Depression,outside,FALSE,FALSE,FALSE,TRUE,TRUE,TRUE,FALSE,FALSE,FALSE,Neither actor dominant
1,2012,57383,36.266375,outside,0.373514533042908,0,0,TRUE,Depression,outside,FALSE,FALSE,FALSE,TRUE,FALSE,FALSE,FALSE,FALSE,FALSE,Neither actor dominant
1,2012,58147,92.4026484375,outside,0.254795968532562,0,0,TRUE,Depression,outside,FALSE,FALSE,FALSE,TRUE,FALSE,FALSE,FALSE,FALSE,FALSE,Neither actor dominant
1,2012,58148,91.9483515625,outside,0.263525545597076,0,0,TRUE,Depression,outside,FALSE,FALSE,FALSE,TRUE,FALSE,FALSE,FALSE,FALSE,FALSE,Neither actor dominant
1,2012,58276,36.50342578125,outside,0.392702698707581,0,0,TRUE,Depression,outside,FALSE,FALSE,FALSE,TRUE,FALSE,FALSE,FALSE,FALSE,FALSE,Neither actor dominant
1,2012,59301,14.11559375,outside,0.266514778137207,0,0,TRUE,Depression,outside,FALSE,FALSE,TRUE,TRUE,FALSE,FALSE,FALSE,FALSE,FALSE,Neither actor dominant
1,2012,59617,36.18355859375,outside,0.333448469638824,0,0,TRUE,Depression,outside,FALSE,FALSE,FALSE,TRUE,FALSE,FALSE,FALSE,FALSE,FALSE,Neither actor dominant
1,2012,61405,35.8503828125,outside,0.286303073167801,0,0,TRUE,Depression,outside,FALSE,FALSE,FALSE,TRUE,FALSE,FALSE,FALSE,FALSE,FALSE,Neither actor dominant
1,2012,62659,71.3529921875,outside,0.313044548034668,0,0,TRUE,Depression,outside,FALSE,FALSE,FALSE,TRUE,FALSE,FALSE,FALSE,FALSE,FALSE,Neither actor dominant
1,2012,63106,71.1196171875,outside,0.259798884391785,0,0,TRUE,Depression,outside,FALSE,FALSE,FALSE,TRUE,FALSE,FALSE,FALSE,FALSE,FALSE,Neither actor dominant
1,2012,63311,6.94622216796875,outside,0.260331958532333,0,0,TRUE,Depression,outside,FALSE,TRUE,TRUE,TRUE,FALSE,FALSE,FALSE,FALSE,FALSE,Neither actor dominant
1,2012,63597,52.318734375,outside,0.302435427904129,0,0,TRUE,Depression,outside,FALSE,FALSE,FALSE,TRUE,FALSE,FALSE,FALSE,FALSE,FALSE,Neither actor dominant
1,2012,64043,52.40467578125,outside,0.250777751207352,0,0,TRUE,Depression,outside,FALSE,FALSE,FALSE,TRUE,FALSE,FALSE,FALSE,FALSE,FALSE,Neither actor dominant
1,2012,65787,70.2299765625,outside,0.314796984195709,0,0,TRUE,Depression,outside,FALSE,FALSE,FALSE,TRUE,FALSE,FALSE,FALSE,FALSE,FALSE,Neither actor dominant
1,2012,66721,52.2804921875,outside,0.324901461601257,0,0,TRUE,Depression,outside,FALSE,FALSE,FALSE,TRUE,FALSE,FALSE,FALSE,FALSE,FALSE,Neither actor dominant
1,2012,66904,6.67083203125,outside,0.258416026830673,0,0,TRUE,Depression,outside,FALSE,TRUE,TRUE,TRUE,FALSE,FALSE,FALSE,FALSE,FALSE,Neither actor dominant
1,2012,68927,63.76715625,outside,0.293426781892777,0.00865953508764505,0.00304316217079759,TRUE,Depression,outside,FALSE,FALSE,FALSE,TRUE,TRUE,TRUE,FALSE,FALSE,FALSE,Neither actor dominant
1,2012,69857,47.43680078125,outside,0.258081525564194,0.00304276403039694,0,TRUE,Depression,outside,FALSE,FALSE,FALSE,TRUE,TRUE,FALSE,FALSE,FALSE,FALSE,Neither actor dominant
1,2012,70304,47.16990625,outside,0.409143388271332,0.00246372260153294,0.00246372260153294,TRUE,Depression,outside,FALSE,FALSE,FALSE,TRUE,TRUE,TRUE,FALSE,FALSE,FALSE,Neither actor dominant
1,2012,71199,46.2195859375,outside,0.318148136138916,0.00608530174940825,0.00304265087470412,TRUE,Depression,outside,FALSE,FALSE,FALSE,TRUE,TRUE,TRUE,FALSE,FALSE,FALSE,Neither actor dominant
1,2012,71200,45.79301171875,outside,0.269924908876419,0.0060852849856019,0.0060852849856019,TRUE,Depression,outside,FALSE,FALSE,FALSE,TRUE,TRUE,TRUE,FALSE,FALSE,FALSE,Neither actor dominant
1,2012,71619,57.9762890625,outside,0.294670730829239,0,0,TRUE,Depression,outside,FALSE,FALSE,FALSE,TRUE,FALSE,FALSE,FALSE,FALSE,FALSE,Neither actor dominant
1,2012,72103,41.46383984375,outside,0.272885769605637,0,0,TRUE,Depression,outside,FALSE,FALSE,FALSE,TRUE,FALSE,FALSE,FALSE,FALSE,FALSE,Neither actor dominant
1,2012,72528,50.759234375,outside,0.256951451301575,0,0,TRUE,Depression,outside,FALSE,FALSE,FALSE,TRUE,FALSE,FALSE,FALSE,FALSE,FALSE,Neither actor dominant
1,2012,72944,64.84597265625,outside,0.290072530508041,0,0,TRUE,Depression,outside,FALSE,FALSE,FALSE,TRUE,FALSE,FALSE,FALSE,FALSE,FALSE,Neither actor dominant
1,2012,72946,63.9061796875,outside,0.271341621875763,0,0,TRUE,Depression,outside,FALSE,FALSE,FALSE,TRUE,FALSE,FALSE,FALSE,FALSE,FALSE,Neither actor dominant
1,2012,74319,48.54121875,outside,0.288266450166702,0,0,TRUE,Depression,outside,FALSE,FALSE,FALSE,TRUE,FALSE,FALSE,FALSE,FALSE,FALSE,Neither actor dominant
1,2012,74491,-2,inside,0.271796852350235,0.00304156937636435,0.00304156937636435,TRUE,Depression,inside,TRUE,TRUE,TRUE,TRUE,TRUE,TRUE,FALSE,FALSE,FALSE,Neither actor dominant
1,2012,74902,-1.58113879394531,inside,0.375834137201309,0,0,TRUE,Depression,inside,TRUE,TRUE,TRUE,TRUE,FALSE,FALSE,FALSE,FALSE,FALSE,Neither actor dominant
1,2012,74903,-2.061552734375,inside,0.269502818584442,0,0,TRUE,Depression,inside,TRUE,TRUE,TRUE,TRUE,FALSE,FALSE,FALSE,FALSE,FALSE,Neither actor dominant
1,2012,75353,-3.64005493164063,inside,0.290299206972122,0,0,TRUE,Depression,inside,TRUE,TRUE,TRUE,TRUE,FALSE,FALSE,FALSE,FALSE,FALSE,Neither actor dominant
1,2012,76247,-4.03112890625,inside,0.293188780546188,0,0,TRUE,Depression,inside,TRUE,TRUE,TRUE,TRUE,FALSE,FALSE,FALSE,FALSE,FALSE,Neither actor dominant
1,2012,78303,65.48473046875,outside,0.303688079118729,0,0,TRUE,Depression,outside,FALSE,FALSE,FALSE,TRUE,FALSE,FALSE,FALSE,FALSE,FALSE,Neither actor dominant
1,2012,78320,57.280015625,outside,0.249738350510597,0,0,TRUE,Depression,outside,FALSE,FALSE,FALSE,TRUE,FALSE,FALSE,FALSE,FALSE,FALSE,Neither actor dominant
1,2012,78466,0.707106811523437,outside,0.312643438577652,0,0,TRUE,Depression,outside,TRUE,TRUE,TRUE,TRUE,FALSE,FALSE,FALSE,FALSE,FALSE,Neither actor dominant
1,2012,78798,42.43230078125,outside,0.327973753213882,0,0,TRUE,Depression,outside,FALSE,FALSE,FALSE,TRUE,FALSE,FALSE,FALSE,FALSE,FALSE,Neither actor dominant
1,2012,79366,-2.23606787109375,inside,0.258812010288239,0.0030412960331887,0.0030412960331887,TRUE,Depression,inside,TRUE,TRUE,TRUE,TRUE,TRUE,TRUE,FALSE,FALSE,FALSE,Neither actor dominant
1,2012,79580,96.594515625,outside,0.290525585412979,0,0,TRUE,Depression,outside,FALSE,FALSE,FALSE,TRUE,FALSE,FALSE,FALSE,FALSE,FALSE,Neither actor dominant
1,2012,79693,41.60829296875,outside,0.258840292692184,0,0,TRUE,Depression,outside,FALSE,FALSE,FALSE,TRUE,FALSE,FALSE,FALSE,FALSE,FALSE,Neither actor dominant
1,2012,79696,40.20572265625,outside,0.278575003147125,0,0,TRUE,Depression,outside,FALSE,FALSE,FALSE,TRUE,FALSE,FALSE,FALSE,FALSE,FALSE,Neither actor dominant
1,2012,79712,32.8709609375,outside,0.252540975809097,0.00608364632353187,0.00608364632353187,TRUE,Depression,outside,FALSE,FALSE,FALSE,TRUE,TRUE,TRUE,FALSE,FALSE,FALSE,Neither actor dominant
1,2012,79806,-0.5,inside,0.328470408916473,0,0,TRUE,Depression,inside,TRUE,TRUE,TRUE,TRUE,FALSE,FALSE,FALSE,FALSE,FALSE,Neither actor dominant
1,2012,79807,-0.707106811523437,inside,0.603175759315491,0.00461386051028967,0.00461386051028967,TRUE,Depression,inside,TRUE,TRUE,TRUE,TRUE,TRUE,TRUE,FALSE,FALSE,FALSE,Neither actor dominant
1,2012,80158,33.105890625,outside,0.369396299123764,0,0,TRUE,Depression,outside,FALSE,FALSE,FALSE,TRUE,FALSE,FALSE,FALSE,FALSE,FALSE,Neither actor dominant
1,2012,80253,-0.5,inside,0.399206608533859,0,0,TRUE,Depression,inside,TRUE,TRUE,TRUE,TRUE,FALSE,FALSE,FALSE,FALSE,FALSE,Neither actor dominant
1,2012,80254,-1,inside,0.646908581256867,0.001531055662781,0.001531055662781,TRUE,Depression,inside,TRUE,TRUE,TRUE,TRUE,TRUE,TRUE,FALSE,FALSE,FALSE,Neither actor dominant
1,2012,80255,-1.41421362304688,inside,0.395298928022385,0,0,TRUE,Depression,inside,TRUE,TRUE,TRUE,TRUE,FALSE,FALSE,FALSE,FALSE,FALSE,Neither actor dominant
1,2012,80590,39.8559921875,outside,0.328708499670029,0,0,TRUE,Depression,outside,FALSE,FALSE,FALSE,TRUE,FALSE,FALSE,FALSE,FALSE,FALSE,Neither actor dominant
1,2012,80699,-0.5,inside,0.315838158130646,0,0,TRUE,Depression,inside,TRUE,TRUE,TRUE,TRUE,FALSE,FALSE,FALSE,FALSE,FALSE,Neither actor dominant
1,2012,80700,-0.707106811523437,inside,0.625633597373962,0,0,TRUE,Depression,inside,TRUE,TRUE,TRUE,TRUE,FALSE,FALSE,FALSE,FALSE,FALSE,Neither actor dominant
1,2012,80703,-2.061552734375,inside,0.308438718318939,0,0,TRUE,Depression,inside,TRUE,TRUE,TRUE,TRUE,FALSE,FALSE,FALSE,FALSE,FALSE,Neither actor dominant
1,2012,80709,-4.03112890625,inside,0.251645803451538,0,0,TRUE,Depression,inside,TRUE,TRUE,TRUE,TRUE,FALSE,FALSE,FALSE,FALSE,FALSE,Neither actor dominant
1,2012,81147,-0.5,inside,0.433410614728928,0,0,TRUE,Depression,inside,TRUE,TRUE,TRUE,TRUE,FALSE,FALSE,FALSE,FALSE,FALSE,Neither actor dominant
1,2012,81148,-1,inside,0.532929241657257,0,0,TRUE,Depression,inside,TRUE,TRUE,TRUE,TRUE,FALSE,FALSE,FALSE,FALSE,FALSE,Neither actor dominant
1,2012,81149,-1.5,inside,0.51748526096344,0,0,TRUE,Depression,inside,TRUE,TRUE,TRUE,TRUE,FALSE,FALSE,FALSE,FALSE,FALSE,Neither actor dominant
1,2012,81150,-2,inside,0.525633215904236,0,0,TRUE,Depression,inside,TRUE,TRUE,TRUE,TRUE,FALSE,FALSE,FALSE,FALSE,FALSE,Neither actor dominant
1,2012,81594,-0.5,inside,0.286652803421021,0,0,TRUE,Depression,inside,TRUE,TRUE,TRUE,TRUE,FALSE,FALSE,FALSE,FALSE,FALSE,Neither actor dominant
1,2012,81595,-1,inside,0.305967897176743,0,0,TRUE,Depression,inside,TRUE,TRUE,TRUE,TRUE,FALSE,FALSE,FALSE,FALSE,FALSE,Neither actor dominant
1,2012,81596,-1.5,inside,0.42707371711731,0,0,TRUE,Depression,inside,TRUE,TRUE,TRUE,TRUE,FALSE,FALSE,FALSE,FALSE,FALSE,Neither actor dominant
1,2012,81597,-2,inside,0.475962638854981,0,0,TRUE,Depression,inside,TRUE,TRUE,TRUE,TRUE,FALSE,FALSE,FALSE,FALSE,FALSE,Neither actor dominant
1,2012,82034,3.35410205078125,outside,0.299609214067459,0,0,TRUE,Depression,outside,TRUE,TRUE,TRUE,TRUE,FALSE,FALSE,FALSE,FALSE,FALSE,Neither actor dominant
1,2012,82036,2.5,outside,0.362290024757385,0,0,TRUE,Depression,outside,TRUE,TRUE,TRUE,TRUE,FALSE,FALSE,FALSE,FALSE,FALSE,Neither actor dominant
1,2012,82038,1.5,outside,0.291058540344238,0,0,TRUE,Depression,outside,TRUE,TRUE,TRUE,TRUE,FALSE,FALSE,FALSE,FALSE,FALSE,Neither actor dominant
1,2012,82043,-1.5,inside,0.334926694631577,0,0,TRUE,Depression,inside,TRUE,TRUE,TRUE,TRUE,FALSE,FALSE,FALSE,FALSE,FALSE,Neither actor dominant
1,2012,82486,1,outside,0.33940976858139,0,0,TRUE,Depression,outside,TRUE,TRUE,TRUE,TRUE,FALSE,FALSE,FALSE,FALSE,FALSE,Neither actor dominant
1,2012,82487,0.5,outside,0.428333222866058,0,0,TRUE,Depression,outside,TRUE,TRUE,TRUE,TRUE,FALSE,FALSE,FALSE,FALSE,FALSE,Neither actor dominant
1,2012,82488,-0.5,inside,0.414777547121048,0,0,TRUE,Depression,inside,TRUE,TRUE,TRUE,TRUE,FALSE,FALSE,FALSE,FALSE,FALSE,Neither actor dominant
1,2012,82490,-1.5,inside,0.319361805915833,0,0,TRUE,Depression,inside,TRUE,TRUE,TRUE,TRUE,FALSE,FALSE,FALSE,FALSE,FALSE,Neither actor dominant
1,2012,82492,-2.5,inside,0.380827695131302,0,0,TRUE,Depression,inside,TRUE,TRUE,TRUE,TRUE,FALSE,FALSE,FALSE,FALSE,FALSE,Neither actor dominant
1,2012,82929,3,outside,0.355556637048721,0,0,TRUE,Depression,outside,TRUE,TRUE,TRUE,TRUE,FALSE,FALSE,FALSE,FALSE,FALSE,Neither actor dominant
1,2012,82932,1.5,outside,0.340229153633118,0,0,TRUE,Depression,outside,TRUE,TRUE,TRUE,TRUE,FALSE,FALSE,FALSE,FALSE,FALSE,Neither actor dominant
1,2012,82934,0.5,outside,0.619073450565338,0,0,TRUE,Depression,outside,TRUE,TRUE,TRUE,TRUE,FALSE,FALSE,FALSE,FALSE,FALSE,Neither actor dominant
1,2012,82936,-1,inside,0.288509368896484,0,0,TRUE,Depression,inside,TRUE,TRUE,TRUE,TRUE,FALSE,FALSE,FALSE,FALSE,FALSE,Neither actor dominant
1,2012,83376,3,outside,0.400250941514969,0,0,TRUE,Depression,outside,TRUE,TRUE,TRUE,TRUE,FALSE,FALSE,FALSE,FALSE,FALSE,Neither actor dominant
1,2012,83377,2.5,outside,0.353897929191589,0,0,TRUE,Depression,outside,TRUE,TRUE,TRUE,TRUE,FALSE,FALSE,FALSE,FALSE,FALSE,Neither actor dominant
1,2012,83380,1,outside,0.296642452478409,0,0,TRUE,Depression,outside,TRUE,TRUE,TRUE,TRUE,FALSE,FALSE,FALSE,FALSE,FALSE,Neither actor dominant
1,2012,83381,0.5,outside,0.591259777545929,0,0,TRUE,Depression,outside,TRUE,TRUE,TRUE,TRUE,FALSE,FALSE,FALSE,FALSE,FALSE,Neither actor dominant
1,2012,83384,-1.5,inside,0.277067691087723,0.00608199089765549,0,TRUE,Depression,inside,TRUE,TRUE,TRUE,TRUE,TRUE,FALSE,FALSE,FALSE,FALSE,Neither actor dominant
1,2012,83386,-2.5,inside,0.390347838401794,0,0,TRUE,Depression,inside,TRUE,TRUE,TRUE,TRUE,FALSE,FALSE,FALSE,FALSE,FALSE,Neither actor dominant
1,2012,83636,79.6303984375,outside,0.267163634300232,0,0,TRUE,Depression,outside,FALSE,FALSE,FALSE,TRUE,FALSE,FALSE,FALSE,FALSE,FALSE,Neither actor dominant
1,2012,83728,34.48187890625,outside,0.298607707023621,0,0,TRUE,Depression,outside,FALSE,FALSE,FALSE,TRUE,FALSE,FALSE,FALSE,FALSE,FALSE,Neither actor dominant
1,2012,83824,2.5,outside,0.263651847839355,0.00304098706692457,0.00304098706692457,TRUE,Depression,outside,TRUE,TRUE,TRUE,TRUE,TRUE,TRUE,FALSE,FALSE,FALSE,Neither actor dominant
1,2012,83825,2,outside,0.677679657936096,0,0,TRUE,Depression,outside,TRUE,TRUE,TRUE,TRUE,FALSE,FALSE,FALSE,FALSE,FALSE,Neither actor dominant
1,2012,83826,1.5,outside,0.254431575536728,0,0,TRUE,Depression,outside,TRUE,TRUE,TRUE,TRUE,FALSE,FALSE,FALSE,FALSE,FALSE,Neither actor dominant
1,2012,83827,1,outside,0.293460667133331,0,0,TRUE,Depression,outside,TRUE,TRUE,TRUE,TRUE,FALSE,FALSE,FALSE,FALSE,FALSE,Neither actor dominant
1,2012,83828,0.5,outside,0.290192782878876,0,0,TRUE,Depression,outside,TRUE,TRUE,TRUE,TRUE,FALSE,FALSE,FALSE,FALSE,FALSE,Neither actor dominant
1,2012,84272,1.80277563476563,outside,0.406111568212509,0,0,TRUE,Depression,outside,TRUE,TRUE,TRUE,TRUE,FALSE,FALSE,FALSE,FALSE,FALSE,Neither actor dominant
1,2012,84277,-1,inside,0.27206289768219,0,0,TRUE,Depression,inside,TRUE,TRUE,TRUE,TRUE,FALSE,FALSE,FALSE,FALSE,FALSE,Neither actor dominant
1,2012,84280,-2.5,inside,0.539719879627228,0,0,TRUE,Depression,inside,TRUE,TRUE,TRUE,TRUE,FALSE,FALSE,FALSE,FALSE,FALSE,Neither actor dominant
1,2012,84717,2.549509765625,outside,0.470627576112747,0.0121636800467968,0.0121636800467968,TRUE,Depression,outside,TRUE,TRUE,TRUE,TRUE,TRUE,TRUE,FALSE,FALSE,FALSE,Neither actor dominant
1,2012,84718,2.061552734375,outside,0.283751368522644,0,0,TRUE,Depression,outside,TRUE,TRUE,TRUE,TRUE,FALSE,FALSE,FALSE,FALSE,FALSE,Neither actor dominant
1,2012,84719,1.58113879394531,outside,0.51139223575592,0,0,TRUE,Depression,outside,TRUE,TRUE,TRUE,TRUE,FALSE,FALSE,FALSE,FALSE,FALSE,Neither actor dominant
1,2012,84720,1.11803393554687,outside,0.337624222040176,0,0,TRUE,Depression,outside,TRUE,TRUE,TRUE,TRUE,FALSE,FALSE,FALSE,FALSE,FALSE,Neither actor dominant
1,2012,84724,-1,inside,0.569174706935883,0,0,TRUE,Depression,inside,TRUE,TRUE,TRUE,TRUE,FALSE,FALSE,FALSE,FALSE,FALSE,Neither actor dominant
1,2012,84725,-1.5,inside,0.333130717277527,0,0,TRUE,Depression,inside,TRUE,TRUE,TRUE,TRUE,FALSE,FALSE,FALSE,FALSE,FALSE,Neither actor dominant
1,2012,85163,2.69258251953125,outside,0.26390615105629,0,0,TRUE,Depression,outside,TRUE,TRUE,TRUE,TRUE,FALSE,FALSE,FALSE,FALSE,FALSE,Neither actor dominant
1,2012,85168,0.5,outside,0.250120282173157,0,0,TRUE,Depression,outside,TRUE,TRUE,TRUE,TRUE,FALSE,FALSE,FALSE,FALSE,FALSE,Neither actor dominant
1,2012,85611,2.1213203125,outside,0.260254859924316,0,0,TRUE,Depression,outside,TRUE,TRUE,TRUE,TRUE,FALSE,FALSE,FALSE,FALSE,FALSE,Neither actor dominant
1,2012,86500,0.5,outside,0.338608771562576,0,0,TRUE,Depression,outside,TRUE,TRUE,TRUE,TRUE,FALSE,FALSE,FALSE,FALSE,FALSE,Neither actor dominant
1,2012,86501,0.707106811523437,outside,0.370066672563553,0.00304079428315163,0,TRUE,Depression,outside,TRUE,TRUE,TRUE,TRUE,TRUE,FALSE,FALSE,FALSE,FALSE,Neither actor dominant
1,2012,86811,56.37596875,outside,0.278476536273956,0.0273754186928272,0.0152085665613413,TRUE,Depression,outside,FALSE,FALSE,FALSE,TRUE,TRUE,TRUE,FALSE,FALSE,FALSE,Neither actor dominant
1,2012,86813,55.3827578125,outside,0.261583477258682,0.00400580838322639,0.000964114267844707,TRUE,Depression,outside,FALSE,FALSE,FALSE,TRUE,TRUE,TRUE,FALSE,FALSE,FALSE,Neither actor dominant
1,2012,87393,-1.11803393554687,inside,0.400662273168564,0,0,TRUE,Depression,inside,TRUE,TRUE,TRUE,TRUE,FALSE,FALSE,FALSE,FALSE,FALSE,Neither actor dominant
1,2012,87656,80.687671875,outside,0.272106498479843,0,0,TRUE,Depression,outside,FALSE,FALSE,FALSE,TRUE,FALSE,FALSE,FALSE,FALSE,FALSE,Neither actor dominant
1,2012,88287,-1.80277563476563,inside,0.269564360380173,0,0,TRUE,Depression,inside,TRUE,TRUE,TRUE,TRUE,FALSE,FALSE,FALSE,FALSE,FALSE,Neither actor dominant
1,2012,88588,61.6644140625,outside,0.281667590141296,0,0,TRUE,Depression,outside,FALSE,FALSE,FALSE,TRUE,FALSE,FALSE,FALSE,FALSE,FALSE,Neither actor dominant
1,2012,89037,60.6320859375,outside,0.25276193022728,0,0,TRUE,Depression,outside,FALSE,FALSE,FALSE,TRUE,FALSE,FALSE,FALSE,FALSE,FALSE,Neither actor dominant
1,2012,89182,-2.5,inside,0.252908498048782,0,0,TRUE,Depression,inside,TRUE,TRUE,TRUE,TRUE,FALSE,FALSE,FALSE,FALSE,FALSE,Neither actor dominant
1,2012,89628,-3.16227758789063,inside,0.260578632354736,0,0,TRUE,Depression,inside,TRUE,TRUE,TRUE,TRUE,FALSE,FALSE,FALSE,FALSE,FALSE,Neither actor dominant
1,2012,90072,-2.5,inside,0.272201478481293,0,0,TRUE,Depression,inside,TRUE,TRUE,TRUE,TRUE,FALSE,FALSE,FALSE,FALSE,FALSE,Neither actor dominant
1,2012,90076,-3.20156201171875,inside,0.342130959033966,0,0,TRUE,Depression,inside,TRUE,TRUE,TRUE,TRUE,FALSE,FALSE,FALSE,FALSE,FALSE,Neither actor dominant
1,2012,90976,-3.53553393554688,inside,0.257784247398376,0,0,TRUE,Depression,inside,TRUE,TRUE,TRUE,TRUE,FALSE,FALSE,FALSE,FALSE,FALSE,Neither actor dominant
1,2012,91413,-3.60555126953125,inside,0.355059236288071,0,0,TRUE,Depression,inside,TRUE,TRUE,TRUE,TRUE,FALSE,FALSE,FALSE,FALSE,FALSE,Neither actor dominant
1,2012,91859,-3.80788647460938,inside,0.388739973306656,0,0,TRUE,Depression,inside,TRUE,TRUE,TRUE,TRUE,FALSE,FALSE,FALSE,FALSE,FALSE,Neither actor dominant
1,2012,91860,-4.03112890625,inside,0.459393113851547,0,0,TRUE,Depression,inside,TRUE,TRUE,TRUE,TRUE,FALSE,FALSE,FALSE,FALSE,FALSE,Neither actor dominant
1,2012,92157,64.878734375,outside,0.266941875219345,0,0,TRUE,Depression,outside,FALSE,FALSE,FALSE,TRUE,FALSE,FALSE,FALSE,FALSE,FALSE,Neither actor dominant
1,2012,92161,62.89077734375,outside,0.314862489700317,0,0,TRUE,Depression,outside,FALSE,FALSE,FALSE,TRUE,FALSE,FALSE,FALSE,FALSE,FALSE,Neither actor dominant
1,2012,92603,65.32419140625,outside,0.255816638469696,0,0,TRUE,Depression,outside,FALSE,FALSE,FALSE,TRUE,FALSE,FALSE,FALSE,FALSE,FALSE,Neither actor dominant
1,2012,93506,60.749484375,outside,0.290558069944382,0,0,TRUE,Depression,outside,FALSE,FALSE,FALSE,TRUE,FALSE,FALSE,FALSE,FALSE,FALSE,Neither actor dominant
1,2012,94356,78.517515625,outside,0.440728098154068,0,0,TRUE,Depression,outside,FALSE,FALSE,FALSE,TRUE,FALSE,FALSE,FALSE,FALSE,FALSE,Neither actor dominant
1,2012,94535,-5.3851650390625,inside,0.256179362535477,0,0,TRUE,Depression,inside,FALSE,TRUE,TRUE,TRUE,FALSE,FALSE,FALSE,FALSE,FALSE,Neither actor dominant
1,2012,94802,78.50159375,outside,0.273407280445099,0,0,TRUE,Depression,outside,FALSE,FALSE,FALSE,TRUE,FALSE,FALSE,FALSE,FALSE,FALSE,Neither actor dominant
1,2012,94979,-4.5,inside,0.252475053071976,0,0,TRUE,Depression,inside,TRUE,TRUE,TRUE,TRUE,FALSE,FALSE,FALSE,FALSE,FALSE,Neither actor dominant
1,2012,95257,75.4072265625,outside,0.308317214250565,0.0121661331504583,0.00608306657522917,TRUE,Depression,outside,FALSE,FALSE,FALSE,TRUE,TRUE,TRUE,FALSE,FALSE,FALSE,Neither actor dominant
1,2012,95426,-4.5276923828125,inside,0.316225200891495,0,0,TRUE,Depression,inside,TRUE,TRUE,TRUE,TRUE,FALSE,FALSE,FALSE,FALSE,FALSE,Neither actor dominant
1,2012,97936,74.249578125,outside,0.301318794488907,0,0,TRUE,Depression,outside,FALSE,FALSE,FALSE,TRUE,FALSE,FALSE,FALSE,FALSE,FALSE,Neither actor dominant
1,2012,98537,3.5,outside,0.477258533239365,0,0,TRUE,Depression,outside,TRUE,TRUE,TRUE,TRUE,FALSE,FALSE,FALSE,FALSE,FALSE,Neither actor dominant
1,2012,98538,3,outside,0.295079261064529,0,0,TRUE,Depression,outside,TRUE,TRUE,TRUE,TRUE,FALSE,FALSE,FALSE,FALSE,FALSE,Neither actor dominant
1,2012,98539,2.5,outside,0.364734143018723,0,0,TRUE,Depression,outside,TRUE,TRUE,TRUE,TRUE,FALSE,FALSE,FALSE,FALSE,FALSE,Neither actor dominant
1,2012,98540,2,outside,0.456044018268585,0,0,TRUE,Depression,outside,TRUE,TRUE,TRUE,TRUE,FALSE,FALSE,FALSE,FALSE,FALSE,Neither actor dominant
1,2012,98984,3.53553393554688,outside,0.283436119556427,0,0,TRUE,Depression,outside,TRUE,TRUE,TRUE,TRUE,FALSE,FALSE,FALSE,FALSE,FALSE,Neither actor dominant
1,2012,98985,3.04138134765625,outside,0.256972551345825,0,0,TRUE,Depression,outside,TRUE,TRUE,TRUE,TRUE,FALSE,FALSE,FALSE,FALSE,FALSE,Neither actor dominant
1,2012,99337,50.5098984375,outside,0.263601541519165,0,0,TRUE,Depression,outside,FALSE,FALSE,FALSE,TRUE,FALSE,FALSE,FALSE,FALSE,FALSE,Neither actor dominant
1,2012,99778,53.387734375,outside,0.294565409421921,0,0,TRUE,Depression,outside,FALSE,FALSE,FALSE,TRUE,FALSE,FALSE,FALSE,FALSE,FALSE,Neither actor dominant
1,2012,100610,75.03665625,outside,0.252843201160431,0,0,TRUE,Depression,outside,FALSE,FALSE,FALSE,TRUE,FALSE,FALSE,FALSE,FALSE,FALSE,Neither actor dominant
1,2012,101127,49.517671875,outside,0.257357537746429,0.00304045039229095,0.00304045039229095,TRUE,Depression,outside,FALSE,FALSE,FALSE,TRUE,TRUE,TRUE,FALSE,FALSE,FALSE,Neither actor dominant
1,2012,101500,75.8716015625,outside,0.275571286678314,0,0,TRUE,Depression,outside,FALSE,FALSE,FALSE,TRUE,FALSE,FALSE,FALSE,FALSE,FALSE,Neither actor dominant
1,2012,101665,5.31507275390625,outside,0.27479499578476,0,0,TRUE,Depression,outside,FALSE,TRUE,TRUE,TRUE,FALSE,FALSE,FALSE,FALSE,FALSE,Neither actor dominant
1,2012,101942,77.466125,outside,0.289808988571167,0,0,TRUE,Depression,outside,FALSE,FALSE,FALSE,TRUE,FALSE,FALSE,FALSE,FALSE,FALSE,Neither actor dominant
1,2012,101944,76.6941953125,outside,0.4759162068367,0,0,TRUE,Depression,outside,FALSE,FALSE,FALSE,TRUE,FALSE,FALSE,FALSE,FALSE,FALSE,Neither actor dominant
1,2012,102021,48.7954921875,outside,0.256080001592636,0,0,TRUE,Depression,outside,FALSE,FALSE,FALSE,TRUE,FALSE,FALSE,FALSE,FALSE,FALSE,Neither actor dominant
1,2012,102113,5.14781494140625,outside,0.391300141811371,0.00894986093044281,0.00894986093044281,TRUE,Depression,outside,FALSE,TRUE,TRUE,TRUE,TRUE,TRUE,FALSE,FALSE,FALSE,Neither actor dominant
1,2012,103008,5.31507275390625,outside,0.261123359203339,0,0,TRUE,Depression,outside,FALSE,TRUE,TRUE,TRUE,FALSE,FALSE,FALSE,FALSE,FALSE,Neither actor dominant
1,2012,103009,4.94974755859375,outside,0.264627426862717,0,0,TRUE,Depression,outside,TRUE,TRUE,TRUE,TRUE,FALSE,FALSE,FALSE,FALSE,FALSE,Neither actor dominant
1,2012,103457,4.94974755859375,outside,0.262759149074554,0,0,TRUE,Depression,outside,TRUE,TRUE,TRUE,TRUE,FALSE,FALSE,FALSE,FALSE,FALSE,Neither actor dominant
1,2012,103712,83.4865234375,outside,0.280793875455856,0,0,TRUE,Depression,outside,FALSE,FALSE,FALSE,TRUE,FALSE,FALSE,FALSE,FALSE,FALSE,Neither actor dominant
1,2012,103768,62.3257578125,outside,0.299248397350311,0,0,TRUE,Depression,outside,FALSE,FALSE,FALSE,TRUE,FALSE,FALSE,FALSE,FALSE,FALSE,Neither actor dominant
1,2012,103801,50.24937890625,outside,0.313906192779541,0,0,TRUE,Depression,outside,FALSE,FALSE,FALSE,TRUE,FALSE,FALSE,FALSE,FALSE,FALSE,Neither actor dominant
1,2012,103904,5.31507275390625,outside,0.415403544902802,0.00303953560069203,0.00303953560069203,TRUE,Depression,outside,FALSE,TRUE,TRUE,TRUE,TRUE,TRUE,FALSE,FALSE,FALSE,Neither actor dominant
1,2012,104154,85.2906796875,outside,0.257085859775543,0,0,TRUE,Depression,outside,FALSE,FALSE,FALSE,TRUE,FALSE,FALSE,FALSE,FALSE,FALSE,Neither actor dominant
1,2012,104213,62.62787109375,outside,0.313174784183502,0,0,TRUE,Depression,outside,FALSE,FALSE,FALSE,TRUE,FALSE,FALSE,FALSE,FALSE,FALSE,Neither actor dominant
1,2012,105142,49.246828125,outside,0.25788688659668,0,0,TRUE,Depression,outside,FALSE,FALSE,FALSE,TRUE,FALSE,FALSE,FALSE,FALSE,FALSE,Neither actor dominant
1,2012,105248,5.4083271484375,outside,0.253574192523956,0,0,TRUE,Depression,outside,FALSE,TRUE,TRUE,TRUE,FALSE,FALSE,FALSE,FALSE,FALSE,Neither actor dominant
1,2012,105258,3.90512475585938,outside,0.399270921945572,0,0,TRUE,Depression,outside,TRUE,TRUE,TRUE,TRUE,FALSE,FALSE,FALSE,FALSE,FALSE,Neither actor dominant
1,2012,105704,4.6097724609375,outside,0.431118488311768,0,0,TRUE,Depression,outside,TRUE,TRUE,TRUE,TRUE,FALSE,FALSE,FALSE,FALSE,FALSE,Neither actor dominant
1,2012,106153,4.4721357421875,outside,0.372211188077927,0,0,TRUE,Depression,outside,TRUE,TRUE,TRUE,TRUE,FALSE,FALSE,FALSE,FALSE,FALSE,Neither actor dominant
1,2012,106462,56.14712890625,outside,0.308530539274216,0,0,TRUE,Depression,outside,FALSE,FALSE,FALSE,TRUE,FALSE,FALSE,FALSE,FALSE,FALSE,Neither actor dominant
1,2012,106600,4.9244287109375,outside,0.337049424648285,0,0,TRUE,Depression,outside,TRUE,TRUE,TRUE,TRUE,FALSE,FALSE,FALSE,FALSE,FALSE,Neither actor dominant
1,2012,107494,5.700876953125,outside,0.269287109375,0,0,TRUE,Depression,outside,FALSE,TRUE,TRUE,TRUE,FALSE,FALSE,FALSE,FALSE,FALSE,Neither actor dominant
1,2012,107759,71.10028125,outside,0.333192229270935,0,0,TRUE,Depression,outside,FALSE,FALSE,FALSE,TRUE,FALSE,FALSE,FALSE,FALSE,FALSE,Neither actor dominant
1,2012,107762,69.9035078125,outside,0.261711984872818,0,0,TRUE,Depression,outside,FALSE,FALSE,FALSE,TRUE,FALSE,FALSE,FALSE,FALSE,FALSE,Neither actor dominant
1,2012,107791,59.0444765625,outside,0.277361243963242,0.00304031744599342,0.00304031744599342,TRUE,Depression,outside,FALSE,FALSE,FALSE,TRUE,TRUE,TRUE,FALSE,FALSE,FALSE,Neither actor dominant
1,2012,107810,52.680640625,outside,0.2751604616642,0,0,TRUE,Depression,outside,FALSE,FALSE,FALSE,TRUE,FALSE,FALSE,FALSE,FALSE,FALSE,Neither actor dominant
1,2012,108201,72.83028125,outside,0.281110167503357,0,0,TRUE,Depression,outside,FALSE,FALSE,FALSE,TRUE,FALSE,FALSE,FALSE,FALSE,FALSE,Neither actor dominant
1,2012,108202,72.422375,outside,0.28626212477684,0,0,TRUE,Depression,outside,FALSE,FALSE,FALSE,TRUE,FALSE,FALSE,FALSE,FALSE,FALSE,Neither actor dominant
1,2012,108697,54.23329296875,outside,0.253982663154602,0.00088104692986235,0.00088104692986235,TRUE,Depression,outside,FALSE,FALSE,FALSE,TRUE,TRUE,TRUE,FALSE,FALSE,FALSE,Neither actor dominant
1,2012,108839,6.10327783203125,outside,0.29225566983223,0,0,TRUE,Depression,outside,FALSE,TRUE,TRUE,TRUE,FALSE,FALSE,FALSE,FALSE,FALSE,Neither actor dominant
1,2012,109283,6.51920263671875,outside,0.252315610647202,0,0,TRUE,Depression,outside,FALSE,TRUE,TRUE,TRUE,FALSE,FALSE,FALSE,FALSE,FALSE,Neither actor dominant
1,2012,109538,73.637625,outside,0.301042497158051,0.00304065085947514,0,TRUE,Depression,outside,FALSE,FALSE,FALSE,TRUE,TRUE,FALSE,FALSE,FALSE,FALSE,Neither actor dominant
1,2012,109730,6.02079736328125,outside,0.376679003238678,0,0,TRUE,Depression,outside,FALSE,TRUE,TRUE,TRUE,FALSE,FALSE,FALSE,FALSE,FALSE,Neither actor dominant
1,2012,109734,6.0827626953125,outside,0.277308195829392,0.00303896493278444,0,TRUE,Depression,outside,FALSE,TRUE,TRUE,TRUE,TRUE,FALSE,FALSE,FALSE,FALSE,Neither actor dominant
1,2012,110034,54.4655859375,outside,0.271909952163696,0,0,TRUE,Depression,outside,FALSE,FALSE,FALSE,TRUE,FALSE,FALSE,FALSE,FALSE,FALSE,Neither actor dominant
1,2012,110035,54.122546875,outside,0.251994132995605,0.00285489019006491,0,TRUE,Depression,outside,FALSE,FALSE,FALSE,TRUE,TRUE,FALSE,FALSE,FALSE,FALSE,Neither actor dominant
1,2012,110473,56.9319765625,outside,0.250585973262787,0.00912029482424259,0.0030400981195271,TRUE,Depression,outside,FALSE,FALSE,FALSE,TRUE,TRUE,TRUE,FALSE,FALSE,FALSE,Neither actor dominant
1,2012,110926,54.44722265625,outside,0.258734792470932,0,0,TRUE,Depression,outside,FALSE,FALSE,FALSE,TRUE,FALSE,FALSE,FALSE,FALSE,FALSE,Neither actor dominant
1,2012,111044,14.00892578125,outside,0.296083927154541,0,0,TRUE,Depression,outside,FALSE,FALSE,TRUE,TRUE,FALSE,FALSE,FALSE,FALSE,FALSE,Neither actor dominant
1,2012,111045,13.601470703125,outside,0.296098291873932,0,0,TRUE,Depression,outside,FALSE,FALSE,TRUE,TRUE,FALSE,FALSE,FALSE,FALSE,FALSE,Neither actor dominant
1,2012,111047,12.7769326171875,outside,0.256737768650055,0,0,TRUE,Depression,outside,FALSE,FALSE,TRUE,TRUE,FALSE,FALSE,FALSE,FALSE,FALSE,Neither actor dominant
1,2012,111493,12.90348828125,outside,0.266463398933411,0,0,TRUE,Depression,outside,FALSE,FALSE,TRUE,TRUE,FALSE,FALSE,FALSE,FALSE,FALSE,Neither actor dominant
1,2012,111497,11.2361025390625,outside,0.267997324466705,0,0,TRUE,Depression,outside,FALSE,FALSE,TRUE,TRUE,FALSE,FALSE,FALSE,FALSE,FALSE,Neither actor dominant
1,2012,111498,10.816654296875,outside,0.450502455234528,0.00303894258104265,0,TRUE,Depression,outside,FALSE,FALSE,TRUE,TRUE,TRUE,FALSE,FALSE,FALSE,FALSE,Neither actor dominant
1,2012,111499,10.404326171875,outside,0.279722899198532,0,0,TRUE,Depression,outside,FALSE,FALSE,TRUE,TRUE,FALSE,FALSE,FALSE,FALSE,FALSE,Neither actor dominant
1,2012,111775,71.44403125,outside,0.264860719442368,0,0,TRUE,Depression,outside,FALSE,FALSE,FALSE,TRUE,FALSE,FALSE,FALSE,FALSE,FALSE,Neither actor dominant
1,2012,111776,71.021125,outside,0.264677554368973,0,0,TRUE,Depression,outside,FALSE,FALSE,FALSE,TRUE,FALSE,FALSE,FALSE,FALSE,FALSE,Neither actor dominant
1,2012,111830,50.28419140625,outside,0.257768034934998,0,0,TRUE,Depression,outside,FALSE,FALSE,FALSE,TRUE,FALSE,FALSE,FALSE,FALSE,FALSE,Neither actor dominant
1,2012,112387,12.3490888671875,outside,0.270979344844818,0,0,TRUE,Depression,outside,FALSE,FALSE,TRUE,TRUE,FALSE,FALSE,FALSE,FALSE,FALSE,Neither actor dominant
1,2012,112388,11.9268603515625,outside,0.29037818312645,0,0,TRUE,Depression,outside,FALSE,FALSE,TRUE,TRUE,FALSE,FALSE,FALSE,FALSE,FALSE,Neither actor dominant
1,2012,112834,12.0415947265625,outside,0.284419745206833,0,0,TRUE,Depression,outside,FALSE,FALSE,TRUE,TRUE,FALSE,FALSE,FALSE,FALSE,FALSE,Neither actor dominant
1,2012,112835,11.6619033203125,outside,0.443286776542664,0,0,TRUE,Depression,outside,FALSE,FALSE,TRUE,TRUE,FALSE,FALSE,FALSE,FALSE,FALSE,Neither actor dominant
1,2012,113095,79.832640625,outside,0.328160136938095,0,0,TRUE,Depression,outside,FALSE,FALSE,FALSE,TRUE,FALSE,FALSE,FALSE,FALSE,FALSE,Neither actor dominant
1,2012,113141,60.301328125,outside,0.350286781787872,0,0,TRUE,Depression,outside,FALSE,FALSE,FALSE,TRUE,FALSE,FALSE,FALSE,FALSE,FALSE,Neither actor dominant
1,2012,113285,10.124228515625,outside,0.494046688079834,0,0,TRUE,Depression,outside,FALSE,FALSE,TRUE,TRUE,FALSE,FALSE,FALSE,FALSE,FALSE,Neither actor dominant
1,2012,113595,57.23853515625,outside,0.278424501419067,0,0,TRUE,Depression,outside,FALSE,FALSE,FALSE,TRUE,FALSE,FALSE,FALSE,FALSE,FALSE,Neither actor dominant
1,2012,114004,72.7495703125,outside,0.28028017282486,0.00304033514112234,0.00304033514112234,TRUE,Depression,outside,FALSE,FALSE,FALSE,TRUE,TRUE,TRUE,FALSE,FALSE,FALSE,Neither actor dominant
1,2012,114005,72.3135546875,outside,0.25605583190918,0.00304032256826758,0.00304032256826758,TRUE,Depression,outside,FALSE,FALSE,FALSE,TRUE,TRUE,TRUE,FALSE,FALSE,FALSE,Neither actor dominant
1,2012,114184,7.5,outside,0.330296218395233,0,0,TRUE,Depression,outside,FALSE,TRUE,TRUE,TRUE,FALSE,FALSE,FALSE,FALSE,FALSE,Neither actor dominant
1,2012,114188,5.83095166015625,outside,0.268301993608475,0,0,TRUE,Depression,outside,FALSE,TRUE,TRUE,TRUE,FALSE,FALSE,FALSE,FALSE,FALSE,Neither actor dominant
1,2012,114625,9.6046865234375,outside,0.281768530607224,0,0,TRUE,Depression,outside,FALSE,TRUE,TRUE,TRUE,FALSE,FALSE,FALSE,FALSE,FALSE,Neither actor dominant
1,2012,114628,8.48528125,outside,0.316404461860657,0,0,TRUE,Depression,outside,FALSE,TRUE,TRUE,TRUE,FALSE,FALSE,FALSE,FALSE,FALSE,Neither actor dominant
1,2012,114629,8.0622578125,outside,0.299583375453949,0,0,TRUE,Depression,outside,FALSE,TRUE,TRUE,TRUE,FALSE,FALSE,FALSE,FALSE,FALSE,Neither actor dominant
1,2012,114632,6.8007353515625,outside,0.383208215236664,0,0,TRUE,Depression,outside,FALSE,TRUE,TRUE,TRUE,FALSE,FALSE,FALSE,FALSE,FALSE,Neither actor dominant
1,2012,114633,6.4031240234375,outside,0.487065255641937,0,0,TRUE,Depression,outside,FALSE,TRUE,TRUE,TRUE,FALSE,FALSE,FALSE,FALSE,FALSE,Neither actor dominant
1,2012,114634,6.02079736328125,outside,0.420933216810226,0.00179560412652791,0,TRUE,Depression,outside,FALSE,TRUE,TRUE,TRUE,TRUE,FALSE,FALSE,FALSE,FALSE,Neither actor dominant
1,2012,114635,5.590169921875,outside,0.341421037912369,0,0,TRUE,Depression,outside,FALSE,TRUE,TRUE,TRUE,FALSE,FALSE,FALSE,FALSE,FALSE,Neither actor dominant
1,2012,114886,77.5918828125,outside,0.257216989994049,0,0,TRUE,Depression,outside,FALSE,FALSE,FALSE,TRUE,FALSE,FALSE,FALSE,FALSE,FALSE,Neither actor dominant
1,2012,114887,77.14434375,outside,0.267212212085724,0.00179830531124026,0.00179830531124026,TRUE,Depression,outside,FALSE,FALSE,FALSE,TRUE,TRUE,TRUE,FALSE,FALSE,FALSE,Neither actor dominant
1,2012,114927,59.9270390625,outside,0.262072652578354,0.0284758694469929,0,TRUE,Depression,outside,FALSE,FALSE,FALSE,TRUE,TRUE,FALSE,FALSE,FALSE,FALSE,Neither actor dominant
1,2012,114938,55.520265625,outside,0.268054515123367,0.0091193588450551,0,TRUE,Depression,outside,FALSE,FALSE,FALSE,TRUE,TRUE,FALSE,FALSE,FALSE,FALSE,Neither actor dominant
1,2012,115077,7.38241162109375,outside,0.254282414913178,0.00303863175213337,0.00303863175213337,TRUE,Depression,outside,FALSE,TRUE,TRUE,TRUE,TRUE,TRUE,FALSE,FALSE,FALSE,Neither actor dominant
1,2012,115080,6.10327783203125,outside,0.426306635141373,0,0,TRUE,Depression,outside,FALSE,TRUE,TRUE,TRUE,FALSE,FALSE,FALSE,FALSE,FALSE,Neither actor dominant
1,2012,115081,5.700876953125,outside,0.465246289968491,0,0,TRUE,Depression,outside,FALSE,TRUE,TRUE,TRUE,FALSE,FALSE,FALSE,FALSE,FALSE,Neither actor dominant
1,2012,115082,5.31507275390625,outside,0.703762829303742,0,0,TRUE,Depression,outside,FALSE,TRUE,TRUE,TRUE,FALSE,FALSE,FALSE,FALSE,FALSE,Neither actor dominant
1,2012,115083,4.9244287109375,outside,0.264041095972061,0,0,TRUE,Depression,outside,TRUE,TRUE,TRUE,TRUE,FALSE,FALSE,FALSE,FALSE,FALSE,Neither actor dominant
1,2012,115455,29.698484375,outside,0.261441320180893,0,0,TRUE,Depression,outside,FALSE,FALSE,FALSE,TRUE,FALSE,FALSE,FALSE,FALSE,FALSE,Neither actor dominant
1,2012,115526,6.26498193359375,outside,0.495245844125748,0,0,TRUE,Depression,outside,FALSE,TRUE,TRUE,TRUE,FALSE,FALSE,FALSE,FALSE,FALSE,Neither actor dominant
1,2012,115527,5.83095166015625,outside,0.312403202056885,0.0182314720004797,0.0151928924024105,TRUE,Depression,outside,FALSE,TRUE,TRUE,TRUE,TRUE,TRUE,FALSE,FALSE,FALSE,Neither actor dominant
1,2012,115528,5.4083271484375,outside,0.321101099252701,0,0,TRUE,Depression,outside,FALSE,TRUE,TRUE,TRUE,FALSE,FALSE,FALSE,FALSE,FALSE,Neither actor dominant
1,2012,115529,5,outside,0.347455859184265,0,0,TRUE,Depression,outside,TRUE,TRUE,TRUE,TRUE,FALSE,FALSE,FALSE,FALSE,FALSE,Neither actor dominant
1,2012,115532,3.80788647460938,outside,0.34028285741806,0.00607710424810648,0.00607710424810648,TRUE,Depression,outside,TRUE,TRUE,TRUE,TRUE,TRUE,TRUE,FALSE,FALSE,FALSE,Neither actor dominant
1,2012,115786,74.4613984375,outside,0.291418552398682,0,0,TRUE,Depression,outside,FALSE,FALSE,FALSE,TRUE,FALSE,FALSE,FALSE,FALSE,FALSE,Neither actor dominant
1,2012,115825,57.71698046875,outside,0.316607624292374,0,0,TRUE,Depression,outside,FALSE,FALSE,FALSE,TRUE,FALSE,FALSE,FALSE,FALSE,FALSE,Neither actor dominant
1,2012,115956,12.90348828125,outside,0.251167207956314,0,0,TRUE,Depression,outside,FALSE,FALSE,TRUE,TRUE,FALSE,FALSE,FALSE,FALSE,FALSE,Neither actor dominant
1,2012,115979,3.53553393554688,outside,0.258118599653244,0.00911554507911205,0.00911554507911205,TRUE,Depression,outside,TRUE,TRUE,TRUE,TRUE,TRUE,TRUE,FALSE,FALSE,FALSE,Neither actor dominant
1,2012,116232,74.6860078125,outside,0.262845456600189,0,0,TRUE,Depression,outside,FALSE,FALSE,FALSE,TRUE,FALSE,FALSE,FALSE,FALSE,FALSE,Neither actor dominant
1,2012,116424,4.03112890625,outside,0.286608397960663,0,0,TRUE,Depression,outside,TRUE,TRUE,TRUE,TRUE,FALSE,FALSE,FALSE,FALSE,FALSE,Neither actor dominant
1,2012,116425,3.60555126953125,outside,0.257219225168228,0,0,TRUE,Depression,outside,TRUE,TRUE,TRUE,TRUE,FALSE,FALSE,FALSE,FALSE,FALSE,Neither actor dominant
1,2012,116431,1.11803393554687,outside,0.292414844036102,0,0,TRUE,Depression,outside,TRUE,TRUE,TRUE,TRUE,FALSE,FALSE,FALSE,FALSE,FALSE,Neither actor dominant
1,2012,116670,78.539796875,outside,0.333433598279953,0,0,TRUE,Depression,outside,FALSE,FALSE,FALSE,TRUE,FALSE,FALSE,FALSE,FALSE,FALSE,Neither actor dominant
1,2012,116716,58.382359375,outside,0.360307186841965,0,0,TRUE,Depression,outside,FALSE,FALSE,FALSE,TRUE,FALSE,FALSE,FALSE,FALSE,FALSE,Neither actor dominant
1,2012,116735,50.76662109375,outside,0.275413125753403,0,0,TRUE,Depression,outside,FALSE,FALSE,FALSE,TRUE,FALSE,FALSE,FALSE,FALSE,FALSE,Neither actor dominant
1,2012,116849,12.7769326171875,outside,0.29401034116745,0,0,TRUE,Depression,outside,FALSE,FALSE,TRUE,TRUE,FALSE,FALSE,FALSE,FALSE,FALSE,Neither actor dominant
1,2012,117153,62.33979296875,outside,0.256314307451248,0.0121593279764056,0,TRUE,Depression,outside,FALSE,FALSE,FALSE,TRUE,TRUE,FALSE,FALSE,FALSE,FALSE,Neither actor dominant
1,2012,117168,56.035703125,outside,0.285254150629044,0,0,TRUE,Depression,outside,FALSE,FALSE,FALSE,TRUE,FALSE,FALSE,FALSE,FALSE,FALSE,Neither actor dominant
1,2012,117182,50.4479921875,outside,0.264927446842194,0,0,TRUE,Depression,outside,FALSE,FALSE,FALSE,TRUE,FALSE,FALSE,FALSE,FALSE,FALSE,Neither actor dominant
1,2012,118046,62.26555859375,outside,0.257116675376892,0,0,TRUE,Depression,outside,FALSE,FALSE,FALSE,TRUE,FALSE,FALSE,FALSE,FALSE,FALSE,Neither actor dominant
1,2012,118216,1.41421362304688,outside,0.260548055171967,0,0,TRUE,Depression,outside,TRUE,TRUE,TRUE,TRUE,FALSE,FALSE,FALSE,FALSE,FALSE,Neither actor dominant
1,2012,118906,77.0778828125,outside,0.283412128686905,0,0,TRUE,Depression,outside,FALSE,FALSE,FALSE,TRUE,FALSE,FALSE,FALSE,FALSE,FALSE,Neither actor dominant
1,2012,118941,61.33718359375,outside,0.256305366754532,0,0,TRUE,Depression,outside,FALSE,FALSE,FALSE,TRUE,FALSE,FALSE,FALSE,FALSE,FALSE,Neither actor dominant
1,2012,119833,61.7353203125,outside,0.289391964673996,0,0,TRUE,Depression,outside,FALSE,FALSE,FALSE,TRUE,FALSE,FALSE,FALSE,FALSE,FALSE,Neither actor dominant
1,2012,120729,60.3841875,outside,0.352369427680969,0,0,TRUE,Depression,outside,FALSE,FALSE,FALSE,TRUE,FALSE,FALSE,FALSE,FALSE,FALSE,Neither actor dominant
1,2012,121166,64.64131640625,outside,0.330048680305481,0,0,TRUE,Depression,outside,FALSE,FALSE,FALSE,TRUE,FALSE,FALSE,FALSE,FALSE,FALSE,Neither actor dominant
1,2012,122065,61.95361328125,outside,0.280146956443787,0,0,TRUE,Depression,outside,FALSE,FALSE,FALSE,TRUE,FALSE,FALSE,FALSE,FALSE,FALSE,Neither actor dominant
1,2012,122959,61.53251171875,outside,0.290687620639801,0,0,TRUE,Depression,outside,FALSE,FALSE,FALSE,TRUE,FALSE,FALSE,FALSE,FALSE,FALSE,Neither actor dominant
1,2012,124297,62.307703125,outside,0.288135796785355,0,0,TRUE,Depression,outside,FALSE,FALSE,FALSE,TRUE,FALSE,FALSE,FALSE,FALSE,FALSE,Neither actor dominant
1,2012,124741,63.507875,outside,0.264816641807556,0,0,TRUE,Depression,outside,FALSE,FALSE,FALSE,TRUE,FALSE,FALSE,FALSE,FALSE,FALSE,Neither actor dominant
1,2012,125188,63.3245625,outside,0.386562317609787,0,0,TRUE,Depression,outside,FALSE,FALSE,FALSE,TRUE,FALSE,FALSE,FALSE,FALSE,FALSE,Neither actor dominant
1,2012,125206,55.0363515625,outside,0.27676260471344,0,0,TRUE,Depression,outside,FALSE,FALSE,FALSE,TRUE,FALSE,FALSE,FALSE,FALSE,FALSE,Neither actor dominant
1,2012,125637,62.21133203125,outside,0.278565436601639,0,0,TRUE,Depression,outside,FALSE,FALSE,FALSE,TRUE,FALSE,FALSE,FALSE,FALSE,FALSE,Neither actor dominant
1,2012,126670,7.76208740234375,outside,0.386546850204468,0,0,TRUE,Depression,outside,FALSE,TRUE,TRUE,TRUE,FALSE,FALSE,FALSE,FALSE,FALSE,Neither actor dominant
1,2012,126989,56.54423046875,outside,0.283488661050797,0,0,TRUE,Depression,outside,FALSE,FALSE,FALSE,TRUE,FALSE,FALSE,FALSE,FALSE,FALSE,Neither actor dominant
1,2012,127471,40.5616796875,outside,0.286914378404617,0,0,TRUE,Depression,outside,FALSE,FALSE,FALSE,TRUE,FALSE,FALSE,FALSE,FALSE,FALSE,Neither actor dominant
1,2012,127919,39.8779375,outside,0.392356336116791,0,0,TRUE,Depression,outside,FALSE,FALSE,FALSE,TRUE,FALSE,FALSE,FALSE,FALSE,FALSE,Neither actor dominant
1,2012,127920,39.4461640625,outside,0.297632306814194,0,0,TRUE,Depression,outside,FALSE,FALSE,FALSE,TRUE,FALSE,FALSE,FALSE,FALSE,FALSE,Neither actor dominant
1,2012,128357,43.60332421875,outside,0.329153597354889,0,0,TRUE,Depression,outside,FALSE,FALSE,FALSE,TRUE,FALSE,FALSE,FALSE,FALSE,FALSE,Neither actor dominant
1,2012,128358,43.15669140625,outside,0.274379223585129,0,0,TRUE,Depression,outside,FALSE,FALSE,FALSE,TRUE,FALSE,FALSE,FALSE,FALSE,FALSE,Neither actor dominant
1,2012,128365,40.0655703125,outside,0.300561487674713,0,0,TRUE,Depression,outside,FALSE,FALSE,FALSE,TRUE,FALSE,FALSE,FALSE,FALSE,FALSE,Neither actor dominant
1,2012,128367,39.1950234375,outside,0.259827494621277,0,0,TRUE,Depression,outside,FALSE,FALSE,FALSE,TRUE,FALSE,FALSE,FALSE,FALSE,FALSE,Neither actor dominant
1,2012,128786,51.62363671875,outside,0.269823968410492,0,0,TRUE,Depression,outside,FALSE,FALSE,FALSE,TRUE,FALSE,FALSE,FALSE,FALSE,FALSE,Neither actor dominant
1,2012,128811,40.26475,outside,0.274419814348221,0,0,TRUE,Depression,outside,FALSE,FALSE,FALSE,TRUE,FALSE,FALSE,FALSE,FALSE,FALSE,Neither actor dominant
1,2012,128903,5.83095166015625,outside,0.260867059230804,0,0,TRUE,Depression,outside,FALSE,TRUE,TRUE,TRUE,FALSE,FALSE,FALSE,FALSE,FALSE,Neither actor dominant
1,2012,129257,40.47530078125,outside,0.283899158239365,0,0,TRUE,Depression,outside,FALSE,FALSE,FALSE,TRUE,FALSE,FALSE,FALSE,FALSE,FALSE,Neither actor dominant
1,2012,130604,37.121421875,outside,0.261780768632889,0,0,TRUE,Depression,outside,FALSE,FALSE,FALSE,TRUE,FALSE,FALSE,FALSE,FALSE,FALSE,Neither actor dominant
1,2012,132384,39.9249296875,outside,0.439116835594177,0,0,TRUE,Depression,outside,FALSE,FALSE,FALSE,TRUE,FALSE,FALSE,FALSE,FALSE,FALSE,Neither actor dominant
1,2012,132825,42.54703125,outside,0.263945907354355,0,0,TRUE,Depression,outside,FALSE,FALSE,FALSE,TRUE,FALSE,FALSE,FALSE,FALSE,FALSE,Neither actor dominant
1,2012,132828,41.14000390625,outside,0.464567333459854,0,0,TRUE,Depression,outside,FALSE,FALSE,FALSE,TRUE,FALSE,FALSE,FALSE,FALSE,FALSE,Neither actor dominant
1,2012,132850,31.088583984375,outside,0.254782378673553,0,0,TRUE,Depression,outside,FALSE,FALSE,FALSE,TRUE,FALSE,FALSE,FALSE,FALSE,FALSE,Neither actor dominant
1,2012,132920,5,outside,0.269528895616531,0,0,TRUE,Depression,outside,TRUE,TRUE,TRUE,TRUE,FALSE,FALSE,FALSE,FALSE,FALSE,Neither actor dominant
1,2012,133179,25.238859375,outside,0.258979707956314,0,0,TRUE,Depression,outside,FALSE,FALSE,FALSE,TRUE,FALSE,FALSE,FALSE,FALSE,FALSE,Neither actor dominant
1,2012,133721,41.27044921875,outside,0.371722936630249,0,0,TRUE,Depression,outside,FALSE,FALSE,FALSE,TRUE,FALSE,FALSE,FALSE,FALSE,FALSE,Neither actor dominant
1,2012,134613,41.90763671875,outside,0.404746413230896,0,0,TRUE,Depression,outside,FALSE,FALSE,FALSE,TRUE,FALSE,FALSE,FALSE,FALSE,FALSE,Neither actor dominant
1,2012,136921,9.924716796875,outside,0.310233056545258,0,0,TRUE,Depression,outside,FALSE,TRUE,TRUE,TRUE,FALSE,FALSE,FALSE,FALSE,FALSE,Neither actor dominant
1,2012,137728,47.7833671875,outside,0.252043187618256,0,0,TRUE,Depression,outside,FALSE,FALSE,FALSE,TRUE,FALSE,FALSE,FALSE,FALSE,FALSE,Neither actor dominant
1,2012,137814,9.6176923828125,outside,0.309004724025726,0,0,TRUE,Depression,outside,FALSE,TRUE,TRUE,TRUE,FALSE,FALSE,FALSE,FALSE,FALSE,Neither actor dominant
1,2012,138261,9.1787802734375,outside,0.274493366479874,0,0,TRUE,Depression,outside,FALSE,TRUE,TRUE,TRUE,FALSE,FALSE,FALSE,FALSE,FALSE,Neither actor dominant
1,2012,138708,8.746427734375,outside,0.256330132484436,0.00303705921396613,0.00303705921396613,TRUE,Depression,outside,FALSE,TRUE,TRUE,TRUE,TRUE,TRUE,FALSE,FALSE,FALSE,Neither actor dominant
1,2012,139084,40.14037890625,outside,0.289146780967712,0,0,TRUE,Depression,outside,FALSE,FALSE,FALSE,TRUE,FALSE,FALSE,FALSE,FALSE,FALSE,Neither actor dominant
1,2012,139177,1.11803393554687,outside,0.257833629846573,0,0,TRUE,Depression,outside,TRUE,TRUE,TRUE,TRUE,FALSE,FALSE,FALSE,FALSE,FALSE,Neither actor dominant
1,2012,139898,35.40126953125,outside,0.279993146657944,0,0,TRUE,Depression,outside,FALSE,FALSE,FALSE,TRUE,FALSE,FALSE,FALSE,FALSE,FALSE,Neither actor dominant
1,2012,139964,46.778734375,outside,0.275312662124634,0,0,TRUE,Depression,outside,FALSE,FALSE,FALSE,TRUE,FALSE,FALSE,FALSE,FALSE,FALSE,Neither actor dominant
1,2012,139976,40.89315234375,outside,0.273373275995255,0,0,TRUE,Depression,outside,FALSE,FALSE,FALSE,TRUE,FALSE,FALSE,FALSE,FALSE,FALSE,Neither actor dominant
1,2012,139977,40.40420703125,outside,0.535279750823975,0,0,TRUE,Depression,outside,FALSE,FALSE,FALSE,TRUE,FALSE,FALSE,FALSE,FALSE,FALSE,Neither actor dominant
1,2012,140420,42.26405078125,outside,0.496912568807602,0,0,TRUE,Depression,outside,FALSE,FALSE,FALSE,TRUE,FALSE,FALSE,FALSE,FALSE,FALSE,Neither actor dominant
1,2012,140423,40.79215625,outside,0.357612192630768,0,0,TRUE,Depression,outside,FALSE,FALSE,FALSE,TRUE,FALSE,FALSE,FALSE,FALSE,FALSE,Neither actor dominant
1,2012,140493,8.13941015625,outside,0.315608650445938,0,0,TRUE,Depression,outside,FALSE,TRUE,TRUE,TRUE,FALSE,FALSE,FALSE,FALSE,FALSE,Neither actor dominant
1,2012,140494,7.7781748046875,outside,0.263835102319717,0,0,TRUE,Depression,outside,FALSE,TRUE,TRUE,TRUE,FALSE,FALSE,FALSE,FALSE,FALSE,Neither actor dominant
1,2012,140868,41.68033203125,outside,0.609966695308685,0,0,TRUE,Depression,outside,FALSE,FALSE,FALSE,TRUE,FALSE,FALSE,FALSE,FALSE,FALSE,Neither actor dominant
1,2012,140869,41.18858984375,outside,0.37223607301712,0,0,TRUE,Depression,outside,FALSE,FALSE,FALSE,TRUE,FALSE,FALSE,FALSE,FALSE,FALSE,Neither actor dominant
1,2012,140870,40.69705078125,outside,0.450033307075501,0,0,TRUE,Depression,outside,FALSE,FALSE,FALSE,TRUE,FALSE,FALSE,FALSE,FALSE,FALSE,Neither actor dominant
1,2012,140872,39.71460546875,outside,0.271184206008911,0,0,TRUE,Depression,outside,FALSE,FALSE,FALSE,TRUE,FALSE,FALSE,FALSE,FALSE,FALSE,Neither actor dominant
1,2012,140873,39.22371875,outside,0.310649693012238,0,0,TRUE,Depression,outside,FALSE,FALSE,FALSE,TRUE,FALSE,FALSE,FALSE,FALSE,FALSE,Neither actor dominant
1,2012,140885,33.35416015625,outside,0.348547101020813,0,0,TRUE,Depression,outside,FALSE,FALSE,FALSE,TRUE,FALSE,FALSE,FALSE,FALSE,FALSE,Neither actor dominant
1,2012,140940,7.7781748046875,outside,0.326722174882889,0.00303689413703978,0.00303689413703978,TRUE,Depression,outside,FALSE,TRUE,TRUE,TRUE,TRUE,TRUE,FALSE,FALSE,FALSE,Neither actor dominant
1,2012,140941,7.4330341796875,outside,0.27579790353775,0,0,TRUE,Depression,outside,FALSE,TRUE,TRUE,TRUE,FALSE,FALSE,FALSE,FALSE,FALSE,Neither actor dominant
1,2012,140944,6.4031240234375,outside,0.283536106348038,0.0091105867177248,0.0091105867177248,TRUE,Depression,outside,FALSE,TRUE,TRUE,TRUE,TRUE,TRUE,FALSE,FALSE,FALSE,Neither actor dominant
1,2012,141312,43.07261328125,outside,0.433094799518585,0,0,TRUE,Depression,outside,FALSE,FALSE,FALSE,TRUE,FALSE,FALSE,FALSE,FALSE,FALSE,Neither actor dominant
1,2012,141313,42.5793359375,outside,0.575669705867767,0,0,TRUE,Depression,outside,FALSE,FALSE,FALSE,TRUE,FALSE,FALSE,FALSE,FALSE,FALSE,Neither actor dominant
1,2012,141316,41.10048828125,outside,0.435813516378403,0,0,TRUE,Depression,outside,FALSE,FALSE,FALSE,TRUE,FALSE,FALSE,FALSE,FALSE,FALSE,Neither actor dominant
1,2012,141317,40.6078828125,outside,0.484888464212418,0,0,TRUE,Depression,outside,FALSE,FALSE,FALSE,TRUE,FALSE,FALSE,FALSE,FALSE,FALSE,Neither actor dominant
1,2012,141318,40.11545703125,outside,0.3311607837677,0,0,TRUE,Depression,outside,FALSE,FALSE,FALSE,TRUE,FALSE,FALSE,FALSE,FALSE,FALSE,Neither actor dominant
1,2012,141758,43.48850390625,outside,0.335846811532974,0,0,TRUE,Depression,outside,FALSE,FALSE,FALSE,TRUE,FALSE,FALSE,FALSE,FALSE,FALSE,Neither actor dominant
1,2012,141760,42.5,outside,0.304822832345963,0,0,TRUE,Depression,outside,FALSE,FALSE,FALSE,TRUE,FALSE,FALSE,FALSE,FALSE,FALSE,Neither actor dominant
1,2012,141763,41.0182890625,outside,0.355962783098221,0,0,TRUE,Depression,outside,FALSE,FALSE,FALSE,TRUE,FALSE,FALSE,FALSE,FALSE,FALSE,Neither actor dominant
1,2012,141770,37.566609375,outside,0.302104949951172,0,0,TRUE,Depression,outside,FALSE,FALSE,FALSE,TRUE,FALSE,FALSE,FALSE,FALSE,FALSE,Neither actor dominant
1,2012,141836,6.3639609375,outside,0.323424011468887,0.00607360480353236,0.00607360480353236,TRUE,Depression,outside,FALSE,TRUE,TRUE,TRUE,TRUE,TRUE,FALSE,FALSE,FALSE,Neither actor dominant
1,2012,142109,31.00403125,outside,0.253736406564713,0,0,TRUE,Depression,outside,FALSE,FALSE,FALSE,TRUE,FALSE,FALSE,FALSE,FALSE,FALSE,Neither actor dominant
1,2012,142210,40.94203125,outside,0.55755078792572,0,0,TRUE,Depression,outside,FALSE,FALSE,FALSE,TRUE,FALSE,FALSE,FALSE,FALSE,FALSE,Neither actor dominant
1,2012,142211,40.44749609375,outside,0.359031230211258,0,0,TRUE,Depression,outside,FALSE,FALSE,FALSE,TRUE,FALSE,FALSE,FALSE,FALSE,FALSE,Neither actor dominant
1,2012,142653,42.85440625,outside,0.262134581804276,0,0,TRUE,Depression,outside,FALSE,FALSE,FALSE,TRUE,FALSE,FALSE,FALSE,FALSE,FALSE,Neither actor dominant
1,2012,143550,41.2462109375,outside,0.357623606920242,0,0,TRUE,Depression,outside,FALSE,FALSE,FALSE,TRUE,FALSE,FALSE,FALSE,FALSE,FALSE,Neither actor dominant
1,2012,143593,20.01249609375,outside,0.266493856906891,0,0,TRUE,Depression,outside,FALSE,FALSE,FALSE,TRUE,FALSE,FALSE,FALSE,FALSE,FALSE,Neither actor dominant
1,2012,143997,41.19466015625,outside,0.284089386463165,0,0,TRUE,Depression,outside,FALSE,FALSE,FALSE,TRUE,FALSE,FALSE,FALSE,FALSE,FALSE,Neither actor dominant
1,2012,144035,22.3606796875,outside,0.285867691040039,0,0,TRUE,Depression,outside,FALSE,FALSE,FALSE,TRUE,FALSE,FALSE,FALSE,FALSE,FALSE,Neither actor dominant
1,2012,144036,21.868927734375,outside,0.292892962694168,0,0,TRUE,Depression,outside,FALSE,FALSE,FALSE,TRUE,FALSE,FALSE,FALSE,FALSE,FALSE,Neither actor dominant
1,2012,144037,21.37755859375,outside,0.259027928113937,0,0,TRUE,Depression,outside,FALSE,FALSE,FALSE,TRUE,FALSE,FALSE,FALSE,FALSE,FALSE,Neither actor dominant
1,2012,144039,20.396078125,outside,0.351344972848892,0,0,TRUE,Depression,outside,FALSE,FALSE,FALSE,TRUE,FALSE,FALSE,FALSE,FALSE,FALSE,Neither actor dominant
1,2012,144526,1.41421362304688,outside,0.337919622659683,0,0,TRUE,Depression,outside,TRUE,TRUE,TRUE,TRUE,FALSE,FALSE,FALSE,FALSE,FALSE,Neither actor dominant
1,2012,145395,12.747548828125,outside,0.389522314071655,0,0,TRUE,Depression,outside,FALSE,FALSE,TRUE,TRUE,FALSE,FALSE,FALSE,FALSE,FALSE,Neither actor dominant
1,2012,145789,39.05125,outside,0.315675437450409,0,0,TRUE,Depression,outside,FALSE,FALSE,FALSE,TRUE,FALSE,FALSE,FALSE,FALSE,FALSE,Neither actor dominant
1,2012,145842,12.6589892578125,outside,0.482375055551529,0,0,TRUE,Depression,outside,FALSE,FALSE,TRUE,TRUE,FALSE,FALSE,FALSE,FALSE,FALSE,Neither actor dominant
1,2012,145843,12.165525390625,outside,0.338007807731628,0,0,TRUE,Depression,outside,FALSE,FALSE,TRUE,TRUE,FALSE,FALSE,FALSE,FALSE,FALSE,Neither actor dominant
1,2012,145868,-0.5,inside,0.271458894014359,0,0,TRUE,Depression,inside,TRUE,TRUE,TRUE,TRUE,FALSE,FALSE,FALSE,FALSE,FALSE,Neither actor dominant
1,2012,146272,21.05350390625,outside,0.456933110952377,0,0,TRUE,Depression,outside,FALSE,FALSE,FALSE,TRUE,FALSE,FALSE,FALSE,FALSE,FALSE,Neither actor dominant
1,2012,146288,13.086251953125,outside,0.455077767372131,0,0,TRUE,Depression,outside,FALSE,FALSE,TRUE,TRUE,FALSE,FALSE,FALSE,FALSE,FALSE,Neither actor dominant
1,2012,146289,12.5896787109375,outside,0.800590455532074,0,0,TRUE,Depression,outside,FALSE,FALSE,TRUE,TRUE,FALSE,FALSE,FALSE,FALSE,FALSE,Neither actor dominant
1,2012,146677,42.01190234375,outside,0.329248279333115,0,0,TRUE,Depression,outside,FALSE,FALSE,FALSE,TRUE,FALSE,FALSE,FALSE,FALSE,FALSE,Neither actor dominant
1,2012,146713,24.02082421875,outside,0.266725361347199,0,0,TRUE,Depression,outside,FALSE,FALSE,FALSE,TRUE,FALSE,FALSE,FALSE,FALSE,FALSE,Neither actor dominant
1,2012,146721,20.024984375,outside,0.299480766057968,0,0,TRUE,Depression,outside,FALSE,FALSE,FALSE,TRUE,FALSE,FALSE,FALSE,FALSE,FALSE,Neither actor dominant
1,2012,146736,12.5399365234375,outside,0.292371541261673,0,0,TRUE,Depression,outside,FALSE,FALSE,TRUE,TRUE,FALSE,FALSE,FALSE,FALSE,FALSE,Neither actor dominant
1,2012,147127,40.5030859375,outside,0.421050757169724,0,0,TRUE,Depression,outside,FALSE,FALSE,FALSE,TRUE,FALSE,FALSE,FALSE,FALSE,FALSE,Neither actor dominant
1,2012,147162,23.00543359375,outside,0.316871583461761,0.00607335800305009,0.00607335800305009,TRUE,Depression,outside,FALSE,FALSE,FALSE,TRUE,TRUE,TRUE,FALSE,FALSE,FALSE,Neither actor dominant
1,2012,147164,22.005681640625,outside,0.266292691230774,0,0,TRUE,Depression,outside,FALSE,FALSE,FALSE,TRUE,FALSE,FALSE,FALSE,FALSE,FALSE,Neither actor dominant
1,2012,147166,21.005951171875,outside,0.462298035621643,0,0,TRUE,Depression,outside,FALSE,FALSE,FALSE,TRUE,FALSE,FALSE,FALSE,FALSE,FALSE,Neither actor dominant
1,2012,147167,20.506095703125,outside,0.26724511384964,0,0,TRUE,Depression,outside,FALSE,FALSE,FALSE,TRUE,FALSE,FALSE,FALSE,FALSE,FALSE,Neither actor dominant
1,2012,147608,23.5,outside,0.360604703426361,0,0,TRUE,Depression,outside,FALSE,FALSE,FALSE,TRUE,FALSE,FALSE,FALSE,FALSE,FALSE,Neither actor dominant
1,2012,147609,23,outside,0.257930189371109,0,0,TRUE,Depression,outside,FALSE,FALSE,FALSE,TRUE,FALSE,FALSE,FALSE,FALSE,FALSE,Neither actor dominant
1,2012,147613,21,outside,0.387522220611572,0,0,TRUE,Depression,outside,FALSE,FALSE,FALSE,TRUE,FALSE,FALSE,FALSE,FALSE,FALSE,Neither actor dominant
1,2012,147614,20.5,outside,0.274258881807327,0,0,TRUE,Depression,outside,FALSE,FALSE,FALSE,TRUE,FALSE,FALSE,FALSE,FALSE,FALSE,Neither actor dominant
1,2012,147615,20,outside,0.453800082206726,0,0,TRUE,Depression,outside,FALSE,FALSE,TRUE,TRUE,FALSE,FALSE,FALSE,FALSE,FALSE,Neither actor dominant
1,2012,147617,19,outside,0.297749578952789,0,0,TRUE,Depression,outside,FALSE,FALSE,TRUE,TRUE,FALSE,FALSE,FALSE,FALSE,FALSE,Neither actor dominant
1,2012,147618,18.5,outside,0.397587269544601,0,0,TRUE,Depression,outside,FALSE,FALSE,TRUE,TRUE,FALSE,FALSE,FALSE,FALSE,FALSE,Neither actor dominant
1,2012,147631,12,outside,0.392455756664276,0.00607288209721446,0.00607288209721446,TRUE,Depression,outside,FALSE,FALSE,TRUE,TRUE,TRUE,TRUE,FALSE,FALSE,FALSE,Neither actor dominant
1,2012,147632,11.5,outside,0.298468798398972,0,0,TRUE,Depression,outside,FALSE,FALSE,TRUE,TRUE,FALSE,FALSE,FALSE,FALSE,FALSE,Neither actor dominant
1,2012,148062,20,outside,0.279724538326263,0,0,TRUE,Depression,outside,FALSE,FALSE,TRUE,TRUE,FALSE,FALSE,FALSE,FALSE,FALSE,Neither actor dominant
1,2012,148064,19,outside,0.264381378889084,0,0,TRUE,Depression,outside,FALSE,FALSE,TRUE,TRUE,FALSE,FALSE,FALSE,FALSE,FALSE,Neither actor dominant
1,2012,148078,12,outside,0.256108731031418,0.00607280572876334,0,TRUE,Depression,outside,FALSE,FALSE,TRUE,TRUE,TRUE,FALSE,FALSE,FALSE,FALSE,Neither actor dominant
1,2012,148079,11.5,outside,0.316958457231522,0.00303639424964786,0,TRUE,Depression,outside,FALSE,FALSE,TRUE,TRUE,TRUE,FALSE,FALSE,FALSE,FALSE,Neither actor dominant
1,2012,148499,25.005,outside,0.277844935655594,0,0,TRUE,Depression,outside,FALSE,FALSE,FALSE,TRUE,FALSE,FALSE,FALSE,FALSE,FALSE,Neither actor dominant
1,2012,148503,23.00543359375,outside,0.392905473709106,0,0,TRUE,Depression,outside,FALSE,FALSE,FALSE,TRUE,FALSE,FALSE,FALSE,FALSE,FALSE,Neither actor dominant
1,2012,148508,20.506095703125,outside,0.566584885120392,0,0,TRUE,Depression,outside,FALSE,FALSE,FALSE,TRUE,FALSE,FALSE,FALSE,FALSE,FALSE,Neither actor dominant
1,2012,148955,20.524375,outside,0.40387836098671,0,0,TRUE,Depression,outside,FALSE,FALSE,FALSE,TRUE,FALSE,FALSE,FALSE,FALSE,FALSE,Neither actor dominant
1,2012,148956,20.024984375,outside,0.304080814123154,0,0,TRUE,Depression,outside,FALSE,FALSE,FALSE,TRUE,FALSE,FALSE,FALSE,FALSE,FALSE,Neither actor dominant
1,2012,149376,33.53356640625,outside,0.278756350278854,0,0,TRUE,Depression,outside,FALSE,FALSE,FALSE,TRUE,FALSE,FALSE,FALSE,FALSE,FALSE,Neither actor dominant
1,2012,149388,27.54087890625,outside,0.363257944583893,0,0,TRUE,Depression,outside,FALSE,FALSE,FALSE,TRUE,FALSE,FALSE,FALSE,FALSE,FALSE,Neither actor dominant
1,2012,149403,20.056171875,outside,0.383502036333084,0,0,TRUE,Depression,outside,FALSE,FALSE,FALSE,TRUE,FALSE,FALSE,FALSE,FALSE,FALSE,Neither actor dominant
1,2012,149828,31.06444921875,outside,0.275061517953873,0.00381056615151465,0,TRUE,Depression,outside,FALSE,FALSE,FALSE,TRUE,TRUE,FALSE,FALSE,FALSE,FALSE,Neither actor dominant
1,2012,149845,22.58871484375,outside,0.345088422298431,0,0,TRUE,Depression,outside,FALSE,FALSE,FALSE,TRUE,FALSE,FALSE,FALSE,FALSE,FALSE,Neither actor dominant
1,2012,149849,20.597330078125,outside,0.364428758621216,0.00228926818817854,0.00228926818817854,TRUE,Depression,outside,FALSE,FALSE,FALSE,TRUE,TRUE,TRUE,FALSE,FALSE,FALSE,Neither actor dominant
1,2012,150265,36.08669921875,outside,0.266134262084961,0.00607334543019533,0.00607334543019533,TRUE,Depression,outside,FALSE,FALSE,FALSE,TRUE,TRUE,TRUE,FALSE,FALSE,FALSE,Neither actor dominant
1,2012,150274,31.59905078125,outside,0.303211212158203,0.00278218556195498,0,TRUE,Depression,outside,FALSE,FALSE,FALSE,TRUE,TRUE,FALSE,FALSE,FALSE,FALSE,Neither actor dominant
1,2012,150298,19.659603515625,outside,0.383247554302216,0,0,TRUE,Depression,outside,FALSE,FALSE,TRUE,TRUE,FALSE,FALSE,FALSE,FALSE,FALSE,Neither actor dominant
1,2012,150299,19.163767578125,outside,0.434063583612442,0,0,TRUE,Depression,outside,FALSE,FALSE,TRUE,TRUE,FALSE,FALSE,FALSE,FALSE,FALSE,Neither actor dominant
1,2012,150711,36.62308203125,outside,0.297516465187073,0.00349692138843238,0,TRUE,Depression,outside,FALSE,FALSE,FALSE,TRUE,TRUE,FALSE,FALSE,FALSE,FALSE,Neither actor dominant
1,2012,151141,45.13590625,outside,0.25414776802063,0,0,TRUE,Depression,outside,FALSE,FALSE,FALSE,TRUE,FALSE,FALSE,FALSE,FALSE,FALSE,Neither actor dominant
1,2012,151158,36.66742578125,outside,0.308004260063171,0.000618551217485219,0,TRUE,Depression,outside,FALSE,FALSE,FALSE,TRUE,TRUE,FALSE,FALSE,FALSE,FALSE,Neither actor dominant
1,2012,151602,38.2099453125,outside,0.269101858139038,0,0,TRUE,Depression,outside,FALSE,FALSE,FALSE,TRUE,FALSE,FALSE,FALSE,FALSE,FALSE,Neither actor dominant
1,2012,151612,33.2415390625,outside,0.27361136674881,0,0,TRUE,Depression,outside,FALSE,FALSE,FALSE,TRUE,FALSE,FALSE,FALSE,FALSE,FALSE,Neither actor dominant
1,2012,152039,43.23482421875,outside,0.323859751224518,0,0,TRUE,Depression,outside,FALSE,FALSE,FALSE,TRUE,FALSE,FALSE,FALSE,FALSE,FALSE,Neither actor dominant
1,2012,152048,38.76209375,outside,0.328558087348938,0.0121462922543287,0,TRUE,Depression,outside,FALSE,FALSE,FALSE,TRUE,TRUE,FALSE,FALSE,FALSE,FALSE,Neither actor dominant
1,2012,152057,34.2965,outside,0.31978514790535,0,0,TRUE,Depression,outside,FALSE,FALSE,FALSE,TRUE,FALSE,FALSE,FALSE,FALSE,FALSE,Neither actor dominant
1,2012,152061,32.314857421875,outside,0.5145463347435,0,0,TRUE,Depression,outside,FALSE,FALSE,FALSE,TRUE,FALSE,FALSE,FALSE,FALSE,FALSE,Neither actor dominant
1,2012,152062,31.8198046875,outside,0.307396292686462,0,0,TRUE,Depression,outside,FALSE,FALSE,FALSE,TRUE,FALSE,FALSE,FALSE,FALSE,FALSE,Neither actor dominant
1,2012,152481,45.77390234375,outside,0.372630536556244,0,0,TRUE,Depression,outside,FALSE,FALSE,FALSE,TRUE,FALSE,FALSE,FALSE,FALSE,FALSE,Neither actor dominant
1,2012,152484,44.2831796875,outside,0.30792024731636,0,0,TRUE,Depression,outside,FALSE,FALSE,FALSE,TRUE,FALSE,FALSE,FALSE,FALSE,FALSE,Neither actor dominant
1,2012,152486,43.28972265625,outside,0.316729635000229,0.00148348254151642,0,TRUE,Depression,outside,FALSE,FALSE,FALSE,TRUE,TRUE,FALSE,FALSE,FALSE,FALSE,Neither actor dominant
1,2012,152507,32.8823671875,outside,0.313908278942108,0,0,TRUE,Depression,outside,FALSE,FALSE,FALSE,TRUE,FALSE,FALSE,FALSE,FALSE,FALSE,Neither actor dominant
1,2012,152508,32.38826953125,outside,0.486723095178604,0,0,TRUE,Depression,outside,FALSE,FALSE,FALSE,TRUE,FALSE,FALSE,FALSE,FALSE,FALSE,Neither actor dominant
1,2012,152509,31.894357421875,outside,0.391789436340332,0.00303638796322048,0.00303638796322048,TRUE,Depression,outside,FALSE,FALSE,FALSE,TRUE,TRUE,TRUE,FALSE,FALSE,FALSE,Neither actor dominant
1,2012,152514,29.42787890625,outside,0.310981094837189,0,0,TRUE,Depression,outside,FALSE,FALSE,FALSE,TRUE,FALSE,FALSE,FALSE,FALSE,FALSE,Neither actor dominant
1,2012,153328,63.507875,outside,0.255279898643494,0,0,TRUE,Depression,outside,FALSE,FALSE,FALSE,TRUE,FALSE,FALSE,FALSE,FALSE,FALSE,Neither actor dominant
1,2012,153394,36.49657421875,outside,0.264784961938858,0,0,TRUE,Depression,outside,FALSE,FALSE,FALSE,TRUE,FALSE,FALSE,FALSE,FALSE,FALSE,Neither actor dominant
1,2012,153426,20.88061328125,outside,0.276718556880951,0,0,TRUE,Depression,outside,FALSE,FALSE,FALSE,TRUE,FALSE,FALSE,FALSE,FALSE,FALSE,Neither actor dominant
1,2012,153468,4.03112890625,outside,0.28549587726593,0,0,TRUE,Depression,outside,TRUE,TRUE,TRUE,TRUE,FALSE,FALSE,FALSE,FALSE,FALSE,Neither actor dominant
1,2012,153852,31.184931640625,outside,0.251944780349731,0,0,TRUE,Depression,outside,FALSE,FALSE,FALSE,TRUE,FALSE,FALSE,FALSE,FALSE,FALSE,Neither actor dominant
1,2012,153874,20.5548046875,outside,0.534745573997498,0,0,TRUE,Depression,outside,FALSE,FALSE,FALSE,TRUE,FALSE,FALSE,FALSE,FALSE,FALSE,Neither actor dominant
1,2012,153876,19.608671875,outside,0.298336893320084,0,0,TRUE,Depression,outside,FALSE,FALSE,TRUE,TRUE,FALSE,FALSE,FALSE,FALSE,FALSE,Neither actor dominant
1,2012,153880,17.720044921875,outside,0.251220643520355,0,0,TRUE,Depression,outside,FALSE,FALSE,TRUE,TRUE,FALSE,FALSE,FALSE,FALSE,FALSE,Neither actor dominant
1,2012,154320,21.189619140625,outside,0.281612575054169,0,0,TRUE,Depression,outside,FALSE,FALSE,FALSE,TRUE,FALSE,FALSE,FALSE,FALSE,FALSE,Neither actor dominant
1,2012,154322,20.24845703125,outside,0.441190510988235,0,0,TRUE,Depression,outside,FALSE,FALSE,FALSE,TRUE,FALSE,FALSE,FALSE,FALSE,FALSE,Neither actor dominant
1,2012,154323,19.780041015625,outside,0.595045924186707,0,0,TRUE,Depression,outside,FALSE,FALSE,TRUE,TRUE,FALSE,FALSE,FALSE,FALSE,FALSE,Neither actor dominant
1,2012,154699,51.79285546875,outside,0.249864310026169,0,0,TRUE,Depression,outside,FALSE,FALSE,FALSE,TRUE,FALSE,FALSE,FALSE,FALSE,FALSE,Neither actor dominant
1,2012,154729,39.71460546875,outside,0.258680701255798,0,0,TRUE,Depression,outside,FALSE,FALSE,FALSE,TRUE,FALSE,FALSE,FALSE,FALSE,FALSE,Neither actor dominant
1,2012,154769,20.402205078125,outside,0.260899782180786,0,0,TRUE,Depression,outside,FALSE,FALSE,FALSE,TRUE,FALSE,FALSE,FALSE,FALSE,FALSE,Neither actor dominant
1,2012,155144,52.0696640625,outside,0.273012518882751,0,0,TRUE,Depression,outside,FALSE,FALSE,FALSE,TRUE,FALSE,FALSE,FALSE,FALSE,FALSE,Neither actor dominant
1,2012,155245,8.200609375,outside,0.313640236854553,0,0,TRUE,Depression,outside,FALSE,TRUE,TRUE,TRUE,FALSE,FALSE,FALSE,FALSE,FALSE,Neither actor dominant
1,2012,157018,15.116216796875,outside,0.269678175449371,0,0,TRUE,Depression,outside,FALSE,FALSE,TRUE,TRUE,FALSE,FALSE,FALSE,FALSE,FALSE,Neither actor dominant
1,2012,157384,48.54121875,outside,0.255215138196945,0,0,TRUE,Depression,outside,FALSE,FALSE,FALSE,TRUE,FALSE,FALSE,FALSE,FALSE,FALSE,Neither actor dominant
1,2012,157475,11.715375,outside,0.261960536241531,0,0,TRUE,Depression,outside,FALSE,FALSE,TRUE,TRUE,FALSE,FALSE,FALSE,FALSE,FALSE,Neither actor dominant
1,2012,157476,11.40175390625,outside,0.257911711931229,0.0060710096731782,0,TRUE,Depression,outside,FALSE,FALSE,TRUE,TRUE,TRUE,FALSE,FALSE,FALSE,FALSE,Neither actor dominant
1,2012,159257,15.20690625,outside,0.29263710975647,0,0,TRUE,Depression,outside,FALSE,FALSE,TRUE,TRUE,FALSE,FALSE,FALSE,FALSE,FALSE,Neither actor dominant
1,2012,160075,43.3416640625,outside,0.312744438648224,0,0,TRUE,Depression,outside,FALSE,FALSE,FALSE,TRUE,FALSE,FALSE,FALSE,FALSE,FALSE,Neither actor dominant
1,2012,161038,19.10497265625,outside,0.294314295053482,0,0,TRUE,Depression,outside,FALSE,FALSE,TRUE,TRUE,FALSE,FALSE,FALSE,FALSE,FALSE,Neither actor dominant
1,2012,161410,44.2068984375,outside,0.260216325521469,0,0,TRUE,Depression,outside,FALSE,FALSE,FALSE,TRUE,FALSE,FALSE,FALSE,FALSE,FALSE,Neither actor dominant
1,2012,163648,41.3672578125,outside,0.355056434869766,0,0,TRUE,Depression,outside,FALSE,FALSE,FALSE,TRUE,FALSE,FALSE,FALSE,FALSE,FALSE,Neither actor dominant
1,2012,164082,45.83939453125,outside,0.263158559799194,0,0,TRUE,Depression,outside,FALSE,FALSE,FALSE,TRUE,FALSE,FALSE,FALSE,FALSE,FALSE,Neither actor dominant
1,2012,164084,45.069390625,outside,0.26631373167038,0,0,TRUE,Depression,outside,FALSE,FALSE,FALSE,TRUE,FALSE,FALSE,FALSE,FALSE,FALSE,Neither actor dominant
1,2012,164096,40.66017578125,outside,0.264542400836945,0,0,TRUE,Depression,outside,FALSE,FALSE,FALSE,TRUE,FALSE,FALSE,FALSE,FALSE,FALSE,Neither actor dominant
1,2012,164529,45.52471875,outside,0.302861332893372,0,0,TRUE,Depression,outside,FALSE,FALSE,FALSE,TRUE,FALSE,FALSE,FALSE,FALSE,FALSE,Neither actor dominant
1,2012,164532,44.36496484375,outside,0.294500827789307,0,0,TRUE,Depression,outside,FALSE,FALSE,FALSE,TRUE,FALSE,FALSE,FALSE,FALSE,FALSE,Neither actor dominant
1,2012,164579,29.154759765625,outside,0.256881266832352,0,0,TRUE,Depression,outside,FALSE,FALSE,FALSE,TRUE,FALSE,FALSE,FALSE,FALSE,FALSE,Neither actor dominant
1,2012,165030,27.735357421875,outside,0.254085093736649,0,0,TRUE,Depression,outside,FALSE,FALSE,FALSE,TRUE,FALSE,FALSE,FALSE,FALSE,FALSE,Neither actor dominant
1,2012,165067,14.91643359375,outside,0.355453670024872,0.00228350539691746,0.00228350539691746,TRUE,Depression,outside,FALSE,FALSE,TRUE,TRUE,TRUE,TRUE,FALSE,FALSE,FALSE,Neither actor dominant
1,2012,165483,25.947060546875,outside,0.271312177181244,0,0,TRUE,Depression,outside,FALSE,FALSE,FALSE,TRUE,FALSE,FALSE,FALSE,FALSE,FALSE,Neither actor dominant
1,2012,165871,44.2040703125,outside,0.41687798500061,0,0,TRUE,Depression,outside,FALSE,FALSE,FALSE,TRUE,FALSE,FALSE,FALSE,FALSE,FALSE,Neither actor dominant
1,2012,165877,41.86884375,outside,0.290412873029709,0,0,TRUE,Depression,outside,FALSE,FALSE,FALSE,TRUE,FALSE,FALSE,FALSE,FALSE,FALSE,Neither actor dominant
1,2012,165884,39.2587578125,outside,0.367752820253372,0,0,TRUE,Depression,outside,FALSE,FALSE,FALSE,TRUE,FALSE,FALSE,FALSE,FALSE,FALSE,Neither actor dominant
1,2012,165886,38.53894140625,outside,0.287918597459793,0,0,TRUE,Depression,outside,FALSE,FALSE,FALSE,TRUE,FALSE,FALSE,FALSE,FALSE,FALSE,Neither actor dominant
1,2012,165926,26.386548828125,outside,0.491136997938156,0,0,TRUE,Depression,outside,FALSE,FALSE,FALSE,TRUE,FALSE,FALSE,FALSE,FALSE,FALSE,Neither actor dominant
1,2012,166765,43.60045703125,outside,0.354923665523529,0,0,TRUE,Depression,outside,FALSE,FALSE,FALSE,TRUE,FALSE,FALSE,FALSE,FALSE,FALSE,Neither actor dominant
1,2012,166855,13.435029296875,outside,0.390872836112976,0,0,TRUE,Depression,outside,FALSE,FALSE,TRUE,TRUE,FALSE,FALSE,FALSE,FALSE,FALSE,Neither actor dominant
1,2012,167268,24.8243828125,outside,0.268450111150742,0,0,TRUE,Depression,outside,FALSE,FALSE,FALSE,TRUE,FALSE,FALSE,FALSE,FALSE,FALSE,Neither actor dominant
1,2012,167671,38.28837890625,outside,0.311314225196838,0,0,TRUE,Depression,outside,FALSE,FALSE,FALSE,TRUE,FALSE,FALSE,FALSE,FALSE,FALSE,Neither actor dominant
1,2012,168102,44.37623046875,outside,0.308488935232163,0,0,TRUE,Depression,outside,FALSE,FALSE,FALSE,TRUE,FALSE,FALSE,FALSE,FALSE,FALSE,Neither actor dominant
1,2012,168123,36.0901640625,outside,0.326432138681412,0,0,TRUE,Depression,outside,FALSE,FALSE,FALSE,TRUE,FALSE,FALSE,FALSE,FALSE,FALSE,Neither actor dominant
1,2012,168159,24.698177734375,outside,0.255787223577499,0,0,TRUE,Depression,outside,FALSE,FALSE,FALSE,TRUE,FALSE,FALSE,FALSE,FALSE,FALSE,Neither actor dominant
1,2012,168494,49.8447578125,outside,0.317681282758713,0,0,TRUE,Depression,outside,FALSE,FALSE,FALSE,TRUE,FALSE,FALSE,FALSE,FALSE,FALSE,Neither actor dominant
1,2012,168567,36.8781796875,outside,0.249509170651436,0,0,TRUE,Depression,outside,FALSE,FALSE,FALSE,TRUE,FALSE,FALSE,FALSE,FALSE,FALSE,Neither actor dominant
1,2012,168570,35.75262109375,outside,0.312625914812088,0,0,TRUE,Depression,outside,FALSE,FALSE,FALSE,TRUE,FALSE,FALSE,FALSE,FALSE,FALSE,Neither actor dominant
1,2012,169006,39.702015625,outside,0.258815437555313,0,0,TRUE,Depression,outside,FALSE,FALSE,FALSE,TRUE,FALSE,FALSE,FALSE,FALSE,FALSE,Neither actor dominant
1,2012,169009,38.50324609375,outside,0.290656536817551,0,0,TRUE,Depression,outside,FALSE,FALSE,FALSE,TRUE,FALSE,FALSE,FALSE,FALSE,FALSE,Neither actor dominant
1,2012,169446,42.29952734375,outside,0.282237619161606,0,0,TRUE,Depression,outside,FALSE,FALSE,FALSE,TRUE,FALSE,FALSE,FALSE,FALSE,FALSE,Neither actor dominant
1,2012,169935,26.575365234375,outside,0.267110496759415,0,0,TRUE,Depression,outside,FALSE,FALSE,FALSE,TRUE,FALSE,FALSE,FALSE,FALSE,FALSE,Neither actor dominant
1,2012,170355,35.60898828125,outside,0.281834334135056,0.00303521123714745,0.00303521123714745,TRUE,Depression,outside,FALSE,FALSE,FALSE,TRUE,TRUE,TRUE,FALSE,FALSE,FALSE,Neither actor dominant
1,2012,170362,32.927953125,outside,0.256339907646179,0,0,TRUE,Depression,outside,FALSE,FALSE,FALSE,TRUE,FALSE,FALSE,FALSE,FALSE,FALSE,Neither actor dominant
1,2012,171232,42.1099765625,outside,0.25226554274559,0,0,TRUE,Depression,outside,FALSE,FALSE,FALSE,TRUE,FALSE,FALSE,FALSE,FALSE,FALSE,Neither actor dominant
1,2012,172155,29.73213671875,outside,0.272422909736633,0,0,TRUE,Depression,outside,FALSE,FALSE,FALSE,TRUE,FALSE,FALSE,FALSE,FALSE,FALSE,Neither actor dominant
1,2012,172156,29.36409375,outside,0.41282519698143,0,0,TRUE,Depression,outside,FALSE,FALSE,FALSE,TRUE,FALSE,FALSE,FALSE,FALSE,FALSE,Neither actor dominant
1,2012,172602,29.39812890625,outside,0.331371396780014,0,0,TRUE,Depression,outside,FALSE,FALSE,FALSE,TRUE,FALSE,FALSE,FALSE,FALSE,FALSE,Neither actor dominant
1,2012,173033,35.5105625,outside,0.252955675125122,0.00607004668563604,0.00607004668563604,TRUE,Depression,outside,FALSE,FALSE,FALSE,TRUE,TRUE,TRUE,FALSE,FALSE,FALSE,Neither actor dominant
1,2012,173469,40.03123828125,outside,0.273078054189682,0,0,TRUE,Depression,outside,FALSE,FALSE,FALSE,TRUE,FALSE,FALSE,FALSE,FALSE,FALSE,Neither actor dominant
1,2012,173471,39.14716015625,outside,0.277949929237366,0,0,TRUE,Depression,outside,FALSE,FALSE,FALSE,TRUE,FALSE,FALSE,FALSE,FALSE,FALSE,Neither actor dominant
1,2012,173474,37.83186328125,outside,0.256201535463333,0,0,TRUE,Depression,outside,FALSE,FALSE,FALSE,TRUE,FALSE,FALSE,FALSE,FALSE,FALSE,Neither actor dominant
1,2012,173919,38.47076953125,outside,0.252172261476517,0,0,TRUE,Depression,outside,FALSE,FALSE,FALSE,TRUE,FALSE,FALSE,FALSE,FALSE,FALSE,Neither actor dominant
1,2012,174393,26.9536640625,outside,0.328627794981003,0,0,TRUE,Depression,outside,FALSE,FALSE,FALSE,TRUE,FALSE,FALSE,FALSE,FALSE,FALSE,Neither actor dominant
1,2012,174802,42.9330859375,outside,0.261026799678803,0,0,TRUE,Depression,outside,FALSE,FALSE,FALSE,TRUE,FALSE,FALSE,FALSE,FALSE,FALSE,Neither actor dominant
1,2012,174810,39.36051171875,outside,0.291731476783752,0.00726976525038481,0.00211738352663815,TRUE,Depression,outside,FALSE,FALSE,FALSE,TRUE,TRUE,TRUE,FALSE,FALSE,FALSE,Neither actor dominant
1,2012,174832,29.820294921875,outside,0.259483456611633,0,0,TRUE,Depression,outside,FALSE,FALSE,FALSE,TRUE,FALSE,FALSE,FALSE,FALSE,FALSE,Neither actor dominant
1,2012,174841,26.24880859375,outside,0.294576555490494,0,0,TRUE,Depression,outside,FALSE,FALSE,FALSE,TRUE,FALSE,FALSE,FALSE,FALSE,FALSE,Neither actor dominant
1,2012,174842,25.8698671875,outside,0.252709299325943,0,0,TRUE,Depression,outside,FALSE,FALSE,FALSE,TRUE,FALSE,FALSE,FALSE,FALSE,FALSE,Neither actor dominant
1,2012,175250,42.26405078125,outside,0.257835805416107,0,0,TRUE,Depression,outside,FALSE,FALSE,FALSE,TRUE,FALSE,FALSE,FALSE,FALSE,FALSE,Neither actor dominant
1,2012,175265,35.55980859375,outside,0.306773275136948,0,0,TRUE,Depression,outside,FALSE,FALSE,FALSE,TRUE,FALSE,FALSE,FALSE,FALSE,FALSE,Neither actor dominant
1,2012,175281,28.714107421875,outside,0.328188478946686,0,0,TRUE,Depression,outside,FALSE,FALSE,FALSE,TRUE,FALSE,FALSE,FALSE,FALSE,FALSE,Neither actor dominant
1,2012,175725,29.68164453125,outside,0.263155519962311,0,0,TRUE,Depression,outside,FALSE,FALSE,FALSE,TRUE,FALSE,FALSE,FALSE,FALSE,FALSE,Neither actor dominant
1,2012,175727,28.84441015625,outside,0.293238401412964,0,0,TRUE,Depression,outside,FALSE,FALSE,FALSE,TRUE,FALSE,FALSE,FALSE,FALSE,FALSE,Neither actor dominant
1,2012,176164,32.8823671875,outside,0.270437568426132,0,0,TRUE,Depression,outside,FALSE,FALSE,FALSE,TRUE,FALSE,FALSE,FALSE,FALSE,FALSE,Neither actor dominant
1,2012,176173,28.99137890625,outside,0.303589940071106,0,0,TRUE,Depression,outside,FALSE,FALSE,FALSE,TRUE,FALSE,FALSE,FALSE,FALSE,FALSE,Neither actor dominant
1,2012,176618,29.584625,outside,0.253905445337296,0,0,TRUE,Depression,outside,FALSE,FALSE,FALSE,TRUE,FALSE,FALSE,FALSE,FALSE,FALSE,Neither actor dominant
1,2012,176620,28.7271640625,outside,0.253126740455627,0,0,TRUE,Depression,outside,FALSE,FALSE,FALSE,TRUE,FALSE,FALSE,FALSE,FALSE,FALSE,Neither actor dominant
1,2012,177055,33.7712890625,outside,0.273506999015808,0,0,TRUE,Depression,outside,FALSE,FALSE,FALSE,TRUE,FALSE,FALSE,FALSE,FALSE,FALSE,Neither actor dominant
1,2012,179297,29.529646484375,outside,0.45233565568924,0,0,TRUE,Depression,outside,FALSE,FALSE,FALSE,TRUE,FALSE,FALSE,FALSE,FALSE,FALSE,Neither actor dominant
1,2012,179298,29.090376953125,outside,0.259015530347824,0,0,TRUE,Depression,outside,FALSE,FALSE,FALSE,TRUE,FALSE,FALSE,FALSE,FALSE,FALSE,Neither actor dominant
1,2012,179743,29.740544921875,outside,0.42479220032692,0,0,TRUE,Depression,outside,FALSE,FALSE,FALSE,TRUE,FALSE,FALSE,FALSE,FALSE,FALSE,Neither actor dominant
1,2012,180196,26.85609765625,outside,0.308184832334518,0,0,TRUE,Depression,outside,FALSE,FALSE,FALSE,TRUE,FALSE,FALSE,FALSE,FALSE,FALSE,Neither actor dominant
1,2012,181081,30.463091796875,outside,0.278555601835251,0,0,TRUE,Depression,outside,FALSE,FALSE,FALSE,TRUE,FALSE,FALSE,FALSE,FALSE,FALSE,Neither actor dominant
1,2012,181086,28.18244140625,outside,0.284218996763229,0,0,TRUE,Depression,outside,FALSE,FALSE,FALSE,TRUE,FALSE,FALSE,FALSE,FALSE,FALSE,Neither actor dominant
1,2012,182874,27.39069140625,outside,0.293588846921921,0,0,TRUE,Depression,outside,FALSE,FALSE,FALSE,TRUE,FALSE,FALSE,FALSE,FALSE,FALSE,Neither actor dominant
1,2012,183763,29.4108828125,outside,0.272045969963074,0,0,TRUE,Depression,outside,FALSE,FALSE,FALSE,TRUE,FALSE,FALSE,FALSE,FALSE,FALSE,Neither actor dominant
1,2012,187774,34.2965,outside,0.286408007144928,0.0113389268517494,0.0113389268517494,TRUE,Depression,outside,FALSE,FALSE,FALSE,TRUE,TRUE,TRUE,FALSE,FALSE,FALSE,Neither actor dominant
1,2012,189574,28.111384765625,outside,0.291165292263031,0,0,TRUE,Depression,outside,FALSE,FALSE,FALSE,TRUE,FALSE,FALSE,FALSE,FALSE,FALSE,Neither actor dominant
1,2012,197593,42.005953125,outside,0.265724867582321,0.00909944903105497,0.00909944903105497,TRUE,Depression,outside,FALSE,FALSE,FALSE,TRUE,TRUE,TRUE,FALSE,FALSE,FALSE,Neither actor dominant
1,2012,198487,42.07433984375,outside,0.276490718126297,0,0,TRUE,Depression,outside,FALSE,FALSE,FALSE,TRUE,FALSE,FALSE,FALSE,FALSE,FALSE,Neither actor dominant
1,2012,204751,40.14037890625,outside,0.256904512643814,0.00303242891095579,0.00303242891095579,TRUE,Depression,outside,FALSE,FALSE,FALSE,TRUE,TRUE,TRUE,FALSE,FALSE,FALSE,Neither actor dominant
1,2012,205196,41.2310546875,outside,0.284578382968903,0,0,TRUE,Depression,outside,FALSE,FALSE,FALSE,TRUE,FALSE,FALSE,FALSE,FALSE,FALSE,Neither actor dominant
1,2012,251657,115.377640625,outside,0.466092020273209,0,0,TRUE,Depression,outside,FALSE,FALSE,FALSE,TRUE,FALSE,FALSE,FALSE,FALSE,FALSE,Neither actor dominant
3,2002,38912,109,outside,0.548180878162384,0,0,TRUE,Plateau,outside,FALSE,FALSE,FALSE,TRUE,FALSE,FALSE,FALSE,FALSE,FALSE,Neither actor dominant
3,2002,38913,108.5829140625,outside,0.50278377532959,0,0,TRUE,Plateau,outside,FALSE,FALSE,FALSE,TRUE,FALSE,FALSE,FALSE,FALSE,FALSE,Neither actor dominant
3,2002,41154,104.7019609375,outside,0.505268394947052,0.00913781113922596,0.00913781113922596,TRUE,Plateau,outside,FALSE,FALSE,FALSE,TRUE,TRUE,TRUE,FALSE,FALSE,FALSE,Neither actor dominant
3,2002,229320,59.81638671875,outside,0.296954959630966,0,0,TRUE,Plateau,outside,FALSE,FALSE,FALSE,TRUE,FALSE,FALSE,FALSE,FALSE,FALSE,Neither actor dominant
3,2003,38464,109.69275,outside,0.619119107723236,0.00579617219045758,0.00579617219045758,TRUE,Plateau,outside,FALSE,FALSE,FALSE,TRUE,TRUE,TRUE,FALSE,FALSE,FALSE,Neither actor dominant
3,2003,70656,90.86528125,outside,0.421487390995026,0,0,TRUE,Plateau,outside,FALSE,FALSE,FALSE,TRUE,FALSE,FALSE,FALSE,FALSE,FALSE,Neither actor dominant
3,2003,70657,90.38390625,outside,0.390663385391235,0,0,TRUE,Plateau,outside,FALSE,FALSE,FALSE,TRUE,FALSE,FALSE,FALSE,FALSE,FALSE,Neither actor dominant
3,2003,79198,64.76109765625,outside,0.647267818450928,0,0,TRUE,Plateau,outside,FALSE,FALSE,FALSE,TRUE,FALSE,FALSE,FALSE,FALSE,FALSE,Neither actor dominant
3,2003,80985,64.81705078125,outside,0.316838204860687,0,0,TRUE,Plateau,outside,FALSE,FALSE,FALSE,TRUE,FALSE,FALSE,FALSE,FALSE,FALSE,Neither actor dominant
3,2003,130016,13.0384052734375,outside,0.453912854194641,0.00303707225248218,0,TRUE,Plateau,outside,FALSE,FALSE,TRUE,TRUE,TRUE,FALSE,FALSE,FALSE,FALSE,Neither actor dominant
3,2003,193196,5.2201533203125,outside,0.424644351005554,0,0,TRUE,Plateau,outside,FALSE,TRUE,TRUE,TRUE,FALSE,FALSE,FALSE,FALSE,FALSE,Neither actor dominant
3,2003,196319,8.5,outside,0.380672544240952,0,0,TRUE,Plateau,outside,FALSE,TRUE,TRUE,TRUE,FALSE,FALSE,FALSE,FALSE,FALSE,Neither actor dominant
3,2003,206590,17.7341484375,outside,0.366138160228729,0,0,TRUE,Plateau,outside,FALSE,FALSE,TRUE,TRUE,FALSE,FALSE,FALSE,FALSE,FALSE,Neither actor dominant
3,2003,222599,89.0982578125,outside,0.415043085813522,0.0280972197651863,0.0280972197651863,TRUE,Plateau,outside,FALSE,FALSE,FALSE,TRUE,TRUE,TRUE,FALSE,FALSE,FALSE,Neither actor dominant
3,2003,222600,89.449703125,outside,0.678959369659424,0.0333200730383396,0.0333200730383396,TRUE,Plateau,outside,FALSE,FALSE,FALSE,TRUE,TRUE,TRUE,FALSE,FALSE,FALSE,Neither actor dominant
3,2003,222601,89.8025625,outside,0.712562322616577,0.0841823592782021,0.0811532512307167,TRUE,Plateau,outside,FALSE,FALSE,FALSE,TRUE,TRUE,TRUE,FALSE,FALSE,FALSE,Neither actor dominant
3,2003,228872,59.90408984375,outside,0.363110572099686,0,0,TRUE,Plateau,outside,FALSE,FALSE,FALSE,TRUE,FALSE,FALSE,FALSE,FALSE,FALSE,Neither actor dominant
3,2003,228873,59.50840234375,outside,0.498969405889511,0,0,TRUE,Plateau,outside,FALSE,FALSE,FALSE,TRUE,FALSE,FALSE,FALSE,FALSE,FALSE,Neither actor dominant
3,2003,228874,59.114296875,outside,0.64918577671051,0.00303041166625917,0.00303041166625917,TRUE,Plateau,outside,FALSE,FALSE,FALSE,TRUE,TRUE,TRUE,FALSE,FALSE,FALSE,Neither actor dominant
3,2004,54093,108.3939609375,outside,0.315228819847107,0.0730337873101234,0.0425812341272831,TRUE,Plateau,outside,FALSE,FALSE,FALSE,TRUE,TRUE,TRUE,FALSE,FALSE,FALSE,Militia dominant
3,2004,99241,86.8000546875,outside,0.362135112285614,0,0,TRUE,Plateau,outside,FALSE,FALSE,FALSE,TRUE,FALSE,FALSE,FALSE,FALSE,FALSE,Militia dominant
3,2004,172970,54.07864453125,outside,0.313647538423538,0,0,TRUE,Plateau,outside,FALSE,FALSE,FALSE,TRUE,FALSE,FALSE,FALSE,FALSE,FALSE,Militia dominant
3,2004,228427,58.80688671875,outside,0.417324393987656,0,0,TRUE,Plateau,outside,FALSE,FALSE,FALSE,TRUE,FALSE,FALSE,FALSE,FALSE,FALSE,Militia dominant
3,2005,37573,109.005734375,outside,0.308253914117813,0,0,TRUE,Plateau,outside,FALSE,FALSE,FALSE,TRUE,FALSE,FALSE,FALSE,FALSE,FALSE,Militia dominant
3,2005,38910,109.8362421875,outside,0.52503627538681,0.00304621644318104,0,TRUE,Plateau,outside,FALSE,FALSE,FALSE,TRUE,TRUE,FALSE,FALSE,FALSE,FALSE,Militia dominant
3,2005,38911,109.41778125,outside,0.428423702716827,0,0,TRUE,Plateau,outside,FALSE,FALSE,FALSE,TRUE,FALSE,FALSE,FALSE,FALSE,FALSE,Militia dominant
3,2005,40258,106.0872265625,outside,0.286617308855057,0,0,TRUE,Plateau,outside,FALSE,FALSE,FALSE,TRUE,FALSE,FALSE,FALSE,FALSE,FALSE,Militia dominant
3,2005,46075,100.0712265625,outside,0.381594568490982,0.0030455170199275,0.0030455170199275,TRUE,Plateau,outside,FALSE,FALSE,FALSE,TRUE,TRUE,TRUE,FALSE,FALSE,FALSE,Militia dominant
3,2005,46076,99.6443671875,outside,0.671044886112213,0.0121820196509361,0.0121820196509361,TRUE,Plateau,outside,FALSE,FALSE,FALSE,TRUE,TRUE,TRUE,FALSE,FALSE,FALSE,Militia dominant
3,2005,54094,107.9351640625,outside,0.312788993120194,0.0283862575888634,0.0126504004001617,TRUE,Plateau,outside,FALSE,FALSE,FALSE,TRUE,TRUE,TRUE,FALSE,FALSE,FALSE,Militia dominant
3,2005,78751,64.878734375,outside,0.427378326654434,0,0,TRUE,Plateau,outside,FALSE,FALSE,FALSE,TRUE,FALSE,FALSE,FALSE,FALSE,FALSE,Militia dominant
3,2005,79197,65.24760546875,outside,0.420232146978378,0,0,TRUE,Plateau,outside,FALSE,FALSE,FALSE,TRUE,FALSE,FALSE,FALSE,FALSE,FALSE,Militia dominant
3,2005,130014,12.5299638671875,outside,0.370820760726929,0.00415629474446178,0,TRUE,Plateau,outside,FALSE,FALSE,TRUE,TRUE,TRUE,FALSE,FALSE,FALSE,FALSE,Militia dominant
3,2005,176547,55.8949921875,outside,0.250532984733582,0,0,TRUE,Plateau,outside,FALSE,FALSE,FALSE,TRUE,FALSE,FALSE,FALSE,FALSE,FALSE,Militia dominant
3,2005,178338,58.03878125,outside,0.278825134038925,0,0,TRUE,Plateau,outside,FALSE,FALSE,FALSE,TRUE,FALSE,FALSE,FALSE,FALSE,FALSE,Militia dominant
3,2005,223048,90.1568046875,outside,0.437687784433365,0.0529454983770847,0.0468873754143715,TRUE,Plateau,outside,FALSE,FALSE,FALSE,TRUE,TRUE,TRUE,FALSE,FALSE,FALSE,Militia dominant
3,2006,33565,104.8725390625,outside,0.264798730611801,0.00273923831991851,0,TRUE,Plateau,outside,FALSE,FALSE,FALSE,TRUE,TRUE,FALSE,FALSE,FALSE,FALSE,Militia dominant
3,2006,35788,108.9242890625,outside,0.288717329502106,0.00609272951260209,0,TRUE,Plateau,outside,FALSE,FALSE,FALSE,TRUE,TRUE,FALSE,FALSE,FALSE,FALSE,Militia dominant
3,2006,38463,110.110171875,outside,0.292040377855301,0.0060441205278039,0.0060441205278039,TRUE,Plateau,outside,FALSE,FALSE,FALSE,TRUE,TRUE,TRUE,FALSE,FALSE,FALSE,Militia dominant
3,2006,39812,105.9481015625,outside,0.284430891275406,0.00304605043493211,0,TRUE,Plateau,outside,FALSE,FALSE,FALSE,TRUE,TRUE,FALSE,FALSE,FALSE,FALSE,Militia dominant
3,2006,45627,100.758375,outside,0.577357649803162,0.0060911257751286,0.0060911257751286,TRUE,Plateau,outside,FALSE,FALSE,FALSE,TRUE,TRUE,TRUE,FALSE,FALSE,FALSE,Militia dominant
3,2006,99242,86.400234375,outside,0.302356690168381,0.00304167810827494,0.00304167810827494,TRUE,Plateau,outside,FALSE,FALSE,FALSE,TRUE,TRUE,TRUE,FALSE,FALSE,FALSE,Militia dominant
3,2006,191851,7,outside,0.515549600124359,0,0,TRUE,Plateau,outside,FALSE,TRUE,TRUE,TRUE,FALSE,FALSE,FALSE,FALSE,FALSE,Militia dominant
3,2006,192743,8.0622578125,outside,0.797938644886017,0,0,TRUE,Plateau,outside,FALSE,TRUE,TRUE,TRUE,FALSE,FALSE,FALSE,FALSE,FALSE,Militia dominant
3,2006,192744,7.566373046875,outside,0.581462681293488,0,0,TRUE,Plateau,outside,FALSE,TRUE,TRUE,TRUE,FALSE,FALSE,FALSE,FALSE,FALSE,Militia dominant
3,2006,193190,8.13941015625,outside,0.480723768472672,0,0,TRUE,Plateau,outside,FALSE,TRUE,TRUE,TRUE,FALSE,FALSE,FALSE,FALSE,FALSE,Militia dominant
3,2006,193637,8.2462109375,outside,0.449255555868149,0,0,TRUE,Plateau,outside,FALSE,TRUE,TRUE,TRUE,FALSE,FALSE,FALSE,FALSE,FALSE,Militia dominant
3,2006,194083,8.8600224609375,outside,0.612387001514435,0,0,TRUE,Plateau,outside,FALSE,TRUE,TRUE,TRUE,FALSE,FALSE,FALSE,FALSE,FALSE,Militia dominant
3,2006,194529,9.4868330078125,outside,0.647411227226257,0,0,TRUE,Plateau,outside,FALSE,TRUE,TRUE,TRUE,FALSE,FALSE,FALSE,FALSE,FALSE,Militia dominant
3,2007,57168,17.691806640625,outside,0.478064090013504,0.00304295890964568,0.00304295890964568,TRUE,Plateau,outside,FALSE,FALSE,TRUE,TRUE,TRUE,TRUE,FALSE,FALSE,FALSE,Neither actor dominant
3,2007,70621,32.515380859375,outside,0.48814332485199,0,0,TRUE,Plateau,outside,FALSE,FALSE,FALSE,TRUE,FALSE,FALSE,FALSE,FALSE,FALSE,Neither actor dominant
3,2007,73739,27.372431640625,outside,0.277085244655609,0.00686251744627953,0.00608354434370995,TRUE,Plateau,outside,FALSE,FALSE,FALSE,TRUE,TRUE,TRUE,FALSE,FALSE,FALSE,Neither actor dominant
3,2007,84024,25.544080078125,outside,0.290861576795578,0,0,TRUE,Plateau,outside,FALSE,FALSE,FALSE,TRUE,FALSE,FALSE,FALSE,FALSE,FALSE,Neither actor dominant
3,2007,84860,6.57647314453125,outside,0.280471235513687,0.00608148751780391,0.00608148751780391,TRUE,Plateau,outside,FALSE,TRUE,TRUE,TRUE,TRUE,TRUE,FALSE,FALSE,FALSE,Neither actor dominant
3,2007,84919,25.303162109375,outside,0.481565624475479,0,0,TRUE,Plateau,outside,FALSE,FALSE,FALSE,TRUE,FALSE,FALSE,FALSE,FALSE,FALSE,Neither actor dominant
3,2007,108561,-5.83095166015625,inside,0.264984846115112,0,0,TRUE,Plateau,inside,FALSE,TRUE,TRUE,TRUE,FALSE,FALSE,FALSE,FALSE,FALSE,Neither actor dominant
3,2007,108584,3,outside,0.377827197313309,0.00428097881376743,0.00428097881376743,TRUE,Plateau,outside,TRUE,TRUE,TRUE,TRUE,TRUE,TRUE,FALSE,FALSE,FALSE,Neither actor dominant
3,2007,109061,18.006943359375,outside,0.619667410850525,0,0,TRUE,Plateau,outside,FALSE,FALSE,TRUE,TRUE,FALSE,FALSE,FALSE,FALSE,FALSE,Neither actor dominant
3,2007,109930,5.5,outside,0.423246532678604,0,0,TRUE,Plateau,outside,FALSE,TRUE,TRUE,TRUE,FALSE,FALSE,FALSE,FALSE,FALSE,Neither actor dominant
3,2007,117538,12.806248046875,outside,0.325610965490341,0,0,TRUE,Plateau,outside,FALSE,FALSE,TRUE,TRUE,FALSE,FALSE,FALSE,FALSE,FALSE,Neither actor dominant
3,2007,130015,12.7769326171875,outside,0.368073850870132,0.0019845892675221,0,TRUE,Plateau,outside,FALSE,FALSE,TRUE,TRUE,TRUE,FALSE,FALSE,FALSE,FALSE,Neither actor dominant
3,2007,191852,6.5,outside,0.835464417934418,0,0,TRUE,Plateau,outside,FALSE,TRUE,TRUE,TRUE,FALSE,FALSE,FALSE,FALSE,FALSE,Neither actor dominant
3,2007,193191,7.648529296875,outside,0.399932354688644,0,0,TRUE,Plateau,outside,FALSE,TRUE,TRUE,TRUE,FALSE,FALSE,FALSE,FALSE,FALSE,Neither actor dominant
3,2007,193636,8.732125,outside,0.439547300338745,9.4400646048598e-05,9.4400646048598e-05,TRUE,Plateau,outside,FALSE,TRUE,TRUE,TRUE,TRUE,TRUE,FALSE,FALSE,FALSE,Neither actor dominant
3,2007,223047,89.80534375,outside,0.313170999288559,0.00605811271816492,0.00605811271816492,TRUE,Plateau,outside,FALSE,FALSE,FALSE,TRUE,TRUE,TRUE,FALSE,FALSE,FALSE,Neither actor dominant
3,2008,38465,109.2760234375,outside,0.285636693239212,0.00609245011582971,0,TRUE,Plateau,outside,FALSE,FALSE,FALSE,TRUE,TRUE,FALSE,FALSE,FALSE,FALSE,Neither actor dominant
3,2008,47840,109.1283671875,outside,0.27742725610733,0.00913700275123119,0.00304566766135395,TRUE,Plateau,outside,FALSE,FALSE,FALSE,TRUE,TRUE,TRUE,FALSE,FALSE,FALSE,Neither actor dominant
3,2008,51422,104.6518046875,outside,0.282261282205582,0,0,TRUE,Plateau,outside,FALSE,FALSE,FALSE,TRUE,FALSE,FALSE,FALSE,FALSE,FALSE,Neither actor dominant
3,2008,51870,103.983171875,outside,0.335930377244949,0,0,TRUE,Plateau,outside,FALSE,FALSE,FALSE,TRUE,FALSE,FALSE,FALSE,FALSE,FALSE,Neither actor dominant
3,2008,69762,91.14,outside,0.512466490268707,0,0,TRUE,Plateau,outside,FALSE,FALSE,FALSE,TRUE,FALSE,FALSE,FALSE,FALSE,FALSE,Neither actor dominant
3,2008,70209,91.001375,outside,0.500351369380951,0,0,TRUE,Plateau,outside,FALSE,FALSE,FALSE,TRUE,FALSE,FALSE,FALSE,FALSE,FALSE,Neither actor dominant
3,2008,82330,62.56596484375,outside,0.718619108200073,0,0,TRUE,Plateau,outside,FALSE,FALSE,FALSE,TRUE,FALSE,FALSE,FALSE,FALSE,FALSE,Neither actor dominant
3,2008,83223,62.882828125,outside,0.465413302183151,0,0,TRUE,Plateau,outside,FALSE,FALSE,FALSE,TRUE,FALSE,FALSE,FALSE,FALSE,FALSE,Neither actor dominant
3,2008,83574,24.423349609375,outside,0.374779999256134,0,0,TRUE,Plateau,outside,FALSE,FALSE,FALSE,TRUE,FALSE,FALSE,FALSE,FALSE,FALSE,Neither actor dominant
3,2008,84918,24.909837890625,outside,0.330122411251068,0,0,TRUE,Plateau,outside,FALSE,FALSE,FALSE,TRUE,FALSE,FALSE,FALSE,FALSE,FALSE,Neither actor dominant
3,2008,85346,16.324828125,outside,0.259871482849121,0,0,TRUE,Plateau,outside,FALSE,FALSE,TRUE,TRUE,FALSE,FALSE,FALSE,FALSE,FALSE,Neither actor dominant
3,2008,85361,23.048861328125,outside,0.520920932292938,0,0,TRUE,Plateau,outside,FALSE,FALSE,FALSE,TRUE,FALSE,FALSE,FALSE,FALSE,FALSE,Neither actor dominant
3,2008,85362,23.43075,outside,0.33288100361824,0,0,TRUE,Plateau,outside,FALSE,FALSE,FALSE,TRUE,FALSE,FALSE,FALSE,FALSE,FALSE,Neither actor dominant
3,2008,88005,5.4083271484375,outside,0.301188468933105,0,0,TRUE,Plateau,outside,FALSE,TRUE,TRUE,TRUE,FALSE,FALSE,FALSE,FALSE,FALSE,Neither actor dominant
3,2008,88895,3.64005493164063,outside,0.378715634346008,0,0,TRUE,Plateau,outside,TRUE,TRUE,TRUE,TRUE,FALSE,FALSE,FALSE,FALSE,FALSE,Neither actor dominant
3,2008,102332,8.0622578125,outside,0.503441095352173,0,0,TRUE,Plateau,outside,FALSE,TRUE,TRUE,TRUE,FALSE,FALSE,FALSE,FALSE,FALSE,Neither actor dominant
3,2008,103230,10,outside,0.268804311752319,0.00607875129207969,0,TRUE,Plateau,outside,FALSE,TRUE,TRUE,TRUE,TRUE,FALSE,FALSE,FALSE,FALSE,Neither actor dominant
3,2008,106358,7.9056943359375,outside,0.512560904026032,0,0,TRUE,Plateau,outside,FALSE,TRUE,TRUE,TRUE,FALSE,FALSE,FALSE,FALSE,FALSE,Neither actor dominant
3,2008,109060,17.507140625,outside,0.362784683704376,0,0,TRUE,Plateau,outside,FALSE,FALSE,TRUE,TRUE,FALSE,FALSE,FALSE,FALSE,FALSE,Neither actor dominant
3,2008,109062,18.506755859375,outside,0.435246706008911,0,0,TRUE,Plateau,outside,FALSE,FALSE,TRUE,TRUE,FALSE,FALSE,FALSE,FALSE,FALSE,Neither actor dominant
3,2009,45151,113.6188828125,outside,0.314846396446228,0,0,TRUE,Plateau,outside,FALSE,FALSE,FALSE,TRUE,FALSE,FALSE,FALSE,FALSE,FALSE,Neither actor dominant
3,2009,51401,38.84906640625,outside,0.327953934669495,0.00608710525557399,0.00608710525557399,TRUE,Plateau,outside,FALSE,FALSE,FALSE,TRUE,TRUE,TRUE,FALSE,FALSE,FALSE,Neither actor dominant
3,2009,53664,100.41165625,outside,0.629101872444153,0,0,TRUE,Plateau,outside,FALSE,FALSE,FALSE,TRUE,FALSE,FALSE,FALSE,FALSE,FALSE,Neither actor dominant
3,2009,58957,16.62076953125,outside,0.301998853683472,0.0152141181752086,0,TRUE,Plateau,outside,FALSE,FALSE,TRUE,TRUE,TRUE,FALSE,FALSE,FALSE,FALSE,Neither actor dominant
3,2009,60758,20.591259765625,outside,0.416106790304184,0,0,TRUE,Plateau,outside,FALSE,FALSE,FALSE,TRUE,FALSE,FALSE,FALSE,FALSE,FALSE,Neither actor dominant
3,2009,60759,21.029740234375,outside,0.400764673948288,0,0,TRUE,Plateau,outside,FALSE,FALSE,FALSE,TRUE,FALSE,FALSE,FALSE,FALSE,FALSE,Neither actor dominant
3,2009,61206,20.796634765625,outside,0.286106288433075,0,0,TRUE,Plateau,outside,FALSE,FALSE,FALSE,TRUE,FALSE,FALSE,FALSE,FALSE,FALSE,Neither actor dominant
3,2009,71063,30.0374765625,outside,0.289258807897568,0.0060840118676424,0.0060840118676424,TRUE,Plateau,outside,FALSE,FALSE,FALSE,TRUE,TRUE,TRUE,FALSE,FALSE,FALSE,Neither actor dominant
3,2009,74186,27.459060546875,outside,0.415690362453461,0.0316181853413582,0.0152086857706308,TRUE,Plateau,outside,FALSE,FALSE,FALSE,TRUE,TRUE,TRUE,FALSE,FALSE,FALSE,Neither actor dominant
3,2009,84021,24.2332421875,outside,0.415269702672958,0,0,TRUE,Plateau,outside,FALSE,FALSE,FALSE,TRUE,FALSE,FALSE,FALSE,FALSE,FALSE,Neither actor dominant
3,2009,84473,26.004806640625,outside,0.578369438648224,0,0,TRUE,Plateau,outside,FALSE,FALSE,FALSE,TRUE,FALSE,FALSE,FALSE,FALSE,FALSE,Neither actor dominant
3,2009,85757,6.26498193359375,outside,0.346740633249283,0.00608135480433703,0.00608135480433703,TRUE,Plateau,outside,FALSE,TRUE,TRUE,TRUE,TRUE,TRUE,FALSE,FALSE,FALSE,Neither actor dominant
3,2009,89342,3.16227758789063,outside,0.31652358174324,0,0,TRUE,Plateau,outside,TRUE,TRUE,TRUE,TRUE,FALSE,FALSE,FALSE,FALSE,FALSE,Neither actor dominant
3,2009,89359,9.9624296875,outside,0.323284566402435,0,0,TRUE,Plateau,outside,FALSE,TRUE,TRUE,TRUE,FALSE,FALSE,FALSE,FALSE,FALSE,Neither actor dominant
3,2009,102806,20.5548046875,outside,0.301627546548843,0,0,TRUE,Plateau,outside,FALSE,FALSE,FALSE,TRUE,FALSE,FALSE,FALSE,FALSE,FALSE,Neither actor dominant
3,2009,103678,10.124228515625,outside,0.273010492324829,0.00617086002603173,9.21747632673942e-05,TRUE,Plateau,outside,FALSE,FALSE,TRUE,TRUE,TRUE,TRUE,FALSE,FALSE,FALSE,Neither actor dominant
3,2009,109030,2.549509765625,outside,0.294925004243851,0.000919698097277433,0.000919698097277433,TRUE,Plateau,outside,TRUE,TRUE,TRUE,TRUE,TRUE,TRUE,FALSE,FALSE,FALSE,Neither actor dominant
3,2009,109495,11.5108642578125,outside,0.321841597557068,0,0,TRUE,Plateau,outside,FALSE,FALSE,TRUE,TRUE,FALSE,FALSE,FALSE,FALSE,FALSE,Neither actor dominant
3,2009,110822,4.5276923828125,outside,0.265175580978394,0,0,TRUE,Plateau,outside,TRUE,TRUE,TRUE,TRUE,FALSE,FALSE,FALSE,FALSE,FALSE,Neither actor dominant
3,2009,113497,3.64005493164063,outside,0.281351268291473,0.00303849251940846,0.00303849251940846,TRUE,Plateau,outside,TRUE,TRUE,TRUE,TRUE,TRUE,TRUE,FALSE,FALSE,FALSE,Neither actor dominant
3,2009,117080,8.746427734375,outside,0.319437503814697,0,0,TRUE,Plateau,outside,FALSE,TRUE,TRUE,TRUE,FALSE,FALSE,FALSE,FALSE,FALSE,Neither actor dominant
3,2009,117527,9.1787802734375,outside,0.32550573348999,0,0,TRUE,Plateau,outside,FALSE,TRUE,TRUE,TRUE,FALSE,FALSE,FALSE,FALSE,FALSE,Neither actor dominant
3,2009,148849,46.73863671875,outside,0.251954019069672,0.0151783507317305,0.0151783507317305,TRUE,Plateau,outside,FALSE,FALSE,FALSE,TRUE,TRUE,TRUE,FALSE,FALSE,FALSE,Neither actor dominant
3,2009,192296,8.01560986328125,outside,0.292848467826843,0,0,TRUE,Plateau,outside,FALSE,TRUE,TRUE,TRUE,FALSE,FALSE,FALSE,FALSE,FALSE,Neither actor dominant
3,2009,193189,8.631337890625,outside,0.498741269111633,0,0,TRUE,Plateau,outside,FALSE,TRUE,TRUE,TRUE,FALSE,FALSE,FALSE,FALSE,FALSE,Neither actor dominant
3,2009,203884,26.879359375,outside,0.279993921518326,0,0,TRUE,Plateau,outside,FALSE,FALSE,FALSE,TRUE,FALSE,FALSE,FALSE,FALSE,FALSE,Neither actor dominant
3,2009,204944,13.435029296875,outside,0.282874047756195,0.0030307553242892,0.0030307553242892,TRUE,Plateau,outside,FALSE,FALSE,TRUE,TRUE,TRUE,TRUE,FALSE,FALSE,FALSE,Neither actor dominant
3,2009,228871,60.301328125,outside,0.319739550352097,0,0,TRUE,Plateau,outside,FALSE,FALSE,FALSE,TRUE,FALSE,FALSE,FALSE,FALSE,FALSE,Neither actor dominant
3,2009,256809,65.07303515625,outside,0.317815393209457,0,0,TRUE,Plateau,outside,FALSE,FALSE,FALSE,TRUE,FALSE,FALSE,FALSE,FALSE,FALSE,Neither actor dominant
3,2010,41155,104.28446875,outside,0.258407890796661,0,0,TRUE,Plateau,outside,FALSE,FALSE,FALSE,TRUE,FALSE,FALSE,FALSE,FALSE,FALSE,Neither actor dominant
3,2010,45150,114.061390625,outside,0.282947033643723,0,0,TRUE,Plateau,outside,FALSE,FALSE,FALSE,TRUE,FALSE,FALSE,FALSE,FALSE,FALSE,Neither actor dominant
3,2010,45164,107.912,outside,0.406221032142639,0,0,TRUE,Plateau,outside,FALSE,FALSE,FALSE,TRUE,FALSE,FALSE,FALSE,FALSE,FALSE,Neither actor dominant
3,2010,46073,100.926953125,outside,0.341719567775726,0.0060910820029676,0,TRUE,Plateau,outside,FALSE,FALSE,FALSE,TRUE,TRUE,FALSE,FALSE,FALSE,FALSE,Neither actor dominant
3,2010,48273,41.209828125,outside,0.288716971874237,0.00913138687610626,0.00304379570297897,TRUE,Plateau,outside,FALSE,FALSE,FALSE,TRUE,TRUE,TRUE,FALSE,FALSE,FALSE,Neither actor dominant
3,2010,49183,107.555796875,outside,0.272536844015121,0.00609107967466116,0.00609107967466116,TRUE,Plateau,outside,FALSE,FALSE,FALSE,TRUE,TRUE,TRUE,FALSE,FALSE,FALSE,Neither actor dominant
3,2010,50974,105.3209375,outside,0.278350532054901,0,0,TRUE,Plateau,outside,FALSE,FALSE,FALSE,TRUE,FALSE,FALSE,FALSE,FALSE,FALSE,Neither actor dominant
3,2010,51869,104.4329921875,outside,0.286695718765259,0,0,TRUE,Plateau,outside,FALSE,FALSE,FALSE,TRUE,FALSE,FALSE,FALSE,FALSE,FALSE,Neither actor dominant
3,2010,51871,103.5338125,outside,0.337576538324356,0,0,TRUE,Plateau,outside,FALSE,FALSE,FALSE,TRUE,FALSE,FALSE,FALSE,FALSE,FALSE,Neither actor dominant
3,2010,52322,101.51846875,outside,0.308215260505676,0,0,TRUE,Plateau,outside,FALSE,FALSE,FALSE,TRUE,FALSE,FALSE,FALSE,FALSE,FALSE,Neither actor dominant
3,2010,52324,100.6230625,outside,0.31193932890892,0,0,TRUE,Plateau,outside,FALSE,FALSE,FALSE,TRUE,FALSE,FALSE,FALSE,FALSE,FALSE,Neither actor dominant
3,2010,52768,101.747234375,outside,0.252746373414993,0,0,TRUE,Plateau,outside,FALSE,FALSE,FALSE,TRUE,FALSE,FALSE,FALSE,FALSE,FALSE,Neither actor dominant
3,2010,52770,100.8488984375,outside,0.282956629991531,0,0,TRUE,Plateau,outside,FALSE,FALSE,FALSE,TRUE,FALSE,FALSE,FALSE,FALSE,FALSE,Neither actor dominant
3,2010,53215,101.5295546875,outside,0.273868471384048,0.00304511887952685,0,TRUE,Plateau,outside,FALSE,FALSE,FALSE,TRUE,TRUE,FALSE,FALSE,FALSE,FALSE,Neither actor dominant
3,2010,53217,100.6292734375,outside,0.483876198530197,0,0,TRUE,Plateau,outside,FALSE,FALSE,FALSE,TRUE,FALSE,FALSE,FALSE,FALSE,FALSE,Neither actor dominant
3,2010,53645,109.05159375,outside,0.288833856582642,0,0,TRUE,Plateau,outside,FALSE,FALSE,FALSE,TRUE,FALSE,FALSE,FALSE,FALSE,FALSE,Neither actor dominant
3,2010,54111,100.1960546875,outside,0.262950152158737,0,0,TRUE,Plateau,outside,FALSE,FALSE,FALSE,TRUE,FALSE,FALSE,FALSE,FALSE,FALSE,Neither actor dominant
3,2010,54537,109.5776015625,outside,0.278969347476959,0,0,TRUE,Plateau,outside,FALSE,FALSE,FALSE,TRUE,FALSE,FALSE,FALSE,FALSE,FALSE,Neither actor dominant
3,2010,62977,12.5,outside,0.291008710861206,0,0,TRUE,Plateau,outside,FALSE,FALSE,TRUE,TRUE,FALSE,FALSE,FALSE,FALSE,FALSE,Neither actor dominant
3,2010,65203,7.4330341796875,outside,0.261909604072571,0.0121692456305027,0.00304231140762568,TRUE,Plateau,outside,FALSE,TRUE,TRUE,TRUE,TRUE,TRUE,FALSE,FALSE,FALSE,Neither actor dominant
3,2010,70617,30.516388671875,outside,0.321987956762314,0,0,TRUE,Plateau,outside,FALSE,FALSE,FALSE,TRUE,FALSE,FALSE,FALSE,FALSE,FALSE,Neither actor dominant
3,2010,71602,65.836921875,outside,0.280294209718704,0,0,TRUE,Plateau,outside,FALSE,FALSE,FALSE,TRUE,FALSE,FALSE,FALSE,FALSE,FALSE,Neither actor dominant
3,2010,75528,28.2577421875,outside,0.34165358543396,0.00260451249778271,0.00260451249778271,TRUE,Plateau,outside,FALSE,FALSE,FALSE,TRUE,TRUE,TRUE,FALSE,FALSE,FALSE,Neither actor dominant
3,2010,75529,28.744564453125,outside,0.40914523601532,0,0,TRUE,Plateau,outside,FALSE,FALSE,FALSE,TRUE,FALSE,FALSE,FALSE,FALSE,FALSE,Neither actor dominant
3,2010,75976,28.861740234375,outside,0.482227504253388,0.0169508773833513,0.0162148363888264,TRUE,Plateau,outside,FALSE,FALSE,FALSE,TRUE,TRUE,TRUE,FALSE,FALSE,FALSE,Neither actor dominant
3,2010,78752,64.39332421875,outside,0.379820197820663,0,0,TRUE,Plateau,outside,FALSE,FALSE,FALSE,TRUE,FALSE,FALSE,FALSE,FALSE,FALSE,Neither actor dominant
3,2010,80092,64.5368125,outside,0.260615110397339,0,0,TRUE,Plateau,outside,FALSE,FALSE,FALSE,TRUE,FALSE,FALSE,FALSE,FALSE,FALSE,Neither actor dominant
3,2010,80539,64.4301953125,outside,0.426622867584229,0,0,TRUE,Plateau,outside,FALSE,FALSE,FALSE,TRUE,FALSE,FALSE,FALSE,FALSE,FALSE,Neither actor dominant
3,2010,80543,62.47599609375,outside,0.288470983505249,0.00810740049928427,0.00304230907931924,TRUE,Plateau,outside,FALSE,FALSE,FALSE,TRUE,TRUE,TRUE,FALSE,FALSE,FALSE,Neither actor dominant
3,2010,80888,24.0104140625,outside,0.256101161241531,0.0243295766413212,0.0182471815496683,TRUE,Plateau,outside,FALSE,FALSE,FALSE,TRUE,TRUE,TRUE,FALSE,FALSE,FALSE,Neither actor dominant
3,2010,82682,25.739076171875,outside,0.372406601905823,0.0091232331469655,0.00608215574175119,TRUE,Plateau,outside,FALSE,FALSE,FALSE,TRUE,TRUE,TRUE,FALSE,FALSE,FALSE,Neither actor dominant
3,2010,82777,62.47599609375,outside,0.291658312082291,0.00608428427949548,0.00608428427949548,TRUE,Plateau,outside,FALSE,FALSE,FALSE,TRUE,TRUE,TRUE,FALSE,FALSE,FALSE,Neither actor dominant
3,2010,84025,25.92778515625,outside,0.282665282487869,0,0,TRUE,Plateau,outside,FALSE,FALSE,FALSE,TRUE,FALSE,FALSE,FALSE,FALSE,FALSE,Neither actor dominant
3,2010,85809,23.113849609375,outside,0.419994056224823,0,0,TRUE,Plateau,outside,FALSE,FALSE,FALSE,TRUE,FALSE,FALSE,FALSE,FALSE,FALSE,Neither actor dominant
3,2010,85812,24.300205078125,outside,0.468783140182495,0,0,TRUE,Plateau,outside,FALSE,FALSE,FALSE,TRUE,FALSE,FALSE,FALSE,FALSE,FALSE,Neither actor dominant
3,2010,102359,20.718349609375,outside,0.385231137275696,0,0,TRUE,Plateau,outside,FALSE,FALSE,FALSE,TRUE,FALSE,FALSE,FALSE,FALSE,FALSE,Neither actor dominant
3,2010,103261,85.4239453125,outside,0.320864707231522,0,0,TRUE,Plateau,outside,FALSE,FALSE,FALSE,TRUE,FALSE,FALSE,FALSE,FALSE,FALSE,Neither actor dominant
3,2010,110819,3.04138134765625,outside,0.265388965606689,0,0,TRUE,Plateau,outside,TRUE,TRUE,TRUE,TRUE,FALSE,FALSE,FALSE,FALSE,FALSE,Neither actor dominant
3,2010,191853,6,outside,0.345472574234009,0,0,TRUE,Plateau,outside,FALSE,TRUE,TRUE,TRUE,FALSE,FALSE,FALSE,FALSE,FALSE,Neither actor dominant
3,2010,192800,-5.4083271484375,inside,0.251444190740585,0,0,TRUE,Plateau,inside,FALSE,TRUE,TRUE,TRUE,FALSE,FALSE,FALSE,FALSE,FALSE,Neither actor dominant
3,2010,227534,57.8013828125,outside,0.294114083051682,0,0,TRUE,Plateau,outside,FALSE,FALSE,FALSE,TRUE,FALSE,FALSE,FALSE,FALSE,FALSE,Neither actor dominant
3,2011,40708,104.560984375,outside,0.314458250999451,0,0,TRUE,Plateau,outside,FALSE,FALSE,FALSE,TRUE,FALSE,FALSE,FALSE,FALSE,FALSE,Park dominant
3,2011,45182,100.169859375,outside,0.28852179646492,0,0,TRUE,Plateau,outside,FALSE,FALSE,FALSE,TRUE,FALSE,FALSE,FALSE,FALSE,FALSE,Park dominant
3,2011,46951,107.38365625,outside,0.283804059028626,0,0,TRUE,Plateau,outside,FALSE,FALSE,FALSE,TRUE,FALSE,FALSE,FALSE,FALSE,FALSE,Park dominant
3,2011,50530,104.2017265625,outside,0.284300923347473,0,0,TRUE,Plateau,outside,FALSE,FALSE,FALSE,TRUE,FALSE,FALSE,FALSE,FALSE,FALSE,Park dominant
3,2011,50976,104.4246171875,outside,0.321182519197464,0,0,TRUE,Plateau,outside,FALSE,FALSE,FALSE,TRUE,FALSE,FALSE,FALSE,FALSE,FALSE,Park dominant
3,2011,51423,104.2029296875,outside,0.342079788446426,0,0,TRUE,Plateau,outside,FALSE,FALSE,FALSE,TRUE,FALSE,FALSE,FALSE,FALSE,FALSE,Park dominant
3,2011,53152,23.37733984375,outside,0.276937276124954,0,0,TRUE,Plateau,outside,FALSE,FALSE,FALSE,TRUE,FALSE,FALSE,FALSE,FALSE,FALSE,Park dominant
3,2011,53216,101.0791796875,outside,0.271129995584488,0,0,TRUE,Plateau,outside,FALSE,FALSE,FALSE,TRUE,FALSE,FALSE,FALSE,FALSE,FALSE,Park dominant
3,2011,54046,22.638462890625,outside,0.445269823074341,0.0091296536847949,0,TRUE,Plateau,outside,FALSE,FALSE,FALSE,TRUE,TRUE,FALSE,FALSE,FALSE,FALSE,Park dominant
3,2011,59850,15.556349609375,outside,0.379952758550644,0,0,TRUE,Plateau,outside,FALSE,FALSE,TRUE,TRUE,FALSE,FALSE,FALSE,FALSE,FALSE,Park dominant
3,2011,60343,35.58440625,outside,0.353269129991531,0.0030428736936301,0.0030428736936301,TRUE,Plateau,outside,FALSE,FALSE,FALSE,TRUE,TRUE,TRUE,FALSE,FALSE,FALSE,Park dominant
3,2011,69809,68.89303125,outside,0.287752687931061,0,0,TRUE,Plateau,outside,FALSE,FALSE,FALSE,TRUE,FALSE,FALSE,FALSE,FALSE,FALSE,Park dominant
3,2011,71159,64.1580078125,outside,0.311706960201263,0,0,TRUE,Plateau,outside,FALSE,FALSE,FALSE,TRUE,FALSE,FALSE,FALSE,FALSE,FALSE,Park dominant
3,2011,79992,23.71708203125,outside,0.285477310419083,0.00912378169596195,0.00912378169596195,TRUE,Plateau,outside,FALSE,FALSE,FALSE,TRUE,TRUE,TRUE,FALSE,FALSE,FALSE,Park dominant
3,2011,81776,20.940390625,outside,0.293541580438614,0,0,TRUE,Plateau,outside,FALSE,FALSE,FALSE,TRUE,FALSE,FALSE,FALSE,FALSE,FALSE,Park dominant
3,2011,82234,25.49509765625,outside,0.357089787721634,0.014754781499505,0.00889794528484345,TRUE,Plateau,outside,FALSE,FALSE,FALSE,TRUE,TRUE,TRUE,FALSE,FALSE,FALSE,Park dominant
3,2011,82331,62.07455078125,outside,0.299398630857468,0,0,TRUE,Plateau,outside,FALSE,FALSE,FALSE,TRUE,FALSE,FALSE,FALSE,FALSE,FALSE,Park dominant
3,2011,84412,6.184658203125,outside,0.252881944179535,0.00608155503869057,0.00608155503869057,TRUE,Plateau,outside,FALSE,TRUE,TRUE,TRUE,TRUE,TRUE,FALSE,FALSE,FALSE,Park dominant
3,2011,84920,25.7001953125,outside,0.313980907201767,0,0,TRUE,Plateau,outside,FALSE,FALSE,FALSE,TRUE,FALSE,FALSE,FALSE,FALSE,FALSE,Park dominant
3,2011,85810,23.505318359375,outside,0.259490668773651,0,0,TRUE,Plateau,outside,FALSE,FALSE,FALSE,TRUE,FALSE,FALSE,FALSE,FALSE,FALSE,Park dominant
3,2011,96122,85.091125,outside,0.345778584480286,0.00304181408137083,0.00304181408137083,TRUE,Plateau,outside,FALSE,FALSE,FALSE,TRUE,TRUE,TRUE,FALSE,FALSE,FALSE,Park dominant
3,2011,118423,10.54751171875,outside,0.26377061009407,0,0,TRUE,Plateau,outside,FALSE,FALSE,TRUE,TRUE,FALSE,FALSE,FALSE,FALSE,FALSE,Park dominant
3,2011,160465,56.10035546875,outside,0.376158654689789,0,0,TRUE,Plateau,outside,FALSE,FALSE,FALSE,TRUE,FALSE,FALSE,FALSE,FALSE,FALSE,Park dominant
3,2011,222154,89.449703125,outside,0.343875914812088,0.0129805728793144,0.0129805728793144,TRUE,Plateau,outside,FALSE,FALSE,FALSE,TRUE,TRUE,TRUE,FALSE,FALSE,FALSE,Park dominant
3,2012,49194,102.6766796875,outside,0.259337902069092,0,0,TRUE,Plateau,outside,FALSE,FALSE,FALSE,TRUE,FALSE,FALSE,FALSE,FALSE,FALSE,Park dominant
3,2012,51424,103.754515625,outside,0.281989425420761,0,0,TRUE,Plateau,outside,FALSE,FALSE,FALSE,TRUE,FALSE,FALSE,FALSE,FALSE,FALSE,Park dominant
3,2012,54934,19.91230859375,outside,0.283841967582703,0,0,TRUE,Plateau,outside,FALSE,FALSE,TRUE,TRUE,FALSE,FALSE,FALSE,FALSE,FALSE,Park dominant
3,2012,56275,18.76832421875,outside,0.252025276422501,0.00912909116595984,0.00912909116595984,TRUE,Plateau,outside,FALSE,FALSE,TRUE,TRUE,TRUE,TRUE,FALSE,FALSE,FALSE,Park dominant
3,2012,80547,60.5247890625,outside,0.261848628520966,0,0,TRUE,Plateau,outside,FALSE,FALSE,FALSE,TRUE,FALSE,FALSE,FALSE,FALSE,FALSE,Park dominant
3,2012,81882,63.15061328125,outside,0.339949101209641,0,0,TRUE,Plateau,outside,FALSE,FALSE,FALSE,TRUE,FALSE,FALSE,FALSE,FALSE,FALSE,Park dominant
3,2012,82329,63.05751171875,outside,0.411114454269409,0.00608437554910779,0.00608437554910779,TRUE,Plateau,outside,FALSE,FALSE,FALSE,TRUE,TRUE,TRUE,FALSE,FALSE,FALSE,Park dominant
3,2012,82776,62.96824609375,outside,0.267381250858307,0.027466893196106,0.027466893196106,TRUE,Plateau,outside,FALSE,FALSE,FALSE,TRUE,TRUE,TRUE,FALSE,FALSE,FALSE,Park dominant
3,2012,85365,24.601830078125,outside,0.256712645292282,0.00304086855612695,0.00304086855612695,TRUE,Plateau,outside,FALSE,FALSE,FALSE,TRUE,TRUE,TRUE,FALSE,FALSE,FALSE,Park dominant
3,2012,101925,84.2214375,outside,0.30405005812645,0,0,TRUE,Plateau,outside,FALSE,FALSE,FALSE,TRUE,FALSE,FALSE,FALSE,FALSE,FALSE,Park dominant
3,2012,103260,85.83996875,outside,0.398451715707779,0,0,TRUE,Plateau,outside,FALSE,FALSE,FALSE,TRUE,FALSE,FALSE,FALSE,FALSE,FALSE,Park dominant
3,2012,107196,-12.6194296875,inside,0.26151043176651,0,0,TRUE,Plateau,inside,FALSE,FALSE,TRUE,TRUE,FALSE,FALSE,FALSE,FALSE,FALSE,Park dominant
3,2012,109494,11.011357421875,outside,0.308308601379395,0,0,TRUE,Plateau,outside,FALSE,FALSE,TRUE,TRUE,FALSE,FALSE,FALSE,FALSE,FALSE,Park dominant
3,2012,109500,14.00892578125,outside,0.308317363262177,0,0,TRUE,Plateau,outside,FALSE,FALSE,TRUE,TRUE,FALSE,FALSE,FALSE,FALSE,FALSE,Park dominant
3,2012,110349,-4.242640625,inside,0.266225427389145,0,0,TRUE,Plateau,inside,TRUE,TRUE,TRUE,TRUE,FALSE,FALSE,FALSE,FALSE,FALSE,Park dominant
3,2012,156442,52.5,outside,0.255166292190552,0,0,TRUE,Plateau,outside,FALSE,FALSE,FALSE,TRUE,FALSE,FALSE,FALSE,FALSE,FALSE,Park dominant
3,2012,192742,8.55862109375,outside,0.263737708330154,0,0,TRUE,Plateau,outside,FALSE,TRUE,TRUE,TRUE,FALSE,FALSE,FALSE,FALSE,FALSE,Park dominant
3,2012,194082,9.3407705078125,outside,0.346015185117722,0,0,TRUE,Plateau,outside,FALSE,TRUE,TRUE,TRUE,FALSE,FALSE,FALSE,FALSE,FALSE,Park dominant
3,2012,194528,9.9624296875,outside,0.431999742984772,0,0,TRUE,Plateau,outside,FALSE,TRUE,TRUE,TRUE,FALSE,FALSE,FALSE,FALSE,FALSE,Park dominant
3,2012,196892,5.83095166015625,outside,0.260929316282272,0,0,TRUE,Plateau,outside,FALSE,TRUE,TRUE,TRUE,FALSE,FALSE,FALSE,FALSE,FALSE,Park dominant
3,2012,196893,6.26498193359375,outside,0.268036961555481,0,0,TRUE,Plateau,outside,FALSE,TRUE,TRUE,TRUE,FALSE,FALSE,FALSE,FALSE,FALSE,Park dominant
3,2012,198164,-1.41421362304688,inside,0.26090407371521,0,0,TRUE,Plateau,inside,TRUE,TRUE,TRUE,TRUE,FALSE,FALSE,FALSE,FALSE,FALSE,Park dominant
3,2012,201212,21.224984375,outside,0.326110869646072,0,0,TRUE,Plateau,outside,FALSE,FALSE,FALSE,TRUE,FALSE,FALSE,FALSE,FALSE,FALSE,Park dominant
3,2012,201361,8.13941015625,outside,0.348191618919373,0,0,TRUE,Plateau,outside,FALSE,TRUE,TRUE,TRUE,FALSE,FALSE,FALSE,FALSE,FALSE,Park dominant
3,2012,201808,8.48528125,outside,0.305667817592621,0,0,TRUE,Plateau,outside,FALSE,TRUE,TRUE,TRUE,FALSE,FALSE,FALSE,FALSE,FALSE,Park dominant
3,2012,204945,13.7931142578125,outside,0.30609592795372,0,0,TRUE,Plateau,outside,FALSE,FALSE,TRUE,TRUE,FALSE,FALSE,FALSE,FALSE,FALSE,Park dominant
3,2012,206175,9.5,outside,0.274987667798996,0,0,TRUE,Plateau,outside,FALSE,TRUE,TRUE,TRUE,FALSE,FALSE,FALSE,FALSE,FALSE,Park dominant
3,2012,206176,9.5,outside,0.280570924282074,0,0,TRUE,Plateau,outside,FALSE,TRUE,TRUE,TRUE,FALSE,FALSE,FALSE,FALSE,FALSE,Park dominant
3,2012,206186,10.735455078125,outside,0.268521636724472,0,0,TRUE,Plateau,outside,FALSE,FALSE,TRUE,TRUE,FALSE,FALSE,FALSE,FALSE,FALSE,Park dominant
3,2012,207058,11.85326953125,outside,0.251253128051758,0,0,TRUE,Plateau,outside,FALSE,FALSE,TRUE,TRUE,FALSE,FALSE,FALSE,FALSE,FALSE,Park dominant
3,2012,211116,14.3961796875,outside,0.318185657262802,0,0,TRUE,Plateau,outside,FALSE,FALSE,TRUE,TRUE,FALSE,FALSE,FALSE,FALSE,FALSE,Park dominant
3,2012,217345,22.14158984375,outside,0.269458472728729,0,0,TRUE,Plateau,outside,FALSE,FALSE,FALSE,TRUE,FALSE,FALSE,FALSE,FALSE,FALSE,Park dominant
3,2012,231180,39.8559921875,outside,0.278552889823914,0,0,TRUE,Plateau,outside,FALSE,FALSE,FALSE,TRUE,FALSE,FALSE,FALSE,FALSE,FALSE,Park dominant
3,2012,239352,42.34678125,outside,0.259318172931671,0,0,TRUE,Plateau,outside,FALSE,FALSE,FALSE,TRUE,FALSE,FALSE,FALSE,FALSE,FALSE,Park dominant
3,2012,246867,52.99528125,outside,0.334133446216583,0,0,TRUE,Plateau,outside,FALSE,FALSE,FALSE,TRUE,FALSE,FALSE,FALSE,FALSE,FALSE,Park dominant
3,2012,246885,49.66387109375,outside,0.258467465639114,0,0,TRUE,Plateau,outside,FALSE,FALSE,FALSE,TRUE,FALSE,FALSE,FALSE,FALSE,FALSE,Park dominant
3,2012,247850,52.0888671875,outside,0.301514834165573,0,0,TRUE,Plateau,outside,FALSE,FALSE,FALSE,TRUE,FALSE,FALSE,FALSE,FALSE,FALSE,Park dominant
3,2012,248664,53.02122265625,outside,0.303801596164703,0,0,TRUE,Plateau,outside,FALSE,FALSE,FALSE,TRUE,FALSE,FALSE,FALSE,FALSE,FALSE,Park dominant
3,2012,251380,52.53808203125,outside,0.436393857002258,0,0,TRUE,Plateau,outside,FALSE,FALSE,FALSE,TRUE,FALSE,FALSE,FALSE,FALSE,FALSE,Park dominant
3,2012,251405,53.18364453125,outside,0.251011222600937,0,0,TRUE,Plateau,outside,FALSE,FALSE,FALSE,TRUE,FALSE,FALSE,FALSE,FALSE,FALSE,Park dominant
3,2012,252790,62.018140625,outside,0.250308334827423,0,0,TRUE,Plateau,outside,FALSE,FALSE,FALSE,TRUE,FALSE,FALSE,FALSE,FALSE,FALSE,Park dominant
3,2012,255503,73.2461640625,outside,0.289474338293076,0,0,TRUE,Plateau,outside,FALSE,FALSE,FALSE,TRUE,FALSE,FALSE,FALSE,FALSE,FALSE,Park dominant
3,2012,255504,73.5611953125,outside,0.285738110542297,0,0,TRUE,Plateau,outside,FALSE,FALSE,FALSE,TRUE,FALSE,FALSE,FALSE,FALSE,FALSE,Park dominant
3,2012,255949,73.3246171875,outside,0.257377445697784,0,0,TRUE,Plateau,outside,FALSE,FALSE,FALSE,TRUE,FALSE,FALSE,FALSE,FALSE,FALSE,Park dominant
