analysis,governance_profile,estimate,replicate
first_crossing_full,Neither actor dominant,0.377234761404927,1
first_crossing_full,Militia dominant,0.459809941296007,1
first_crossing_full,Park dominant,-0.240629939126065,1
first_crossing_restricted,Neither actor dominant,0.293081225490217,1
first_crossing_restricted,Militia dominant,0.369103275879,1
first_crossing_restricted,Park dominant,0.0574499218121758,1
persistence_corrected,Neither actor dominant,0.353592435008266,1
persistence_corrected,Militia dominant,0.393916973309919,1
persistence_corrected,Park dominant,0.011909998968294,1
annual_presence,Neither actor dominant,-0.352438510901873,1
annual_presence,Militia dominant,-0.041233470640467,1
annual_presence,Park dominant,0.175700962888888,1
first_crossing_full,Neither actor dominant,0.510419770784156,2
first_crossing_full,Militia dominant,0.633572546008179,2
first_crossing_full,Park dominant,-0.183141514472733,2
first_crossing_restricted,Neither actor dominant,0.427658164891817,2
first_crossing_restricted,Militia dominant,0.54355049027371,2
first_crossing_restricted,Park dominant,-0.0265036347146647,2
persistence_corrected,Neither actor dominant,0.517736173543733,2
persistence_corrected,Militia dominant,0.566248503245505,2
persistence_corrected,Park dominant,-0.0832179005814152,2
annual_presence,Neither actor dominant,-1.72840746421131,2
annual_presence,Militia dominant,-1.44760869159438,2
annual_presence,Park dominant,-1.14962829132739,2
first_crossing_full,Neither actor dominant,0.139063520370462,3
first_crossing_full,Militia dominant,0.285149499197476,3
first_crossing_full,Park dominant,0.0713120268596093,3
first_crossing_restricted,Neither actor dominant,0.0835687436724956,3
first_crossing_restricted,Militia dominant,0.222026581865076,3
first_crossing_restricted,Park dominant,0.262265715025472,3
persistence_corrected,Neither actor dominant,0.218500828131001,3
persistence_corrected,Militia dominant,0.207960518647728,3
persistence_corrected,Park dominant,0.154604656706936,3
annual_presence,Neither actor dominant,-1.52998459584223,3
annual_presence,Militia dominant,-1.33462859309311,3
annual_presence,Park dominant,-1.13475536248695,3
first_crossing_full,Neither actor dominant,0.245483164928589,4
first_crossing_full,Militia dominant,0.242012288948575,4
first_crossing_full,Park dominant,-0.0635035490599296,4
first_crossing_restricted,Neither actor dominant,0.20269946960287,4
first_crossing_restricted,Militia dominant,0.197297506631703,4
first_crossing_restricted,Park dominant,0.0489004049383062,4
persistence_corrected,Neither actor dominant,0.237759192671329,4
persistence_corrected,Militia dominant,0.140808810913302,4
persistence_corrected,Park dominant,0.100193818989355,4
annual_presence,Neither actor dominant,-0.493942168648087,4
annual_presence,Militia dominant,-0.294361610192156,4
annual_presence,Park dominant,-0.0541339343366284,4
first_crossing_full,Neither actor dominant,0.587633026506188,5
first_crossing_full,Militia dominant,0.0463817612750308,5
first_crossing_full,Park dominant,-0.173274714514778,5
first_crossing_restricted,Neither actor dominant,0.532146508464625,5
first_crossing_restricted,Militia dominant,-0.0142101298246665,5
first_crossing_restricted,Park dominant,-0.103062996626359,5
persistence_corrected,Neither actor dominant,0.576255555714382,5
persistence_corrected,Militia dominant,-0.032832741302354,5
persistence_corrected,Park dominant,-0.104776081200424,5
annual_presence,Neither actor dominant,-2.07469204464054,5
annual_presence,Militia dominant,-1.81244349659532,5
annual_presence,Park dominant,-1.52565522260755,5
first_crossing_full,Neither actor dominant,-0.0167992008851916,6
first_crossing_full,Militia dominant,0.454480884975495,6
first_crossing_full,Park dominant,0.0173681230613306,6
first_crossing_restricted,Neither actor dominant,-0.0826694386400911,6
first_crossing_restricted,Militia dominant,0.383802089905292,6
first_crossing_restricted,Park dominant,0.219680706852519,6
persistence_corrected,Neither actor dominant,-0.0380628336678898,6
persistence_corrected,Militia dominant,0.349102844486126,6
persistence_corrected,Park dominant,0.244190074379917,6
annual_presence,Neither actor dominant,-1.82721855699534,6
annual_presence,Militia dominant,-1.60194525274449,6
annual_presence,Park dominant,-1.35721417504876,6
first_crossing_full,Neither actor dominant,0.251197580806902,7
first_crossing_full,Militia dominant,0.355422967731334,7
first_crossing_full,Park dominant,-0.472428074694265,7
first_crossing_restricted,Neither actor dominant,0.218053887810608,7
first_crossing_restricted,Militia dominant,0.319653830390705,7
first_crossing_restricted,Park dominant,-0.575815845060553,7
persistence_corrected,Neither actor dominant,0.257082956973547,7
persistence_corrected,Militia dominant,0.301368765853269,7
persistence_corrected,Park dominant,-0.511718866203732,7
annual_presence,Neither actor dominant,-2.23424649889352,7
annual_presence,Militia dominant,-1.89551971122259,7
annual_presence,Park dominant,-1.58512009066053,7
first_crossing_full,Neither actor dominant,0.56606682883881,8
first_crossing_full,Militia dominant,0.679654630663536,8
first_crossing_full,Park dominant,-0.127554394027722,8
first_crossing_restricted,Neither actor dominant,0.517900310883451,8
first_crossing_restricted,Militia dominant,0.626991251829877,8
first_crossing_restricted,Park dominant,-0.0597638470092162,8
persistence_corrected,Neither actor dominant,0.561467230765063,8
persistence_corrected,Militia dominant,0.652832528495676,8
persistence_corrected,Park dominant,-0.09395179374878,8
annual_presence,Neither actor dominant,-0.303692198231858,8
annual_presence,Militia dominant,-0.0109766813281635,8
annual_presence,Park dominant,0.274300220016495,8
first_crossing_full,Neither actor dominant,0.836137530309221,9
first_crossing_full,Militia dominant,1.3577680246324,9
first_crossing_full,Park dominant,-0.150974991846343,9
first_crossing_restricted,Neither actor dominant,0.712082702923801,9
first_crossing_restricted,Militia dominant,1.21561487401934,9
first_crossing_restricted,Park dominant,0.231676931951886,9
persistence_corrected,Neither actor dominant,0.802710464502153,9
persistence_corrected,Militia dominant,1.33729940075032,9
persistence_corrected,Park dominant,0.217103604892527,9
annual_presence,Neither actor dominant,0.108237761458792,9
annual_presence,Militia dominant,0.433493934369257,9
annual_presence,Park dominant,0.55048991942397,9
first_crossing_full,Neither actor dominant,0.310735663111808,10
first_crossing_full,Militia dominant,-0.179609358471276,10
first_crossing_full,Park dominant,-0.479110193774728,10
first_crossing_restricted,Neither actor dominant,0.244288751838111,10
first_crossing_restricted,Militia dominant,-0.248129335960822,10
first_crossing_restricted,Park dominant,-0.264655279273345,10
persistence_corrected,Neither actor dominant,0.277403125978784,10
persistence_corrected,Militia dominant,-0.290307153869865,10
persistence_corrected,Park dominant,-0.178388571347992,10
annual_presence,Neither actor dominant,-0.481356698177553,10
annual_presence,Militia dominant,-0.386470841725046,10
annual_presence,Park dominant,-0.296422151608098,10
first_crossing_full,Neither actor dominant,0.751938923849059,11
first_crossing_full,Militia dominant,0.264773999023242,11
first_crossing_full,Park dominant,-0.0619962476139048,11
first_crossing_restricted,Neither actor dominant,0.704276072994643,11
first_crossing_restricted,Militia dominant,0.214095653115527,11
first_crossing_restricted,Park dominant,0.0072605535111,11
persistence_corrected,Neither actor dominant,0.800847747505888,11
persistence_corrected,Militia dominant,0.0612358291939069,11
persistence_corrected,Park dominant,0.112620153431277,11
annual_presence,Neither actor dominant,-0.305517554863686,11
annual_presence,Militia dominant,-0.183528046355581,11
annual_presence,Park dominant,0.09176588097953,11
first_crossing_full,Neither actor dominant,0.646881316606642,12
first_crossing_full,Militia dominant,0.154095032350953,12
first_crossing_full,Park dominant,-0.306717327487249,12
first_crossing_restricted,Neither actor dominant,0.573988246536151,12
first_crossing_restricted,Militia dominant,0.0779197889703249,12
first_crossing_restricted,Park dominant,-0.172910112879852,12
persistence_corrected,Neither actor dominant,0.56001413955165,12
persistence_corrected,Militia dominant,0.0391979802774661,12
persistence_corrected,Park dominant,-0.089525484588906,12
annual_presence,Neither actor dominant,-0.248209813859946,12
annual_presence,Militia dominant,-0.167995031651393,12
annual_presence,Park dominant,-0.0997134523635627,12
first_crossing_full,Neither actor dominant,0.016751108620533,13
first_crossing_full,Militia dominant,0.125040473278448,13
first_crossing_full,Park dominant,-0.551034982209489,13
first_crossing_restricted,Neither actor dominant,-0.0564296653448148,13
first_crossing_restricted,Militia dominant,0.0460271565675061,13
first_crossing_restricted,Park dominant,-0.394751477185099,13
persistence_corrected,Neither actor dominant,0.00704704114092475,13
persistence_corrected,Militia dominant,0.0648797531333852,13
persistence_corrected,Park dominant,-0.504099034647841,13
annual_presence,Neither actor dominant,-1.52472746483979,13
annual_presence,Militia dominant,-1.36988490508756,13
annual_presence,Park dominant,-1.33988903971663,13
first_crossing_full,Neither actor dominant,0.432597141364771,14
first_crossing_full,Militia dominant,0.485042070051607,14
first_crossing_full,Park dominant,-0.111880918817866,14
first_crossing_restricted,Neither actor dominant,0.366156227833187,14
first_crossing_restricted,Militia dominant,0.407245174338736,14
first_crossing_restricted,Park dominant,0.0480385284092861,14
persistence_corrected,Neither actor dominant,0.483187383306569,14
persistence_corrected,Militia dominant,0.382599701510021,14
persistence_corrected,Park dominant,-0.00314197918656201,14
annual_presence,Neither actor dominant,-1.51548501903509,14
annual_presence,Militia dominant,-1.20630546847593,14
annual_presence,Park dominant,-0.911517051799769,14
first_crossing_full,Neither actor dominant,0.639284994624924,15
first_crossing_full,Militia dominant,0.0562922322278959,15
first_crossing_full,Park dominant,-0.455143361621113,15
first_crossing_restricted,Neither actor dominant,0.571151229067946,15
first_crossing_restricted,Militia dominant,-0.0161515768166887,15
first_crossing_restricted,Park dominant,-0.338484669988417,15
persistence_corrected,Neither actor dominant,0.558588410626122,15
persistence_corrected,Militia dominant,-0.0897348649201753,15
persistence_corrected,Park dominant,-0.19355346073664,15
annual_presence,Neither actor dominant,-0.150199596955028,15
annual_presence,Militia dominant,-0.106495342267542,15
annual_presence,Park dominant,-0.0126059643235511,15
first_crossing_full,Neither actor dominant,0.328523806194765,16
first_crossing_full,Militia dominant,-0.146318086001441,16
first_crossing_full,Park dominant,-0.655367471340523,16
first_crossing_restricted,Neither actor dominant,0.257670155502808,16
first_crossing_restricted,Militia dominant,-0.224705253148192,16
first_crossing_restricted,Park dominant,-0.561906124593535,16
persistence_corrected,Neither actor dominant,0.292159602554319,16
persistence_corrected,Militia dominant,-0.258904817706208,16
persistence_corrected,Park dominant,-0.610713673461936,16
annual_presence,Neither actor dominant,-1.81201261706825,16
annual_presence,Militia dominant,-1.60872099645396,16
annual_presence,Park dominant,-1.48194947210473,16
first_crossing_full,Neither actor dominant,0.251315828778311,17
first_crossing_full,Militia dominant,-0.0810263654620991,17
first_crossing_full,Park dominant,-0.846121002219829,17
first_crossing_restricted,Neither actor dominant,0.206662774372115,17
first_crossing_restricted,Militia dominant,-0.133285328807174,17
first_crossing_restricted,Park dominant,-0.899886120072255,17
persistence_corrected,Neither actor dominant,0.236649724527525,17
persistence_corrected,Militia dominant,-0.16222792638902,17
persistence_corrected,Park dominant,-0.825721366738723,17
annual_presence,Neither actor dominant,-0.958164110047398,17
annual_presence,Militia dominant,-0.817565960152428,17
annual_presence,Park dominant,-0.734811041591067,17
first_crossing_full,Neither actor dominant,0.419954212904271,18
first_crossing_full,Militia dominant,0.53930133931946,18
first_crossing_full,Park dominant,-0.00466064270752226,18
first_crossing_restricted,Neither actor dominant,0.322921906370632,18
first_crossing_restricted,Militia dominant,0.435295026363536,18
first_crossing_restricted,Park dominant,0.301620124260757,18
persistence_corrected,Neither actor dominant,0.396627651508277,18
persistence_corrected,Militia dominant,0.43913554004046,18
persistence_corrected,Park dominant,0.368298787088157,18
annual_presence,Neither actor dominant,-1.54450311945842,18
annual_presence,Militia dominant,-1.29445509357123,18
annual_presence,Park dominant,-0.919369005981039,18
first_crossing_full,Neither actor dominant,0.503657330284662,19
first_crossing_full,Militia dominant,0.2872424392514,19
first_crossing_full,Park dominant,-0.591539023257456,19
first_crossing_restricted,Neither actor dominant,0.440744242625861,19
first_crossing_restricted,Militia dominant,0.216436005412087,19
first_crossing_restricted,Park dominant,-0.554433128738476,19
persistence_corrected,Neither actor dominant,0.446486471252289,19
persistence_corrected,Militia dominant,0.257476606038204,19
persistence_corrected,Park dominant,-0.57285605723174,19
annual_presence,Neither actor dominant,-1.82205972170555,19
annual_presence,Militia dominant,-1.42358456730866,19
annual_presence,Park dominant,-1.23194412137275,19
first_crossing_full,Neither actor dominant,-0.0380937738309927,20
first_crossing_full,Militia dominant,-0.209253558801253,20
first_crossing_full,Park dominant,-0.199349197436624,20
first_crossing_restricted,Neither actor dominant,-0.0274555476398782,20
first_crossing_restricted,Militia dominant,-0.197896341927371,20
first_crossing_restricted,Park dominant,-0.330909876490628,20
persistence_corrected,Neither actor dominant,0.0778414817649564,20
persistence_corrected,Militia dominant,-0.279627169619909,20
persistence_corrected,Park dominant,-0.300257363484951,20
annual_presence,Neither actor dominant,-0.850252882782377,20
annual_presence,Militia dominant,-0.707673738787201,20
annual_presence,Park dominant,-0.520870500996295,20
first_crossing_full,Neither actor dominant,0.141193511718587,21
first_crossing_full,Militia dominant,0.381794663402217,21
first_crossing_full,Park dominant,-0.589216914137204,21
first_crossing_restricted,Neither actor dominant,0.0675561606935757,21
first_crossing_restricted,Militia dominant,0.303930589609884,21
first_crossing_restricted,Park dominant,-0.52525274279631,21
persistence_corrected,Neither actor dominant,0.0758535606250174,21
persistence_corrected,Militia dominant,0.29871024896962,21
persistence_corrected,Park dominant,-0.463038575424262,21
annual_presence,Neither actor dominant,-1.99125880484194,21
annual_presence,Militia dominant,-1.66508974017785,21
annual_presence,Park dominant,-1.42227443208424,21
first_crossing_full,Neither actor dominant,0.593680613038317,22
first_crossing_full,Militia dominant,-0.0394945486770569,22
first_crossing_full,Park dominant,-0.663646926742633,22
first_crossing_restricted,Neither actor dominant,0.524130622910829,22
first_crossing_restricted,Militia dominant,-0.112504607845188,22
first_crossing_restricted,Park dominant,-0.642446153763786,22
persistence_corrected,Neither actor dominant,0.568840275387847,22
persistence_corrected,Militia dominant,-0.211498581379312,22
persistence_corrected,Park dominant,-0.569733082820275,22
annual_presence,Neither actor dominant,-1.87220775212349,22
annual_presence,Militia dominant,-1.78572436144785,22
annual_presence,Park dominant,-1.708191750935,22
first_crossing_full,Neither actor dominant,0.155428910660021,23
first_crossing_full,Militia dominant,-0.01510521758526,23
first_crossing_full,Park dominant,-0.341964365699159,23
first_crossing_restricted,Neither actor dominant,0.0605157036575616,23
first_crossing_restricted,Militia dominant,-0.117311605647467,23
first_crossing_restricted,Park dominant,-0.0532694340291326,23
persistence_corrected,Neither actor dominant,0.0595350655738792,23
persistence_corrected,Militia dominant,-0.0721953947914135,23
persistence_corrected,Park dominant,-0.118273202520581,23
annual_presence,Neither actor dominant,-1.96035999208014,23
annual_presence,Militia dominant,-1.806904592921,23
annual_presence,Park dominant,-1.71095210017358,23
first_crossing_full,Neither actor dominant,-0.0539772733275865,24
first_crossing_full,Militia dominant,-0.0978183006239149,24
first_crossing_full,Park dominant,-0.271642682160689,24
first_crossing_restricted,Neither actor dominant,-0.065306509867752,24
first_crossing_restricted,Militia dominant,-0.110423661810394,24
first_crossing_restricted,Park dominant,-0.363232486347492,24
persistence_corrected,Neither actor dominant,-0.0569508508939098,24
persistence_corrected,Militia dominant,-0.135390868159083,24
persistence_corrected,Park dominant,-0.325989861994416,24
annual_presence,Neither actor dominant,-1.79116629603144,24
annual_presence,Militia dominant,-1.65377410549986,24
annual_presence,Park dominant,-1.57120108285093,24
first_crossing_full,Neither actor dominant,1.10981844009901,25
first_crossing_full,Militia dominant,0.32346007458838,25
first_crossing_full,Park dominant,-0.2543909715791,25
first_crossing_restricted,Neither actor dominant,1.04404271799474,25
first_crossing_restricted,Militia dominant,0.24732315304124,25
first_crossing_restricted,Park dominant,-0.227635801074973,25
persistence_corrected,Neither actor dominant,1.14738533509975,25
persistence_corrected,Militia dominant,0.290061011818174,25
persistence_corrected,Park dominant,-0.329101549952915,25
annual_presence,Neither actor dominant,-1.49855452118501,25
annual_presence,Militia dominant,-1.26405560776999,25
annual_presence,Park dominant,-1.00373794950476,25
first_crossing_full,Neither actor dominant,0.213154410462333,26
first_crossing_full,Militia dominant,0.172593910148702,26
first_crossing_full,Park dominant,-0.354032543812977,26
first_crossing_restricted,Neither actor dominant,0.144611412461602,26
first_crossing_restricted,Militia dominant,0.0989318748470809,26
first_crossing_restricted,Park dominant,-0.160102496628766,26
persistence_corrected,Neither actor dominant,0.193669532165591,26
persistence_corrected,Militia dominant,0.119484855161302,26
persistence_corrected,Park dominant,-0.265393625528621,26
annual_presence,Neither actor dominant,-0.66606514478355,26
annual_presence,Militia dominant,-0.391531725536968,26
annual_presence,Park dominant,-0.208790654641786,26
first_crossing_full,Neither actor dominant,0.705162337030353,27
first_crossing_full,Militia dominant,0.562714097600846,27
first_crossing_full,Park dominant,-0.406888781320816,27
first_crossing_restricted,Neither actor dominant,0.59990399150463,27
first_crossing_restricted,Militia dominant,0.445621782160202,27
first_crossing_restricted,Park dominant,-0.14027071718152,27
persistence_corrected,Neither actor dominant,0.644021854809776,27
persistence_corrected,Militia dominant,0.495981435540304,27
persistence_corrected,Park dominant,-0.160064342132242,27
annual_presence,Neither actor dominant,-0.543848054288031,27
annual_presence,Militia dominant,-0.257696323795981,27
annual_presence,Park dominant,-0.00507760381330547,27
first_crossing_full,Neither actor dominant,-0.0779767358116061,28
first_crossing_full,Militia dominant,0.0269574905478421,28
first_crossing_full,Park dominant,-0.220834667191187,28
first_crossing_restricted,Neither actor dominant,-0.134142790234921,28
first_crossing_restricted,Militia dominant,-0.0350507301807333,28
first_crossing_restricted,Park dominant,-0.0220356292814001,28
persistence_corrected,Neither actor dominant,-0.105514863188618,28
persistence_corrected,Militia dominant,-0.0544308579094427,28
persistence_corrected,Park dominant,-0.0850890155141776,28
annual_presence,Neither actor dominant,-1.57415947148841,28
annual_presence,Militia dominant,-1.47497440117715,28
annual_presence,Park dominant,-1.38423435641329,28
first_crossing_full,Neither actor dominant,0.181608167294083,29
first_crossing_full,Militia dominant,0.161246212109701,29
first_crossing_full,Park dominant,-0.530910827471591,29
first_crossing_restricted,Neither actor dominant,0.105005759481668,29
first_crossing_restricted,Militia dominant,0.0793134981302075,29
first_crossing_restricted,Park dominant,-0.370151171243461,29
persistence_corrected,Neither actor dominant,0.102714174410646,29
persistence_corrected,Militia dominant,0.092651724371673,29
persistence_corrected,Park dominant,-0.345030515694504,29
annual_presence,Neither actor dominant,-1.74878527484835,29
annual_presence,Militia dominant,-1.47113900259136,29
annual_presence,Park dominant,-1.32663249412748,29
first_crossing_full,Neither actor dominant,0.0869924281335815,30
first_crossing_full,Militia dominant,0.264897373344664,30
first_crossing_full,Park dominant,-0.334714260431408,30
first_crossing_restricted,Neither actor dominant,0.0694447067098114,30
first_crossing_restricted,Militia dominant,0.245052331130564,30
first_crossing_restricted,Park dominant,-0.422079856531255,30
persistence_corrected,Neither actor dominant,0.128661796117634,30
persistence_corrected,Militia dominant,0.27483963377116,30
persistence_corrected,Park dominant,-0.498889182346523,30
annual_presence,Neither actor dominant,-2.08734319789156,30
annual_presence,Militia dominant,-1.76055847871306,30
annual_presence,Park dominant,-1.46911222115582,30
first_crossing_full,Neither actor dominant,0.348141762569907,31
first_crossing_full,Militia dominant,0.285114947371809,31
first_crossing_full,Park dominant,-0.482363330963536,31
first_crossing_restricted,Neither actor dominant,0.298219812814638,31
first_crossing_restricted,Militia dominant,0.231021887070194,31
first_crossing_restricted,Park dominant,-0.518292023965495,31
persistence_corrected,Neither actor dominant,0.334540979156176,31
persistence_corrected,Militia dominant,0.19937142566074,31
persistence_corrected,Park dominant,-0.443264293238185,31
annual_presence,Neither actor dominant,-1.50401853742776,31
annual_presence,Militia dominant,-1.37923351977868,31
annual_presence,Park dominant,-1.41211915400886,31
first_crossing_full,Neither actor dominant,-0.0109252358538452,32
first_crossing_full,Militia dominant,-0.268243270190798,32
first_crossing_full,Park dominant,-0.529408956995611,32
first_crossing_restricted,Neither actor dominant,-0.0571652386263051,32
first_crossing_restricted,Militia dominant,-0.31903131714468,32
first_crossing_restricted,Park dominant,-0.498793177397305,32
persistence_corrected,Neither actor dominant,-0.0355537121101689,32
persistence_corrected,Militia dominant,-0.321883156643814,32
persistence_corrected,Park dominant,-0.548756800582099,32
annual_presence,Neither actor dominant,-2.11231863334743,32
annual_presence,Militia dominant,-1.93891637226045,32
annual_presence,Park dominant,-1.77381759285198,32
first_crossing_full,Neither actor dominant,0.131907372222814,33
first_crossing_full,Militia dominant,-0.146670571365951,33
first_crossing_full,Park dominant,-0.482195046038087,33
first_crossing_restricted,Neither actor dominant,0.0825826718135556,33
first_crossing_restricted,Militia dominant,-0.209866632982376,33
first_crossing_restricted,Park dominant,-0.404804648462124,33
persistence_corrected,Neither actor dominant,0.122734587161354,33
persistence_corrected,Militia dominant,-0.180946930251123,33
persistence_corrected,Park dominant,-0.455122961833281,33
annual_presence,Neither actor dominant,-1.76531248039743,33
annual_presence,Militia dominant,-1.68014511064763,33
annual_presence,Park dominant,-1.64577573047382,33
first_crossing_full,Neither actor dominant,0.516237840177596,34
first_crossing_full,Militia dominant,0.348861655957067,34
first_crossing_full,Park dominant,-0.163223017164479,34
first_crossing_restricted,Neither actor dominant,0.482513532141959,34
first_crossing_restricted,Militia dominant,0.313474470256907,34
first_crossing_restricted,Park dominant,-0.14378966873809,34
persistence_corrected,Neither actor dominant,0.531465067260294,34
persistence_corrected,Militia dominant,0.250452643857034,34
persistence_corrected,Park dominant,-0.0685966192711406,34
annual_presence,Neither actor dominant,-0.372724928122646,34
annual_presence,Militia dominant,-0.213853926156925,34
annual_presence,Park dominant,0.0808922264311297,34
first_crossing_full,Neither actor dominant,0.076449578214531,35
first_crossing_full,Militia dominant,0.000701785183066669,35
first_crossing_full,Park dominant,-0.574881245129126,35
first_crossing_restricted,Neither actor dominant,-0.00742468967265379,35
first_crossing_restricted,Militia dominant,-0.0882847630260963,35
first_crossing_restricted,Park dominant,-0.317430256672967,35
persistence_corrected,Neither actor dominant,0.0215152170428683,35
persistence_corrected,Militia dominant,-0.143139523818319,35
persistence_corrected,Park dominant,-0.290811732388307,35
annual_presence,Neither actor dominant,-0.707548712542644,35
annual_presence,Militia dominant,-0.561244292977934,35
annual_presence,Park dominant,-0.484032382335014,35
first_crossing_full,Neither actor dominant,0.345438156736851,36
first_crossing_full,Militia dominant,-0.00424425413142079,36
first_crossing_full,Park dominant,-0.429325043466832,36
first_crossing_restricted,Neither actor dominant,0.281745967393587,36
first_crossing_restricted,Militia dominant,-0.0704279229451612,36
first_crossing_restricted,Park dominant,-0.308783156635949,36
persistence_corrected,Neither actor dominant,0.292589118526207,36
persistence_corrected,Militia dominant,-0.0986532482961278,36
persistence_corrected,Park dominant,-0.297134410456434,36
annual_presence,Neither actor dominant,-0.359560864718078,36
annual_presence,Militia dominant,-0.28798184699213,36
annual_presence,Park dominant,-0.227214698183646,36
first_crossing_full,Neither actor dominant,-0.529681758213937,37
first_crossing_full,Militia dominant,-0.426212438221514,37
first_crossing_full,Park dominant,-0.54506567936962,37
first_crossing_restricted,Neither actor dominant,-0.53944887986279,37
first_crossing_restricted,Militia dominant,-0.436575329515431,37
first_crossing_restricted,Park dominant,-0.631285016812749,37
persistence_corrected,Neither actor dominant,-0.519488586084823,37
persistence_corrected,Militia dominant,-0.482763703953287,37
persistence_corrected,Park dominant,-0.61305093578096,37
annual_presence,Neither actor dominant,-2.11836147080938,37
annual_presence,Militia dominant,-2.06024993970416,37
annual_presence,Park dominant,-1.97255506728841,37
first_crossing_full,Neither actor dominant,0.489627602763357,38
first_crossing_full,Militia dominant,0.239219057184945,38
first_crossing_full,Park dominant,-0.535826206710221,38
first_crossing_restricted,Neither actor dominant,0.440157895715503,38
first_crossing_restricted,Militia dominant,0.18543200279501,38
first_crossing_restricted,Park dominant,-0.535000637373617,38
persistence_corrected,Neither actor dominant,0.57503629164954,38
persistence_corrected,Militia dominant,0.171674178284454,38
persistence_corrected,Park dominant,-0.60700508786152,38
annual_presence,Neither actor dominant,-0.175210371274649,38
annual_presence,Militia dominant,-0.0868621883933872,38
annual_presence,Park dominant,-0.114901677396169,38
first_crossing_full,Neither actor dominant,0.260162139741907,39
first_crossing_full,Militia dominant,0.363857470298255,39
first_crossing_full,Park dominant,-0.282569259406812,39
first_crossing_restricted,Neither actor dominant,0.202304136681907,39
first_crossing_restricted,Militia dominant,0.301468004644907,39
first_crossing_restricted,Park dominant,-0.223822286949522,39
persistence_corrected,Neither actor dominant,0.251219792971181,39
persistence_corrected,Militia dominant,0.248035610152487,39
persistence_corrected,Park dominant,-0.178342706735804,39
annual_presence,Neither actor dominant,-1.5052999717693,39
annual_presence,Militia dominant,-1.34148675585515,39
annual_presence,Park dominant,-1.33341532686027,39
first_crossing_full,Neither actor dominant,0.963761446319149,40
first_crossing_full,Militia dominant,0.505273565187713,40
first_crossing_full,Park dominant,-0.367058038153794,40
first_crossing_restricted,Neither actor dominant,0.867815078306615,40
first_crossing_restricted,Militia dominant,0.392374807882628,40
first_crossing_restricted,Park dominant,-0.206282727237223,40
persistence_corrected,Neither actor dominant,0.97998667968563,40
persistence_corrected,Militia dominant,0.332215541409553,40
persistence_corrected,Park dominant,-0.215390956412803,40
annual_presence,Neither actor dominant,-1.21707822566909,40
annual_presence,Militia dominant,-1.06403817048145,40
annual_presence,Park dominant,-0.818871202544169,40
first_crossing_full,Neither actor dominant,0.469937357863848,41
first_crossing_full,Militia dominant,-0.0270365197559458,41
first_crossing_full,Park dominant,-0.787653814689938,41
first_crossing_restricted,Neither actor dominant,0.383446339664971,41
first_crossing_restricted,Militia dominant,-0.125399019651695,41
first_crossing_restricted,Park dominant,-0.628048233412142,41
persistence_corrected,Neither actor dominant,0.411410584221414,41
persistence_corrected,Militia dominant,-0.117332680602145,41
persistence_corrected,Park dominant,-0.658050506345929,41
annual_presence,Neither actor dominant,-0.54807617446649,41
annual_presence,Militia dominant,-0.44701025401328,41
annual_presence,Park dominant,-0.508985622826951,41
first_crossing_full,Neither actor dominant,0.306293242428002,42
first_crossing_full,Militia dominant,0.0581361758815081,42
first_crossing_full,Park dominant,-0.448138194356307,42
first_crossing_restricted,Neither actor dominant,0.214208880419227,42
first_crossing_restricted,Militia dominant,-0.0390385402959224,42
first_crossing_restricted,Park dominant,-0.229617564090443,42
persistence_corrected,Neither actor dominant,0.267758839957579,42
persistence_corrected,Militia dominant,-0.0391094161410521,42
persistence_corrected,Park dominant,-0.338494872374981,42
annual_presence,Neither actor dominant,-1.86488153874432,42
annual_presence,Militia dominant,-1.71543654894705,42
annual_presence,Park dominant,-1.59360500966907,42
first_crossing_full,Neither actor dominant,0.548220969664621,43
first_crossing_full,Militia dominant,0.276481103388842,43
first_crossing_full,Park dominant,-0.223899352949755,43
first_crossing_restricted,Neither actor dominant,0.468019666502794,43
first_crossing_restricted,Militia dominant,0.189696605448926,43
first_crossing_restricted,Park dominant,0.0559209361538879,43
persistence_corrected,Neither actor dominant,0.510575115945409,43
persistence_corrected,Militia dominant,0.223706441350441,43
persistence_corrected,Park dominant,-0.0483559534815499,43
annual_presence,Neither actor dominant,-0.101570651636213,43
annual_presence,Militia dominant,0.0422453501749029,43
annual_presence,Park dominant,0.0818476882677772,43
first_crossing_full,Neither actor dominant,-0.0667308506686829,44
first_crossing_full,Militia dominant,-0.00107591315637057,44
first_crossing_full,Park dominant,-0.100441034757423,44
first_crossing_restricted,Neither actor dominant,-0.128337474164804,44
first_crossing_restricted,Militia dominant,-0.0679041374369017,44
first_crossing_restricted,Park dominant,0.070780896244225,44
persistence_corrected,Neither actor dominant,-0.0995409251315708,44
persistence_corrected,Militia dominant,-0.0726727561303738,44
persistence_corrected,Park dominant,0.0219633319157297,44
annual_presence,Neither actor dominant,-2.10004189649461,44
annual_presence,Militia dominant,-1.95122483067853,44
annual_presence,Park dominant,-1.74615029259259,44
first_crossing_full,Neither actor dominant,0.31396183158435,45
first_crossing_full,Militia dominant,0.259623366833361,45
first_crossing_full,Park dominant,-0.351812670395463,45
first_crossing_restricted,Neither actor dominant,0.256218990921103,45
first_crossing_restricted,Militia dominant,0.193258425392946,45
first_crossing_restricted,Park dominant,-0.284814982791711,45
persistence_corrected,Neither actor dominant,0.262198375617649,45
persistence_corrected,Militia dominant,0.256504173502589,45
persistence_corrected,Park dominant,-0.287491166697037,45
annual_presence,Neither actor dominant,-2.05801710767938,45
annual_presence,Militia dominant,-1.69506876482798,45
annual_presence,Park dominant,-1.3965478304399,45
first_crossing_full,Neither actor dominant,-0.0365120831166437,46
first_crossing_full,Militia dominant,0.505858487370406,46
first_crossing_full,Park dominant,-0.134654482658465,46
first_crossing_restricted,Neither actor dominant,-0.107030370108785,46
first_crossing_restricted,Militia dominant,0.428576216919643,46
first_crossing_restricted,Park dominant,0.0278233600399992,46
persistence_corrected,Neither actor dominant,-0.0970944850096839,46
persistence_corrected,Militia dominant,0.392538367292349,46
persistence_corrected,Park dominant,0.0787285143649702,46
annual_presence,Neither actor dominant,-1.9834139800552,46
annual_presence,Militia dominant,-1.63046089802713,46
annual_presence,Park dominant,-1.35343191039657,46
first_crossing_full,Neither actor dominant,0.517559182799017,47
first_crossing_full,Militia dominant,0.343165087228784,47
first_crossing_full,Park dominant,-0.430652245770094,47
first_crossing_restricted,Neither actor dominant,0.452285662820994,47
first_crossing_restricted,Militia dominant,0.271377705102492,47
first_crossing_restricted,Park dominant,-0.290043208527042,47
persistence_corrected,Neither actor dominant,0.475029035222365,47
persistence_corrected,Militia dominant,0.239721274051726,47
persistence_corrected,Park dominant,-0.372905276971194,47
annual_presence,Neither actor dominant,0.0537598312877211,47
annual_presence,Militia dominant,0.158411485275805,47
annual_presence,Park dominant,0.0885650860326736,47
first_crossing_full,Neither actor dominant,0.167824801097176,48
first_crossing_full,Militia dominant,-0.188030579365097,48
first_crossing_full,Park dominant,-0.643314148346666,48
first_crossing_restricted,Neither actor dominant,0.0719914092282789,48
first_crossing_restricted,Militia dominant,-0.293315754696574,48
first_crossing_restricted,Park dominant,-0.395699479156002,48
persistence_corrected,Neither actor dominant,0.0286794701891504,48
persistence_corrected,Militia dominant,-0.264022399243053,48
persistence_corrected,Park dominant,-0.488541523372622,48
annual_presence,Neither actor dominant,-2.39556373773788,48
annual_presence,Militia dominant,-2.13106037253008,48
annual_presence,Park dominant,-1.89031658490542,48
first_crossing_full,Neither actor dominant,0.38257948090175,49
first_crossing_full,Militia dominant,0.308727637846176,49
first_crossing_full,Park dominant,-0.278535811768025,49
first_crossing_restricted,Neither actor dominant,0.304456890633904,49
first_crossing_restricted,Militia dominant,0.226032674040225,49
first_crossing_restricted,Park dominant,-0.15928272772421,49
persistence_corrected,Neither actor dominant,0.405249497918949,49
persistence_corrected,Militia dominant,0.185502448564307,49
persistence_corrected,Park dominant,-0.131610454382885,49
annual_presence,Neither actor dominant,-1.9813848017872,49
annual_presence,Militia dominant,-1.73975383762265,49
annual_presence,Park dominant,-1.44325142814267,49
first_crossing_full,Neither actor dominant,0.0753193996000754,50
first_crossing_full,Militia dominant,-0.209547274087013,50
first_crossing_full,Park dominant,-0.579682026618715,50
first_crossing_restricted,Neither actor dominant,0.0219381102011989,50
first_crossing_restricted,Militia dominant,-0.266620491477078,50
first_crossing_restricted,Park dominant,-0.478477491496338,50
persistence_corrected,Neither actor dominant,0.0517930764250846,50
persistence_corrected,Militia dominant,-0.351730882244757,50
persistence_corrected,Park dominant,-0.352139350728182,50
annual_presence,Neither actor dominant,-0.499977202407286,50
annual_presence,Militia dominant,-0.471178603901892,50
annual_presence,Park dominant,-0.471662559860503,50
first_crossing_full,Neither actor dominant,0.320653880914392,51
first_crossing_full,Militia dominant,-0.0473245487928993,51
first_crossing_full,Park dominant,-0.634669948834169,51
first_crossing_restricted,Neither actor dominant,0.264826446420099,51
first_crossing_restricted,Militia dominant,-0.105664087302152,51
first_crossing_restricted,Park dominant,-0.548379225727046,51
persistence_corrected,Neither actor dominant,0.287270243073951,51
persistence_corrected,Militia dominant,-0.130339279177462,51
persistence_corrected,Park dominant,-0.5269895963108,51
annual_presence,Neither actor dominant,-0.258150099362144,51
annual_presence,Militia dominant,-0.206899841994977,51
annual_presence,Park dominant,-0.202966451302941,51
first_crossing_full,Neither actor dominant,0.159511106890518,52
first_crossing_full,Militia dominant,0.155962405600189,52
first_crossing_full,Park dominant,-0.340829469222119,52
first_crossing_restricted,Neither actor dominant,0.108337011162655,52
first_crossing_restricted,Militia dominant,0.10044869655619,52
first_crossing_restricted,Park dominant,-0.274408314075105,52
persistence_corrected,Neither actor dominant,0.139073446446871,52
persistence_corrected,Militia dominant,0.155488363513751,52
persistence_corrected,Park dominant,-0.394604316217229,52
annual_presence,Neither actor dominant,-1.71886856006274,52
annual_presence,Militia dominant,-1.4816257602529,52
annual_presence,Park dominant,-1.2478307772836,52
first_crossing_full,Neither actor dominant,0.53041198111976,53
first_crossing_full,Militia dominant,-0.0474015593387127,53
first_crossing_full,Park dominant,-0.459803316265157,53
first_crossing_restricted,Neither actor dominant,0.483442271430897,53
first_crossing_restricted,Militia dominant,-0.0980812900954243,53
first_crossing_restricted,Park dominant,-0.398220220477315,53
persistence_corrected,Neither actor dominant,0.509432189191315,53
persistence_corrected,Militia dominant,-0.127410511930174,53
persistence_corrected,Park dominant,-0.407919424699652,53
annual_presence,Neither actor dominant,-0.63451328483153,53
annual_presence,Militia dominant,-0.449141896827728,53
annual_presence,Park dominant,-0.241126595823169,53
first_crossing_full,Neither actor dominant,0.124919597375493,54
first_crossing_full,Militia dominant,0.417857493337325,54
first_crossing_full,Park dominant,-0.343217306361568,54
first_crossing_restricted,Neither actor dominant,0.0350523537517758,54
first_crossing_restricted,Militia dominant,0.320029909531696,54
first_crossing_restricted,Park dominant,-0.121913423919703,54
persistence_corrected,Neither actor dominant,0.0733125004727228,54
persistence_corrected,Militia dominant,0.281526413152724,54
persistence_corrected,Park dominant,-0.107581002039466,54
annual_presence,Neither actor dominant,-1.84543624010905,54
annual_presence,Militia dominant,-1.55031074013342,54
annual_presence,Park dominant,-1.38577304168244,54
first_crossing_full,Neither actor dominant,0.324136111859123,55
first_crossing_full,Militia dominant,-0.536116868152532,55
first_crossing_full,Park dominant,-0.767512994385105,55
first_crossing_restricted,Neither actor dominant,0.268442665809049,55
first_crossing_restricted,Militia dominant,-0.597177606393691,55
first_crossing_restricted,Park dominant,-0.7294166235883,55
persistence_corrected,Neither actor dominant,0.23305125626502,55
persistence_corrected,Militia dominant,-0.60502080460015,55
persistence_corrected,Park dominant,-0.616227802072066,55
annual_presence,Neither actor dominant,-2.2225654496116,55
annual_presence,Militia dominant,-2.08642688441778,55
annual_presence,Park dominant,-1.9670962815576,55
first_crossing_full,Neither actor dominant,0.223589043059842,56
first_crossing_full,Militia dominant,0.0154777151071908,56
first_crossing_full,Park dominant,-0.663574666295391,56
first_crossing_restricted,Neither actor dominant,0.196629631084121,56
first_crossing_restricted,Militia dominant,-0.0143627247805871,56
first_crossing_restricted,Park dominant,-0.734422624538796,56
persistence_corrected,Neither actor dominant,0.232671732052961,56
persistence_corrected,Militia dominant,-0.0374495879970659,56
persistence_corrected,Park dominant,-0.684638000886874,56
annual_presence,Neither actor dominant,-0.661142777910279,56
annual_presence,Militia dominant,-0.475039908136284,56
annual_presence,Park dominant,-0.324509331399608,56
first_crossing_full,Neither actor dominant,0.153580057612605,57
first_crossing_full,Militia dominant,0.0351092652667733,57
first_crossing_full,Park dominant,-0.657409199291981,57
first_crossing_restricted,Neither actor dominant,0.0500651773620329,57
first_crossing_restricted,Militia dominant,-0.07579105117289,57
first_crossing_restricted,Park dominant,-0.428560213394182,57
persistence_corrected,Neither actor dominant,0.113462537887328,57
persistence_corrected,Militia dominant,-0.0921289527905532,57
persistence_corrected,Park dominant,-0.446730145099036,57
annual_presence,Neither actor dominant,-2.22156908100856,57
annual_presence,Militia dominant,-2.05547588496674,57
annual_presence,Park dominant,-1.95497374650244,57
first_crossing_full,Neither actor dominant,0.361085773955429,58
first_crossing_full,Militia dominant,0.230402405972409,58
first_crossing_full,Park dominant,-0.433695878882275,58
first_crossing_restricted,Neither actor dominant,0.305083092206597,58
first_crossing_restricted,Militia dominant,0.169481671385941,58
first_crossing_restricted,Park dominant,-0.422573103534193,58
persistence_corrected,Neither actor dominant,0.325484212981988,58
persistence_corrected,Militia dominant,0.169398823056635,58
persistence_corrected,Park dominant,-0.438364953354407,58
annual_presence,Neither actor dominant,-1.90244474267506,58
annual_presence,Militia dominant,-1.65607740207724,58
annual_presence,Park dominant,-1.43048149346115,58
first_crossing_full,Neither actor dominant,-0.0474459330480743,59
first_crossing_full,Militia dominant,-0.176501546556606,59
first_crossing_full,Park dominant,-0.646420715860611,59
first_crossing_restricted,Neither actor dominant,-0.11640191106857,59
first_crossing_restricted,Militia dominant,-0.250315471940217,59
first_crossing_restricted,Park dominant,-0.501169549783399,59
persistence_corrected,Neither actor dominant,-0.0679955471712897,59
persistence_corrected,Militia dominant,-0.253315647947909,59
persistence_corrected,Park dominant,-0.554045024341436,59
annual_presence,Neither actor dominant,-1.93924489041792,59
annual_presence,Militia dominant,-1.74876486116071,59
annual_presence,Park dominant,-1.61475347510042,59
first_crossing_full,Neither actor dominant,0.231289257829084,60
first_crossing_full,Militia dominant,0.481369086958413,60
first_crossing_full,Park dominant,0.0437558256226319,60
first_crossing_restricted,Neither actor dominant,0.167195689653912,60
first_crossing_restricted,Militia dominant,0.413975787704659,60
first_crossing_restricted,Park dominant,0.130586012767678,60
persistence_corrected,Neither actor dominant,0.19542419066475,60
persistence_corrected,Militia dominant,0.370403542490777,60
persistence_corrected,Park dominant,0.21853795218619,60
annual_presence,Neither actor dominant,-2.07279927369617,60
annual_presence,Militia dominant,-1.81610691378594,60
annual_presence,Park dominant,-1.52420535275116,60
first_crossing_full,Neither actor dominant,0.384312553586736,61
first_crossing_full,Militia dominant,0.628583831721682,61
first_crossing_full,Park dominant,-0.0460200636439712,61
first_crossing_restricted,Neither actor dominant,0.3410042195508,61
first_crossing_restricted,Militia dominant,0.583262357716961,61
first_crossing_restricted,Park dominant,0.0405584086267762,61
persistence_corrected,Neither actor dominant,0.350061739471238,61
persistence_corrected,Militia dominant,0.569910802144799,61
persistence_corrected,Park dominant,0.0981842088742164,61
annual_presence,Neither actor dominant,-0.247351792125129,61
annual_presence,Militia dominant,0.0045820091182768,61
annual_presence,Park dominant,0.210225102523881,61
first_crossing_full,Neither actor dominant,0.257895741267564,62
first_crossing_full,Militia dominant,0.00404261960419852,62
first_crossing_full,Park dominant,-0.215105415185998,62
first_crossing_restricted,Neither actor dominant,0.226684900289667,62
first_crossing_restricted,Militia dominant,-0.0293050198652361,62
first_crossing_restricted,Park dominant,-0.265980247110106,62
persistence_corrected,Neither actor dominant,0.239760600364238,62
persistence_corrected,Militia dominant,-0.0333396237965681,62
persistence_corrected,Park dominant,-0.24131283900182,62
annual_presence,Neither actor dominant,-2.02515025300433,62
annual_presence,Militia dominant,-1.82507245575432,62
annual_presence,Park dominant,-1.61581306805852,62
first_crossing_full,Neither actor dominant,1.28504157267794,63
first_crossing_full,Militia dominant,0.993541161695002,63
first_crossing_full,Park dominant,-0.254006395555803,63
first_crossing_restricted,Neither actor dominant,1.20821595274849,63
first_crossing_restricted,Militia dominant,0.885131052903537,63
first_crossing_restricted,Park dominant,-0.136159387937028,63
persistence_corrected,Neither actor dominant,1.20932263713661,63
persistence_corrected,Militia dominant,1.05426640998463,63
persistence_corrected,Park dominant,-0.28329864274488,63
annual_presence,Neither actor dominant,-0.876904151952931,63
annual_presence,Militia dominant,-0.620354547633934,63
annual_presence,Park dominant,-0.496035101974077,63
first_crossing_full,Neither actor dominant,0.0154892283876607,64
first_crossing_full,Militia dominant,1.82666389659525e-05,64
first_crossing_full,Park dominant,-0.308000768505879,64
first_crossing_restricted,Neither actor dominant,-0.0145167255431478,64
first_crossing_restricted,Militia dominant,-0.0331941409081052,64
first_crossing_restricted,Park dominant,-0.284782730843632,64
persistence_corrected,Neither actor dominant,0.0874881099428254,64
persistence_corrected,Militia dominant,-0.0502454147226352,64
persistence_corrected,Park dominant,-0.270178840944629,64
annual_presence,Neither actor dominant,-1.91667095812353,64
annual_presence,Militia dominant,-1.68981604172537,64
annual_presence,Park dominant,-1.43549341100512,64
first_crossing_full,Neither actor dominant,-0.138268552906425,65
first_crossing_full,Militia dominant,0.272010059904164,65
first_crossing_full,Park dominant,0.217768678066033,65
first_crossing_restricted,Neither actor dominant,-0.146098574599057,65
first_crossing_restricted,Militia dominant,0.263617636902494,65
first_crossing_restricted,Park dominant,0.218566538807999,65
persistence_corrected,Neither actor dominant,-0.086427106730429,65
persistence_corrected,Militia dominant,0.287886766449093,65
persistence_corrected,Park dominant,0.184235203821618,65
annual_presence,Neither actor dominant,-1.75799490667314,65
annual_presence,Militia dominant,-1.45139340860843,65
annual_presence,Park dominant,-1.06153862515684,65
first_crossing_full,Neither actor dominant,-0.0426874289753267,66
first_crossing_full,Militia dominant,0.116756427123091,66
first_crossing_full,Park dominant,-0.0197448164708642,66
first_crossing_restricted,Neither actor dominant,-0.0801731838224956,66
first_crossing_restricted,Militia dominant,0.0773427194064365,66
first_crossing_restricted,Park dominant,0.179924481142169,66
persistence_corrected,Neither actor dominant,-0.0788042382614829,66
persistence_corrected,Militia dominant,0.0664744690543277,66
persistence_corrected,Park dominant,0.219278318165015,66
annual_presence,Neither actor dominant,-0.643542109955837,66
annual_presence,Militia dominant,-0.415947181070801,66
annual_presence,Park dominant,-0.146684555935073,66
first_crossing_full,Neither actor dominant,0.308574323368981,67
first_crossing_full,Militia dominant,0.0611275187839448,67
first_crossing_full,Park dominant,-0.386283129270385,67
first_crossing_restricted,Neither actor dominant,0.23687934929501,67
first_crossing_restricted,Militia dominant,-0.0156404408218473,67
first_crossing_restricted,Park dominant,-0.267235269567628,67
persistence_corrected,Neither actor dominant,0.261026455468225,67
persistence_corrected,Militia dominant,-0.0309121765335585,67
persistence_corrected,Park dominant,-0.278351383394712,67
annual_presence,Neither actor dominant,-1.883345600942,67
annual_presence,Militia dominant,-1.68196354006521,67
annual_presence,Park dominant,-1.51403447458,67
first_crossing_full,Neither actor dominant,0.424747616359241,68
first_crossing_full,Militia dominant,0.0722698558055704,68
first_crossing_full,Park dominant,-0.0670408143288971,68
first_crossing_restricted,Neither actor dominant,0.381957924545048,68
first_crossing_restricted,Militia dominant,0.02709528138591,68
first_crossing_restricted,Park dominant,0.0459295306355443,68
persistence_corrected,Neither actor dominant,0.504250927827538,68
persistence_corrected,Militia dominant,-0.0564976782890026,68
persistence_corrected,Park dominant,0.0604098153235569,68
annual_presence,Neither actor dominant,-0.421098309882502,68
annual_presence,Militia dominant,-0.324647406484482,68
annual_presence,Park dominant,-0.168994302484595,68
first_crossing_full,Neither actor dominant,0.383666099748784,69
first_crossing_full,Militia dominant,0.185401170378852,69
first_crossing_full,Park dominant,-0.488434247842341,69
first_crossing_restricted,Neither actor dominant,0.334498704595031,69
first_crossing_restricted,Militia dominant,0.133650235583248,69
first_crossing_restricted,Park dominant,-0.48783428276515,69
persistence_corrected,Neither actor dominant,0.34008377823269,69
persistence_corrected,Militia dominant,0.0958736384328353,69
persistence_corrected,Park dominant,-0.433263948795276,69
annual_presence,Neither actor dominant,-1.25718001106662,69
annual_presence,Militia dominant,-1.17422578537297,69
annual_presence,Park dominant,-1.15412913612063,69
first_crossing_full,Neither actor dominant,0.2144955423599,70
first_crossing_full,Militia dominant,0.322554968832942,70
first_crossing_full,Park dominant,-0.429956215923045,70
first_crossing_restricted,Neither actor dominant,0.152499450762955,70
first_crossing_restricted,Militia dominant,0.256532715415299,70
first_crossing_restricted,Park dominant,-0.342590098611774,70
persistence_corrected,Neither actor dominant,0.119567331939059,70
persistence_corrected,Militia dominant,0.235070838646156,70
persistence_corrected,Park dominant,-0.259957017503594,70
annual_presence,Neither actor dominant,-1.65309330260374,70
annual_presence,Militia dominant,-1.40937036550609,70
annual_presence,Park dominant,-1.21521361212275,70
first_crossing_full,Neither actor dominant,0.0127681912166379,71
first_crossing_full,Militia dominant,0.0214499655423525,71
first_crossing_full,Park dominant,-0.125741783655377,71
first_crossing_restricted,Neither actor dominant,-0.0371944480179633,71
first_crossing_restricted,Militia dominant,-0.031229472572026,71
first_crossing_restricted,Park dominant,-0.00628173436887841,71
persistence_corrected,Neither actor dominant,0.00897932941595048,71
persistence_corrected,Militia dominant,-0.0549983735849804,71
persistence_corrected,Park dominant,0.0108924251022098,71
annual_presence,Neither actor dominant,-2.38015568418096,71
annual_presence,Militia dominant,-2.02324284203077,71
annual_presence,Park dominant,-1.64781195377462,71
first_crossing_full,Neither actor dominant,0.160994853017183,72
first_crossing_full,Militia dominant,0.012895833674955,72
first_crossing_full,Park dominant,-0.337644651574341,72
first_crossing_restricted,Neither actor dominant,0.142467978639969,72
first_crossing_restricted,Militia dominant,-0.0062540547453584,72
first_crossing_restricted,Park dominant,-0.388060473397034,72
persistence_corrected,Neither actor dominant,0.202775305003564,72
persistence_corrected,Militia dominant,-0.108311865606245,72
persistence_corrected,Park dominant,-0.339729171461144,72
annual_presence,Neither actor dominant,-0.499655349315956,72
annual_presence,Militia dominant,-0.391470314788879,72
annual_presence,Park dominant,-0.259133656434828,72
first_crossing_full,Neither actor dominant,0.453816725402263,73
first_crossing_full,Militia dominant,0.299820981257806,73
first_crossing_full,Park dominant,-0.284262238811106,73
first_crossing_restricted,Neither actor dominant,0.343248360388988,73
first_crossing_restricted,Militia dominant,0.1788212321282,73
first_crossing_restricted,Park dominant,0.0249857736436424,73
persistence_corrected,Neither actor dominant,0.370867305554111,73
persistence_corrected,Militia dominant,0.1412001459637,73
persistence_corrected,Park dominant,0.0230334056825593,73
annual_presence,Neither actor dominant,-1.62802329909572,73
annual_presence,Militia dominant,-1.45004562506637,73
annual_presence,Park dominant,-1.33593279482545,73
first_crossing_full,Neither actor dominant,0.177470151823192,74
first_crossing_full,Militia dominant,0.410134765801894,74
first_crossing_full,Park dominant,-0.13166220676952,74
first_crossing_restricted,Neither actor dominant,0.151069108803656,74
first_crossing_restricted,Militia dominant,0.382684968143886,74
first_crossing_restricted,Park dominant,-0.136639576806109,74
persistence_corrected,Neither actor dominant,0.217101206847623,74
persistence_corrected,Militia dominant,0.365599738183941,74
persistence_corrected,Park dominant,-0.0990228701321703,74
annual_presence,Neither actor dominant,-0.615929766384565,74
annual_presence,Militia dominant,-0.366442234350132,74
annual_presence,Park dominant,-0.0950942883680995,74
first_crossing_full,Neither actor dominant,0.578231291366965,75
first_crossing_full,Militia dominant,0.775252961188329,75
first_crossing_full,Park dominant,-0.413473858620337,75
first_crossing_restricted,Neither actor dominant,0.499653146383559,75
first_crossing_restricted,Militia dominant,0.689203040626963,75
first_crossing_restricted,Park dominant,-0.339917396070839,75
persistence_corrected,Neither actor dominant,0.574492365340305,75
persistence_corrected,Militia dominant,0.724940782499742,75
persistence_corrected,Park dominant,-0.296542887477298,75
annual_presence,Neither actor dominant,-1.46944380035012,75
annual_presence,Militia dominant,-1.20261554326407,75
annual_presence,Park dominant,-0.971228697139277,75
first_crossing_full,Neither actor dominant,0.530142391209483,76
first_crossing_full,Militia dominant,0.162303878883649,76
first_crossing_full,Park dominant,-0.232016613020559,76
first_crossing_restricted,Neither actor dominant,0.465950693402784,76
first_crossing_restricted,Militia dominant,0.091473029533754,76
first_crossing_restricted,Park dominant,-0.114588334360904,76
persistence_corrected,Neither actor dominant,0.521046063160504,76
persistence_corrected,Militia dominant,-0.000759890351067827,76
persistence_corrected,Park dominant,-0.126432545644426,76
annual_presence,Neither actor dominant,-1.3431111237808,76
annual_presence,Militia dominant,-1.19092756927707,76
annual_presence,Park dominant,-1.07260639584683,76
first_crossing_full,Neither actor dominant,0.177077025296793,77
first_crossing_full,Militia dominant,0.0445407818471661,77
first_crossing_full,Park dominant,-0.2631814032408,77
first_crossing_restricted,Neither actor dominant,0.148926624981653,77
first_crossing_restricted,Militia dominant,0.0149034841445677,77
first_crossing_restricted,Park dominant,-0.327842409731411,77
persistence_corrected,Neither actor dominant,0.154810141983637,77
persistence_corrected,Militia dominant,-0.0274946836193475,77
persistence_corrected,Park dominant,-0.251625030920367,77
annual_presence,Neither actor dominant,-2.01795115964899,77
annual_presence,Militia dominant,-1.84521730205873,77
annual_presence,Park dominant,-1.64459359047939,77
first_crossing_full,Neither actor dominant,0.0600149934887219,78
first_crossing_full,Militia dominant,0.162227500060861,78
first_crossing_full,Park dominant,-0.629808682430973,78
first_crossing_restricted,Neither actor dominant,-0.0108329977309261,78
first_crossing_restricted,Militia dominant,0.0874864370241088,78
first_crossing_restricted,Park dominant,-0.556876072512394,78
persistence_corrected,Neither actor dominant,0.016863557157577,78
persistence_corrected,Militia dominant,0.0748337701622572,78
persistence_corrected,Park dominant,-0.45774131494828,78
annual_presence,Neither actor dominant,-2.15832014872962,78
annual_presence,Militia dominant,-1.86139053352517,78
annual_presence,Park dominant,-1.6508514183676,78
first_crossing_full,Neither actor dominant,0.304245830498922,79
first_crossing_full,Militia dominant,0.268063208464878,79
first_crossing_full,Park dominant,-0.526182050451827,79
first_crossing_restricted,Neither actor dominant,0.209252637832632,79
first_crossing_restricted,Militia dominant,0.166318080288352,79
first_crossing_restricted,Park dominant,-0.30636242823892,79
persistence_corrected,Neither actor dominant,0.157140521141071,79
persistence_corrected,Militia dominant,0.108913684515374,79
persistence_corrected,Park dominant,-0.20476372208208,79
annual_presence,Neither actor dominant,-1.08644880198712,79
annual_presence,Militia dominant,-1.03456596660571,79
annual_presence,Park dominant,-1.00251053182824,79
first_crossing_full,Neither actor dominant,0.436723665052713,80
first_crossing_full,Militia dominant,0.13941826395358,80
first_crossing_full,Park dominant,-0.469333772619658,80
first_crossing_restricted,Neither actor dominant,0.391030496417444,80
first_crossing_restricted,Militia dominant,0.0885622403169954,80
first_crossing_restricted,Park dominant,-0.448161153674274,80
persistence_corrected,Neither actor dominant,0.398888912817788,80
persistence_corrected,Militia dominant,0.0943578328382644,80
persistence_corrected,Park dominant,-0.460680224328413,80
annual_presence,Neither actor dominant,-0.753526373603382,80
annual_presence,Militia dominant,-0.487026415200028,80
annual_presence,Park dominant,-0.265302033526464,80
first_crossing_full,Neither actor dominant,0.291095331585246,81
first_crossing_full,Militia dominant,0.118576537507292,81
first_crossing_full,Park dominant,-0.612259513291875,81
first_crossing_restricted,Neither actor dominant,0.194004759283788,81
first_crossing_restricted,Militia dominant,0.013920829845155,81
first_crossing_restricted,Park dominant,-0.41908421567697,81
persistence_corrected,Neither actor dominant,0.159105168025349,81
persistence_corrected,Militia dominant,0.000406734676934417,81
persistence_corrected,Park dominant,-0.327623004947913,81
annual_presence,Neither actor dominant,-1.9023921399238,81
annual_presence,Militia dominant,-1.67006499690434,81
annual_presence,Park dominant,-1.55233808191977,81
first_crossing_full,Neither actor dominant,0.420331379497221,82
first_crossing_full,Militia dominant,0.742537948055702,82
first_crossing_full,Park dominant,-0.259785442531415,82
first_crossing_restricted,Neither actor dominant,0.34874919163004,82
first_crossing_restricted,Militia dominant,0.668073673602809,82
first_crossing_restricted,Park dominant,-0.188379846383538,82
persistence_corrected,Neither actor dominant,0.396427253718781,82
persistence_corrected,Militia dominant,0.71979495258206,82
persistence_corrected,Park dominant,-0.177385130986793,82
annual_presence,Neither actor dominant,-1.70371641717157,82
annual_presence,Militia dominant,-1.47032630565191,82
annual_presence,Park dominant,-1.18854414764771,82
first_crossing_full,Neither actor dominant,0.212285322388461,83
first_crossing_full,Militia dominant,0.120522130352185,83
first_crossing_full,Park dominant,-0.225304367707675,83
first_crossing_restricted,Neither actor dominant,0.161750825869987,83
first_crossing_restricted,Militia dominant,0.0660793737791751,83
first_crossing_restricted,Park dominant,-0.155425622202415,83
persistence_corrected,Neither actor dominant,0.294864405707151,83
persistence_corrected,Militia dominant,0.0203256692928843,83
persistence_corrected,Park dominant,-0.202929394763457,83
annual_presence,Neither actor dominant,-1.87624935911231,83
annual_presence,Militia dominant,-1.73448372384293,83
annual_presence,Park dominant,-1.59848542241896,83
first_crossing_full,Neither actor dominant,0.602807223981187,84
first_crossing_full,Militia dominant,0.28765885944339,84
first_crossing_full,Park dominant,0.0688215568406267,84
first_crossing_restricted,Neither actor dominant,0.540236761700491,84
first_crossing_restricted,Militia dominant,0.222003805161933,84
first_crossing_restricted,Park dominant,0.282389252172921,84
persistence_corrected,Neither actor dominant,0.60336645865252,84
persistence_corrected,Militia dominant,0.106130578992342,84
persistence_corrected,Park dominant,0.451860851742399,84
annual_presence,Neither actor dominant,-0.33071302056267,84
annual_presence,Militia dominant,-0.234127277489176,84
annual_presence,Park dominant,0.0399358075398445,84
first_crossing_full,Neither actor dominant,-0.157839234839916,85
first_crossing_full,Militia dominant,0.449270584353086,85
first_crossing_full,Park dominant,0.194874588231812,85
first_crossing_restricted,Neither actor dominant,-0.201601410726422,85
first_crossing_restricted,Militia dominant,0.399880790881516,85
first_crossing_restricted,Park dominant,0.407405431062442,85
persistence_corrected,Neither actor dominant,-0.14724262769073,85
persistence_corrected,Militia dominant,0.346505396850433,85
persistence_corrected,Park dominant,0.405959800929716,85
annual_presence,Neither actor dominant,-0.951132554503633,85
annual_presence,Militia dominant,-0.526996390544104,85
annual_presence,Park dominant,-0.109714874756196,85
first_crossing_full,Neither actor dominant,0.505250575172933,86
first_crossing_full,Militia dominant,0.413978716212671,86
first_crossing_full,Park dominant,-0.451361495537438,86
first_crossing_restricted,Neither actor dominant,0.44382826909279,86
first_crossing_restricted,Militia dominant,0.34755320830641,86
first_crossing_restricted,Park dominant,-0.447270596204355,86
persistence_corrected,Neither actor dominant,0.427921982169328,86
persistence_corrected,Militia dominant,0.306587618934429,86
persistence_corrected,Park dominant,-0.311334462957868,86
annual_presence,Neither actor dominant,-1.94218869441354,86
annual_presence,Militia dominant,-1.60339503833169,86
annual_presence,Park dominant,-1.35959842910421,86
first_crossing_full,Neither actor dominant,-0.0461540979263929,87
first_crossing_full,Militia dominant,0.0483669462377834,87
first_crossing_full,Park dominant,-0.637141258845593,87
first_crossing_restricted,Neither actor dominant,-0.128565246286305,87
first_crossing_restricted,Militia dominant,-0.0393965755245739,87
first_crossing_restricted,Park dominant,-0.389026507004204,87
persistence_corrected,Neither actor dominant,-0.152072121999458,87
persistence_corrected,Militia dominant,-0.0451778410771187,87
persistence_corrected,Park dominant,-0.358478682870516,87
annual_presence,Neither actor dominant,-0.534454787462782,87
annual_presence,Militia dominant,-0.429938671380045,87
annual_presence,Park dominant,-0.395557592837575,87
first_crossing_full,Neither actor dominant,0.404770306426815,88
first_crossing_full,Militia dominant,0.242660336656839,88
first_crossing_full,Park dominant,-0.299387808337877,88
first_crossing_restricted,Neither actor dominant,0.330875260933889,88
first_crossing_restricted,Militia dominant,0.159966290969927,88
first_crossing_restricted,Park dominant,-0.0378516462375059,88
persistence_corrected,Neither actor dominant,0.343054598947281,88
persistence_corrected,Militia dominant,0.211398026186174,88
persistence_corrected,Park dominant,-0.0754139400796495,88
annual_presence,Neither actor dominant,-0.59747098707663,88
annual_presence,Militia dominant,-0.259007225599971,88
annual_presence,Park dominant,0.0117830939214075,88
first_crossing_full,Neither actor dominant,0.953652169740399,89
first_crossing_full,Militia dominant,0.314533835424127,89
first_crossing_full,Park dominant,-0.0543599394507204,89
first_crossing_restricted,Neither actor dominant,0.896828327055022,89
first_crossing_restricted,Militia dominant,0.25368791797289,89
first_crossing_restricted,Park dominant,0.067627925069559,89
persistence_corrected,Neither actor dominant,0.974813468749577,89
persistence_corrected,Militia dominant,0.175562358366589,89
persistence_corrected,Park dominant,0.150969355061507,89
annual_presence,Neither actor dominant,-0.172411225283939,89
annual_presence,Militia dominant,-0.0137274359864955,89
annual_presence,Park dominant,0.24766934876915,89
first_crossing_full,Neither actor dominant,-0.315777298942808,90
first_crossing_full,Militia dominant,-0.144060070966129,90
first_crossing_full,Park dominant,-0.441412580664897,90
first_crossing_restricted,Neither actor dominant,-0.360361367002609,90
first_crossing_restricted,Militia dominant,-0.190932704980449,90
first_crossing_restricted,Park dominant,-0.406167775462778,90
persistence_corrected,Neither actor dominant,-0.348125919554034,90
persistence_corrected,Militia dominant,-0.228266706867769,90
persistence_corrected,Park dominant,-0.378184262607275,90
annual_presence,Neither actor dominant,-2.30240453058772,90
annual_presence,Militia dominant,-2.17980460999683,90
annual_presence,Park dominant,-2.08391100995231,90
first_crossing_full,Neither actor dominant,0.0832109865841813,91
first_crossing_full,Militia dominant,0.608864153815189,91
first_crossing_full,Park dominant,-0.19461210431796,91
first_crossing_restricted,Neither actor dominant,0.0135488547093851,91
first_crossing_restricted,Militia dominant,0.529176406800083,91
first_crossing_restricted,Park dominant,-0.00724284901349935,91
persistence_corrected,Neither actor dominant,0.0958705470459292,91
persistence_corrected,Militia dominant,0.579267655768321,91
persistence_corrected,Park dominant,-0.0793217328644102,91
annual_presence,Neither actor dominant,-1.0009716484451,91
annual_presence,Militia dominant,-0.479156746314301,91
annual_presence,Park dominant,-0.119090777189152,91
first_crossing_full,Neither actor dominant,0.436175068637096,92
first_crossing_full,Militia dominant,0.272448595902979,92
first_crossing_full,Park dominant,-0.268317292787894,92
first_crossing_restricted,Neither actor dominant,0.382119929830674,92
first_crossing_restricted,Militia dominant,0.214839159963502,92
first_crossing_restricted,Park dominant,-0.225189588058712,92
persistence_corrected,Neither actor dominant,0.439237749304725,92
persistence_corrected,Militia dominant,0.243567331286322,92
persistence_corrected,Park dominant,-0.266539714950942,92
annual_presence,Neither actor dominant,-0.819791817700852,92
annual_presence,Militia dominant,-0.613392776688037,92
annual_presence,Park dominant,-0.34990926381022,92
first_crossing_full,Neither actor dominant,0.576695107217316,93
first_crossing_full,Militia dominant,0.517010199688154,93
first_crossing_full,Park dominant,-0.271089214601543,93
first_crossing_restricted,Neither actor dominant,0.488308272223828,93
first_crossing_restricted,Militia dominant,0.423241705305061,93
first_crossing_restricted,Park dominant,-0.00059414213034481,93
persistence_corrected,Neither actor dominant,0.51009791403018,93
persistence_corrected,Militia dominant,0.442737601285452,93
persistence_corrected,Park dominant,-0.078182551507776,93
annual_presence,Neither actor dominant,0.0719989466633078,93
annual_presence,Militia dominant,0.183621801644808,93
annual_presence,Park dominant,0.180617663857958,93
first_crossing_full,Neither actor dominant,0.148205461008127,94
first_crossing_full,Militia dominant,-0.0641235887883153,94
first_crossing_full,Park dominant,-0.215967954453293,94
first_crossing_restricted,Neither actor dominant,0.123131141599793,94
first_crossing_restricted,Militia dominant,-0.0902697945665856,94
first_crossing_restricted,Park dominant,-0.206991643904124,94
persistence_corrected,Neither actor dominant,0.171106240091579,94
persistence_corrected,Militia dominant,-0.137323253250052,94
persistence_corrected,Park dominant,-0.180069214921708,94
annual_presence,Neither actor dominant,-0.935804703593558,94
annual_presence,Militia dominant,-0.761984639626448,94
annual_presence,Park dominant,-0.457673959336794,94
first_crossing_full,Neither actor dominant,0.222171927158022,95
first_crossing_full,Militia dominant,0.11627906191487,95
first_crossing_full,Park dominant,-0.316697517422136,95
first_crossing_restricted,Neither actor dominant,0.168871704522531,95
first_crossing_restricted,Militia dominant,0.0591837236610394,95
first_crossing_restricted,Park dominant,-0.240852281054836,95
persistence_corrected,Neither actor dominant,0.22048660947676,95
persistence_corrected,Militia dominant,-0.0224547177209907,95
persistence_corrected,Park dominant,-0.173786435360246,95
annual_presence,Neither actor dominant,-1.26517781443058,95
annual_presence,Militia dominant,-1.17583458306661,95
annual_presence,Park dominant,-1.18297940556868,95
first_crossing_full,Neither actor dominant,0.605168630422793,96
first_crossing_full,Militia dominant,0.429969838558043,96
first_crossing_full,Park dominant,-0.516833688231624,96
first_crossing_restricted,Neither actor dominant,0.511039803189889,96
first_crossing_restricted,Militia dominant,0.330292547644664,96
first_crossing_restricted,Park dominant,-0.383491725859227,96
persistence_corrected,Neither actor dominant,0.518236428555768,96
persistence_corrected,Militia dominant,0.257277503721434,96
persistence_corrected,Park dominant,-0.335208294326908,96
annual_presence,Neither actor dominant,-1.6282752950267,96
annual_presence,Militia dominant,-1.49157388602838,96
annual_presence,Park dominant,-1.39110857723942,96
first_crossing_full,Neither actor dominant,-0.0805728431607993,97
first_crossing_full,Militia dominant,0.283228115813128,97
first_crossing_full,Park dominant,-0.209755036794442,97
first_crossing_restricted,Neither actor dominant,-0.134853303272272,97
first_crossing_restricted,Militia dominant,0.225396032491501,97
first_crossing_restricted,Park dominant,-0.0855431849906108,97
persistence_corrected,Neither actor dominant,-0.108742708480304,97
persistence_corrected,Militia dominant,0.237540727293668,97
persistence_corrected,Park dominant,-0.137365980657007,97
annual_presence,Neither actor dominant,-1.90645071940277,97
annual_presence,Militia dominant,-1.56323109338745,97
annual_presence,Park dominant,-1.24422487304907,97
first_crossing_full,Neither actor dominant,0.181997384372483,98
first_crossing_full,Militia dominant,0.51540857496493,98
first_crossing_full,Park dominant,-0.0696837405772544,98
first_crossing_restricted,Neither actor dominant,0.127206453854893,98
first_crossing_restricted,Militia dominant,0.457596846307494,98
first_crossing_restricted,Park dominant,0.123948498011422,98
persistence_corrected,Neither actor dominant,0.158167238835468,98
persistence_corrected,Militia dominant,0.424697995268759,98
persistence_corrected,Park dominant,0.178481204228598,98
annual_presence,Neither actor dominant,-0.489284994495098,98
annual_presence,Militia dominant,-0.147117173977993,98
annual_presence,Park dominant,0.13318122053858,98
first_crossing_full,Neither actor dominant,0.634031722156005,99
first_crossing_full,Militia dominant,0.448271827662432,99
first_crossing_full,Park dominant,-0.297390345243215,99
first_crossing_restricted,Neither actor dominant,0.590216914027073,99
first_crossing_restricted,Militia dominant,0.400975787261113,99
first_crossing_restricted,Park dominant,-0.291205492195721,99
persistence_corrected,Neither actor dominant,0.577845404712635,99
persistence_corrected,Militia dominant,0.394244564724628,99
persistence_corrected,Park dominant,-0.260127793496985,99
annual_presence,Neither actor dominant,0.149120844624711,99
annual_presence,Militia dominant,0.259210320504492,99
annual_presence,Park dominant,0.253159925653201,99
first_crossing_full,Neither actor dominant,0.564623368071274,100
first_crossing_full,Militia dominant,0.743283426672527,100
first_crossing_full,Park dominant,-0.473450776969253,100
first_crossing_restricted,Neither actor dominant,0.524710093245481,100
first_crossing_restricted,Militia dominant,0.699418849763496,100
first_crossing_restricted,Park dominant,-0.595189111419718,100
persistence_corrected,Neither actor dominant,0.581554834898714,100
persistence_corrected,Militia dominant,0.716648800900724,100
persistence_corrected,Park dominant,-0.611956374324074,100
annual_presence,Neither actor dominant,-0.231884759767486,100
annual_presence,Militia dominant,-0.0403930782838169,100
annual_presence,Park dominant,0.0197979153245162,100
first_crossing_full,Neither actor dominant,0.203643924796473,101
first_crossing_full,Militia dominant,0.564526334917337,101
first_crossing_full,Park dominant,-0.383902498446557,101
first_crossing_restricted,Neither actor dominant,0.122976067980603,101
first_crossing_restricted,Militia dominant,0.476521431006165,101
first_crossing_restricted,Park dominant,-0.165573898073862,101
persistence_corrected,Neither actor dominant,0.141345277851142,101
persistence_corrected,Militia dominant,0.527074861301381,101
persistence_corrected,Park dominant,-0.160678457652427,101
annual_presence,Neither actor dominant,-0.874755535336502,101
annual_presence,Militia dominant,-0.448487461556309,101
annual_presence,Park dominant,-0.0777513105906858,101
first_crossing_full,Neither actor dominant,-0.22985456978124,102
first_crossing_full,Militia dominant,0.263478076795498,102
first_crossing_full,Park dominant,-0.191609318703813,102
first_crossing_restricted,Neither actor dominant,-0.264530867144045,102
first_crossing_restricted,Militia dominant,0.22546528406588,102
first_crossing_restricted,Park dominant,-0.164503020537377,102
persistence_corrected,Neither actor dominant,-0.203010825318842,102
persistence_corrected,Militia dominant,0.187371745133762,102
persistence_corrected,Park dominant,-0.193301031750622,102
annual_presence,Neither actor dominant,-1.69375674559258,102
annual_presence,Militia dominant,-1.57800779191171,102
annual_presence,Park dominant,-1.54431267230919,102
first_crossing_full,Neither actor dominant,0.388608570124005,103
first_crossing_full,Militia dominant,0.325055842717956,103
first_crossing_full,Park dominant,-0.544006864340831,103
first_crossing_restricted,Neither actor dominant,0.31907270616213,103
first_crossing_restricted,Militia dominant,0.243882894161739,103
first_crossing_restricted,Park dominant,-0.429512478863798,103
persistence_corrected,Neither actor dominant,0.292770392526319,103
persistence_corrected,Militia dominant,0.198262881560832,103
persistence_corrected,Park dominant,-0.268073263475618,103
annual_presence,Neither actor dominant,-1.33848093590756,103
annual_presence,Militia dominant,-1.14012057017668,103
annual_presence,Park dominant,-1.07352782966184,103
first_crossing_full,Neither actor dominant,-0.0515974790396338,104
first_crossing_full,Militia dominant,0.357976180914124,104
first_crossing_full,Park dominant,0.0351682317221704,104
first_crossing_restricted,Neither actor dominant,-0.0655859333967303,104
first_crossing_restricted,Militia dominant,0.342981683115033,104
first_crossing_restricted,Park dominant,0.0299383307963962,104
persistence_corrected,Neither actor dominant,0.0380016053121938,104
persistence_corrected,Militia dominant,0.30994081595837,104
persistence_corrected,Park dominant,0.0214397560478024,104
annual_presence,Neither actor dominant,-1.11752058728568,104
annual_presence,Militia dominant,-0.60448607492655,104
annual_presence,Park dominant,-0.191432035175307,104
first_crossing_full,Neither actor dominant,0.180874745010774,105
first_crossing_full,Militia dominant,0.0061311006037575,105
first_crossing_full,Park dominant,-0.232789571232239,105
first_crossing_restricted,Neither actor dominant,0.131194439780798,105
first_crossing_restricted,Militia dominant,-0.0492278614987828,105
first_crossing_restricted,Park dominant,-0.141203301137129,105
persistence_corrected,Neither actor dominant,0.164748173351401,105
persistence_corrected,Militia dominant,-0.0465550973191381,105
persistence_corrected,Park dominant,-0.151482151745251,105
annual_presence,Neither actor dominant,-1.30108928235815,105
annual_presence,Militia dominant,-1.21115543744389,105
annual_presence,Park dominant,-1.19096616972649,105
first_crossing_full,Neither actor dominant,0.359474731144762,106
first_crossing_full,Militia dominant,0.537881101904758,106
first_crossing_full,Park dominant,-0.322319780770603,106
first_crossing_restricted,Neither actor dominant,0.284917983014355,106
first_crossing_restricted,Militia dominant,0.456615251496383,106
first_crossing_restricted,Park dominant,-0.195246817361119,106
persistence_corrected,Neither actor dominant,0.368341304204735,106
persistence_corrected,Militia dominant,0.461505177263367,106
persistence_corrected,Park dominant,-0.189369477029336,106
annual_presence,Neither actor dominant,-1.55294078081421,106
annual_presence,Militia dominant,-1.23929625053858,106
annual_presence,Park dominant,-1.06616032462042,106
first_crossing_full,Neither actor dominant,-0.427801579271966,107
first_crossing_full,Militia dominant,-0.797151968839906,107
first_crossing_full,Park dominant,-0.876485081094637,107
first_crossing_restricted,Neither actor dominant,-0.471133838390115,107
first_crossing_restricted,Militia dominant,-0.845303813757702,107
first_crossing_restricted,Park dominant,-0.828308998566658,107
persistence_corrected,Neither actor dominant,-0.452676250419071,107
persistence_corrected,Militia dominant,-0.914606817951276,107
persistence_corrected,Park dominant,-0.732285401624068,107
annual_presence,Neither actor dominant,-3.02503467983597,107
annual_presence,Militia dominant,-2.7198725978268,107
annual_presence,Park dominant,-2.51882068999552,107
first_crossing_full,Neither actor dominant,0.360503959005757,108
first_crossing_full,Militia dominant,0.563862261831622,108
first_crossing_full,Park dominant,-0.0989659716148508,108
first_crossing_restricted,Neither actor dominant,0.328977241052602,108
first_crossing_restricted,Militia dominant,0.529673037847122,108
first_crossing_restricted,Park dominant,-0.105041600785063,108
persistence_corrected,Neither actor dominant,0.346394372409123,108
persistence_corrected,Militia dominant,0.522800172953277,108
persistence_corrected,Park dominant,-0.0428876343476696,108
annual_presence,Neither actor dominant,-0.819755561578319,108
annual_presence,Militia dominant,-0.339565964778495,108
annual_presence,Park dominant,0.0420931214278772,108
first_crossing_full,Neither actor dominant,0.358970876337282,109
first_crossing_full,Militia dominant,0.0971761062672514,109
first_crossing_full,Park dominant,-0.365077154962683,109
first_crossing_restricted,Neither actor dominant,0.302547982161076,109
first_crossing_restricted,Militia dominant,0.0380134957155559,109
first_crossing_restricted,Park dominant,-0.218261952080741,109
persistence_corrected,Neither actor dominant,0.325845438095403,109
persistence_corrected,Militia dominant,0.04691334704458,109
persistence_corrected,Park dominant,-0.251191972409032,109
annual_presence,Neither actor dominant,-0.52722485718046,109
annual_presence,Militia dominant,-0.361571345437686,109
annual_presence,Park dominant,-0.134198355117588,109
first_crossing_full,Neither actor dominant,0.0891578011515182,110
first_crossing_full,Militia dominant,-0.455289628099117,110
first_crossing_full,Park dominant,-0.553098256690947,110
first_crossing_restricted,Neither actor dominant,0.0916494619117293,110
first_crossing_restricted,Militia dominant,-0.452441839649267,110
first_crossing_restricted,Park dominant,-0.721523742416374,110
persistence_corrected,Neither actor dominant,0.144325365979326,110
persistence_corrected,Militia dominant,-0.532228475165604,110
persistence_corrected,Park dominant,-0.653707722733475,110
annual_presence,Neither actor dominant,-0.731779580239139,110
annual_presence,Militia dominant,-0.692060488156391,110
annual_presence,Park dominant,-0.667791967561339,110
first_crossing_full,Neither actor dominant,0.383079200381505,111
first_crossing_full,Militia dominant,0.178992594302512,111
first_crossing_full,Park dominant,-0.270059883334705,111
first_crossing_restricted,Neither actor dominant,0.351150128762963,111
first_crossing_restricted,Militia dominant,0.144309755555374,111
first_crossing_restricted,Park dominant,-0.316619521127132,111
persistence_corrected,Neither actor dominant,0.346296063476694,111
persistence_corrected,Militia dominant,0.107581291379395,111
persistence_corrected,Park dominant,-0.255841083196212,111
annual_presence,Neither actor dominant,-1.52908314421219,111
annual_presence,Militia dominant,-1.29321013971703,111
annual_presence,Park dominant,-1.12736204609695,111
first_crossing_full,Neither actor dominant,0.34813369500207,112
first_crossing_full,Militia dominant,0.297927539096479,112
first_crossing_full,Park dominant,-0.249457618477657,112
first_crossing_restricted,Neither actor dominant,0.27941247976242,112
first_crossing_restricted,Militia dominant,0.224689526345106,112
first_crossing_restricted,Park dominant,-0.116341083956632,112
persistence_corrected,Neither actor dominant,0.331317097960589,112
persistence_corrected,Militia dominant,0.148420210631716,112
persistence_corrected,Park dominant,-0.0430733561327846,112
annual_presence,Neither actor dominant,-1.3558467775401,112
annual_presence,Militia dominant,-1.20206265459963,112
annual_presence,Park dominant,-1.07853900594522,112
first_crossing_full,Neither actor dominant,0.231802374859303,113
first_crossing_full,Militia dominant,0.143808551955844,113
first_crossing_full,Park dominant,-0.401217418603051,113
first_crossing_restricted,Neither actor dominant,0.196321765258647,113
first_crossing_restricted,Militia dominant,0.104481560535337,113
first_crossing_restricted,Park dominant,-0.433084280441815,113
persistence_corrected,Neither actor dominant,0.19390476580131,113
persistence_corrected,Militia dominant,0.152484336398198,113
persistence_corrected,Park dominant,-0.451321299718297,113
annual_presence,Neither actor dominant,-1.09458825805341,113
annual_presence,Militia dominant,-0.749061520978717,113
annual_presence,Park dominant,-0.432829723729703,113
first_crossing_full,Neither actor dominant,0.806303310787875,114
first_crossing_full,Militia dominant,0.431907847579662,114
first_crossing_full,Park dominant,-0.547215034426327,114
first_crossing_restricted,Neither actor dominant,0.738134030814303,114
first_crossing_restricted,Militia dominant,0.35351559589168,114
first_crossing_restricted,Park dominant,-0.524424146439373,114
persistence_corrected,Neither actor dominant,0.774491137263226,114
persistence_corrected,Militia dominant,0.341912450194194,114
persistence_corrected,Park dominant,-0.569639097292448,114
annual_presence,Neither actor dominant,-0.401789572454652,114
annual_presence,Militia dominant,-0.219008345199293,114
annual_presence,Park dominant,-0.171335780420802,114
first_crossing_full,Neither actor dominant,0.38021962762722,115
first_crossing_full,Militia dominant,0.175206128777289,115
first_crossing_full,Park dominant,-0.263229059919493,115
first_crossing_restricted,Neither actor dominant,0.295642312223076,115
first_crossing_restricted,Militia dominant,0.0834672356022462,115
first_crossing_restricted,Park dominant,-0.0887212097690235,115
persistence_corrected,Neither actor dominant,0.440468633588081,115
persistence_corrected,Militia dominant,0.114071876098225,115
persistence_corrected,Park dominant,-0.210988844540574,115
annual_presence,Neither actor dominant,-2.07557062118583,115
annual_presence,Militia dominant,-1.85785182160841,115
annual_presence,Park dominant,-1.62764592594815,115
first_crossing_full,Neither actor dominant,0.645817244158912,116
first_crossing_full,Militia dominant,0.078960220861758,116
first_crossing_full,Park dominant,-0.0532552563780138,116
first_crossing_restricted,Neither actor dominant,0.588059658287035,116
first_crossing_restricted,Militia dominant,0.0190520458205168,116
first_crossing_restricted,Park dominant,0.106862955916288,116
persistence_corrected,Neither actor dominant,0.644183527895266,116
persistence_corrected,Militia dominant,-0.0474858834998047,116
persistence_corrected,Park dominant,0.148338853581073,116
annual_presence,Neither actor dominant,-0.389456733222993,116
annual_presence,Militia dominant,-0.26286765235266,116
annual_presence,Park dominant,-0.0174184190412363,116
first_crossing_full,Neither actor dominant,0.173588080048288,117
first_crossing_full,Militia dominant,0.159766034225314,117
first_crossing_full,Park dominant,-0.478010353047419,117
first_crossing_restricted,Neither actor dominant,0.113232073559291,117
first_crossing_restricted,Militia dominant,0.0956354786698621,117
first_crossing_restricted,Park dominant,-0.432662742218775,117
persistence_corrected,Neither actor dominant,0.0905163843562919,117
persistence_corrected,Militia dominant,0.0825784627480734,117
persistence_corrected,Park dominant,-0.342422168753577,117
annual_presence,Neither actor dominant,-1.70552826797728,117
annual_presence,Militia dominant,-1.54508930280997,117
annual_presence,Park dominant,-1.46155071531049,117
first_crossing_full,Neither actor dominant,0.218982564351946,118
first_crossing_full,Militia dominant,0.538130090225292,118
first_crossing_full,Park dominant,0.145349447652529,118
first_crossing_restricted,Neither actor dominant,0.178286481154521,118
first_crossing_restricted,Militia dominant,0.4947972978645,118
first_crossing_restricted,Park dominant,0.320605470668872,118
persistence_corrected,Neither actor dominant,0.231703892953859,118
persistence_corrected,Militia dominant,0.504800444031132,118
persistence_corrected,Park dominant,0.291971870955397,118
annual_presence,Neither actor dominant,-0.131516470232279,118
annual_presence,Militia dominant,0.0504554147292877,118
annual_presence,Park dominant,0.267712423932536,118
first_crossing_full,Neither actor dominant,0.212147621250802,119
first_crossing_full,Militia dominant,0.103074765451619,119
first_crossing_full,Park dominant,-0.482198529704179,119
first_crossing_restricted,Neither actor dominant,0.142551775124139,119
first_crossing_restricted,Militia dominant,0.0278399278408904,119
first_crossing_restricted,Park dominant,-0.355675112848924,119
persistence_corrected,Neither actor dominant,0.191770424602598,119
persistence_corrected,Militia dominant,0.0498928257107293,119
persistence_corrected,Park dominant,-0.411678932345089,119
annual_presence,Neither actor dominant,-1.88946929327154,119
annual_presence,Militia dominant,-1.55711931165564,119
annual_presence,Park dominant,-1.31539852638173,119
first_crossing_full,Neither actor dominant,0.0157870116154624,120
first_crossing_full,Militia dominant,0.458982192086814,120
first_crossing_full,Park dominant,-0.543326167143517,120
first_crossing_restricted,Neither actor dominant,-0.0420049286153942,120
first_crossing_restricted,Militia dominant,0.393430640701902,120
first_crossing_restricted,Park dominant,-0.505923874750102,120
persistence_corrected,Neither actor dominant,-0.0483818207572482,120
persistence_corrected,Militia dominant,0.407358287140318,120
persistence_corrected,Park dominant,-0.351763463752551,120
annual_presence,Neither actor dominant,-1.67456127525933,120
annual_presence,Militia dominant,-1.37717966006565,120
annual_presence,Park dominant,-1.12885294643579,120
first_crossing_full,Neither actor dominant,0.257968185806486,121
first_crossing_full,Militia dominant,0.190515136493293,121
first_crossing_full,Park dominant,-0.524761415402115,121
first_crossing_restricted,Neither actor dominant,0.150534403849832,121
first_crossing_restricted,Militia dominant,0.0739995008838914,121
first_crossing_restricted,Park dominant,-0.259667024706636,121
persistence_corrected,Neither actor dominant,0.121182697141552,121
persistence_corrected,Militia dominant,0.0267126388963711,121
persistence_corrected,Park dominant,-0.225066715309459,121
annual_presence,Neither actor dominant,-1.59045524605264,121
annual_presence,Militia dominant,-1.47711735521513,121
annual_presence,Park dominant,-1.46294631802737,121
first_crossing_full,Neither actor dominant,0.468579121365242,122
first_crossing_full,Militia dominant,0.238322283555525,122
first_crossing_full,Park dominant,-0.341721498330269,122
first_crossing_restricted,Neither actor dominant,0.416918426943926,122
first_crossing_restricted,Militia dominant,0.182822137347002,122
first_crossing_restricted,Park dominant,-0.338371784459291,122
persistence_corrected,Neither actor dominant,0.46384795260539,122
persistence_corrected,Militia dominant,0.131973923678785,122
persistence_corrected,Park dominant,-0.265051102211909,122
annual_presence,Neither actor dominant,-1.72816847384235,122
annual_presence,Militia dominant,-1.57311181908711,122
annual_presence,Park dominant,-1.44249738834107,122
first_crossing_full,Neither actor dominant,0.508008417725908,123
first_crossing_full,Militia dominant,0.290238309265043,123
first_crossing_full,Park dominant,-0.3406499240226,123
first_crossing_restricted,Neither actor dominant,0.405750128329549,123
first_crossing_restricted,Militia dominant,0.180985302562259,123
first_crossing_restricted,Park dominant,-0.0783636335885048,123
persistence_corrected,Neither actor dominant,0.400597004093767,123
persistence_corrected,Militia dominant,0.13192383859093,123
persistence_corrected,Park dominant,-0.0136582124311986,123
annual_presence,Neither actor dominant,-1.36181366881691,123
annual_presence,Militia dominant,-1.1678157261373,123
annual_presence,Park dominant,-1.00174248656917,123
first_crossing_full,Neither actor dominant,0.155415518677644,124
first_crossing_full,Militia dominant,0.148093638414758,124
first_crossing_full,Park dominant,-0.13661338253975,124
first_crossing_restricted,Neither actor dominant,0.0939754310917542,124
first_crossing_restricted,Militia dominant,0.0813588991160241,124
first_crossing_restricted,Park dominant,0.054957243249297,124
persistence_corrected,Neither actor dominant,0.168860865845159,124
persistence_corrected,Militia dominant,0.00998863115179654,124
persistence_corrected,Park dominant,-0.0266328951010261,124
annual_presence,Neither actor dominant,-1.65930107002509,124
annual_presence,Militia dominant,-1.47581059037459,124
annual_presence,Park dominant,-1.3060149883999,124
first_crossing_full,Neither actor dominant,-0.0794338587052588,125
first_crossing_full,Militia dominant,-0.133253235387783,125
first_crossing_full,Park dominant,0.0174939846256405,125
first_crossing_restricted,Neither actor dominant,-0.0657303017086789,125
first_crossing_restricted,Militia dominant,-0.118578032529036,125
first_crossing_restricted,Park dominant,-0.0591917110814205,125
persistence_corrected,Neither actor dominant,-0.000270267151585971,125
persistence_corrected,Militia dominant,-0.129507962271058,125
persistence_corrected,Park dominant,-0.128440066297179,125
annual_presence,Neither actor dominant,-0.495441010130096,125
annual_presence,Militia dominant,-0.392139683990545,125
annual_presence,Park dominant,-0.262990605437739,125
first_crossing_full,Neither actor dominant,-0.00578004506143126,126
first_crossing_full,Militia dominant,0.268740076395,126
first_crossing_full,Park dominant,-0.321875890867813,126
first_crossing_restricted,Neither actor dominant,-0.0453503455442046,126
first_crossing_restricted,Militia dominant,0.227142242600876,126
first_crossing_restricted,Park dominant,-0.319678046997562,126
persistence_corrected,Neither actor dominant,-0.0537028481303626,126
persistence_corrected,Militia dominant,0.203558304438126,126
persistence_corrected,Park dominant,-0.29094767294612,126
annual_presence,Neither actor dominant,-1.69618607270697,126
annual_presence,Militia dominant,-1.45334549540751,126
annual_presence,Park dominant,-1.22074964594996,126
first_crossing_full,Neither actor dominant,0.652965149496566,127
first_crossing_full,Militia dominant,0.346363796040596,127
first_crossing_full,Park dominant,-0.441403729082435,127
first_crossing_restricted,Neither actor dominant,0.563643994140482,127
first_crossing_restricted,Militia dominant,0.246691294821716,127
first_crossing_restricted,Park dominant,-0.298821319156497,127
persistence_corrected,Neither actor dominant,0.592683214431826,127
persistence_corrected,Militia dominant,0.291900212430063,127
persistence_corrected,Park dominant,-0.335737188315373,127
annual_presence,Neither actor dominant,-1.61632717269923,127
annual_presence,Militia dominant,-1.44546236365289,127
annual_presence,Park dominant,-1.32817609200012,127
first_crossing_full,Neither actor dominant,0.288122276657097,128
first_crossing_full,Militia dominant,0.0556565433544386,128
first_crossing_full,Park dominant,-0.82919629501826,128
first_crossing_restricted,Neither actor dominant,0.192545403005534,128
first_crossing_restricted,Militia dominant,-0.0457261157832489,128
first_crossing_restricted,Park dominant,-0.705906431301449,128
persistence_corrected,Neither actor dominant,0.240052004219931,128
persistence_corrected,Militia dominant,-0.0548189881830786,128
persistence_corrected,Park dominant,-0.732686286371828,128
annual_presence,Neither actor dominant,-2.28613009810302,128
annual_presence,Militia dominant,-2.11582997583994,128
annual_presence,Park dominant,-1.97090340061869,128
first_crossing_full,Neither actor dominant,0.159517453799921,129
first_crossing_full,Militia dominant,0.500268929186901,129
first_crossing_full,Park dominant,0.0259946843243851,129
first_crossing_restricted,Neither actor dominant,0.0883452725551204,129
first_crossing_restricted,Militia dominant,0.425353730736019,129
first_crossing_restricted,Park dominant,0.242878099122268,129
persistence_corrected,Neither actor dominant,0.127425721379304,129
persistence_corrected,Militia dominant,0.444787359395722,129
persistence_corrected,Park dominant,0.228141415530553,129
annual_presence,Neither actor dominant,-0.916474975101788,129
annual_presence,Militia dominant,-0.473046194574534,129
annual_presence,Park dominant,-0.109191120456407,129
first_crossing_full,Neither actor dominant,0.765671080261389,130
first_crossing_full,Militia dominant,0.302104788591376,130
first_crossing_full,Park dominant,-0.308075012559313,130
first_crossing_restricted,Neither actor dominant,0.710679350596653,130
first_crossing_restricted,Militia dominant,0.240780203596272,130
first_crossing_restricted,Park dominant,-0.274657876494473,130
persistence_corrected,Neither actor dominant,0.820575070765544,130
persistence_corrected,Militia dominant,0.197658218241703,130
persistence_corrected,Park dominant,-0.314511380747586,130
annual_presence,Neither actor dominant,-0.55019461862592,130
annual_presence,Militia dominant,-0.367933210033908,130
annual_presence,Park dominant,-0.189399939585531,130
first_crossing_full,Neither actor dominant,0.52237757096896,131
first_crossing_full,Militia dominant,0.50885560163454,131
first_crossing_full,Park dominant,0.0969501949453704,131
first_crossing_restricted,Neither actor dominant,0.46563040496027,131
first_crossing_restricted,Militia dominant,0.449026860234513,131
first_crossing_restricted,Park dominant,0.260565027743777,131
persistence_corrected,Neither actor dominant,0.538756695248061,131
persistence_corrected,Militia dominant,0.373914591553824,131
persistence_corrected,Park dominant,0.343880184623109,131
annual_presence,Neither actor dominant,-0.436037015665351,131
annual_presence,Militia dominant,-0.24908654087359,131
annual_presence,Park dominant,0.094034320289632,131
first_crossing_full,Neither actor dominant,0.240634668285904,132
first_crossing_full,Militia dominant,-0.139097452295671,132
first_crossing_full,Park dominant,-0.341326376180288,132
first_crossing_restricted,Neither actor dominant,0.208152800441227,132
first_crossing_restricted,Militia dominant,-0.176631406251261,132
first_crossing_restricted,Park dominant,-0.291918639079158,132
persistence_corrected,Neither actor dominant,0.34424180988223,132
persistence_corrected,Militia dominant,-0.189114815593323,132
persistence_corrected,Park dominant,-0.413476839027882,132
annual_presence,Neither actor dominant,-0.655885108902938,132
annual_presence,Militia dominant,-0.529886249629995,132
annual_presence,Park dominant,-0.433724139419916,132
first_crossing_full,Neither actor dominant,0.297214312178191,133
first_crossing_full,Militia dominant,0.0989234586179282,133
first_crossing_full,Park dominant,-0.327798692461979,133
first_crossing_restricted,Neither actor dominant,0.23326935565739,133
first_crossing_restricted,Militia dominant,0.0308350106908304,133
first_crossing_restricted,Park dominant,-0.178127976580369,133
persistence_corrected,Neither actor dominant,0.232204204723605,133
persistence_corrected,Militia dominant,0.0437533904537932,133
persistence_corrected,Park dominant,-0.156161460331886,133
annual_presence,Neither actor dominant,-0.676803348960089,133
annual_presence,Militia dominant,-0.488818911075022,133
annual_presence,Park dominant,-0.27720838609474,133
first_crossing_full,Neither actor dominant,0.248449908127446,134
first_crossing_full,Militia dominant,0.271376880271231,134
first_crossing_full,Park dominant,-0.332966560451703,134
first_crossing_restricted,Neither actor dominant,0.19439031063731,134
first_crossing_restricted,Militia dominant,0.213042197548156,134
first_crossing_restricted,Park dominant,-0.270676775321177,134
persistence_corrected,Neither actor dominant,0.225196427456758,134
persistence_corrected,Militia dominant,0.178259438280733,134
persistence_corrected,Park dominant,-0.312203092087501,134
annual_presence,Neither actor dominant,-1.23597435976044,134
annual_presence,Militia dominant,-1.14251006404089,134
annual_presence,Park dominant,-1.13659745026846,134
first_crossing_full,Neither actor dominant,0.233941573465569,135
first_crossing_full,Militia dominant,0.0611653000013496,135
first_crossing_full,Park dominant,-0.532137066862305,135
first_crossing_restricted,Neither actor dominant,0.163610426875938,135
first_crossing_restricted,Militia dominant,-0.012169318638419,135
first_crossing_restricted,Park dominant,-0.37114642715997,135
persistence_corrected,Neither actor dominant,0.19732198086655,135
persistence_corrected,Militia dominant,-0.0124720517025683,135
persistence_corrected,Park dominant,-0.378470333866061,135
annual_presence,Neither actor dominant,-0.398809010923857,135
annual_presence,Militia dominant,-0.320028843587083,135
annual_presence,Park dominant,-0.225655235885688,135
first_crossing_full,Neither actor dominant,0.147527611270993,136
first_crossing_full,Militia dominant,0.228257147458073,136
first_crossing_full,Park dominant,-0.376485004023334,136
first_crossing_restricted,Neither actor dominant,0.0869638773077184,136
first_crossing_restricted,Militia dominant,0.162741320156831,136
first_crossing_restricted,Park dominant,-0.301640519934037,136
persistence_corrected,Neither actor dominant,0.186704110416721,136
persistence_corrected,Militia dominant,0.173241399666295,136
persistence_corrected,Park dominant,-0.36398723881369,136
annual_presence,Neither actor dominant,-2.07006114491615,136
annual_presence,Militia dominant,-1.81828962255283,136
annual_presence,Park dominant,-1.57975563696703,136
first_crossing_full,Neither actor dominant,0.344262466475254,137
first_crossing_full,Militia dominant,0.344478843000926,137
first_crossing_full,Park dominant,-0.214096148414912,137
first_crossing_restricted,Neither actor dominant,0.283196279113054,137
first_crossing_restricted,Militia dominant,0.276586121421079,137
first_crossing_restricted,Park dominant,-0.104150141313549,137
persistence_corrected,Neither actor dominant,0.369844116956797,137
persistence_corrected,Militia dominant,0.263378375365361,137
persistence_corrected,Park dominant,-0.117754502914104,137
annual_presence,Neither actor dominant,-1.48799879998862,137
annual_presence,Militia dominant,-1.2412701475509,137
annual_presence,Park dominant,-1.1117495789001,137
first_crossing_full,Neither actor dominant,0.277946391633962,138
first_crossing_full,Militia dominant,0.421940935955925,138
first_crossing_full,Park dominant,-0.512589458400139,138
first_crossing_restricted,Neither actor dominant,0.208228560919594,138
first_crossing_restricted,Militia dominant,0.347693253192364,138
first_crossing_restricted,Park dominant,-0.362906005798627,138
persistence_corrected,Neither actor dominant,0.174265345633024,138
persistence_corrected,Militia dominant,0.351051307298089,138
persistence_corrected,Park dominant,-0.315566294429474,138
annual_presence,Neither actor dominant,-0.358118480593474,138
annual_presence,Militia dominant,-0.117433157406378,138
annual_presence,Park dominant,0.0221697872517267,138
first_crossing_full,Neither actor dominant,0.325657688350609,139
first_crossing_full,Militia dominant,-0.0767559983487157,139
first_crossing_full,Park dominant,-0.761479595618334,139
first_crossing_restricted,Neither actor dominant,0.250263823249373,139
first_crossing_restricted,Militia dominant,-0.156318490526674,139
first_crossing_restricted,Park dominant,-0.68060100421503,139
persistence_corrected,Neither actor dominant,0.248386024816374,139
persistence_corrected,Militia dominant,-0.129844204533791,139
persistence_corrected,Park dominant,-0.704623723144202,139
annual_presence,Neither actor dominant,-1.79421905889398,139
annual_presence,Militia dominant,-1.62132198580697,139
annual_presence,Park dominant,-1.43441835297322,139
first_crossing_full,Neither actor dominant,0.717337835700751,140
first_crossing_full,Militia dominant,0.496190362845861,140
first_crossing_full,Park dominant,-0.162099547157064,140
first_crossing_restricted,Neither actor dominant,0.637710373357155,140
first_crossing_restricted,Militia dominant,0.409719662163223,140
first_crossing_restricted,Park dominant,-0.0588240496342117,140
persistence_corrected,Neither actor dominant,0.696454393895381,140
persistence_corrected,Militia dominant,0.298064268384036,140
persistence_corrected,Park dominant,0.0909616888442424,140
annual_presence,Neither actor dominant,-1.60998784119213,140
annual_presence,Militia dominant,-1.46224700296326,140
annual_presence,Park dominant,-1.25032967117354,140
first_crossing_full,Neither actor dominant,0.172765261394135,141
first_crossing_full,Militia dominant,0.358426230968245,141
first_crossing_full,Park dominant,-0.234239621213944,141
first_crossing_restricted,Neither actor dominant,0.120177305334604,141
first_crossing_restricted,Militia dominant,0.30263998517692,141
first_crossing_restricted,Park dominant,-0.142498758896411,141
persistence_corrected,Neither actor dominant,0.11479272733529,141
persistence_corrected,Militia dominant,0.28770049799743,141
persistence_corrected,Park dominant,-0.114370452775331,141
annual_presence,Neither actor dominant,-1.47601442719593,141
annual_presence,Militia dominant,-1.29767648594286,141
annual_presence,Park dominant,-1.10903088001668,141
first_crossing_full,Neither actor dominant,0.268938984941111,142
first_crossing_full,Militia dominant,0.148765596489061,142
first_crossing_full,Park dominant,-0.247628706967275,142
first_crossing_restricted,Neither actor dominant,0.206888812030204,142
first_crossing_restricted,Militia dominant,0.0823606952298814,142
first_crossing_restricted,Park dominant,-0.0822727538958705,142
persistence_corrected,Neither actor dominant,0.278430112422638,142
persistence_corrected,Militia dominant,0.0551779854049496,142
persistence_corrected,Park dominant,-0.117025261231091,142
annual_presence,Neither actor dominant,-0.692141907871796,142
annual_presence,Militia dominant,-0.530396986368213,142
annual_presence,Park dominant,-0.326211234882573,142
first_crossing_full,Neither actor dominant,0.0203773132320701,143
first_crossing_full,Militia dominant,-0.272283468755514,143
first_crossing_full,Park dominant,-0.541761604741767,143
first_crossing_restricted,Neither actor dominant,0.0185601959309207,143
first_crossing_restricted,Militia dominant,-0.274278499912138,143
first_crossing_restricted,Park dominant,-0.720991836460669,143
persistence_corrected,Neither actor dominant,0.0395098639039858,143
persistence_corrected,Militia dominant,-0.2711325824254,143
persistence_corrected,Park dominant,-0.681700636428727,143
annual_presence,Neither actor dominant,-1.97747507472394,143
annual_presence,Militia dominant,-1.81815348016021,143
annual_presence,Park dominant,-1.63961482477552,143
first_crossing_full,Neither actor dominant,0.413886275532994,144
first_crossing_full,Militia dominant,0.306404312234474,144
first_crossing_full,Park dominant,-0.425011933413384,144
first_crossing_restricted,Neither actor dominant,0.314265660746763,144
first_crossing_restricted,Militia dominant,0.198936145158316,144
first_crossing_restricted,Park dominant,-0.157616286143428,144
persistence_corrected,Neither actor dominant,0.320445466247482,144
persistence_corrected,Militia dominant,0.191482504406275,144
persistence_corrected,Park dominant,-0.172455556797613,144
annual_presence,Neither actor dominant,-1.37962448848586,144
annual_presence,Militia dominant,-1.22771672709292,144
annual_presence,Park dominant,-1.11344297243456,144
first_crossing_full,Neither actor dominant,0.144141101361527,145
first_crossing_full,Militia dominant,0.0338416520968846,145
first_crossing_full,Park dominant,-0.261538086900245,145
first_crossing_restricted,Neither actor dominant,0.0690494875213557,145
first_crossing_restricted,Militia dominant,-0.0451984004825497,145
first_crossing_restricted,Park dominant,-0.122883324143733,145
persistence_corrected,Neither actor dominant,0.0993147404159067,145
persistence_corrected,Militia dominant,-0.0935785682367185,145
persistence_corrected,Park dominant,-0.0951612294026517,145
annual_presence,Neither actor dominant,-2.27233745866374,145
annual_presence,Militia dominant,-2.06975998002559,145
annual_presence,Park dominant,-1.8212372553112,145
first_crossing_full,Neither actor dominant,0.347161996553943,146
first_crossing_full,Militia dominant,0.513081319921802,146
first_crossing_full,Park dominant,-0.0587490066051396,146
first_crossing_restricted,Neither actor dominant,0.284973690885323,146
first_crossing_restricted,Militia dominant,0.445480177852544,146
first_crossing_restricted,Park dominant,0.0452248722745477,146
persistence_corrected,Neither actor dominant,0.342304266605409,146
persistence_corrected,Militia dominant,0.442260905963652,146
persistence_corrected,Park dominant,0.0316339289921806,146
annual_presence,Neither actor dominant,-1.59602573474654,146
annual_presence,Militia dominant,-1.22213863421689,146
annual_presence,Park dominant,-0.953110708238804,146
first_crossing_full,Neither actor dominant,-0.0233138305391111,147
first_crossing_full,Militia dominant,0.143742711405488,147
first_crossing_full,Park dominant,-0.202385948361604,147
first_crossing_restricted,Neither actor dominant,-0.0478508319531398,147
first_crossing_restricted,Militia dominant,0.117149737189955,147
first_crossing_restricted,Park dominant,-0.226618573937702,147
persistence_corrected,Neither actor dominant,-0.00504281817218111,147
persistence_corrected,Militia dominant,0.138668483933675,147
persistence_corrected,Park dominant,-0.250513171275019,147
annual_presence,Neither actor dominant,-1.84089998276659,147
annual_presence,Militia dominant,-1.53149335570099,147
annual_presence,Park dominant,-1.16647476603297,147
first_crossing_full,Neither actor dominant,-0.157132183037191,148
first_crossing_full,Militia dominant,0.32747586058064,148
first_crossing_full,Park dominant,-0.0202540971528691,148
first_crossing_restricted,Neither actor dominant,-0.203901072042565,148
first_crossing_restricted,Militia dominant,0.278502307712958,148
first_crossing_restricted,Park dominant,0.117976534604392,148
persistence_corrected,Neither actor dominant,-0.138040030981329,148
persistence_corrected,Militia dominant,0.275696245062847,148
persistence_corrected,Park dominant,0.0242166719542889,148
annual_presence,Neither actor dominant,-1.4830424432967,148
annual_presence,Militia dominant,-1.33947661170444,148
annual_presence,Park dominant,-1.16575623378041,148
first_crossing_full,Neither actor dominant,0.774201504516319,149
first_crossing_full,Militia dominant,0.56155265770774,149
first_crossing_full,Park dominant,-0.357566562794054,149
first_crossing_restricted,Neither actor dominant,0.679047753540169,149
first_crossing_restricted,Militia dominant,0.455091561717851,149
first_crossing_restricted,Park dominant,-0.144459681944824,149
persistence_corrected,Neither actor dominant,0.776983999543519,149
persistence_corrected,Militia dominant,0.405330595673664,149
persistence_corrected,Park dominant,-0.0915153666512969,149
annual_presence,Neither actor dominant,-0.25200316401732,149
annual_presence,Militia dominant,-0.0659975208145474,149
annual_presence,Park dominant,0.0211812349271429,149
first_crossing_full,Neither actor dominant,0.0245874940516704,150
first_crossing_full,Militia dominant,0.117879285982483,150
first_crossing_full,Park dominant,-0.205531498478693,150
first_crossing_restricted,Neither actor dominant,-0.0478727972030782,150
first_crossing_restricted,Militia dominant,0.0378470965914421,150
first_crossing_restricted,Park dominant,0.0176722322934034,150
persistence_corrected,Neither actor dominant,0.101838969433355,150
persistence_corrected,Militia dominant,0.00840705601666407,150
persistence_corrected,Park dominant,-0.0631209753851468,150
annual_presence,Neither actor dominant,-1.72134114304307,150
annual_presence,Militia dominant,-1.48978582172652,150
annual_presence,Park dominant,-1.32037379915482,150
first_crossing_full,Neither actor dominant,0.291188584625962,151
first_crossing_full,Militia dominant,0.508255691977881,151
first_crossing_full,Park dominant,-0.189671736127122,151
first_crossing_restricted,Neither actor dominant,0.212669380595889,151
first_crossing_restricted,Militia dominant,0.426149929240418,151
first_crossing_restricted,Park dominant,0.0857105658519226,151
persistence_corrected,Neither actor dominant,0.224765217542924,151
persistence_corrected,Militia dominant,0.388771838026031,151
persistence_corrected,Park dominant,0.102225972594249,151
annual_presence,Neither actor dominant,-0.208729613675589,151
annual_presence,Militia dominant,-0.0308985181073496,151
annual_presence,Park dominant,0.11044612254286,151
first_crossing_full,Neither actor dominant,-0.0085261560950258,152
first_crossing_full,Militia dominant,-0.141223610973769,152
first_crossing_full,Park dominant,-0.45441211267829,152
first_crossing_restricted,Neither actor dominant,-0.0636655134663934,152
first_crossing_restricted,Militia dominant,-0.198609872716357,152
first_crossing_restricted,Park dominant,-0.365003766231634,152
persistence_corrected,Neither actor dominant,0.0109556176396979,152
persistence_corrected,Militia dominant,-0.276549058683496,152
persistence_corrected,Park dominant,-0.313771210170498,152
annual_presence,Neither actor dominant,-1.70825135420653,152
annual_presence,Militia dominant,-1.59307562721574,152
annual_presence,Park dominant,-1.50831048477533,152
first_crossing_full,Neither actor dominant,-0.0516385304636426,153
first_crossing_full,Militia dominant,-0.132233108593144,153
first_crossing_full,Park dominant,-0.490432234741738,153
first_crossing_restricted,Neither actor dominant,-0.134221533134249,153
first_crossing_restricted,Militia dominant,-0.218460323373956,153
first_crossing_restricted,Park dominant,-0.289907077087785,153
persistence_corrected,Neither actor dominant,-0.099301250945259,153
persistence_corrected,Militia dominant,-0.269853710600142,153
persistence_corrected,Park dominant,-0.367522391196414,153
annual_presence,Neither actor dominant,-2.10677782079693,153
annual_presence,Militia dominant,-1.96662502335719,153
annual_presence,Park dominant,-1.83966439818845,153
first_crossing_full,Neither actor dominant,0.532136251837798,154
first_crossing_full,Militia dominant,0.0111633971987228,154
first_crossing_full,Park dominant,-0.588741513719327,154
first_crossing_restricted,Neither actor dominant,0.419843763532072,154
first_crossing_restricted,Militia dominant,-0.10568978481389,154
first_crossing_restricted,Park dominant,-0.332747025698461,154
persistence_corrected,Neither actor dominant,0.415096022032594,154
persistence_corrected,Militia dominant,-0.116143613360831,154
persistence_corrected,Park dominant,-0.350524861729428,154
annual_presence,Neither actor dominant,-1.39575034060561,154
annual_presence,Militia dominant,-1.31635465797663,154
annual_presence,Park dominant,-1.20924275410756,154
first_crossing_full,Neither actor dominant,0.701237337389668,155
first_crossing_full,Militia dominant,0.382706874670926,155
first_crossing_full,Park dominant,-0.078675401789641,155
first_crossing_restricted,Neither actor dominant,0.664374896564424,155
first_crossing_restricted,Militia dominant,0.343458671107987,155
first_crossing_restricted,Park dominant,-0.132928155236545,155
persistence_corrected,Neither actor dominant,0.675811298162348,155
persistence_corrected,Militia dominant,0.302061555680083,155
persistence_corrected,Park dominant,-0.0896076602885997,155
annual_presence,Neither actor dominant,-1.2658043800768,155
annual_presence,Militia dominant,-1.1825122176987,155
annual_presence,Park dominant,-1.08609647476948,155
first_crossing_full,Neither actor dominant,0.204598768049633,156
first_crossing_full,Militia dominant,0.44113293286179,156
first_crossing_full,Park dominant,-0.00138701904883884,156
first_crossing_restricted,Neither actor dominant,0.153629155318879,156
first_crossing_restricted,Militia dominant,0.388210820233424,156
first_crossing_restricted,Park dominant,0.192453433816844,156
persistence_corrected,Neither actor dominant,0.178922053467101,156
persistence_corrected,Militia dominant,0.373384568872674,156
persistence_corrected,Park dominant,0.211732013939847,156
annual_presence,Neither actor dominant,-0.44478943543555,156
annual_presence,Militia dominant,-0.140187166433982,156
annual_presence,Park dominant,0.132689323710704,156
first_crossing_full,Neither actor dominant,0.223397586662954,157
first_crossing_full,Militia dominant,0.252767616967984,157
first_crossing_full,Park dominant,0.129467608373498,157
first_crossing_restricted,Neither actor dominant,0.217225797663504,157
first_crossing_restricted,Militia dominant,0.246205584250611,157
first_crossing_restricted,Park dominant,0.133415743881204,157
persistence_corrected,Neither actor dominant,0.275520329024859,157
persistence_corrected,Militia dominant,0.26350774334733,157
persistence_corrected,Park dominant,0.0899416139525063,157
annual_presence,Neither actor dominant,-0.631293076481718,157
annual_presence,Militia dominant,-0.263168701857691,157
annual_presence,Park dominant,0.0905704632968758,157
first_crossing_full,Neither actor dominant,0.422819189098613,158
first_crossing_full,Militia dominant,0.492507066731503,158
first_crossing_full,Park dominant,0.267376179742165,158
first_crossing_restricted,Neither actor dominant,0.37274603147173,158
first_crossing_restricted,Militia dominant,0.438938606552922,158
first_crossing_restricted,Park dominant,0.418334307208416,158
persistence_corrected,Neither actor dominant,0.424520374528211,158
persistence_corrected,Militia dominant,0.378236334172777,158
persistence_corrected,Park dominant,0.401536196492801,158
annual_presence,Neither actor dominant,-1.20709708982819,158
annual_presence,Militia dominant,-0.968191976711518,158
annual_presence,Park dominant,-0.778691981335864,158
first_crossing_full,Neither actor dominant,-0.263652695419267,159
first_crossing_full,Militia dominant,-0.000524107402614021,159
first_crossing_full,Park dominant,-0.435731805650321,159
first_crossing_restricted,Neither actor dominant,-0.297723359369451,159
first_crossing_restricted,Militia dominant,-0.0370671558817035,159
first_crossing_restricted,Park dominant,-0.392599001247937,159
persistence_corrected,Neither actor dominant,-0.262356372407891,159
persistence_corrected,Militia dominant,-0.012833061970164,159
persistence_corrected,Park dominant,-0.405540830465413,159
annual_presence,Neither actor dominant,-2.04119881042043,159
annual_presence,Militia dominant,-1.74053825117875,159
annual_presence,Park dominant,-1.46077974918781,159
first_crossing_full,Neither actor dominant,0.708369614480786,160
first_crossing_full,Militia dominant,0.536570948996998,160
first_crossing_full,Park dominant,-0.549501030009318,160
first_crossing_restricted,Neither actor dominant,0.63666629111347,160
first_crossing_restricted,Militia dominant,0.455597149099495,160
first_crossing_restricted,Park dominant,-0.525799527619768,160
persistence_corrected,Neither actor dominant,0.648415519801609,160
persistence_corrected,Militia dominant,0.441782598814354,160
persistence_corrected,Park dominant,-0.522556842469399,160
annual_presence,Neither actor dominant,-1.22070949799201,160
annual_presence,Militia dominant,-1.03205672551398,160
annual_presence,Park dominant,-0.980412229320394,160
first_crossing_full,Neither actor dominant,0.0146610686858239,161
first_crossing_full,Militia dominant,0.157375852370124,161
first_crossing_full,Park dominant,-0.530312903203006,161
first_crossing_restricted,Neither actor dominant,-0.0297411262346725,161
first_crossing_restricted,Militia dominant,0.108464401434483,161
first_crossing_restricted,Park dominant,-0.480339719176817,161
persistence_corrected,Neither actor dominant,-0.0331090378113922,161
persistence_corrected,Militia dominant,0.110450978356561,161
persistence_corrected,Park dominant,-0.424270874855003,161
annual_presence,Neither actor dominant,-0.82789329962135,161
annual_presence,Militia dominant,-0.511712669392107,161
annual_presence,Park dominant,-0.30465707717299,161
first_crossing_full,Neither actor dominant,0.396508794615857,162
first_crossing_full,Militia dominant,0.220262684188259,162
first_crossing_full,Park dominant,-0.436025157597196,162
first_crossing_restricted,Neither actor dominant,0.308953112941462,162
first_crossing_restricted,Militia dominant,0.125582988265402,162
first_crossing_restricted,Park dominant,-0.285306695849823,162
persistence_corrected,Neither actor dominant,0.329885490870136,162
persistence_corrected,Militia dominant,0.0784564839822478,162
persistence_corrected,Park dominant,-0.323292971954018,162
annual_presence,Neither actor dominant,-1.97181323461707,162
annual_presence,Militia dominant,-1.77546120654535,162
annual_presence,Park dominant,-1.65194286106988,162
first_crossing_full,Neither actor dominant,0.396765244165084,163
first_crossing_full,Militia dominant,0.369141423687105,163
first_crossing_full,Park dominant,-0.291737995373539,163
first_crossing_restricted,Neither actor dominant,0.326600639538432,163
first_crossing_restricted,Militia dominant,0.291955469857001,163
first_crossing_restricted,Park dominant,-0.0744367016167972,163
persistence_corrected,Neither actor dominant,0.363374077510227,163
persistence_corrected,Militia dominant,0.231653825856549,163
persistence_corrected,Park dominant,-0.0931696939841067,163
annual_presence,Neither actor dominant,0.100607958932925,163
annual_presence,Militia dominant,0.184252566416713,163
annual_presence,Park dominant,0.0659325856500556,163
first_crossing_full,Neither actor dominant,0.149628891334984,164
first_crossing_full,Militia dominant,-0.198387869606774,164
first_crossing_full,Park dominant,-0.646094034545768,164
first_crossing_restricted,Neither actor dominant,0.102796115007544,164
first_crossing_restricted,Militia dominant,-0.248865975627317,164
first_crossing_restricted,Park dominant,-0.609257276818478,164
persistence_corrected,Neither actor dominant,0.0719409685721923,164
persistence_corrected,Militia dominant,-0.228408582958718,164
persistence_corrected,Park dominant,-0.560930213253437,164
annual_presence,Neither actor dominant,-1.12471934033873,164
annual_presence,Militia dominant,-0.858539532656262,164
annual_presence,Park dominant,-0.606171465380437,164
first_crossing_full,Neither actor dominant,0.182185428143504,165
first_crossing_full,Militia dominant,0.590726962401793,165
first_crossing_full,Park dominant,-0.161673066373481,165
first_crossing_restricted,Neither actor dominant,0.129595132025534,165
first_crossing_restricted,Militia dominant,0.534961582995725,165
first_crossing_restricted,Park dominant,-0.0170361115944241,165
persistence_corrected,Neither actor dominant,0.0996209698758144,165
persistence_corrected,Militia dominant,0.527797751659333,165
persistence_corrected,Park dominant,0.0832963013589124,165
annual_presence,Neither actor dominant,-0.593841821727166,165
annual_presence,Militia dominant,-0.205073139596562,165
annual_presence,Park dominant,0.13308076900137,165
first_crossing_full,Neither actor dominant,0.469860961961244,166
first_crossing_full,Militia dominant,0.353030107917535,166
first_crossing_full,Park dominant,-0.317814393955722,166
first_crossing_restricted,Neither actor dominant,0.384826812371944,166
first_crossing_restricted,Militia dominant,0.260844960214227,166
first_crossing_restricted,Park dominant,-0.12871862200985,166
persistence_corrected,Neither actor dominant,0.363764120832906,166
persistence_corrected,Militia dominant,0.268375145194661,166
persistence_corrected,Park dominant,-0.0989519430648041,166
annual_presence,Neither actor dominant,-1.45907749449367,166
annual_presence,Militia dominant,-1.26562813096975,166
annual_presence,Park dominant,-1.02436118430141,166
first_crossing_full,Neither actor dominant,0.0329029306339844,167
first_crossing_full,Militia dominant,0.452040617305446,167
first_crossing_full,Park dominant,-0.110852836590658,167
first_crossing_restricted,Neither actor dominant,-0.0323473285408642,167
first_crossing_restricted,Militia dominant,0.380935532627031,167
first_crossing_restricted,Park dominant,0.0893079118253337,167
persistence_corrected,Neither actor dominant,-0.0235447852492567,167
persistence_corrected,Militia dominant,0.337154419174311,167
persistence_corrected,Park dominant,0.217255304338761,167
annual_presence,Neither actor dominant,-1.48407018281628,167
annual_presence,Militia dominant,-1.20429687140589,167
annual_presence,Park dominant,-1.00749434721693,167
first_crossing_full,Neither actor dominant,0.264356732823973,168
first_crossing_full,Militia dominant,0.263220403912046,168
first_crossing_full,Park dominant,-0.162179612194535,168
first_crossing_restricted,Neither actor dominant,0.201742519971107,168
first_crossing_restricted,Militia dominant,0.195676807266513,168
first_crossing_restricted,Park dominant,0.0377399934106893,168
persistence_corrected,Neither actor dominant,0.252692206822124,168
persistence_corrected,Militia dominant,0.192640088847977,168
persistence_corrected,Park dominant,-0.0174527243719758,168
annual_presence,Neither actor dominant,-0.232961077609894,168
annual_presence,Militia dominant,-0.113823307078488,168
annual_presence,Park dominant,0.012208164741328,168
first_crossing_full,Neither actor dominant,0.283543381952055,169
first_crossing_full,Militia dominant,0.372630204613088,169
first_crossing_full,Park dominant,-0.310543614521945,169
first_crossing_restricted,Neither actor dominant,0.222518500984795,169
first_crossing_restricted,Militia dominant,0.309009798920159,169
first_crossing_restricted,Park dominant,-0.151714884984876,169
persistence_corrected,Neither actor dominant,0.241948288099611,169
persistence_corrected,Militia dominant,0.249945922790194,169
persistence_corrected,Park dominant,-0.0372631918046851,169
annual_presence,Neither actor dominant,-0.219348648994136,169
annual_presence,Militia dominant,-0.0790718754395169,169
annual_presence,Park dominant,0.0533642470355647,169
first_crossing_full,Neither actor dominant,0.192802604995772,170
first_crossing_full,Militia dominant,0.335183745970121,170
first_crossing_full,Park dominant,-0.213452178938703,170
first_crossing_restricted,Neither actor dominant,0.151956478078322,170
first_crossing_restricted,Militia dominant,0.290251139725252,170
first_crossing_restricted,Park dominant,-0.191886744276366,170
persistence_corrected,Neither actor dominant,0.244724571093852,170
persistence_corrected,Militia dominant,0.295240334092659,170
persistence_corrected,Park dominant,-0.239116724116006,170
annual_presence,Neither actor dominant,-2.12865625626192,170
annual_presence,Militia dominant,-1.55805372175565,170
annual_presence,Park dominant,-1.18214541244202,170
first_crossing_full,Neither actor dominant,0.476164609319777,171
first_crossing_full,Militia dominant,0.17830223091339,171
first_crossing_full,Park dominant,-0.192321478676253,171
first_crossing_restricted,Neither actor dominant,0.429292801517989,171
first_crossing_restricted,Militia dominant,0.127050898880788,171
first_crossing_restricted,Park dominant,-0.119412267221755,171
persistence_corrected,Neither actor dominant,0.498340296930857,171
persistence_corrected,Militia dominant,0.13851864234979,171
persistence_corrected,Park dominant,-0.222689326179557,171
annual_presence,Neither actor dominant,-0.489620294607823,171
annual_presence,Militia dominant,-0.354810738883071,171
annual_presence,Park dominant,-0.192596036746494,171
first_crossing_full,Neither actor dominant,0.18069694920621,172
first_crossing_full,Militia dominant,0.0243359810439252,172
first_crossing_full,Park dominant,-0.360013084673324,172
first_crossing_restricted,Neither actor dominant,0.110936320309823,172
first_crossing_restricted,Militia dominant,-0.0519787560974658,172
first_crossing_restricted,Park dominant,-0.202553901168189,172
persistence_corrected,Neither actor dominant,0.153048703526573,172
persistence_corrected,Militia dominant,-0.0619633381041531,172
persistence_corrected,Park dominant,-0.200720083430924,172
annual_presence,Neither actor dominant,-1.89304625372706,172
annual_presence,Militia dominant,-1.52784992656286,172
annual_presence,Park dominant,-1.29189008196384,172
first_crossing_full,Neither actor dominant,0.386339139240065,173
first_crossing_full,Militia dominant,0.255333737557302,173
first_crossing_full,Park dominant,-0.367102328130873,173
first_crossing_restricted,Neither actor dominant,0.325442674411187,173
first_crossing_restricted,Militia dominant,0.190778968725262,173
first_crossing_restricted,Park dominant,-0.30222678073742,173
persistence_corrected,Neither actor dominant,0.366035579108146,173
persistence_corrected,Militia dominant,0.175375750720769,173
persistence_corrected,Park dominant,-0.216409707138247,173
annual_presence,Neither actor dominant,-1.84474968339444,173
annual_presence,Militia dominant,-1.47845895876546,173
annual_presence,Park dominant,-1.08677496925782,173
first_crossing_full,Neither actor dominant,0.781954075880889,174
first_crossing_full,Militia dominant,0.402249712524227,174
first_crossing_full,Park dominant,-0.225377425467342,174
first_crossing_restricted,Neither actor dominant,0.730895329607519,174
first_crossing_restricted,Militia dominant,0.346831932171837,174
first_crossing_restricted,Park dominant,-0.19414547779605,174
persistence_corrected,Neither actor dominant,0.756411220577781,174
persistence_corrected,Militia dominant,0.307063994137745,174
persistence_corrected,Park dominant,-0.170214562497341,174
annual_presence,Neither actor dominant,0.0356504763870137,174
annual_presence,Militia dominant,0.116884935020848,174
annual_presence,Park dominant,0.154562387022166,174
first_crossing_full,Neither actor dominant,0.0123613497800345,175
first_crossing_full,Militia dominant,-0.100914557466753,175
first_crossing_full,Park dominant,-0.270244489219161,175
first_crossing_restricted,Neither actor dominant,-0.0180163876995879,175
first_crossing_restricted,Militia dominant,-0.133190175874601,175
first_crossing_restricted,Park dominant,-0.199811528048214,175
persistence_corrected,Neither actor dominant,0.0163682903237492,175
persistence_corrected,Militia dominant,-0.183102141445205,175
persistence_corrected,Park dominant,-0.123506577300554,175
annual_presence,Neither actor dominant,-0.800654050944804,175
annual_presence,Militia dominant,-0.612950991669962,175
annual_presence,Park dominant,-0.422171264988885,175
first_crossing_full,Neither actor dominant,0.38056264215122,176
first_crossing_full,Militia dominant,0.279096688421357,176
first_crossing_full,Park dominant,-0.250063562340575,176
first_crossing_restricted,Neither actor dominant,0.337451181031451,176
first_crossing_restricted,Militia dominant,0.232999704571831,176
first_crossing_restricted,Park dominant,-0.173355540528786,176
persistence_corrected,Neither actor dominant,0.381905120242956,176
persistence_corrected,Militia dominant,0.222596792293758,176
persistence_corrected,Park dominant,-0.151678178073485,176
annual_presence,Neither actor dominant,-0.573043078334654,176
annual_presence,Militia dominant,-0.252503910394532,176
annual_presence,Park dominant,-0.0204799966195116,176
first_crossing_full,Neither actor dominant,0.554918344571872,177
first_crossing_full,Militia dominant,0.617667919133166,177
first_crossing_full,Park dominant,-0.0980611545419234,177
first_crossing_restricted,Neither actor dominant,0.446297266783373,177
first_crossing_restricted,Militia dominant,0.498286437512378,177
first_crossing_restricted,Park dominant,0.249516488548238,177
persistence_corrected,Neither actor dominant,0.510050908380728,177
persistence_corrected,Militia dominant,0.578045892744471,177
persistence_corrected,Park dominant,0.14240502302043,177
annual_presence,Neither actor dominant,-1.25306201659571,177
annual_presence,Militia dominant,-0.985933563189163,177
annual_presence,Park dominant,-0.777479520897533,177
first_crossing_full,Neither actor dominant,0.571169566075431,178
first_crossing_full,Militia dominant,0.691494978671539,178
first_crossing_full,Park dominant,-0.284384873417082,178
first_crossing_restricted,Neither actor dominant,0.480018134032623,178
first_crossing_restricted,Militia dominant,0.592527417992913,178
first_crossing_restricted,Park dominant,-0.0901867586528416,178
persistence_corrected,Neither actor dominant,0.430383832119307,178
persistence_corrected,Militia dominant,0.601375154615095,178
persistence_corrected,Park dominant,-0.0341116836347221,178
annual_presence,Neither actor dominant,-0.901737893541904,178
annual_presence,Militia dominant,-0.727298278166179,178
annual_presence,Park dominant,-0.715389902692933,178
first_crossing_full,Neither actor dominant,-0.321814386320004,179
first_crossing_full,Militia dominant,-0.328289779450096,179
first_crossing_full,Park dominant,-0.53439135178178,179
first_crossing_restricted,Neither actor dominant,-0.32990191602664,179
first_crossing_restricted,Militia dominant,-0.337016190184639,179
first_crossing_restricted,Park dominant,-0.671159764740341,179
persistence_corrected,Neither actor dominant,-0.339420520258174,179
persistence_corrected,Militia dominant,-0.376314961773942,179
persistence_corrected,Park dominant,-0.605066896351655,179
annual_presence,Neither actor dominant,-2.52883255616988,179
annual_presence,Militia dominant,-2.36612472771811,179
annual_presence,Park dominant,-2.14915157502255,179
first_crossing_full,Neither actor dominant,0.0127784358261327,180
first_crossing_full,Militia dominant,-0.0214884529063438,180
first_crossing_full,Park dominant,-0.287972807882185,180
first_crossing_restricted,Neither actor dominant,-0.019236140674081,180
first_crossing_restricted,Militia dominant,-0.0547539661222828,180
first_crossing_restricted,Park dominant,-0.248445277292519,180
persistence_corrected,Neither actor dominant,0.0221850465012355,180
persistence_corrected,Militia dominant,-0.0852282452683147,180
persistence_corrected,Park dominant,-0.24991720401396,180
annual_presence,Neither actor dominant,-0.765365675282262,180
annual_presence,Militia dominant,-0.604071427343075,180
annual_presence,Park dominant,-0.413049013298501,180
first_crossing_full,Neither actor dominant,0.141869519557043,181
first_crossing_full,Militia dominant,0.360241595571305,181
first_crossing_full,Park dominant,-0.178826540983152,181
first_crossing_restricted,Neither actor dominant,0.0845125067741993,181
first_crossing_restricted,Militia dominant,0.298898328807629,181
first_crossing_restricted,Park dominant,-0.111406055768583,181
persistence_corrected,Neither actor dominant,0.153629136323575,181
persistence_corrected,Militia dominant,0.264298839496503,181
persistence_corrected,Park dominant,-0.152498931758011,181
annual_presence,Neither actor dominant,-1.69256148563086,181
annual_presence,Militia dominant,-1.49913495349409,181
annual_presence,Park dominant,-1.36920519986247,181
first_crossing_full,Neither actor dominant,0.134042766613358,182
first_crossing_full,Militia dominant,0.332726807634659,182
first_crossing_full,Park dominant,-0.184337353604474,182
first_crossing_restricted,Neither actor dominant,0.118153288016946,182
first_crossing_restricted,Militia dominant,0.316069071104754,182
first_crossing_restricted,Park dominant,-0.242847500941016,182
persistence_corrected,Neither actor dominant,0.1467349933384,182
persistence_corrected,Militia dominant,0.3006953591588,182
persistence_corrected,Park dominant,-0.151955523235292,182
annual_presence,Neither actor dominant,-0.683611433922375,182
annual_presence,Militia dominant,-0.403870010575258,182
annual_presence,Park dominant,-0.121064347684946,182
first_crossing_full,Neither actor dominant,0.12642334303141,183
first_crossing_full,Militia dominant,-0.114675939433502,183
first_crossing_full,Park dominant,-0.346794623907243,183
first_crossing_restricted,Neither actor dominant,0.102368300079525,183
first_crossing_restricted,Militia dominant,-0.140987801495224,183
first_crossing_restricted,Park dominant,-0.406038808863618,183
persistence_corrected,Neither actor dominant,0.195137062400986,183
persistence_corrected,Militia dominant,-0.138582601667592,183
persistence_corrected,Park dominant,-0.426009679436806,183
annual_presence,Neither actor dominant,-1.80481187056891,183
annual_presence,Militia dominant,-1.61193567136496,183
annual_presence,Park dominant,-1.40916173140385,183
first_crossing_full,Neither actor dominant,0.45256322614984,184
first_crossing_full,Militia dominant,0.552581674013857,184
first_crossing_full,Park dominant,-0.0419306691961956,184
first_crossing_restricted,Neither actor dominant,0.391413819765885,184
first_crossing_restricted,Militia dominant,0.488684621217503,184
first_crossing_restricted,Park dominant,0.144239106249456,184
persistence_corrected,Neither actor dominant,0.396327464412753,184
persistence_corrected,Militia dominant,0.469898003149608,184
persistence_corrected,Park dominant,0.165595086672092,184
annual_presence,Neither actor dominant,-0.282141584000619,184
annual_presence,Militia dominant,-0.00570966859653899,184
annual_presence,Park dominant,0.256426022377922,184
first_crossing_full,Neither actor dominant,-0.193806944067552,185
first_crossing_full,Militia dominant,0.00977576680425827,185
first_crossing_full,Park dominant,-0.629921978942698,185
first_crossing_restricted,Neither actor dominant,-0.26441996788275,185
first_crossing_restricted,Militia dominant,-0.0664775753444264,185
first_crossing_restricted,Park dominant,-0.520074144874316,185
persistence_corrected,Neither actor dominant,-0.226249399499182,185
persistence_corrected,Militia dominant,-0.0923594218502046,185
persistence_corrected,Park dominant,-0.5751847104272,185
annual_presence,Neither actor dominant,-2.10880790723,185
annual_presence,Militia dominant,-1.95729263174071,185
annual_presence,Park dominant,-1.83481155390493,185
first_crossing_full,Neither actor dominant,0.548538912433163,186
first_crossing_full,Militia dominant,0.217075375119752,186
first_crossing_full,Park dominant,-0.286463452486164,186
first_crossing_restricted,Neither actor dominant,0.496650756847948,186
first_crossing_restricted,Militia dominant,0.162340557115239,186
first_crossing_restricted,Park dominant,-0.190217865440779,186
persistence_corrected,Neither actor dominant,0.55933620055674,186
persistence_corrected,Militia dominant,0.121358865814611,186
persistence_corrected,Park dominant,-0.170209246432153,186
annual_presence,Neither actor dominant,-0.194217851529539,186
annual_presence,Militia dominant,-0.0649979527381462,186
annual_presence,Park dominant,0.0600500435669307,186
first_crossing_full,Neither actor dominant,0.285233618630351,187
first_crossing_full,Militia dominant,0.591230745835751,187
first_crossing_full,Park dominant,-0.274772636103225,187
first_crossing_restricted,Neither actor dominant,0.230535486463364,187
first_crossing_restricted,Militia dominant,0.530316260198114,187
first_crossing_restricted,Park dominant,-0.23176775403186,187
persistence_corrected,Neither actor dominant,0.241214771581616,187
persistence_corrected,Militia dominant,0.561270396081895,187
persistence_corrected,Park dominant,-0.218426552977581,187
annual_presence,Neither actor dominant,-1.66494292128723,187
annual_presence,Militia dominant,-1.2935030236184,187
annual_presence,Park dominant,-1.02672226074021,187
first_crossing_full,Neither actor dominant,0.458036820151454,188
first_crossing_full,Militia dominant,-0.0108750960587447,188
first_crossing_full,Park dominant,-0.65624041907055,188
first_crossing_restricted,Neither actor dominant,0.397040761288092,188
first_crossing_restricted,Militia dominant,-0.0764819051725716,188
first_crossing_restricted,Park dominant,-0.64431106456125,188
persistence_corrected,Neither actor dominant,0.400195363641044,188
persistence_corrected,Militia dominant,-0.0952759498350276,188
persistence_corrected,Park dominant,-0.67684070928464,188
annual_presence,Neither actor dominant,-1.96534225839562,188
annual_presence,Militia dominant,-1.86137804484351,188
annual_presence,Park dominant,-1.77033068343225,188
first_crossing_full,Neither actor dominant,0.339320829273158,189
first_crossing_full,Militia dominant,0.202694008636795,189
first_crossing_full,Park dominant,-0.434189549502729,189
first_crossing_restricted,Neither actor dominant,0.284177994972663,189
first_crossing_restricted,Militia dominant,0.143274610283549,189
first_crossing_restricted,Park dominant,-0.382963466803605,189
persistence_corrected,Neither actor dominant,0.294562645483821,189
persistence_corrected,Militia dominant,0.161272960475971,189
persistence_corrected,Park dominant,-0.423345448204087,189
annual_presence,Neither actor dominant,-1.52003754871555,189
annual_presence,Militia dominant,-1.30980625264282,189
annual_presence,Park dominant,-1.16305536892078,189
first_crossing_full,Neither actor dominant,0.404598054738931,190
first_crossing_full,Militia dominant,0.452655063794227,190
first_crossing_full,Park dominant,-0.174589203950923,190
first_crossing_restricted,Neither actor dominant,0.335331944012754,190
first_crossing_restricted,Militia dominant,0.377019749809974,190
first_crossing_restricted,Park dominant,0.0145682002631576,190
persistence_corrected,Neither actor dominant,0.441301995463889,190
persistence_corrected,Militia dominant,0.386448549886921,190
persistence_corrected,Park dominant,-0.0942818473615469,190
annual_presence,Neither actor dominant,-0.58949683974845,190
annual_presence,Militia dominant,-0.273773468999815,190
annual_presence,Park dominant,-0.0590554082768364,190
first_crossing_full,Neither actor dominant,-0.00227172747994639,191
first_crossing_full,Militia dominant,0.0373872666882294,191
first_crossing_full,Park dominant,-0.482497601778705,191
first_crossing_restricted,Neither actor dominant,-0.0515377119367484,191
first_crossing_restricted,Militia dominant,-0.0148609430957224,191
first_crossing_restricted,Park dominant,-0.401367048384306,191
persistence_corrected,Neither actor dominant,-0.0760061870553135,191
persistence_corrected,Militia dominant,-0.0885366736531957,191
persistence_corrected,Park dominant,-0.241672655116975,191
annual_presence,Neither actor dominant,-0.638902601928122,191
annual_presence,Militia dominant,-0.474320552724293,191
annual_presence,Park dominant,-0.380612074112763,191
first_crossing_full,Neither actor dominant,0.472147196815276,192
first_crossing_full,Militia dominant,-0.0261833258551596,192
first_crossing_full,Park dominant,-0.434003087178089,192
first_crossing_restricted,Neither actor dominant,0.393298163324877,192
first_crossing_restricted,Militia dominant,-0.11104989264273,192
first_crossing_restricted,Park dominant,-0.224039924785185,192
persistence_corrected,Neither actor dominant,0.448150274943386,192
persistence_corrected,Militia dominant,-0.184388991632959,192
persistence_corrected,Park dominant,-0.118267924463366,192
annual_presence,Neither actor dominant,-0.583269082359846,192
annual_presence,Militia dominant,-0.475164909763325,192
annual_presence,Park dominant,-0.292316198880512,192
first_crossing_full,Neither actor dominant,0.404164090278989,193
first_crossing_full,Militia dominant,0.270813198657344,193
first_crossing_full,Park dominant,-0.0299918066584364,193
first_crossing_restricted,Neither actor dominant,0.34742226976401,193
first_crossing_restricted,Militia dominant,0.208050460715953,193
first_crossing_restricted,Park dominant,0.155877849293999,193
persistence_corrected,Neither actor dominant,0.452165362885004,193
persistence_corrected,Militia dominant,0.231349513538169,193
persistence_corrected,Park dominant,0.0522227669924432,193
annual_presence,Neither actor dominant,-0.51340908613319,193
annual_presence,Militia dominant,-0.251617781722982,193
annual_presence,Park dominant,-0.0743057794193932,193
first_crossing_full,Neither actor dominant,0.248615010072915,194
first_crossing_full,Militia dominant,0.308206105910354,194
first_crossing_full,Park dominant,0.177059591341414,194
first_crossing_restricted,Neither actor dominant,0.215006523488857,194
first_crossing_restricted,Militia dominant,0.273033427865596,194
first_crossing_restricted,Park dominant,0.263921704888629,194
persistence_corrected,Neither actor dominant,0.291375450340926,194
persistence_corrected,Militia dominant,0.241996103545252,194
persistence_corrected,Park dominant,0.229449929106418,194
annual_presence,Neither actor dominant,-0.516214855568697,194
annual_presence,Militia dominant,-0.352147355248751,194
annual_presence,Park dominant,-0.0122549568115921,194
first_crossing_full,Neither actor dominant,0.292269704646925,195
first_crossing_full,Militia dominant,0.253236364829184,195
first_crossing_full,Park dominant,-0.378481119935552,195
first_crossing_restricted,Neither actor dominant,0.228158018014588,195
first_crossing_restricted,Militia dominant,0.18579290677472,195
first_crossing_restricted,Park dominant,-0.273982225476013,195
persistence_corrected,Neither actor dominant,0.290629003407833,195
persistence_corrected,Militia dominant,0.163993160307198,195
persistence_corrected,Park dominant,-0.319025858474485,195
annual_presence,Neither actor dominant,-1.5635033895984,195
annual_presence,Militia dominant,-1.36228863891298,195
annual_presence,Park dominant,-1.18529962664104,195
first_crossing_full,Neither actor dominant,0.0162188607119091,196
first_crossing_full,Militia dominant,0.119086974162126,196
first_crossing_full,Park dominant,-0.270765512648754,196
first_crossing_restricted,Neither actor dominant,-0.0261094573948323,196
first_crossing_restricted,Militia dominant,0.0735690915002541,196
first_crossing_restricted,Park dominant,-0.228167588020001,196
persistence_corrected,Neither actor dominant,0.100301485283938,196
persistence_corrected,Militia dominant,0.107737851735314,196
persistence_corrected,Park dominant,-0.350089318921721,196
annual_presence,Neither actor dominant,-2.21126264340941,196
annual_presence,Militia dominant,-1.92278537190455,196
annual_presence,Park dominant,-1.59082336667002,196
first_crossing_full,Neither actor dominant,0.439719312269702,197
first_crossing_full,Militia dominant,0.136450306033861,197
first_crossing_full,Park dominant,-0.48188107198046,197
first_crossing_restricted,Neither actor dominant,0.352095764781555,197
first_crossing_restricted,Militia dominant,0.0429862305867658,197
first_crossing_restricted,Park dominant,-0.298495174364818,197
persistence_corrected,Neither actor dominant,0.375885532580208,197
persistence_corrected,Militia dominant,-0.00506261028959698,197
persistence_corrected,Park dominant,-0.344209857796896,197
annual_presence,Neither actor dominant,-1.41640294210741,197
annual_presence,Militia dominant,-1.30940225209178,197
annual_presence,Park dominant,-1.2579051195297,197
first_crossing_full,Neither actor dominant,0.413599553105825,198
first_crossing_full,Militia dominant,0.177856348913851,198
first_crossing_full,Park dominant,-0.537852754622958,198
first_crossing_restricted,Neither actor dominant,0.330007912315304,198
first_crossing_restricted,Militia dominant,0.0886437726953946,198
first_crossing_restricted,Park dominant,-0.410571096302122,198
persistence_corrected,Neither actor dominant,0.34985153223935,198
persistence_corrected,Militia dominant,0.0707408553939493,198
persistence_corrected,Park dominant,-0.391288040640232,198
annual_presence,Neither actor dominant,-2.08822130359834,198
annual_presence,Militia dominant,-1.81414823082864,198
annual_presence,Park dominant,-1.62051373975315,198
first_crossing_full,Neither actor dominant,0.144286246034191,199
first_crossing_full,Militia dominant,0.448987189301733,199
first_crossing_full,Park dominant,-0.226865548776655,199
first_crossing_restricted,Neither actor dominant,0.068279641293413,199
first_crossing_restricted,Militia dominant,0.366977590870984,199
first_crossing_restricted,Park dominant,-0.0350249338439914,199
persistence_corrected,Neither actor dominant,0.0845484220002799,199
persistence_corrected,Militia dominant,0.432718882738941,199
persistence_corrected,Park dominant,-0.118651145514578,199
annual_presence,Neither actor dominant,-1.71530892383533,199
annual_presence,Militia dominant,-1.38799954701023,199
annual_presence,Park dominant,-1.11347315342409,199
first_crossing_full,Neither actor dominant,0.429478288747152,200
first_crossing_full,Militia dominant,0.362358601504029,200
first_crossing_full,Park dominant,-0.382339094015291,200
first_crossing_restricted,Neither actor dominant,0.369264830922592,200
first_crossing_restricted,Militia dominant,0.299200699785949,200
first_crossing_restricted,Park dominant,-0.267409973307062,200
persistence_corrected,Neither actor dominant,0.419265946196142,200
persistence_corrected,Militia dominant,0.260713343734481,200
persistence_corrected,Park dominant,-0.204905581021364,200
annual_presence,Neither actor dominant,-0.0655743087647606,200
annual_presence,Militia dominant,0.0474686349624969,200
annual_presence,Park dominant,0.107611233401409,200
first_crossing_full,Neither actor dominant,-0.207060994900654,201
first_crossing_full,Militia dominant,0.369459445523834,201
first_crossing_full,Park dominant,-0.121911779982137,201
first_crossing_restricted,Neither actor dominant,-0.269692790706078,201
first_crossing_restricted,Militia dominant,0.30323503372454,201
first_crossing_restricted,Park dominant,0.10842291187927,201
persistence_corrected,Neither actor dominant,-0.253220939702054,201
persistence_corrected,Militia dominant,0.310411720887137,201
persistence_corrected,Park dominant,0.100534514797053,201
annual_presence,Neither actor dominant,-1.11238571622038,201
annual_presence,Militia dominant,-0.687588505189223,201
annual_presence,Park dominant,-0.280748220721695,201
first_crossing_full,Neither actor dominant,0.562566437018786,202
first_crossing_full,Militia dominant,0.431500448219614,202
first_crossing_full,Park dominant,-0.593405999263378,202
first_crossing_restricted,Neither actor dominant,0.478686771342715,202
first_crossing_restricted,Militia dominant,0.33741288610083,202
first_crossing_restricted,Park dominant,-0.463860366452869,202
persistence_corrected,Neither actor dominant,0.539928920245927,202
persistence_corrected,Militia dominant,0.353586806076069,202
persistence_corrected,Park dominant,-0.486854901003169,202
annual_presence,Neither actor dominant,-1.44606422674447,202
annual_presence,Militia dominant,-1.22274148467253,202
annual_presence,Park dominant,-1.17115764362714,202
first_crossing_full,Neither actor dominant,0.579890709995438,203
first_crossing_full,Militia dominant,0.429728307583282,203
first_crossing_full,Park dominant,-0.320433114883533,203
first_crossing_restricted,Neither actor dominant,0.489547221960707,203
first_crossing_restricted,Militia dominant,0.324462484565018,203
first_crossing_restricted,Park dominant,-0.0824174487824614,203
persistence_corrected,Neither actor dominant,0.524631217724728,203
persistence_corrected,Militia dominant,0.416423531286243,203
persistence_corrected,Park dominant,-0.136345576533021,203
annual_presence,Neither actor dominant,-1.59610008264535,203
annual_presence,Militia dominant,-1.38939256190565,203
annual_presence,Park dominant,-1.12080961954659,203
first_crossing_full,Neither actor dominant,0.513106280516388,204
first_crossing_full,Militia dominant,0.782215768977823,204
first_crossing_full,Park dominant,0.0155391685191718,204
first_crossing_restricted,Neither actor dominant,0.437653121083695,204
first_crossing_restricted,Militia dominant,0.699135217787247,204
first_crossing_restricted,Park dominant,0.246374327088363,204
persistence_corrected,Neither actor dominant,0.430577758379695,204
persistence_corrected,Militia dominant,0.773265924454959,204
persistence_corrected,Park dominant,0.231031224372419,204
annual_presence,Neither actor dominant,-0.118189687452784,204
annual_presence,Militia dominant,0.143781790600426,204
annual_presence,Park dominant,0.368821125851926,204
first_crossing_full,Neither actor dominant,0.533773498959913,205
first_crossing_full,Militia dominant,0.392432891106858,205
first_crossing_full,Park dominant,-0.187514847909919,205
first_crossing_restricted,Neither actor dominant,0.486651089216618,205
first_crossing_restricted,Militia dominant,0.341801141770957,205
first_crossing_restricted,Park dominant,-0.192709252970375,205
persistence_corrected,Neither actor dominant,0.559773850581613,205
persistence_corrected,Militia dominant,0.295802088657007,205
persistence_corrected,Park dominant,-0.141040356817861,205
annual_presence,Neither actor dominant,-1.66263013534846,205
annual_presence,Militia dominant,-1.34297126542147,205
annual_presence,Park dominant,-1.02331475541245,205
first_crossing_full,Neither actor dominant,0.331297624197335,206
first_crossing_full,Militia dominant,0.159887006234077,206
first_crossing_full,Park dominant,-0.0497814458429484,206
first_crossing_restricted,Neither actor dominant,0.313261214495155,206
first_crossing_restricted,Militia dominant,0.140991109129697,206
first_crossing_restricted,Park dominant,-0.0860804215595545,206
persistence_corrected,Neither actor dominant,0.359487618293713,206
persistence_corrected,Militia dominant,0.0384985945086868,206
persistence_corrected,Park dominant,0.0121032844405801,206
annual_presence,Neither actor dominant,-0.398973226032424,206
annual_presence,Militia dominant,-0.269032040710567,206
annual_presence,Park dominant,-0.10454199095973,206
first_crossing_full,Neither actor dominant,0.412473986439997,207
first_crossing_full,Militia dominant,0.360260243287969,207
first_crossing_full,Park dominant,-0.456316120911037,207
first_crossing_restricted,Neither actor dominant,0.333016905057876,207
first_crossing_restricted,Militia dominant,0.277309187316222,207
first_crossing_restricted,Park dominant,-0.247735099088305,207
persistence_corrected,Neither actor dominant,0.37782291981554,207
persistence_corrected,Militia dominant,0.206524898359403,207
persistence_corrected,Park dominant,-0.228587077394198,207
annual_presence,Neither actor dominant,-0.095674064570052,207
annual_presence,Militia dominant,-0.0129563305472743,207
annual_presence,Park dominant,0.0499313843515544,207
first_crossing_full,Neither actor dominant,0.445113879294292,208
first_crossing_full,Militia dominant,0.0382735439077005,208
first_crossing_full,Park dominant,-0.394206633666224,208
first_crossing_restricted,Neither actor dominant,0.395052364021922,208
first_crossing_restricted,Militia dominant,-0.0146441652175265,208
first_crossing_restricted,Park dominant,-0.361264013030128,208
persistence_corrected,Neither actor dominant,0.408730955161127,208
persistence_corrected,Militia dominant,-0.0590616115716617,208
persistence_corrected,Park dominant,-0.288293957803987,208
annual_presence,Neither actor dominant,-0.481323452132669,208
annual_presence,Militia dominant,-0.394410605536955,208
annual_presence,Park dominant,-0.324605224799423,208
first_crossing_full,Neither actor dominant,0.59909823797254,209
first_crossing_full,Militia dominant,0.0852452293452981,209
first_crossing_full,Park dominant,-0.459699486990264,209
first_crossing_restricted,Neither actor dominant,0.559129292051829,209
first_crossing_restricted,Militia dominant,0.0391135072908788,209
first_crossing_restricted,Park dominant,-0.450028236898217,209
persistence_corrected,Neither actor dominant,0.594677298764238,209
persistence_corrected,Militia dominant,0.0490058425374266,209
persistence_corrected,Park dominant,-0.439938996892268,209
annual_presence,Neither actor dominant,-0.318646107848975,209
annual_presence,Militia dominant,-0.124849147756797,209
annual_presence,Park dominant,-0.0531309683938676,209
first_crossing_full,Neither actor dominant,0.0802243625144015,210
first_crossing_full,Militia dominant,0.0210976312945393,210
first_crossing_full,Park dominant,-0.258642337326696,210
first_crossing_restricted,Neither actor dominant,0.055740102659998,210
first_crossing_restricted,Militia dominant,-0.00467108425863134,210
first_crossing_restricted,Park dominant,-0.325376441544118,210
persistence_corrected,Neither actor dominant,0.119953694939776,210
persistence_corrected,Militia dominant,-0.0313815480686819,210
persistence_corrected,Park dominant,-0.274600492456839,210
annual_presence,Neither actor dominant,-2.07999114686399,210
annual_presence,Militia dominant,-1.88699063163681,210
annual_presence,Park dominant,-1.66946604847115,210
first_crossing_full,Neither actor dominant,0.414554521383882,211
first_crossing_full,Militia dominant,0.190838824401658,211
first_crossing_full,Park dominant,-0.2963047789433,211
first_crossing_restricted,Neither actor dominant,0.362352123617564,211
first_crossing_restricted,Militia dominant,0.135920006896979,211
first_crossing_restricted,Park dominant,-0.212144901989208,211
persistence_corrected,Neither actor dominant,0.371518279660686,211
persistence_corrected,Militia dominant,0.0684362152617888,211
persistence_corrected,Park dominant,-0.113749366656052,211
annual_presence,Neither actor dominant,-0.456746728170656,211
annual_presence,Militia dominant,-0.281438225991707,211
annual_presence,Park dominant,-0.103594490389052,211
first_crossing_full,Neither actor dominant,0.241676119218833,212
first_crossing_full,Militia dominant,-0.0954671733289256,212
first_crossing_full,Park dominant,-0.50962146404047,212
first_crossing_restricted,Neither actor dominant,0.157386366553372,212
first_crossing_restricted,Militia dominant,-0.189638375401951,212
first_crossing_restricted,Park dominant,-0.275641323246044,212
persistence_corrected,Neither actor dominant,0.181997255606692,212
persistence_corrected,Militia dominant,-0.164622447213541,212
persistence_corrected,Park dominant,-0.308002247757953,212
annual_presence,Neither actor dominant,-1.98169094534645,212
annual_presence,Militia dominant,-1.69860650532358,212
annual_presence,Park dominant,-1.4769620902456,212
first_crossing_full,Neither actor dominant,0.638661481497099,213
first_crossing_full,Militia dominant,-0.22231709857886,213
first_crossing_full,Park dominant,-0.525575587896948,213
first_crossing_restricted,Neither actor dominant,0.569515345555262,213
first_crossing_restricted,Militia dominant,-0.295983736161774,213
first_crossing_restricted,Park dominant,-0.426500208587348,213
persistence_corrected,Neither actor dominant,0.644494410164336,213
persistence_corrected,Militia dominant,-0.433417509888741,213
persistence_corrected,Park dominant,-0.351333711443456,213
annual_presence,Neither actor dominant,-0.641431341884104,213
annual_presence,Militia dominant,-0.5691135780021,213
annual_presence,Park dominant,-0.46434066509424,213
first_crossing_full,Neither actor dominant,-0.255657467026826,214
first_crossing_full,Militia dominant,0.234146301321235,214
first_crossing_full,Park dominant,-0.144641291015241,214
first_crossing_restricted,Neither actor dominant,-0.275790369614211,214
first_crossing_restricted,Militia dominant,0.212129274179486,214
first_crossing_restricted,Park dominant,-0.194263711440108,214
persistence_corrected,Neither actor dominant,-0.223168323193054,214
persistence_corrected,Militia dominant,0.176603942921296,214
persistence_corrected,Park dominant,-0.20951385841408,214
annual_presence,Neither actor dominant,-2.4994547744289,214
annual_presence,Militia dominant,-2.09867044508529,214
annual_presence,Park dominant,-1.74418080327518,214
first_crossing_full,Neither actor dominant,0.00810093579988036,215
first_crossing_full,Militia dominant,0.0124151237499456,215
first_crossing_full,Park dominant,-0.0283125124029284,215
first_crossing_restricted,Neither actor dominant,0.00354039627834546,215
first_crossing_restricted,Militia dominant,0.00754398305294306,215
first_crossing_restricted,Park dominant,-0.0755411863697461,215
persistence_corrected,Neither actor dominant,0.0646481272723506,215
persistence_corrected,Militia dominant,-0.0461961499637312,215
persistence_corrected,Park dominant,-0.0667786263118295,215
annual_presence,Neither actor dominant,-1.79988781563806,215
annual_presence,Militia dominant,-1.56890274795046,215
annual_presence,Park dominant,-1.26547138894844,215
first_crossing_full,Neither actor dominant,-0.0516923717880841,216
first_crossing_full,Militia dominant,0.0618019559756153,216
first_crossing_full,Park dominant,-0.285456258076333,216
first_crossing_restricted,Neither actor dominant,-0.0671019356834176,216
first_crossing_restricted,Militia dominant,0.0440069976114766,216
first_crossing_restricted,Park dominant,-0.346422746122589,216
persistence_corrected,Neither actor dominant,0.0228531993698375,216
persistence_corrected,Militia dominant,0.0546468093506413,216
persistence_corrected,Park dominant,-0.426709742154362,216
annual_presence,Neither actor dominant,-1.91581307781023,216
annual_presence,Militia dominant,-1.71585495677563,216
annual_presence,Park dominant,-1.45254849140082,216
first_crossing_full,Neither actor dominant,-0.0330374777097004,217
first_crossing_full,Militia dominant,0.471291490574204,217
first_crossing_full,Park dominant,-0.21694723720906,217
first_crossing_restricted,Neither actor dominant,-0.107270112020142,217
first_crossing_restricted,Militia dominant,0.388787274888421,217
first_crossing_restricted,Park dominant,0.0616523510096291,217
persistence_corrected,Neither actor dominant,-0.0525644993643477,217
persistence_corrected,Militia dominant,0.40442497296337,217
persistence_corrected,Park dominant,0.0615481245708065,217
annual_presence,Neither actor dominant,-0.794116972767188,217
annual_presence,Militia dominant,-0.389431075448114,217
annual_presence,Park dominant,-0.0973182601596393,217
first_crossing_full,Neither actor dominant,-0.145341764817853,218
first_crossing_full,Militia dominant,-0.0820166891607017,218
first_crossing_full,Park dominant,-0.478672269439955,218
first_crossing_restricted,Neither actor dominant,-0.21101103748878,218
first_crossing_restricted,Militia dominant,-0.153914827368622,218
first_crossing_restricted,Park dominant,-0.344492212280936,218
persistence_corrected,Neither actor dominant,-0.13296261773587,218
persistence_corrected,Militia dominant,-0.205390495289392,218
persistence_corrected,Park dominant,-0.343851107014676,218
annual_presence,Neither actor dominant,-2.36399568217697,218
annual_presence,Militia dominant,-2.19594261462343,218
annual_presence,Park dominant,-1.95252677302509,218
first_crossing_full,Neither actor dominant,-0.211070255698347,219
first_crossing_full,Militia dominant,-0.070034810303191,219
first_crossing_full,Park dominant,-0.671399686084752,219
first_crossing_restricted,Neither actor dominant,-0.238702009224545,219
first_crossing_restricted,Militia dominant,-0.0996717899444583,219
first_crossing_restricted,Park dominant,-0.732544830100778,219
persistence_corrected,Neither actor dominant,-0.243841935742781,219
persistence_corrected,Militia dominant,-0.140131456106455,219
persistence_corrected,Park dominant,-0.679238305066285,219
annual_presence,Neither actor dominant,-1.77156692994855,219
annual_presence,Militia dominant,-1.64682621790318,219
annual_presence,Park dominant,-1.563159381084,219
first_crossing_full,Neither actor dominant,0.496073220207833,220
first_crossing_full,Militia dominant,0.59565791789001,220
first_crossing_full,Park dominant,-0.241277721573908,220
first_crossing_restricted,Neither actor dominant,0.41904447506218,220
first_crossing_restricted,Militia dominant,0.514484113410176,220
first_crossing_restricted,Park dominant,-0.0345081313720453,220
persistence_corrected,Neither actor dominant,0.413382040952783,220
persistence_corrected,Militia dominant,0.509143646767217,220
persistence_corrected,Park dominant,-0.00522278851728658,220
annual_presence,Neither actor dominant,-0.224505736602287,220
annual_presence,Militia dominant,0.070337425816362,220
annual_presence,Park dominant,0.278050573333092,220
first_crossing_full,Neither actor dominant,-0.281732512501147,221
first_crossing_full,Militia dominant,0.00476603770825747,221
first_crossing_full,Park dominant,-0.195812499204551,221
first_crossing_restricted,Neither actor dominant,-0.294265057784112,221
first_crossing_restricted,Militia dominant,-0.00957963586903035,221
first_crossing_restricted,Park dominant,-0.2162647850228,221
persistence_corrected,Neither actor dominant,-0.199786424586783,221
persistence_corrected,Militia dominant,-0.0222236792463331,221
persistence_corrected,Park dominant,-0.278264455905727,221
annual_presence,Neither actor dominant,-2.04962334045433,221
annual_presence,Militia dominant,-1.83241819734996,221
annual_presence,Park dominant,-1.48493520124024,221
first_crossing_full,Neither actor dominant,0.0209109551913798,222
first_crossing_full,Militia dominant,0.0291512357404367,222
first_crossing_full,Park dominant,-0.402383568065342,222
first_crossing_restricted,Neither actor dominant,0.0102472068484243,222
first_crossing_restricted,Militia dominant,0.0179273368015825,222
first_crossing_restricted,Park dominant,-0.527269394675865,222
persistence_corrected,Neither actor dominant,0.0762120567038719,222
persistence_corrected,Militia dominant,-0.0227674001886354,222
persistence_corrected,Park dominant,-0.553252051279078,222
annual_presence,Neither actor dominant,-1.5124648136641,222
annual_presence,Militia dominant,-1.43316461054084,222
annual_presence,Park dominant,-1.34109535506997,222
first_crossing_full,Neither actor dominant,0.389545342244859,223
first_crossing_full,Militia dominant,0.125579171749832,223
first_crossing_full,Park dominant,-0.880162613442673,223
first_crossing_restricted,Neither actor dominant,0.318905643166287,223
first_crossing_restricted,Militia dominant,0.0444656188404568,223
first_crossing_restricted,Park dominant,-0.777765442410223,223
persistence_corrected,Neither actor dominant,0.376309092519111,223
persistence_corrected,Militia dominant,-0.0280433538753047,223
persistence_corrected,Park dominant,-0.719303867319143,223
annual_presence,Neither actor dominant,-0.274684044948878,223
annual_presence,Militia dominant,-0.173284758381238,223
annual_presence,Park dominant,-0.324800774063721,223
first_crossing_full,Neither actor dominant,0.312768837578696,224
first_crossing_full,Militia dominant,0.363778657986089,224
first_crossing_full,Park dominant,-0.240491933881861,224
first_crossing_restricted,Neither actor dominant,0.25065761672124,224
first_crossing_restricted,Militia dominant,0.296559348783913,224
first_crossing_restricted,Park dominant,-0.108096965619155,224
persistence_corrected,Neither actor dominant,0.39400184983188,224
persistence_corrected,Militia dominant,0.33980087337006,224
persistence_corrected,Park dominant,-0.181210660669832,224
annual_presence,Neither actor dominant,-0.744264593895396,224
annual_presence,Militia dominant,-0.500549184420519,224
annual_presence,Park dominant,-0.313087799578389,224
first_crossing_full,Neither actor dominant,0.212949215653601,225
first_crossing_full,Militia dominant,0.301040490046985,225
first_crossing_full,Park dominant,0.0883438829603287,225
first_crossing_restricted,Neither actor dominant,0.193125851364249,225
first_crossing_restricted,Militia dominant,0.27801858211661,225
first_crossing_restricted,Park dominant,0.0637176507013363,225
persistence_corrected,Neither actor dominant,0.240821299624463,225
persistence_corrected,Militia dominant,0.280444474097328,225
persistence_corrected,Park dominant,0.0247191552059582,225
annual_presence,Neither actor dominant,-1.57344205399982,225
annual_presence,Militia dominant,-1.35553215570442,225
annual_presence,Park dominant,-1.19074328379775,225
first_crossing_full,Neither actor dominant,0.534518861636079,226
first_crossing_full,Militia dominant,0.17648811939136,226
first_crossing_full,Park dominant,-0.703041064692999,226
first_crossing_restricted,Neither actor dominant,0.452417103019453,226
first_crossing_restricted,Militia dominant,0.0827604344045779,226
first_crossing_restricted,Park dominant,-0.630255964189867,226
persistence_corrected,Neither actor dominant,0.494120919981072,226
persistence_corrected,Militia dominant,0.126895131887589,226
persistence_corrected,Park dominant,-0.694293297759549,226
annual_presence,Neither actor dominant,-1.9208854959721,226
annual_presence,Militia dominant,-1.74582513890003,226
annual_presence,Park dominant,-1.70449917345693,226
first_crossing_full,Neither actor dominant,0.28252332240083,227
first_crossing_full,Militia dominant,0.332815446335832,227
first_crossing_full,Park dominant,-0.253217701201408,227
first_crossing_restricted,Neither actor dominant,0.199339437714524,227
first_crossing_restricted,Militia dominant,0.244836364328369,227
first_crossing_restricted,Park dominant,-0.0455612666791805,227
persistence_corrected,Neither actor dominant,0.222503650641759,227
persistence_corrected,Militia dominant,0.24514357564539,227
persistence_corrected,Park dominant,-0.0397018547791208,227
annual_presence,Neither actor dominant,-1.41303599134215,227
annual_presence,Militia dominant,-1.21191313064425,227
annual_presence,Park dominant,-0.982876708371906,227
first_crossing_full,Neither actor dominant,0.565606058891411,228
first_crossing_full,Militia dominant,0.215061778792001,228
first_crossing_full,Park dominant,-0.27979552261203,228
first_crossing_restricted,Neither actor dominant,0.514594132073118,228
first_crossing_restricted,Militia dominant,0.161464127240428,228
first_crossing_restricted,Park dominant,-0.190250882287667,228
persistence_corrected,Neither actor dominant,0.524595468401535,228
persistence_corrected,Militia dominant,0.12136827156113,228
persistence_corrected,Park dominant,-0.121309188104874,228
annual_presence,Neither actor dominant,-0.315371126061212,228
annual_presence,Militia dominant,-0.145627926952927,228
annual_presence,Park dominant,0.0480848548988924,228
first_crossing_full,Neither actor dominant,0.0266554445763425,229
first_crossing_full,Militia dominant,0.00282078532636168,229
first_crossing_full,Park dominant,-0.171482464084391,229
first_crossing_restricted,Neither actor dominant,-0.0360417629304592,229
first_crossing_restricted,Militia dominant,-0.065628856809011,229
first_crossing_restricted,Park dominant,-0.00307715962455066,229
persistence_corrected,Neither actor dominant,0.0233214873595378,229
persistence_corrected,Militia dominant,-0.122265867937286,229
persistence_corrected,Park dominant,0.00859114343239469,229
annual_presence,Neither actor dominant,-1.92097012079597,229
annual_presence,Militia dominant,-1.75822750121271,229
annual_presence,Park dominant,-1.59721312391735,229
first_crossing_full,Neither actor dominant,-0.10778085671183,230
first_crossing_full,Militia dominant,0.0849958803427215,230
first_crossing_full,Park dominant,-0.514480190109335,230
first_crossing_restricted,Neither actor dominant,-0.179205377020644,230
first_crossing_restricted,Militia dominant,0.00743990467223182,230
first_crossing_restricted,Park dominant,-0.388937056653687,230
persistence_corrected,Neither actor dominant,-0.141518665848034,230
persistence_corrected,Militia dominant,0.00914332756175729,230
persistence_corrected,Park dominant,-0.417190790432686,230
annual_presence,Neither actor dominant,-2.31815425236859,230
annual_presence,Militia dominant,-2.0772950214225,230
annual_presence,Park dominant,-1.89320443177378,230
first_crossing_full,Neither actor dominant,0.398422131809285,231
first_crossing_full,Militia dominant,0.397261118450332,231
first_crossing_full,Park dominant,-0.391211204261629,231
first_crossing_restricted,Neither actor dominant,0.312330391985186,231
first_crossing_restricted,Militia dominant,0.306272914827734,231
first_crossing_restricted,Park dominant,-0.170829759612637,231
persistence_corrected,Neither actor dominant,0.307600331985823,231
persistence_corrected,Militia dominant,0.307257105206061,231
persistence_corrected,Park dominant,-0.156929687529186,231
annual_presence,Neither actor dominant,-0.263754518872566,231
annual_presence,Militia dominant,-0.079854887169268,231
annual_presence,Park dominant,0.0244279482761368,231
first_crossing_full,Neither actor dominant,0.236921330451724,232
first_crossing_full,Militia dominant,0.0741090397044978,232
first_crossing_full,Park dominant,-0.325734972245901,232
first_crossing_restricted,Neither actor dominant,0.195567729534767,232
first_crossing_restricted,Militia dominant,0.0305906782568389,232
first_crossing_restricted,Park dominant,-0.324135180408928,232
persistence_corrected,Neither actor dominant,0.215117721044608,232
persistence_corrected,Militia dominant,0.041128972336198,232
persistence_corrected,Park dominant,-0.342739407687746,232
annual_presence,Neither actor dominant,-1.62384732527495,232
annual_presence,Militia dominant,-1.44166846019675,232
annual_presence,Park dominant,-1.19056382644391,232
first_crossing_full,Neither actor dominant,0.411880811284233,233
first_crossing_full,Militia dominant,0.607498042422098,233
first_crossing_full,Park dominant,-0.482666402282564,233
first_crossing_restricted,Neither actor dominant,0.29846686639285,233
first_crossing_restricted,Militia dominant,0.482847159899478,233
first_crossing_restricted,Park dominant,-0.255942892264917,233
persistence_corrected,Neither actor dominant,0.334287578629183,233
persistence_corrected,Militia dominant,0.523066691559023,233
persistence_corrected,Park dominant,-0.253012695960182,233
annual_presence,Neither actor dominant,-1.70896691153592,233
annual_presence,Militia dominant,-1.38095443582943,233
annual_presence,Park dominant,-1.22606860314248,233
first_crossing_full,Neither actor dominant,0.0636436801447541,234
first_crossing_full,Militia dominant,0.0872185033798143,234
first_crossing_full,Park dominant,-0.148200361016016,234
first_crossing_restricted,Neither actor dominant,0.0927192067364402,234
first_crossing_restricted,Militia dominant,0.117772005494673,234
first_crossing_restricted,Park dominant,-0.42312578738577,234
persistence_corrected,Neither actor dominant,0.123099500202859,234
persistence_corrected,Militia dominant,0.0281988382109208,234
persistence_corrected,Park dominant,-0.296839747198972,234
annual_presence,Neither actor dominant,-0.75362240613198,234
annual_presence,Militia dominant,-0.609592920747422,234
annual_presence,Park dominant,-0.370757000510873,234
first_crossing_full,Neither actor dominant,0.661123693701391,235
first_crossing_full,Militia dominant,0.0310653879244532,235
first_crossing_full,Park dominant,-0.858695700042242,235
first_crossing_restricted,Neither actor dominant,0.586048328991247,235
first_crossing_restricted,Militia dominant,-0.050746764922373,235
first_crossing_restricted,Park dominant,-0.834951612600227,235
persistence_corrected,Neither actor dominant,0.537075000211148,235
persistence_corrected,Militia dominant,-0.0740321141045406,235
persistence_corrected,Park dominant,-0.772263159162488,235
annual_presence,Neither actor dominant,-1.51401914038519,235
annual_presence,Militia dominant,-1.37338268577394,235
annual_presence,Park dominant,-1.34896053890118,235
first_crossing_full,Neither actor dominant,0.252179139991787,236
first_crossing_full,Militia dominant,0.252767087152696,236
first_crossing_full,Park dominant,0.294010287005182,236
first_crossing_restricted,Neither actor dominant,0.274831753565409,236
first_crossing_restricted,Militia dominant,0.276925347560912,236
first_crossing_restricted,Park dominant,0.175437549556922,236
persistence_corrected,Neither actor dominant,0.303980033266639,236
persistence_corrected,Militia dominant,0.232178690373857,236
persistence_corrected,Park dominant,0.210243813217444,236
annual_presence,Neither actor dominant,-0.065199580559766,236
annual_presence,Militia dominant,0.0418871915834106,236
annual_presence,Park dominant,0.175085889353519,236
first_crossing_full,Neither actor dominant,-0.206189591351028,237
first_crossing_full,Militia dominant,-0.0807086792610812,237
first_crossing_full,Park dominant,-0.206207722030974,237
first_crossing_restricted,Neither actor dominant,-0.232086770743881,237
first_crossing_restricted,Militia dominant,-0.108633280943647,237
first_crossing_restricted,Park dominant,-0.146818836669615,237
persistence_corrected,Neither actor dominant,-0.17935200485238,237
persistence_corrected,Militia dominant,-0.155606296047649,237
persistence_corrected,Park dominant,-0.151160523473314,237
annual_presence,Neither actor dominant,-1.50227278850624,237
annual_presence,Militia dominant,-1.41677286589028,237
annual_presence,Park dominant,-1.38421337149218,237
first_crossing_full,Neither actor dominant,0.0734056011223074,238
first_crossing_full,Militia dominant,-0.0670207078837044,238
first_crossing_full,Park dominant,-0.378249615631415,238
first_crossing_restricted,Neither actor dominant,0.0029742483419718,238
first_crossing_restricted,Militia dominant,-0.140245733964939,238
first_crossing_restricted,Park dominant,-0.211945102778207,238
persistence_corrected,Neither actor dominant,0.0524745990801374,238
persistence_corrected,Militia dominant,-0.148592793613457,238
persistence_corrected,Park dominant,-0.306902153593107,238
annual_presence,Neither actor dominant,-1.5816715929877,238
annual_presence,Militia dominant,-1.4996590112223,238
annual_presence,Park dominant,-1.40795102235399,238
first_crossing_full,Neither actor dominant,-0.0187471139878867,239
first_crossing_full,Militia dominant,-0.203367270920129,239
first_crossing_full,Park dominant,-0.325467035241494,239
first_crossing_restricted,Neither actor dominant,-0.0468424956123874,239
first_crossing_restricted,Militia dominant,-0.232200688316769,239
first_crossing_restricted,Park dominant,-0.29181512529697,239
persistence_corrected,Neither actor dominant,-0.0166906936317878,239
persistence_corrected,Militia dominant,-0.299339466131425,239
persistence_corrected,Park dominant,-0.249197756474162,239
annual_presence,Neither actor dominant,-0.627659143279314,239
annual_presence,Militia dominant,-0.561997035910157,239
annual_presence,Park dominant,-0.420515597955279,239
first_crossing_full,Neither actor dominant,0.326515966585291,240
first_crossing_full,Militia dominant,0.185344262669244,240
first_crossing_full,Park dominant,-0.673499692420805,240
first_crossing_restricted,Neither actor dominant,0.263321575504382,240
first_crossing_restricted,Militia dominant,0.118235032924925,240
first_crossing_restricted,Park dominant,-0.610833522395451,240
persistence_corrected,Neither actor dominant,0.292924207762975,240
persistence_corrected,Militia dominant,0.0772188369677271,240
persistence_corrected,Park dominant,-0.524396649004517,240
annual_presence,Neither actor dominant,-0.375958633860907,240
annual_presence,Militia dominant,-0.272682067212202,240
annual_presence,Park dominant,-0.201755989076057,240
first_crossing_full,Neither actor dominant,0.185343710975265,241
first_crossing_full,Militia dominant,-0.52834946977221,241
first_crossing_full,Park dominant,-0.520553215984203,241
first_crossing_restricted,Neither actor dominant,0.151805387821134,241
first_crossing_restricted,Militia dominant,-0.568514755369594,241
first_crossing_restricted,Park dominant,-0.540861689984773,241
persistence_corrected,Neither actor dominant,0.229143200322123,241
persistence_corrected,Militia dominant,-0.62609437904625,241
persistence_corrected,Park dominant,-0.529740519906543,241
annual_presence,Neither actor dominant,-2.0896339593304,241
annual_presence,Militia dominant,-2.05011253617551,241
annual_presence,Park dominant,-2.05337379346997,241
first_crossing_full,Neither actor dominant,0.19242538143891,242
first_crossing_full,Militia dominant,0.333523736639449,242
first_crossing_full,Park dominant,-0.136091018996423,242
first_crossing_restricted,Neither actor dominant,0.155352606491064,242
first_crossing_restricted,Militia dominant,0.294583798208507,242
first_crossing_restricted,Park dominant,-0.134825621676291,242
persistence_corrected,Neither actor dominant,0.178902478729988,242
persistence_corrected,Militia dominant,0.266143649549003,242
persistence_corrected,Park dominant,-0.0445483347964308,242
annual_presence,Neither actor dominant,-1.65953567951673,242
annual_presence,Militia dominant,-1.38380056469589,242
annual_presence,Park dominant,-1.08717481173869,242
first_crossing_full,Neither actor dominant,0.335863801554275,243
first_crossing_full,Militia dominant,0.0457628058503122,243
first_crossing_full,Park dominant,-0.159184060855286,243
first_crossing_restricted,Neither actor dominant,0.317643581195525,243
first_crossing_restricted,Militia dominant,0.0261324739354658,243
first_crossing_restricted,Park dominant,-0.189252362162349,243
persistence_corrected,Neither actor dominant,0.347868172894066,243
persistence_corrected,Militia dominant,-0.0076770040262911,243
persistence_corrected,Park dominant,-0.164356548875438,243
annual_presence,Neither actor dominant,-0.392550708824678,243
annual_presence,Militia dominant,-0.258875916226786,243
annual_presence,Park dominant,-0.160212766326876,243
first_crossing_full,Neither actor dominant,0.0956313422298387,244
first_crossing_full,Militia dominant,-0.113745967162269,244
first_crossing_full,Park dominant,-0.372869230745448,244
first_crossing_restricted,Neither actor dominant,0.0717806709186767,244
first_crossing_restricted,Militia dominant,-0.140483199859963,244
first_crossing_restricted,Park dominant,-0.368001291408384,244
persistence_corrected,Neither actor dominant,0.113727271426074,244
persistence_corrected,Militia dominant,-0.173557779150572,244
persistence_corrected,Park dominant,-0.349074064887032,244
annual_presence,Neither actor dominant,-0.459669375000421,244
annual_presence,Militia dominant,-0.373144827838825,244
annual_presence,Park dominant,-0.348532721927489,244
first_crossing_full,Neither actor dominant,0.802703117987356,245
first_crossing_full,Militia dominant,0.937767217908786,245
first_crossing_full,Park dominant,0.0130673721949887,245
first_crossing_restricted,Neither actor dominant,0.711411325702642,245
first_crossing_restricted,Militia dominant,0.830466704256068,245
first_crossing_restricted,Park dominant,0.22191525661466,245
persistence_corrected,Neither actor dominant,0.757933233357253,245
persistence_corrected,Militia dominant,0.907215777499397,245
persistence_corrected,Park dominant,0.1174493142261,245
annual_presence,Neither actor dominant,-1.24483301073298,245
annual_presence,Militia dominant,-0.888273856568614,245
annual_presence,Park dominant,-0.602099188537399,245
first_crossing_full,Neither actor dominant,0.162118421611093,246
first_crossing_full,Militia dominant,0.198853504099797,246
first_crossing_full,Park dominant,-0.798732748440356,246
first_crossing_restricted,Neither actor dominant,0.0786054413536476,246
first_crossing_restricted,Militia dominant,0.110916229920143,246
first_crossing_restricted,Park dominant,-0.718042482323083,246
persistence_corrected,Neither actor dominant,0.101825286646831,246
persistence_corrected,Militia dominant,0.0891396888966834,246
persistence_corrected,Park dominant,-0.638730675939541,246
annual_presence,Neither actor dominant,-1.91335504947424,246
annual_presence,Militia dominant,-1.75409433631167,246
annual_presence,Park dominant,-1.64439381595395,246
first_crossing_full,Neither actor dominant,0.0747988775539605,247
first_crossing_full,Militia dominant,0.507170583330647,247
first_crossing_full,Park dominant,-0.527868192769013,247
first_crossing_restricted,Neither actor dominant,0.00369094648339025,247
first_crossing_restricted,Militia dominant,0.423581831377632,247
first_crossing_restricted,Park dominant,-0.440253598880929,247
persistence_corrected,Neither actor dominant,0.0328845702865496,247
persistence_corrected,Militia dominant,0.41358473434387,247
persistence_corrected,Park dominant,-0.418669314075384,247
annual_presence,Neither actor dominant,-1.83796535153223,247
annual_presence,Militia dominant,-1.51037069654193,247
annual_presence,Park dominant,-1.40690455204273,247
first_crossing_full,Neither actor dominant,-0.085548465655971,248
first_crossing_full,Militia dominant,-0.0998467603565115,248
first_crossing_full,Park dominant,-0.251186896968771,248
first_crossing_restricted,Neither actor dominant,-0.0732795258742614,248
first_crossing_restricted,Militia dominant,-0.0861555220227994,248
first_crossing_restricted,Park dominant,-0.374454184223355,248
persistence_corrected,Neither actor dominant,-0.072929442578185,248
persistence_corrected,Militia dominant,-0.0329908044817554,248
persistence_corrected,Park dominant,-0.301970744672482,248
annual_presence,Neither actor dominant,-0.879226740486439,248
annual_presence,Militia dominant,-0.612478071669604,248
annual_presence,Park dominant,-0.252982731974199,248
first_crossing_full,Neither actor dominant,0.377115912486828,249
first_crossing_full,Militia dominant,-0.223187811706954,249
first_crossing_full,Park dominant,-0.486105719301498,249
first_crossing_restricted,Neither actor dominant,0.366655684876632,249
first_crossing_restricted,Militia dominant,-0.23438070659267,249
first_crossing_restricted,Park dominant,-0.634234285800708,249
persistence_corrected,Neither actor dominant,0.421384516644511,249
persistence_corrected,Militia dominant,-0.21611270916549,249
persistence_corrected,Park dominant,-0.631171103798372,249
annual_presence,Neither actor dominant,-1.6648941335144,249
annual_presence,Militia dominant,-1.57141012894818,249
annual_presence,Park dominant,-1.41191070220546,249
first_crossing_full,Neither actor dominant,0.354611589611922,250
first_crossing_full,Militia dominant,0.145814337822229,250
first_crossing_full,Park dominant,0.0791887952097921,250
first_crossing_restricted,Neither actor dominant,0.323861643907799,250
first_crossing_restricted,Militia dominant,0.112901648961175,250
first_crossing_restricted,Park dominant,0.143835221146122,250
persistence_corrected,Neither actor dominant,0.380695047016085,250
persistence_corrected,Militia dominant,0.0604912497440195,250
persistence_corrected,Park dominant,0.161200040926208,250
annual_presence,Neither actor dominant,-0.346769149123956,250
annual_presence,Militia dominant,-0.214849147522043,250
annual_presence,Park dominant,-0.0645248726852436,250
first_crossing_full,Neither actor dominant,0.0275615726590764,251
first_crossing_full,Militia dominant,-0.377833346031209,251
first_crossing_full,Park dominant,-0.906674110424875,251
first_crossing_restricted,Neither actor dominant,-0.0609789735949123,251
first_crossing_restricted,Militia dominant,-0.470489123572652,251
first_crossing_restricted,Park dominant,-0.755177582196578,251
persistence_corrected,Neither actor dominant,-0.013869743598784,251
persistence_corrected,Militia dominant,-0.566368470892962,251
persistence_corrected,Park dominant,-0.73166189350522,251
annual_presence,Neither actor dominant,-1.76245048771961,251
annual_presence,Militia dominant,-1.76514149375739,251
annual_presence,Park dominant,-1.90527945714059,251
first_crossing_full,Neither actor dominant,0.146514249960393,252
first_crossing_full,Militia dominant,-0.0074172061540396,252
first_crossing_full,Park dominant,-0.188886810559467,252
first_crossing_restricted,Neither actor dominant,0.120458691991376,252
first_crossing_restricted,Militia dominant,-0.0344153602349936,252
first_crossing_restricted,Park dominant,-0.183960821106391,252
persistence_corrected,Neither actor dominant,0.130527095880392,252
persistence_corrected,Militia dominant,-0.063726980042663,252
persistence_corrected,Park dominant,-0.113281727653016,252
annual_presence,Neither actor dominant,-1.63737328716352,252
annual_presence,Militia dominant,-1.44315155302992,252
annual_presence,Park dominant,-1.16707493939269,252
first_crossing_full,Neither actor dominant,0.334486636782203,253
first_crossing_full,Militia dominant,0.199191072829597,253
first_crossing_full,Park dominant,-0.0576449984420303,253
first_crossing_restricted,Neither actor dominant,0.281374248676779,253
first_crossing_restricted,Militia dominant,0.142974133204652,253
first_crossing_restricted,Park dominant,0.0869985848621738,253
persistence_corrected,Neither actor dominant,0.360810911146768,253
persistence_corrected,Militia dominant,0.087509336060923,253
persistence_corrected,Park dominant,0.0718327812656603,253
annual_presence,Neither actor dominant,-0.244333719169661,253
annual_presence,Militia dominant,-0.147237273830506,253
annual_presence,Park dominant,-0.0802485750530725,253
first_crossing_full,Neither actor dominant,0.36316056955845,254
first_crossing_full,Militia dominant,0.266681800408246,254
first_crossing_full,Park dominant,-0.0467871844970486,254
first_crossing_restricted,Neither actor dominant,0.316609426105791,254
first_crossing_restricted,Militia dominant,0.217029895738182,254
first_crossing_restricted,Park dominant,0.075619170282574,254
persistence_corrected,Neither actor dominant,0.309312124531622,254
persistence_corrected,Militia dominant,0.148250814934229,254
persistence_corrected,Park dominant,0.123121176359594,254
annual_presence,Neither actor dominant,-0.194804074512969,254
annual_presence,Militia dominant,-0.0938670103122457,254
annual_presence,Park dominant,-0.0071322242078103,254
first_crossing_full,Neither actor dominant,0.332428608433649,255
first_crossing_full,Militia dominant,0.100608912056214,255
first_crossing_full,Park dominant,-0.548113177810723,255
first_crossing_restricted,Neither actor dominant,0.216510829312612,255
first_crossing_restricted,Militia dominant,-0.0192489729239272,255
first_crossing_restricted,Park dominant,-0.307631925349167,255
persistence_corrected,Neither actor dominant,0.196999896584409,255
persistence_corrected,Militia dominant,-0.0539209478878061,255
persistence_corrected,Park dominant,-0.229576302467976,255
annual_presence,Neither actor dominant,-1.87729097305907,255
annual_presence,Militia dominant,-1.75574549779366,255
annual_presence,Park dominant,-1.69587238992391,255
first_crossing_full,Neither actor dominant,0.35115638998249,256
first_crossing_full,Militia dominant,0.233445811240492,256
first_crossing_full,Park dominant,-0.391088684054191,256
first_crossing_restricted,Neither actor dominant,0.30233639532705,256
first_crossing_restricted,Militia dominant,0.181045713283216,256
first_crossing_restricted,Park dominant,-0.41717655876723,256
persistence_corrected,Neither actor dominant,0.392853652240386,256
persistence_corrected,Militia dominant,0.129001682952824,256
persistence_corrected,Park dominant,-0.41148531529789,256
annual_presence,Neither actor dominant,-1.98155016100672,256
annual_presence,Militia dominant,-1.79148240197737,256
annual_presence,Park dominant,-1.59264001541721,256
first_crossing_full,Neither actor dominant,0.485709707791492,257
first_crossing_full,Militia dominant,0.0336850738944206,257
first_crossing_full,Park dominant,-0.608181790500915,257
first_crossing_restricted,Neither actor dominant,0.426282347128797,257
first_crossing_restricted,Militia dominant,-0.03083835749074,257
first_crossing_restricted,Park dominant,-0.565947079902183,257
persistence_corrected,Neither actor dominant,0.464359225796378,257
persistence_corrected,Militia dominant,-0.0361205690332496,257
persistence_corrected,Park dominant,-0.61171311413587,257
annual_presence,Neither actor dominant,-1.38594531314052,257
annual_presence,Militia dominant,-1.32246109066533,257
annual_presence,Park dominant,-1.28582207160291,257
first_crossing_full,Neither actor dominant,0.202674961392762,258
first_crossing_full,Militia dominant,-0.0436125285369116,258
first_crossing_full,Park dominant,-0.385909354064336,258
first_crossing_restricted,Neither actor dominant,0.145221356638909,258
first_crossing_restricted,Militia dominant,-0.105216622579533,258
first_crossing_restricted,Park dominant,-0.331752086889701,258
persistence_corrected,Neither actor dominant,0.197001358134325,258
persistence_corrected,Militia dominant,-0.151987159966752,258
persistence_corrected,Park dominant,-0.382832284549869,258
annual_presence,Neither actor dominant,-1.83238330805517,258
annual_presence,Militia dominant,-1.7518623225462,258
annual_presence,Park dominant,-1.70797934809475,258
first_crossing_full,Neither actor dominant,0.449929867557688,259
first_crossing_full,Militia dominant,0.706951279083742,259
first_crossing_full,Park dominant,0.0161944499276858,259
first_crossing_restricted,Neither actor dominant,0.344844470575985,259
first_crossing_restricted,Militia dominant,0.596774731522261,259
first_crossing_restricted,Park dominant,0.285625609068041,259
persistence_corrected,Neither actor dominant,0.420371828179337,259
persistence_corrected,Militia dominant,0.713318538367824,259
persistence_corrected,Park dominant,0.25941570849605,259
annual_presence,Neither actor dominant,-1.8519485223492,259
annual_presence,Militia dominant,-1.55141016397271,259
annual_presence,Park dominant,-1.134697284166,259
first_crossing_full,Neither actor dominant,0.716098210993438,260
first_crossing_full,Militia dominant,0.374299598185587,260
first_crossing_full,Park dominant,-0.244607221840362,260
first_crossing_restricted,Neither actor dominant,0.630403650809582,260
first_crossing_restricted,Militia dominant,0.274198235286389,260
first_crossing_restricted,Park dominant,-0.0873265433085322,260
persistence_corrected,Neither actor dominant,0.755174010517076,260
persistence_corrected,Militia dominant,0.211433900239805,260
persistence_corrected,Park dominant,-0.0572472517414685,260
annual_presence,Neither actor dominant,-2.12304847478618,260
annual_presence,Militia dominant,-1.68725727653271,260
annual_presence,Park dominant,-1.33388764695478,260
first_crossing_full,Neither actor dominant,0.0813011430685331,261
first_crossing_full,Militia dominant,0.0445816971379798,261
first_crossing_full,Park dominant,-0.562775524778527,261
first_crossing_restricted,Neither actor dominant,0.0370474576719432,261
first_crossing_restricted,Militia dominant,-0.00706311800857624,261
first_crossing_restricted,Park dominant,-0.525420154552673,261
persistence_corrected,Neither actor dominant,0.0221190866383194,261
persistence_corrected,Militia dominant,0.0269540401385049,261
persistence_corrected,Park dominant,-0.436088502427919,261
annual_presence,Neither actor dominant,-1.79308381070736,261
annual_presence,Militia dominant,-1.58317911814973,261
annual_presence,Park dominant,-1.40983201111295,261
first_crossing_full,Neither actor dominant,0.277728867490244,262
first_crossing_full,Militia dominant,0.392452263288079,262
first_crossing_full,Park dominant,-0.166056930914857,262
first_crossing_restricted,Neither actor dominant,0.217541098966509,262
first_crossing_restricted,Militia dominant,0.328630545622031,262
first_crossing_restricted,Park dominant,-0.0373596793940457,262
persistence_corrected,Neither actor dominant,0.306067655996634,262
persistence_corrected,Militia dominant,0.410606176771646,262
persistence_corrected,Park dominant,-0.144084069872524,262
annual_presence,Neither actor dominant,-1.58323909192779,262
annual_presence,Militia dominant,-1.31535491454341,262
annual_presence,Park dominant,-1.05055218523727,262
first_crossing_full,Neither actor dominant,0.43567306895547,263
first_crossing_full,Militia dominant,0.211999858171096,263
first_crossing_full,Park dominant,-0.60057014344945,263
first_crossing_restricted,Neither actor dominant,0.374211699084519,263
first_crossing_restricted,Militia dominant,0.139930075188452,263
first_crossing_restricted,Park dominant,-0.516759988570636,263
persistence_corrected,Neither actor dominant,0.448446839393721,263
persistence_corrected,Militia dominant,0.191318563692202,263
persistence_corrected,Park dominant,-0.516359005592197,263
annual_presence,Neither actor dominant,-0.802586779334651,263
annual_presence,Militia dominant,-0.501044272612237,263
annual_presence,Park dominant,-0.291715833572481,263
first_crossing_full,Neither actor dominant,0.693522876042608,264
first_crossing_full,Militia dominant,0.202288408708279,264
first_crossing_full,Park dominant,-0.543393912394187,264
first_crossing_restricted,Neither actor dominant,0.606311865925066,264
first_crossing_restricted,Militia dominant,0.103082730266843,264
first_crossing_restricted,Park dominant,-0.30344295549463,264
persistence_corrected,Neither actor dominant,0.582126154571928,264
persistence_corrected,Militia dominant,0.0776416619869513,264
persistence_corrected,Park dominant,-0.177287025696478,264
annual_presence,Neither actor dominant,-0.289606113993181,264
annual_presence,Militia dominant,-0.14149976416628,264
annual_presence,Park dominant,0.0225147427791556,264
first_crossing_full,Neither actor dominant,0.644974379680395,265
first_crossing_full,Militia dominant,0.594178021049568,265
first_crossing_full,Park dominant,-0.334309061948794,265
first_crossing_restricted,Neither actor dominant,0.54799754445987,265
first_crossing_restricted,Militia dominant,0.47805321274789,265
first_crossing_restricted,Park dominant,0.0126506731291924,265
persistence_corrected,Neither actor dominant,0.658617935264904,265
persistence_corrected,Militia dominant,0.490021118629962,265
persistence_corrected,Park dominant,-0.0954430015705604,265
annual_presence,Neither actor dominant,-0.505278635111342,265
annual_presence,Militia dominant,-0.126812004068148,265
annual_presence,Park dominant,0.0943759055163961,265
first_crossing_full,Neither actor dominant,-0.0110386973541467,266
first_crossing_full,Militia dominant,-0.0191789165118373,266
first_crossing_full,Park dominant,-0.00718813523453459,266
first_crossing_restricted,Neither actor dominant,-0.0473533997598464,266
first_crossing_restricted,Militia dominant,-0.0569918414180728,266
first_crossing_restricted,Park dominant,0.095328574716826,266
persistence_corrected,Neither actor dominant,0.0491016461208566,266
persistence_corrected,Militia dominant,-0.0987229737411528,266
persistence_corrected,Park dominant,0.0092793565299045,266
annual_presence,Neither actor dominant,-1.72977798296164,266
annual_presence,Militia dominant,-1.5756613030492,266
annual_presence,Park dominant,-1.3615322947971,266
first_crossing_full,Neither actor dominant,0.140056138105554,267
first_crossing_full,Militia dominant,-0.0182507218318155,267
first_crossing_full,Park dominant,-0.576988657944579,267
first_crossing_restricted,Neither actor dominant,0.114010854487009,267
first_crossing_restricted,Militia dominant,-0.0461005902962832,267
first_crossing_restricted,Park dominant,-0.686685395716508,267
persistence_corrected,Neither actor dominant,0.159243876211902,267
persistence_corrected,Militia dominant,-0.0902130302327379,267
persistence_corrected,Park dominant,-0.624738188896409,267
annual_presence,Neither actor dominant,-1.96574756409366,267
annual_presence,Militia dominant,-1.81964443673886,267
annual_presence,Park dominant,-1.66424378223413,267
first_crossing_full,Neither actor dominant,0.305080902874843,268
first_crossing_full,Militia dominant,0.115358319416541,268
first_crossing_full,Park dominant,-0.527098328923744,268
first_crossing_restricted,Neither actor dominant,0.242812260634032,268
first_crossing_restricted,Militia dominant,0.0481627070330477,268
first_crossing_restricted,Park dominant,-0.463414756186069,268
persistence_corrected,Neither actor dominant,0.258018311498718,268
persistence_corrected,Militia dominant,-0.0178554475557029,268
persistence_corrected,Park dominant,-0.40860101950317,268
annual_presence,Neither actor dominant,-0.633911327295309,268
annual_presence,Militia dominant,-0.519380002808958,268
annual_presence,Park dominant,-0.443260231754203,268
first_crossing_full,Neither actor dominant,0.397005554804226,269
first_crossing_full,Militia dominant,0.455280137785149,269
first_crossing_full,Park dominant,0.167093171037976,269
first_crossing_restricted,Neither actor dominant,0.365471031353153,269
first_crossing_restricted,Militia dominant,0.421647332019417,269
first_crossing_restricted,Park dominant,0.203319358254151,269
persistence_corrected,Neither actor dominant,0.350583033542653,269
persistence_corrected,Militia dominant,0.442928277638745,269
persistence_corrected,Park dominant,0.249043633918471,269
annual_presence,Neither actor dominant,-0.690234652423168,269
annual_presence,Militia dominant,-0.278955511235855,269
annual_presence,Park dominant,0.118912899985248,269
first_crossing_full,Neither actor dominant,-0.248158653576607,270
first_crossing_full,Militia dominant,-0.0540944111058345,270
first_crossing_full,Park dominant,-0.168547156899289,270
first_crossing_restricted,Neither actor dominant,-0.314293651859724,270
first_crossing_restricted,Militia dominant,-0.12299391376546,270
first_crossing_restricted,Park dominant,0.00802496947751924,270
persistence_corrected,Neither actor dominant,-0.244348180748805,270
persistence_corrected,Militia dominant,-0.15994760969186,270
persistence_corrected,Park dominant,-0.0415316973522976,270
annual_presence,Neither actor dominant,-2.32108325362598,270
annual_presence,Militia dominant,-2.12643124912191,270
annual_presence,Park dominant,-1.944569504753,270
first_crossing_full,Neither actor dominant,0.372773206001402,271
first_crossing_full,Militia dominant,0.280415403955255,271
first_crossing_full,Park dominant,-0.464458516936579,271
first_crossing_restricted,Neither actor dominant,0.252589599346412,271
first_crossing_restricted,Militia dominant,0.142756351783763,271
first_crossing_restricted,Park dominant,-0.111412429494919,271
persistence_corrected,Neither actor dominant,0.24082556295815,271
persistence_corrected,Militia dominant,0.217224151888647,271
persistence_corrected,Park dominant,-0.154799698759763,271
annual_presence,Neither actor dominant,-1.81929980491405,271
annual_presence,Militia dominant,-1.60608715410643,271
annual_presence,Park dominant,-1.38633072801195,271
first_crossing_full,Neither actor dominant,0.437919136365085,272
first_crossing_full,Militia dominant,0.177509554070375,272
first_crossing_full,Park dominant,0.0383483961250766,272
first_crossing_restricted,Neither actor dominant,0.406849232723459,272
first_crossing_restricted,Militia dominant,0.143092862010789,272
first_crossing_restricted,Park dominant,0.0760288616476308,272
persistence_corrected,Neither actor dominant,0.44354746159472,272
persistence_corrected,Militia dominant,0.0714491437085668,272
persistence_corrected,Park dominant,0.175588687029613,272
annual_presence,Neither actor dominant,-1.35875167819528,272
annual_presence,Militia dominant,-1.18374730683927,272
annual_presence,Park dominant,-0.919617889113577,272
first_crossing_full,Neither actor dominant,0.565548537025276,273
first_crossing_full,Militia dominant,0.437844827008806,273
first_crossing_full,Park dominant,-0.0124754912809946,273
first_crossing_restricted,Neither actor dominant,0.54997649596117,273
first_crossing_restricted,Militia dominant,0.419173956281757,273
first_crossing_restricted,Park dominant,-0.107484011663509,273
persistence_corrected,Neither actor dominant,0.633620858209322,273
persistence_corrected,Militia dominant,0.437165398168707,273
persistence_corrected,Park dominant,-0.0636012127386619,273
annual_presence,Neither actor dominant,-0.707508724259679,273
annual_presence,Militia dominant,-0.343003449336971,273
annual_presence,Park dominant,-0.0345651426224451,273
first_crossing_full,Neither actor dominant,0.504295900995784,274
first_crossing_full,Militia dominant,0.110437112143816,274
first_crossing_full,Park dominant,-0.238506984102014,274
first_crossing_restricted,Neither actor dominant,0.405716392116864,274
first_crossing_restricted,Militia dominant,0.00132765486978964,274
first_crossing_restricted,Park dominant,0.0730400942149623,274
persistence_corrected,Neither actor dominant,0.446002259762407,274
persistence_corrected,Militia dominant,-0.117671328898847,274
persistence_corrected,Park dominant,0.0878581666785848,274
annual_presence,Neither actor dominant,-1.44497304028373,274
annual_presence,Militia dominant,-1.29183666961933,274
annual_presence,Park dominant,-1.10567220078299,274
first_crossing_full,Neither actor dominant,0.283544510595815,275
first_crossing_full,Militia dominant,0.131133657703956,275
first_crossing_full,Park dominant,-0.385355169202331,275
first_crossing_restricted,Neither actor dominant,0.232103411889873,275
first_crossing_restricted,Militia dominant,0.0754159683585132,275
first_crossing_restricted,Park dominant,-0.341672487728973,275
persistence_corrected,Neither actor dominant,0.27281961174305,275
persistence_corrected,Militia dominant,0.119592072005566,275
persistence_corrected,Park dominant,-0.39160526513093,275
annual_presence,Neither actor dominant,-1.79934329839784,275
annual_presence,Militia dominant,-1.51123477514048,275
annual_presence,Park dominant,-1.25518067420213,275
first_crossing_full,Neither actor dominant,0.0311504972824972,276
first_crossing_full,Militia dominant,0.144325782940867,276
first_crossing_full,Park dominant,-0.412341722885499,276
first_crossing_restricted,Neither actor dominant,-0.0362933181913725,276
first_crossing_restricted,Militia dominant,0.0718466277784844,276
first_crossing_restricted,Park dominant,-0.328941104995083,276
persistence_corrected,Neither actor dominant,-0.0301547917956433,276
persistence_corrected,Militia dominant,0.08390017127282,276
persistence_corrected,Park dominant,-0.309124786052954,276
annual_presence,Neither actor dominant,-2.16102452145775,276
annual_presence,Militia dominant,-1.99074069782272,276
annual_presence,Park dominant,-1.80116962214067,276
first_crossing_full,Neither actor dominant,0.155208880419496,277
first_crossing_full,Militia dominant,0.341801293597521,277
first_crossing_full,Park dominant,-0.890070154538114,277
first_crossing_restricted,Neither actor dominant,0.0617990945309743,277
first_crossing_restricted,Militia dominant,0.243092460858689,277
first_crossing_restricted,Park dominant,-0.782665948166767,277
persistence_corrected,Neither actor dominant,0.0648712493489831,277
persistence_corrected,Militia dominant,0.223325343339443,277
persistence_corrected,Park dominant,-0.711333911796337,277
annual_presence,Neither actor dominant,-1.50163255598222,277
annual_presence,Militia dominant,-1.36420066476738,277
annual_presence,Park dominant,-1.33217458173781,277
first_crossing_full,Neither actor dominant,-0.422447241764838,278
first_crossing_full,Militia dominant,-0.123496421247485,278
first_crossing_full,Park dominant,-0.390035428492467,278
first_crossing_restricted,Neither actor dominant,-0.445998456524694,278
first_crossing_restricted,Militia dominant,-0.149686011536049,278
first_crossing_restricted,Park dominant,-0.406589234657458,278
persistence_corrected,Neither actor dominant,-0.424331768514652,278
persistence_corrected,Militia dominant,-0.163777351244136,278
persistence_corrected,Park dominant,-0.357597913280388,278
annual_presence,Neither actor dominant,-2.38005787597091,278
annual_presence,Militia dominant,-2.05903792380878,278
annual_presence,Park dominant,-1.78779051299252,278
first_crossing_full,Neither actor dominant,0.278764941796625,279
first_crossing_full,Militia dominant,0.0880402983642452,279
first_crossing_full,Park dominant,-0.761397363847123,279
first_crossing_restricted,Neither actor dominant,0.215282823307836,279
first_crossing_restricted,Militia dominant,0.0142692305517783,279
first_crossing_restricted,Park dominant,-0.749357148507437,279
persistence_corrected,Neither actor dominant,0.225924314786654,279
persistence_corrected,Militia dominant,-0.0779811572985739,279
persistence_corrected,Park dominant,-0.67479068803211,279
annual_presence,Neither actor dominant,-1.69321657822779,279
annual_presence,Militia dominant,-1.60974872812419,279
annual_presence,Park dominant,-1.70208387862658,279
first_crossing_full,Neither actor dominant,0.559170406378964,280
first_crossing_full,Militia dominant,-0.13010582604071,280
first_crossing_full,Park dominant,-0.485674335240792,280
first_crossing_restricted,Neither actor dominant,0.510274188009213,280
first_crossing_restricted,Militia dominant,-0.180924991746501,280
first_crossing_restricted,Park dominant,-0.418497343076946,280
persistence_corrected,Neither actor dominant,0.560939885559544,280
persistence_corrected,Militia dominant,-0.280960440070428,280
persistence_corrected,Park dominant,-0.354329272534803,280
annual_presence,Neither actor dominant,-0.37087573066513,280
annual_presence,Militia dominant,-0.310472665952807,280
annual_presence,Park dominant,-0.204821800886798,280
first_crossing_full,Neither actor dominant,0.198654116304607,281
first_crossing_full,Militia dominant,0.284000590716787,281
first_crossing_full,Park dominant,-0.199520120315804,281
first_crossing_restricted,Neither actor dominant,0.125137033655969,281
first_crossing_restricted,Militia dominant,0.206202704222562,281
first_crossing_restricted,Park dominant,0.0483219379959811,281
persistence_corrected,Neither actor dominant,0.157325256001619,281
persistence_corrected,Militia dominant,0.192200834808496,281
persistence_corrected,Park dominant,0.0181699681238768,281
annual_presence,Neither actor dominant,-0.340682698537016,281
annual_presence,Militia dominant,-0.213195890943093,281
annual_presence,Park dominant,-0.112847189258334,281
first_crossing_full,Neither actor dominant,0.285360606811643,282
first_crossing_full,Militia dominant,0.292969794043838,282
first_crossing_full,Park dominant,0.079588609627701,282
first_crossing_restricted,Neither actor dominant,0.239541045731834,282
first_crossing_restricted,Militia dominant,0.245057379218859,282
first_crossing_restricted,Park dominant,0.211472366140057,282
persistence_corrected,Neither actor dominant,0.26766567084221,282
persistence_corrected,Militia dominant,0.222454440290226,282
persistence_corrected,Park dominant,0.188388819593969,282
annual_presence,Neither actor dominant,-0.521616433845851,282
annual_presence,Militia dominant,-0.344002935153375,282
annual_presence,Park dominant,-0.0646170319929238,282
first_crossing_full,Neither actor dominant,0.311884375161697,283
first_crossing_full,Militia dominant,0.293786409932029,283
first_crossing_full,Park dominant,-0.218111338112742,283
first_crossing_restricted,Neither actor dominant,0.283064125460271,283
first_crossing_restricted,Militia dominant,0.263683505650699,283
first_crossing_restricted,Park dominant,-0.236488762901684,283
persistence_corrected,Neither actor dominant,0.282734781267779,283
persistence_corrected,Militia dominant,0.181050777797141,283
persistence_corrected,Park dominant,-0.150790308367865,283
annual_presence,Neither actor dominant,-0.196390178256162,283
annual_presence,Militia dominant,-0.107660965420026,283
annual_presence,Park dominant,-0.00975648663368403,283
first_crossing_full,Neither actor dominant,0.295864161061529,284
first_crossing_full,Militia dominant,0.591202821988248,284
first_crossing_full,Park dominant,-0.0479485233695072,284
first_crossing_restricted,Neither actor dominant,0.212680555043571,284
first_crossing_restricted,Militia dominant,0.504617370263302,284
first_crossing_restricted,Park dominant,0.107676356950171,284
persistence_corrected,Neither actor dominant,0.302854164018449,284
persistence_corrected,Militia dominant,0.477934309274513,284
persistence_corrected,Park dominant,0.0775000969873921,284
annual_presence,Neither actor dominant,-1.82777569574407,284
annual_presence,Militia dominant,-1.59814826324499,284
annual_presence,Park dominant,-1.29300630690011,284
first_crossing_full,Neither actor dominant,-0.0345781399549917,285
first_crossing_full,Militia dominant,-0.0753368145233065,285
first_crossing_full,Park dominant,-0.553809274920783,285
first_crossing_restricted,Neither actor dominant,-0.100410784536842,285
first_crossing_restricted,Militia dominant,-0.145884119091002,285
first_crossing_restricted,Park dominant,-0.422439635902103,285
persistence_corrected,Neither actor dominant,-0.0295106820948765,285
persistence_corrected,Militia dominant,-0.183147331368401,285
persistence_corrected,Park dominant,-0.473165261452228,285
annual_presence,Neither actor dominant,-1.85766767027905,285
annual_presence,Militia dominant,-1.69851486878,285
annual_presence,Park dominant,-1.5693508160867,285
first_crossing_full,Neither actor dominant,0.303788206844494,286
first_crossing_full,Militia dominant,0.369528063520099,286
first_crossing_full,Park dominant,-0.187601542360078,286
first_crossing_restricted,Neither actor dominant,0.187403731529628,286
first_crossing_restricted,Militia dominant,0.247689320288789,286
first_crossing_restricted,Park dominant,0.130187598293834,286
persistence_corrected,Neither actor dominant,0.243896022257222,286
persistence_corrected,Militia dominant,0.255894838019726,286
persistence_corrected,Park dominant,0.0662674614319529,286
annual_presence,Neither actor dominant,-1.73089044354311,286
annual_presence,Militia dominant,-1.54551423153778,286
annual_presence,Park dominant,-1.30166754377109,286
first_crossing_full,Neither actor dominant,0.254003074849513,287
first_crossing_full,Militia dominant,0.491456749644974,287
first_crossing_full,Park dominant,-0.336526371898134,287
first_crossing_restricted,Neither actor dominant,0.155785522887167,287
first_crossing_restricted,Militia dominant,0.387931957985009,287
first_crossing_restricted,Park dominant,-0.149663135195755,287
persistence_corrected,Neither actor dominant,0.191676618487779,287
persistence_corrected,Militia dominant,0.378404112887027,287
persistence_corrected,Park dominant,-0.187102582968466,287
annual_presence,Neither actor dominant,-1.9647198984664,287
annual_presence,Militia dominant,-1.68781570661709,287
annual_presence,Park dominant,-1.45944489701279,287
first_crossing_full,Neither actor dominant,-0.362251782243998,288
first_crossing_full,Militia dominant,0.183261398822068,288
first_crossing_full,Park dominant,0.151098000512656,288
first_crossing_restricted,Neither actor dominant,-0.351159132534222,288
first_crossing_restricted,Militia dominant,0.197106484194073,288
first_crossing_restricted,Park dominant,0.0677559569518164,288
persistence_corrected,Neither actor dominant,-0.294863801381156,288
persistence_corrected,Militia dominant,0.174727927836225,288
persistence_corrected,Park dominant,0.0757245628970143,288
annual_presence,Neither actor dominant,-2.28786646545739,288
annual_presence,Militia dominant,-1.92054859753663,288
annual_presence,Park dominant,-1.40394675209341,288
first_crossing_full,Neither actor dominant,0.354958087139372,289
first_crossing_full,Militia dominant,0.234887552249807,289
first_crossing_full,Park dominant,-0.268174156990085,289
first_crossing_restricted,Neither actor dominant,0.297922585333875,289
first_crossing_restricted,Militia dominant,0.17450921837582,289
first_crossing_restricted,Park dominant,-0.210268041284661,289
persistence_corrected,Neither actor dominant,0.391469711820832,289
persistence_corrected,Militia dominant,0.115329996394941,289
persistence_corrected,Park dominant,-0.286653002586744,289
annual_presence,Neither actor dominant,-1.5771041045269,289
annual_presence,Militia dominant,-1.44969267283909,289
annual_presence,Park dominant,-1.41003515839977,289
first_crossing_full,Neither actor dominant,0.118329818405106,290
first_crossing_full,Militia dominant,0.0572947528096655,290
first_crossing_full,Park dominant,-0.00706986611235383,290
first_crossing_restricted,Neither actor dominant,0.0606571775532413,290
first_crossing_restricted,Militia dominant,-0.00386320909838085,290
first_crossing_restricted,Park dominant,0.131191166059954,290
persistence_corrected,Neither actor dominant,0.144527975859258,290
persistence_corrected,Militia dominant,-0.0676275951718456,290
persistence_corrected,Park dominant,0.0405816582110095,290
annual_presence,Neither actor dominant,-1.8459271011194,290
annual_presence,Militia dominant,-1.69035112556318,290
annual_presence,Park dominant,-1.54738464438651,290
first_crossing_full,Neither actor dominant,0.184750152320764,291
first_crossing_full,Militia dominant,0.624806068064626,291
first_crossing_full,Park dominant,0.119584398796646,291
first_crossing_restricted,Neither actor dominant,0.127988178516205,291
first_crossing_restricted,Militia dominant,0.564362818291019,291
first_crossing_restricted,Park dominant,0.367133244742898,291
persistence_corrected,Neither actor dominant,0.182675254246527,291
persistence_corrected,Militia dominant,0.579422345898808,291
persistence_corrected,Park dominant,0.306472255252453,291
annual_presence,Neither actor dominant,-0.699676529505593,291
annual_presence,Militia dominant,-0.238566902661147,291
annual_presence,Park dominant,0.144556910451567,291
first_crossing_full,Neither actor dominant,0.395550900253963,292
first_crossing_full,Militia dominant,0.460202499612267,292
first_crossing_full,Park dominant,-0.121375635136522,292
first_crossing_restricted,Neither actor dominant,0.328386380033604,292
first_crossing_restricted,Militia dominant,0.388431579681005,292
first_crossing_restricted,Park dominant,0.0661008639065778,292
persistence_corrected,Neither actor dominant,0.336976121740499,292
persistence_corrected,Militia dominant,0.382721496673356,292
persistence_corrected,Park dominant,0.0672913774604456,292
annual_presence,Neither actor dominant,-0.478332464283429,292
annual_presence,Militia dominant,-0.253944669887958,292
annual_presence,Park dominant,-0.0207281977170877,292
first_crossing_full,Neither actor dominant,-0.0400765630854464,293
first_crossing_full,Militia dominant,0.00845867447915023,293
first_crossing_full,Park dominant,-0.381029241324576,293
first_crossing_restricted,Neither actor dominant,-0.103262602449442,293
first_crossing_restricted,Militia dominant,-0.0602460996885558,293
first_crossing_restricted,Park dominant,-0.268548299559244,293
persistence_corrected,Neither actor dominant,-0.0740889683265509,293
persistence_corrected,Militia dominant,-0.096750482060291,293
persistence_corrected,Park dominant,-0.235485274544769,293
annual_presence,Neither actor dominant,-2.19236104768174,293
annual_presence,Militia dominant,-1.8896347612277,293
annual_presence,Park dominant,-1.58548284627884,293
first_crossing_full,Neither actor dominant,0.289116881039689,294
first_crossing_full,Militia dominant,0.137168252546711,294
first_crossing_full,Park dominant,-0.339043831561588,294
first_crossing_restricted,Neither actor dominant,0.250838089766143,294
first_crossing_restricted,Militia dominant,0.0949664429653573,294
first_crossing_restricted,Park dominant,-0.307087415415478,294
persistence_corrected,Neither actor dominant,0.354624284345269,294
persistence_corrected,Militia dominant,0.0836510267930505,294
persistence_corrected,Park dominant,-0.345939250184135,294
annual_presence,Neither actor dominant,-0.703865108636976,294
annual_presence,Militia dominant,-0.396067477224111,294
annual_presence,Park dominant,-0.17401762112715,294
first_crossing_full,Neither actor dominant,0.34925047534076,295
first_crossing_full,Militia dominant,0.0386521126509462,295
first_crossing_full,Park dominant,-0.545723451344414,295
first_crossing_restricted,Neither actor dominant,0.26968631539595,295
first_crossing_restricted,Militia dominant,-0.0439174135017794,295
first_crossing_restricted,Park dominant,-0.426502060002326,295
persistence_corrected,Neither actor dominant,0.319802599245944,295
persistence_corrected,Militia dominant,-0.0910678081345508,295
persistence_corrected,Park dominant,-0.32664895580872,295
annual_presence,Neither actor dominant,-1.78434941999208,295
annual_presence,Militia dominant,-1.66747239977194,295
annual_presence,Park dominant,-1.55289842921571,295
first_crossing_full,Neither actor dominant,0.0751311193780825,296
first_crossing_full,Militia dominant,-0.239888989132795,296
first_crossing_full,Park dominant,-0.374176476840114,296
first_crossing_restricted,Neither actor dominant,0.0256958742534192,296
first_crossing_restricted,Militia dominant,-0.292614338619705,296
first_crossing_restricted,Park dominant,-0.218876941795928,296
persistence_corrected,Neither actor dominant,0.0695338340895433,296
persistence_corrected,Militia dominant,-0.346804637567695,296
persistence_corrected,Park dominant,-0.194558644270818,296
annual_presence,Neither actor dominant,-0.838556008088158,296
annual_presence,Militia dominant,-0.693463301397442,296
annual_presence,Park dominant,-0.474884326355919,296
first_crossing_full,Neither actor dominant,-0.384834890800981,297
first_crossing_full,Militia dominant,-0.176990595391059,297
first_crossing_full,Park dominant,-0.27279458435081,297
first_crossing_restricted,Neither actor dominant,-0.431521557568979,297
first_crossing_restricted,Militia dominant,-0.229091141011406,297
first_crossing_restricted,Park dominant,-0.13319251542696,297
persistence_corrected,Neither actor dominant,-0.326388355352355,297
persistence_corrected,Militia dominant,-0.242890892573749,297
persistence_corrected,Park dominant,-0.248681589578908,297
annual_presence,Neither actor dominant,-1.97243791093646,297
annual_presence,Militia dominant,-1.77941465864057,297
annual_presence,Park dominant,-1.58775783470988,297
first_crossing_full,Neither actor dominant,0.246857869942431,298
first_crossing_full,Militia dominant,0.208224684099535,298
first_crossing_full,Park dominant,-0.666024614845474,298
first_crossing_restricted,Neither actor dominant,0.162590946217514,298
first_crossing_restricted,Militia dominant,0.116545187726273,298
first_crossing_restricted,Park dominant,-0.535396127370409,298
persistence_corrected,Neither actor dominant,0.195710485717599,298
persistence_corrected,Militia dominant,0.131925059373662,298
persistence_corrected,Park dominant,-0.516266404303081,298
annual_presence,Neither actor dominant,-2.18243984565845,298
annual_presence,Militia dominant,-1.8983758063545,298
annual_presence,Park dominant,-1.5999470433971,298
first_crossing_full,Neither actor dominant,0.0852440210158351,299
first_crossing_full,Militia dominant,-0.007549263679191,299
first_crossing_full,Park dominant,-0.456634698365168,299
first_crossing_restricted,Neither actor dominant,0.0173238481219264,299
first_crossing_restricted,Militia dominant,-0.0784838539330461,299
first_crossing_restricted,Park dominant,-0.356334362271663,299
persistence_corrected,Neither actor dominant,0.0921270504989393,299
persistence_corrected,Militia dominant,-0.103545608425318,299
persistence_corrected,Park dominant,-0.405885291716555,299
annual_presence,Neither actor dominant,-1.85526047667926,299
annual_presence,Militia dominant,-1.75628646612261,299
annual_presence,Park dominant,-1.69966780623949,299
first_crossing_full,Neither actor dominant,0.183200015586839,300
first_crossing_full,Militia dominant,0.214724873762971,300
first_crossing_full,Park dominant,-0.448806074333336,300
first_crossing_restricted,Neither actor dominant,0.127927278782948,300
first_crossing_restricted,Militia dominant,0.154340027863526,300
first_crossing_restricted,Park dominant,-0.410474839732163,300
persistence_corrected,Neither actor dominant,0.222834146590985,300
persistence_corrected,Militia dominant,0.157741410619119,300
persistence_corrected,Park dominant,-0.412561438009325,300
annual_presence,Neither actor dominant,-1.94228477593003,300
annual_presence,Militia dominant,-1.65835999474898,300
annual_presence,Park dominant,-1.51011717616869,300
first_crossing_full,Neither actor dominant,0.280539572980427,301
first_crossing_full,Militia dominant,0.060262288553886,301
first_crossing_full,Park dominant,-0.231839185922969,301
first_crossing_restricted,Neither actor dominant,0.262797526227835,301
first_crossing_restricted,Militia dominant,0.0415073397518214,301
first_crossing_restricted,Park dominant,-0.250528886418167,301
persistence_corrected,Neither actor dominant,0.337429276927678,301
persistence_corrected,Militia dominant,-0.0568476580284306,301
persistence_corrected,Park dominant,-0.234777727339511,301
annual_presence,Neither actor dominant,-0.372642550992229,301
annual_presence,Militia dominant,-0.274334653279294,301
annual_presence,Park dominant,-0.205947545582166,301
first_crossing_full,Neither actor dominant,-0.0265007516041093,302
first_crossing_full,Militia dominant,0.225140921826554,302
first_crossing_full,Park dominant,-0.139818498439845,302
first_crossing_restricted,Neither actor dominant,-0.0609281720500225,302
first_crossing_restricted,Militia dominant,0.188280976819466,302
first_crossing_restricted,Park dominant,-0.00634518367969651,302
persistence_corrected,Neither actor dominant,0.02084695860733,302
persistence_corrected,Militia dominant,0.163414298044263,302
persistence_corrected,Park dominant,-0.0268634566635653,302
annual_presence,Neither actor dominant,-0.92650499135371,302
annual_presence,Militia dominant,-0.549581196496995,302
annual_presence,Park dominant,-0.156097920440593,302
first_crossing_full,Neither actor dominant,0.263081323675769,303
first_crossing_full,Militia dominant,0.327968888167,303
first_crossing_full,Park dominant,-0.437942975171224,303
first_crossing_restricted,Neither actor dominant,0.173259646982953,303
first_crossing_restricted,Militia dominant,0.234025610325974,303
first_crossing_restricted,Park dominant,-0.291815478112249,303
persistence_corrected,Neither actor dominant,0.186958399369203,303
persistence_corrected,Militia dominant,0.222636279421461,303
persistence_corrected,Park dominant,-0.2630491673427,303
annual_presence,Neither actor dominant,-1.74955544927768,303
annual_presence,Militia dominant,-1.57202744490774,303
annual_presence,Park dominant,-1.46377107842936,303
first_crossing_full,Neither actor dominant,0.075703086527738,304
first_crossing_full,Militia dominant,0.0560205442392297,304
first_crossing_full,Park dominant,-0.535708579738318,304
first_crossing_restricted,Neither actor dominant,0.0248740434512662,304
first_crossing_restricted,Militia dominant,-0.000789972143172391,304
first_crossing_restricted,Park dominant,-0.502465815035716,304
persistence_corrected,Neither actor dominant,0.0645167250416247,304
persistence_corrected,Militia dominant,-0.0493678755013336,304
persistence_corrected,Park dominant,-0.514680746538638,304
annual_presence,Neither actor dominant,-1.76654401739529,304
annual_presence,Militia dominant,-1.67325555323839,304
annual_presence,Park dominant,-1.6882019490311,304
first_crossing_full,Neither actor dominant,0.102547260759124,305
first_crossing_full,Militia dominant,-0.00252057330131175,305
first_crossing_full,Park dominant,-0.533265434061378,305
first_crossing_restricted,Neither actor dominant,0.0572097517629022,305
first_crossing_restricted,Militia dominant,-0.0505298379695663,305
first_crossing_restricted,Park dominant,-0.521815955663711,305
persistence_corrected,Neither actor dominant,0.0536676353667215,305
persistence_corrected,Militia dominant,-0.0800260655062239,305
persistence_corrected,Park dominant,-0.465689748304237,305
annual_presence,Neither actor dominant,-1.8488551649173,305
annual_presence,Militia dominant,-1.64745593062511,305
annual_presence,Park dominant,-1.39836045831819,305
first_crossing_full,Neither actor dominant,0.172681743411394,306
first_crossing_full,Militia dominant,0.299359000577024,306
first_crossing_full,Park dominant,-0.39679600977384,306
first_crossing_restricted,Neither actor dominant,0.11735433404905,306
first_crossing_restricted,Militia dominant,0.23971831847159,306
first_crossing_restricted,Park dominant,-0.355606515181861,306
persistence_corrected,Neither actor dominant,0.158490636841676,306
persistence_corrected,Militia dominant,0.274394854910449,306
persistence_corrected,Park dominant,-0.405860076899762,306
annual_presence,Neither actor dominant,-2.03590546324326,306
annual_presence,Militia dominant,-1.76778021995031,306
annual_presence,Park dominant,-1.45988823522342,306
first_crossing_full,Neither actor dominant,0.165699943710904,307
first_crossing_full,Militia dominant,0.392079082841392,307
first_crossing_full,Park dominant,0.171078447607412,307
first_crossing_restricted,Neither actor dominant,0.122569088296542,307
first_crossing_restricted,Militia dominant,0.345370411276237,307
first_crossing_restricted,Park dominant,0.328917944916911,307
persistence_corrected,Neither actor dominant,0.263482705001784,307
persistence_corrected,Militia dominant,0.358807680806522,307
persistence_corrected,Park dominant,0.161165732860446,307
annual_presence,Neither actor dominant,-0.642708474759475,307
annual_presence,Militia dominant,-0.395131148278964,307
annual_presence,Park dominant,-0.151382000721923,307
first_crossing_full,Neither actor dominant,-0.14676957822385,308
first_crossing_full,Militia dominant,0.245943611135088,308
first_crossing_full,Park dominant,-0.0246197546815399,308
first_crossing_restricted,Neither actor dominant,-0.200133031980513,308
first_crossing_restricted,Militia dominant,0.188233316358135,308
first_crossing_restricted,Park dominant,0.138508146475317,308
persistence_corrected,Neither actor dominant,-0.128001163746236,308
persistence_corrected,Militia dominant,0.160551672355538,308
persistence_corrected,Park dominant,0.148530329411237,308
annual_presence,Neither actor dominant,-2.05371404484564,308
annual_presence,Militia dominant,-1.81864592965177,308
annual_presence,Park dominant,-1.5191017573778,308
first_crossing_full,Neither actor dominant,0.244731172646828,309
first_crossing_full,Militia dominant,0.451678031718078,309
first_crossing_full,Park dominant,-0.361824467077011,309
first_crossing_restricted,Neither actor dominant,0.155497774078873,309
first_crossing_restricted,Militia dominant,0.3589711934343,309
first_crossing_restricted,Park dominant,-0.149767546901209,309
persistence_corrected,Neither actor dominant,0.170411710555781,309
persistence_corrected,Militia dominant,0.385585767546161,309
persistence_corrected,Park dominant,-0.162956077912358,309
annual_presence,Neither actor dominant,-1.47548632784408,309
annual_presence,Militia dominant,-1.22108486908375,309
annual_presence,Park dominant,-1.036041885212,309
first_crossing_full,Neither actor dominant,0.298850970053945,310
first_crossing_full,Militia dominant,0.111848128049952,310
first_crossing_full,Park dominant,-0.564402171331238,310
first_crossing_restricted,Neither actor dominant,0.232521542784582,310
first_crossing_restricted,Militia dominant,0.0383250510424265,310
first_crossing_restricted,Park dominant,-0.518142081762157,310
persistence_corrected,Neither actor dominant,0.215284882174694,310
persistence_corrected,Militia dominant,-0.00789122239766268,310
persistence_corrected,Park dominant,-0.410723753559522,310
annual_presence,Neither actor dominant,-1.96019226016968,310
annual_presence,Militia dominant,-1.78505154663308,310
annual_presence,Park dominant,-1.73857614740394,310
first_crossing_full,Neither actor dominant,0.244227162762659,311
first_crossing_full,Militia dominant,0.148486735298943,311
first_crossing_full,Park dominant,-0.459362909483868,311
first_crossing_restricted,Neither actor dominant,0.193775876846851,311
first_crossing_restricted,Militia dominant,0.094329354770821,311
first_crossing_restricted,Park dominant,-0.420597462857139,311
persistence_corrected,Neither actor dominant,0.206483721821592,311
persistence_corrected,Militia dominant,0.0235642100661077,311
persistence_corrected,Park dominant,-0.282239030215297,311
annual_presence,Neither actor dominant,-1.36330644721442,311
annual_presence,Militia dominant,-1.23924933594657,311
annual_presence,Park dominant,-1.21920174378052,311
first_crossing_full,Neither actor dominant,0.30508587419733,312
first_crossing_full,Militia dominant,0.455706561446465,312
first_crossing_full,Park dominant,-0.340241978700561,312
first_crossing_restricted,Neither actor dominant,0.226655804959623,312
first_crossing_restricted,Militia dominant,0.37129438742742,312
first_crossing_restricted,Park dominant,-0.182313214244044,312
persistence_corrected,Neither actor dominant,0.23615107842377,312
persistence_corrected,Militia dominant,0.362203849474501,312
persistence_corrected,Park dominant,-0.206573961759265,312
annual_presence,Neither actor dominant,-1.42234127415871,312
annual_presence,Militia dominant,-1.23414878998191,312
annual_presence,Park dominant,-1.01354786443829,312
first_crossing_full,Neither actor dominant,0.541228408327357,313
first_crossing_full,Militia dominant,0.604730069294326,313
first_crossing_full,Park dominant,-0.214571280290579,313
first_crossing_restricted,Neither actor dominant,0.44408644907942,313
first_crossing_restricted,Militia dominant,0.500706769789562,313
first_crossing_restricted,Park dominant,-0.0165680163760383,313
persistence_corrected,Neither actor dominant,0.425874225785319,313
persistence_corrected,Militia dominant,0.514346904922487,313
persistence_corrected,Park dominant,0.0191056154604811,313
annual_presence,Neither actor dominant,-1.27113360995086,313
annual_presence,Militia dominant,-1.01633751682028,313
annual_presence,Park dominant,-0.825416478175327,313
first_crossing_full,Neither actor dominant,0.275077437610723,314
first_crossing_full,Militia dominant,0.175116470439413,314
first_crossing_full,Park dominant,-0.834346819411496,314
first_crossing_restricted,Neither actor dominant,0.229900513108262,314
first_crossing_restricted,Militia dominant,0.125581011000408,314
first_crossing_restricted,Park dominant,-0.928021619709845,314
persistence_corrected,Neither actor dominant,0.228129453329222,314
persistence_corrected,Militia dominant,0.0868906783749502,314
persistence_corrected,Park dominant,-0.873538276928445,314
annual_presence,Neither actor dominant,-1.49311033517674,314
annual_presence,Militia dominant,-1.36482708337337,314
annual_presence,Park dominant,-1.38330993445574,314
first_crossing_full,Neither actor dominant,0.242221915800036,315
first_crossing_full,Militia dominant,-0.129579553364837,315
first_crossing_full,Park dominant,-0.560944933190624,315
first_crossing_restricted,Neither actor dominant,0.163579236204632,315
first_crossing_restricted,Militia dominant,-0.211679924878195,315
first_crossing_restricted,Park dominant,-0.412514581283219,315
persistence_corrected,Neither actor dominant,0.2083125219516,315
persistence_corrected,Militia dominant,-0.253763971891434,315
persistence_corrected,Park dominant,-0.404204839540058,315
annual_presence,Neither actor dominant,-1.93490954083137,315
annual_presence,Militia dominant,-1.81973155980514,315
annual_presence,Park dominant,-1.68303000994298,315
first_crossing_full,Neither actor dominant,0.127922512761711,316
first_crossing_full,Militia dominant,0.554466649688258,316
first_crossing_full,Park dominant,-0.226147702280725,316
first_crossing_restricted,Neither actor dominant,0.00501975152987222,316
first_crossing_restricted,Militia dominant,0.423241557822842,316
first_crossing_restricted,Park dominant,0.159907625373691,316
persistence_corrected,Neither actor dominant,0.085842154992147,316
persistence_corrected,Militia dominant,0.435787039937912,316
persistence_corrected,Park dominant,0.16237389397819,316
annual_presence,Neither actor dominant,-2.00074802374688,316
annual_presence,Militia dominant,-1.58400253412397,316
annual_presence,Park dominant,-1.31490565227953,316
first_crossing_full,Neither actor dominant,0.285931391381321,317
first_crossing_full,Militia dominant,0.366814962382818,317
first_crossing_full,Park dominant,0.00827287124603943,317
first_crossing_restricted,Neither actor dominant,0.184034898987079,317
first_crossing_restricted,Militia dominant,0.258727049225643,317
first_crossing_restricted,Park dominant,0.445507025097759,317
persistence_corrected,Neither actor dominant,0.237403517499141,317
persistence_corrected,Militia dominant,0.31813693799108,317
persistence_corrected,Park dominant,0.34233808816671,317
annual_presence,Neither actor dominant,-0.765162766652343,317
annual_presence,Militia dominant,-0.480904634937113,317
annual_presence,Park dominant,-0.114743182760463,317
first_crossing_full,Neither actor dominant,0.431025111523112,318
first_crossing_full,Militia dominant,0.197141613766282,318
first_crossing_full,Park dominant,-0.343316598108234,318
first_crossing_restricted,Neither actor dominant,0.341862939594635,318
first_crossing_restricted,Militia dominant,0.103922626476086,318
first_crossing_restricted,Park dominant,-0.197084558681519,318
persistence_corrected,Neither actor dominant,0.372754751678604,318
persistence_corrected,Militia dominant,0.0260829560775567,318
persistence_corrected,Park dominant,-0.126918155086163,318
annual_presence,Neither actor dominant,-1.64923031151543,318
annual_presence,Militia dominant,-1.5689287818045,318
annual_presence,Park dominant,-1.45548347658907,318
first_crossing_full,Neither actor dominant,0.187737671685855,319
first_crossing_full,Militia dominant,-0.0292338059960404,319
first_crossing_full,Park dominant,-0.432370043141259,319
first_crossing_restricted,Neither actor dominant,0.118342798590904,319
first_crossing_restricted,Militia dominant,-0.1009297337348,319
first_crossing_restricted,Park dominant,-0.343953625510484,319
persistence_corrected,Neither actor dominant,0.145047762216078,319
persistence_corrected,Militia dominant,-0.100919035767223,319
persistence_corrected,Park dominant,-0.384091281851993,319
annual_presence,Neither actor dominant,-2.0804335633806,319
annual_presence,Militia dominant,-1.95503451276194,319
annual_presence,Park dominant,-1.77176305527565,319
first_crossing_full,Neither actor dominant,0.786317202540198,320
first_crossing_full,Militia dominant,0.966924143037088,320
first_crossing_full,Park dominant,-0.00849031664784661,320
first_crossing_restricted,Neither actor dominant,0.689219485538168,320
first_crossing_restricted,Militia dominant,0.846143068593813,320
first_crossing_restricted,Park dominant,0.244047667855842,320
persistence_corrected,Neither actor dominant,0.881994830895073,320
persistence_corrected,Militia dominant,0.85274810108665,320
persistence_corrected,Park dominant,0.198354541616187,320
annual_presence,Neither actor dominant,-1.53438213840864,320
annual_presence,Militia dominant,-1.05564283667523,320
annual_presence,Park dominant,-0.762079001311651,320
first_crossing_full,Neither actor dominant,0.32335520377011,321
first_crossing_full,Militia dominant,-0.0160530640125438,321
first_crossing_full,Park dominant,-0.527884309866511,321
first_crossing_restricted,Neither actor dominant,0.24535615997891,321
first_crossing_restricted,Militia dominant,-0.098605535216204,321
first_crossing_restricted,Park dominant,-0.412543409945818,321
persistence_corrected,Neither actor dominant,0.263341975002657,321
persistence_corrected,Militia dominant,-0.132169100953021,321
persistence_corrected,Park dominant,-0.413325336095004,321
annual_presence,Neither actor dominant,-1.6320247323435,321
annual_presence,Militia dominant,-1.57308792706943,321
annual_presence,Park dominant,-1.51455332783841,321
first_crossing_full,Neither actor dominant,0.237466712192135,322
first_crossing_full,Militia dominant,0.0560042214915541,322
first_crossing_full,Park dominant,-0.421668229264673,322
first_crossing_restricted,Neither actor dominant,0.180618854047835,322
first_crossing_restricted,Militia dominant,-0.00396908868683511,322
first_crossing_restricted,Park dominant,-0.298845001768706,322
persistence_corrected,Neither actor dominant,0.223591111558478,322
persistence_corrected,Militia dominant,-0.0419406876131797,322
persistence_corrected,Park dominant,-0.326830444003495,322
annual_presence,Neither actor dominant,-0.408332172983213,322
annual_presence,Militia dominant,-0.315112429199542,322
annual_presence,Park dominant,-0.311332870762412,322
first_crossing_full,Neither actor dominant,0.730740668326034,323
first_crossing_full,Militia dominant,0.519001622671466,323
first_crossing_full,Park dominant,-0.232231803823299,323
first_crossing_restricted,Neither actor dominant,0.629246099298423,323
first_crossing_restricted,Militia dominant,0.406143968340685,323
first_crossing_restricted,Park dominant,0.0611187961836048,323
persistence_corrected,Neither actor dominant,0.65894715833591,323
persistence_corrected,Militia dominant,0.383696211624347,323
persistence_corrected,Park dominant,0.0787400289108011,323
annual_presence,Neither actor dominant,-0.469319207189858,323
annual_presence,Militia dominant,-0.253282861310985,323
annual_presence,Park dominant,-0.0529337741115064,323
first_crossing_full,Neither actor dominant,0.435781018606126,324
first_crossing_full,Militia dominant,0.442675280540375,324
first_crossing_full,Park dominant,-0.358594577685854,324
first_crossing_restricted,Neither actor dominant,0.374999000196102,324
first_crossing_restricted,Militia dominant,0.377952706994885,324
first_crossing_restricted,Park dominant,-0.241356620595484,324
persistence_corrected,Neither actor dominant,0.354962940077131,324
persistence_corrected,Militia dominant,0.380572388935189,324
persistence_corrected,Park dominant,-0.177685044792776,324
annual_presence,Neither actor dominant,-0.273787944932515,324
annual_presence,Militia dominant,-0.043871158602434,324
annual_presence,Park dominant,0.179685997666898,324
first_crossing_full,Neither actor dominant,0.349262025706137,325
first_crossing_full,Militia dominant,0.0176911815707264,325
first_crossing_full,Park dominant,-0.46627050587778,325
first_crossing_restricted,Neither actor dominant,0.292771614254127,325
first_crossing_restricted,Militia dominant,-0.0463355995572632,325
first_crossing_restricted,Park dominant,-0.313160244482672,325
persistence_corrected,Neither actor dominant,0.393822511278078,325
persistence_corrected,Militia dominant,-0.0314310668343112,325
persistence_corrected,Park dominant,-0.376880617724894,325
annual_presence,Neither actor dominant,-0.443843913383815,325
annual_presence,Militia dominant,-0.269409530297491,325
annual_presence,Park dominant,-0.197183763586571,325
first_crossing_full,Neither actor dominant,0.0472252121035117,326
first_crossing_full,Militia dominant,0.536814810580988,326
first_crossing_full,Park dominant,0.105943378871677,326
first_crossing_restricted,Neither actor dominant,0.0350090626658032,326
first_crossing_restricted,Militia dominant,0.522936596197067,326
first_crossing_restricted,Park dominant,0.0986476181093576,326
persistence_corrected,Neither actor dominant,0.0924264350250098,326
persistence_corrected,Militia dominant,0.514888727242195,326
persistence_corrected,Park dominant,0.199900731010217,326
annual_presence,Neither actor dominant,-0.939421942990605,326
annual_presence,Militia dominant,-0.444400358841073,326
annual_presence,Park dominant,-0.00903997040156441,326
first_crossing_full,Neither actor dominant,0.258493411436808,327
first_crossing_full,Militia dominant,0.14589700533925,327
first_crossing_full,Park dominant,-0.465691348363964,327
first_crossing_restricted,Neither actor dominant,0.159275049536305,327
first_crossing_restricted,Militia dominant,0.0332886025555123,327
first_crossing_restricted,Park dominant,-0.149531640424197,327
persistence_corrected,Neither actor dominant,0.250436609683478,327
persistence_corrected,Militia dominant,0.0929318280636347,327
persistence_corrected,Park dominant,-0.213641473070206,327
annual_presence,Neither actor dominant,-1.69110334547583,327
annual_presence,Militia dominant,-1.43979371748663,327
annual_presence,Park dominant,-1.26217022856319,327
first_crossing_full,Neither actor dominant,0.439391382576499,328
first_crossing_full,Militia dominant,0.271226945418235,328
first_crossing_full,Park dominant,-0.433617767282976,328
first_crossing_restricted,Neither actor dominant,0.390604003653535,328
first_crossing_restricted,Militia dominant,0.220018080372123,328
first_crossing_restricted,Park dominant,-0.469278411078701,328
persistence_corrected,Neither actor dominant,0.385266691695523,328
persistence_corrected,Militia dominant,0.105105028460571,328
persistence_corrected,Park dominant,-0.323378911169267,328
annual_presence,Neither actor dominant,-1.35107079377628,328
annual_presence,Militia dominant,-1.30177448387685,328
annual_presence,Park dominant,-1.31745339379608,328
first_crossing_full,Neither actor dominant,0.284382400128452,329
first_crossing_full,Militia dominant,0.400208468761025,329
first_crossing_full,Park dominant,-0.367870801574293,329
first_crossing_restricted,Neither actor dominant,0.202904164215534,329
first_crossing_restricted,Militia dominant,0.312049237817592,329
first_crossing_restricted,Park dominant,-0.176558662862125,329
persistence_corrected,Neither actor dominant,0.228859910365822,329
persistence_corrected,Militia dominant,0.312142502733547,329
persistence_corrected,Park dominant,-0.234389529200615,329
annual_presence,Neither actor dominant,-1.23462445301696,329
annual_presence,Militia dominant,-1.06650844829572,329
annual_presence,Park dominant,-1.04344139796449,329
first_crossing_full,Neither actor dominant,0.394119649466132,330
first_crossing_full,Militia dominant,0.0723856215216289,330
first_crossing_full,Park dominant,-0.41401323887339,330
first_crossing_restricted,Neither actor dominant,0.360731431596359,330
first_crossing_restricted,Militia dominant,0.0376602228451348,330
first_crossing_restricted,Park dominant,-0.482745017248905,330
persistence_corrected,Neither actor dominant,0.445841765395777,330
persistence_corrected,Militia dominant,-0.0165200686479588,330
persistence_corrected,Park dominant,-0.43353897436838,330
annual_presence,Neither actor dominant,-1.40246709450418,330
annual_presence,Militia dominant,-1.28017096282693,330
annual_presence,Park dominant,-1.14830861292665,330
first_crossing_full,Neither actor dominant,-0.263107575801317,331
first_crossing_full,Militia dominant,-0.0156424656957963,331
first_crossing_full,Park dominant,-0.287156350733235,331
first_crossing_restricted,Neither actor dominant,-0.28489810897869,331
first_crossing_restricted,Militia dominant,-0.040345977647235,331
first_crossing_restricted,Park dominant,-0.303280895857917,331
persistence_corrected,Neither actor dominant,-0.185603859345322,331
persistence_corrected,Militia dominant,-0.030307877837595,331
persistence_corrected,Park dominant,-0.435024369677421,331
annual_presence,Neither actor dominant,-2.35839816017039,331
annual_presence,Militia dominant,-1.95173596069186,331
annual_presence,Park dominant,-1.57949642532335,331
first_crossing_full,Neither actor dominant,-0.0190189648627745,332
first_crossing_full,Militia dominant,0.190327251521558,332
first_crossing_full,Park dominant,-0.133359388592603,332
first_crossing_restricted,Neither actor dominant,-0.0281898860574593,332
first_crossing_restricted,Militia dominant,0.180801213307893,332
first_crossing_restricted,Park dominant,-0.174865908653344,332
persistence_corrected,Neither actor dominant,0.0226917533909686,332
persistence_corrected,Militia dominant,0.119983868109671,332
persistence_corrected,Park dominant,-0.0986534654245474,332
annual_presence,Neither actor dominant,-0.424516968136859,332
annual_presence,Militia dominant,-0.297561055396706,332
annual_presence,Park dominant,-0.155432843562025,332
first_crossing_full,Neither actor dominant,0.671876148861532,333
first_crossing_full,Militia dominant,0.320089985340436,333
first_crossing_full,Park dominant,-0.0240657361637839,333
first_crossing_restricted,Neither actor dominant,0.618441398701363,333
first_crossing_restricted,Militia dominant,0.262090349768084,333
first_crossing_restricted,Park dominant,0.0789049347019725,333
persistence_corrected,Neither actor dominant,0.626015875933812,333
persistence_corrected,Militia dominant,0.282315452176309,333
persistence_corrected,Park dominant,0.093613030620926,333
annual_presence,Neither actor dominant,-0.266656414491082,333
annual_presence,Militia dominant,-0.0950845991133736,333
annual_presence,Park dominant,0.0756202534702261,333
first_crossing_full,Neither actor dominant,-0.0662677690107787,334
first_crossing_full,Militia dominant,-0.0897156306964807,334
first_crossing_full,Park dominant,-0.227181397102616,334
first_crossing_restricted,Neither actor dominant,-0.0526696387378183,334
first_crossing_restricted,Militia dominant,-0.0748058396522643,334
first_crossing_restricted,Park dominant,-0.397395908464132,334
persistence_corrected,Neither actor dominant,0.00825414432740457,334
persistence_corrected,Militia dominant,-0.120381545145271,334
persistence_corrected,Park dominant,-0.338045284249455,334
annual_presence,Neither actor dominant,-1.76253758064669,334
annual_presence,Militia dominant,-1.61555385933766,334
annual_presence,Park dominant,-1.45649860336676,334
first_crossing_full,Neither actor dominant,0.249493204700279,335
first_crossing_full,Militia dominant,0.14781800384773,335
first_crossing_full,Park dominant,-0.640145956150193,335
first_crossing_restricted,Neither actor dominant,0.168018461536882,335
first_crossing_restricted,Militia dominant,0.0607699428203034,335
first_crossing_restricted,Park dominant,-0.504503813874997,335
persistence_corrected,Neither actor dominant,0.235890571707663,335
persistence_corrected,Militia dominant,0.0541603316415978,335
persistence_corrected,Park dominant,-0.579692571834353,335
annual_presence,Neither actor dominant,-1.53659579335053,335
annual_presence,Militia dominant,-1.41208397982052,335
annual_presence,Park dominant,-1.36332036140133,335
first_crossing_full,Neither actor dominant,0.229918438731337,336
first_crossing_full,Militia dominant,0.000730792707406391,336
first_crossing_full,Park dominant,-0.373490920720134,336
first_crossing_restricted,Neither actor dominant,0.155980496949418,336
first_crossing_restricted,Militia dominant,-0.0783820276211554,336
first_crossing_restricted,Park dominant,-0.206824635053452,336
persistence_corrected,Neither actor dominant,0.224803259271618,336
persistence_corrected,Militia dominant,-0.0994864871126494,336
persistence_corrected,Park dominant,-0.229447840200521,336
annual_presence,Neither actor dominant,-1.50164530401996,336
annual_presence,Militia dominant,-1.36865003096782,336
annual_presence,Park dominant,-1.28239247881847,336
first_crossing_full,Neither actor dominant,-0.150164417625235,337
first_crossing_full,Militia dominant,-0.354786349674406,337
first_crossing_full,Park dominant,-0.370174237680965,337
first_crossing_restricted,Neither actor dominant,-0.200499622992115,337
first_crossing_restricted,Militia dominant,-0.408753801557226,337
first_crossing_restricted,Park dominant,-0.22086558682936,337
persistence_corrected,Neither actor dominant,-0.123794014909419,337
persistence_corrected,Militia dominant,-0.38038335889211,337
persistence_corrected,Park dominant,-0.361929975586628,337
annual_presence,Neither actor dominant,-2.17976284793069,337
annual_presence,Militia dominant,-1.96475204834216,337
annual_presence,Park dominant,-1.71793742910992,337
first_crossing_full,Neither actor dominant,-0.223798691948978,338
first_crossing_full,Militia dominant,-0.187495115636089,338
first_crossing_full,Park dominant,-0.38866115285353,338
first_crossing_restricted,Neither actor dominant,-0.290034887180171,338
first_crossing_restricted,Militia dominant,-0.262620021171805,338
first_crossing_restricted,Park dominant,-0.183700834861452,338
persistence_corrected,Neither actor dominant,-0.156774345118027,338
persistence_corrected,Militia dominant,-0.267552074207108,338
persistence_corrected,Park dominant,-0.292487605534138,338
annual_presence,Neither actor dominant,-2.62169866775183,338
annual_presence,Militia dominant,-2.2665223817348,338
annual_presence,Park dominant,-1.95110987424775,338
first_crossing_full,Neither actor dominant,0.210578802661791,339
first_crossing_full,Militia dominant,0.18951219491571,339
first_crossing_full,Park dominant,-0.29604690146427,339
first_crossing_restricted,Neither actor dominant,0.123898570429572,339
first_crossing_restricted,Militia dominant,0.0981264233497647,339
first_crossing_restricted,Park dominant,-0.102510126808354,339
persistence_corrected,Neither actor dominant,0.126385770967913,339
persistence_corrected,Militia dominant,0.0953051449010896,339
persistence_corrected,Park dominant,-0.069209453622198,339
annual_presence,Neither actor dominant,-1.9502597663825,339
annual_presence,Militia dominant,-1.69611577520529,339
annual_presence,Park dominant,-1.44290069821244,339
first_crossing_full,Neither actor dominant,-0.00674910481883255,340
first_crossing_full,Militia dominant,0.230407321209587,340
first_crossing_full,Park dominant,-0.359010532769695,340
first_crossing_restricted,Neither actor dominant,-0.0632168847060572,340
first_crossing_restricted,Militia dominant,0.17015654902766,340
first_crossing_restricted,Park dominant,-0.207275985166889,340
persistence_corrected,Neither actor dominant,-0.0632568594347082,340
persistence_corrected,Militia dominant,0.150498900572965,340
persistence_corrected,Park dominant,-0.13370444009885,340
annual_presence,Neither actor dominant,-0.626745362257769,340
annual_presence,Militia dominant,-0.382299101670261,340
annual_presence,Park dominant,-0.175964410021426,340
first_crossing_full,Neither actor dominant,0.191839149083889,341
first_crossing_full,Militia dominant,0.0872811156560656,341
first_crossing_full,Park dominant,-0.362135640945911,341
first_crossing_restricted,Neither actor dominant,0.131750851599885,341
first_crossing_restricted,Militia dominant,0.0232021198187158,341
first_crossing_restricted,Park dominant,-0.268965177377149,341
persistence_corrected,Neither actor dominant,0.172585980051518,341
persistence_corrected,Militia dominant,-0.00817309042265021,341
persistence_corrected,Park dominant,-0.216023595856191,341
annual_presence,Neither actor dominant,-1.64524894301716,341
annual_presence,Militia dominant,-1.45770513696261,341
annual_presence,Park dominant,-1.28520274039572,341
first_crossing_full,Neither actor dominant,-0.0572400742242134,342
first_crossing_full,Militia dominant,-0.0330364403257756,342
first_crossing_full,Park dominant,-0.370757044672877,342
first_crossing_restricted,Neither actor dominant,-0.0770812290571927,342
first_crossing_restricted,Militia dominant,-0.0549839018515019,342
first_crossing_restricted,Park dominant,-0.396564277278198,342
persistence_corrected,Neither actor dominant,-0.110783864221566,342
persistence_corrected,Militia dominant,-0.053036960024286,342
persistence_corrected,Park dominant,-0.295287718597798,342
annual_presence,Neither actor dominant,-0.94822616941881,342
annual_presence,Militia dominant,-0.691802461661952,342
annual_presence,Park dominant,-0.419570821794108,342
first_crossing_full,Neither actor dominant,0.635248477264511,343
first_crossing_full,Militia dominant,0.504376310593293,343
first_crossing_full,Park dominant,-0.365669128570173,343
first_crossing_restricted,Neither actor dominant,0.554123320445208,343
first_crossing_restricted,Militia dominant,0.416534835054123,343
first_crossing_restricted,Park dominant,-0.194601721585396,343
persistence_corrected,Neither actor dominant,0.614021613710219,343
persistence_corrected,Militia dominant,0.39802456979558,343
persistence_corrected,Park dominant,-0.111391776761606,343
annual_presence,Neither actor dominant,-0.377514275891445,343
annual_presence,Militia dominant,-0.160797196854384,343
annual_presence,Park dominant,0.019344205332297,343
first_crossing_full,Neither actor dominant,0.370527413310283,344
first_crossing_full,Militia dominant,0.331054085278897,344
first_crossing_full,Park dominant,-0.153836889457952,344
first_crossing_restricted,Neither actor dominant,0.316796628491984,344
first_crossing_restricted,Militia dominant,0.274893829868099,344
first_crossing_restricted,Park dominant,-0.0680459259365042,344
persistence_corrected,Neither actor dominant,0.434472161112863,344
persistence_corrected,Militia dominant,0.258012446909583,344
persistence_corrected,Park dominant,-0.113021398963187,344
annual_presence,Neither actor dominant,-0.545014172010786,344
annual_presence,Militia dominant,-0.386521929883556,344
annual_presence,Park dominant,-0.205205439027294,344
first_crossing_full,Neither actor dominant,0.124034752651935,345
first_crossing_full,Militia dominant,-0.172646367424886,345
first_crossing_full,Park dominant,-0.544760507338607,345
first_crossing_restricted,Neither actor dominant,0.0903548910986197,345
first_crossing_restricted,Militia dominant,-0.20865912948846,345
first_crossing_restricted,Park dominant,-0.599550943386544,345
persistence_corrected,Neither actor dominant,0.123378078894815,345
persistence_corrected,Militia dominant,-0.333494143553792,345
persistence_corrected,Park dominant,-0.521712767895269,345
annual_presence,Neither actor dominant,-1.80176000612629,345
annual_presence,Militia dominant,-1.74385954144054,345
annual_presence,Park dominant,-1.74708404976701,345
first_crossing_full,Neither actor dominant,0.488650225119029,346
first_crossing_full,Militia dominant,0.402383735227136,346
first_crossing_full,Park dominant,-0.28278871495167,346
first_crossing_restricted,Neither actor dominant,0.420213258246768,346
first_crossing_restricted,Militia dominant,0.325688318676924,346
first_crossing_restricted,Park dominant,-0.185788497044108,346
persistence_corrected,Neither actor dominant,0.557590942515423,346
persistence_corrected,Militia dominant,0.331030774064503,346
persistence_corrected,Park dominant,-0.317255783671076,346
annual_presence,Neither actor dominant,-1.41778476557885,346
annual_presence,Militia dominant,-1.18500707207091,346
annual_presence,Park dominant,-1.06791095823544,346
first_crossing_full,Neither actor dominant,0.345733577311851,347
first_crossing_full,Militia dominant,0.419977726807544,347
first_crossing_full,Park dominant,-0.283742625817954,347
first_crossing_restricted,Neither actor dominant,0.300078365079415,347
first_crossing_restricted,Militia dominant,0.367968592062072,347
first_crossing_restricted,Park dominant,-0.195322745881021,347
persistence_corrected,Neither actor dominant,0.320409190918544,347
persistence_corrected,Militia dominant,0.398510262804278,347
persistence_corrected,Park dominant,-0.177358885074294,347
annual_presence,Neither actor dominant,-0.490000643603225,347
annual_presence,Militia dominant,-0.203953030524512,347
annual_presence,Park dominant,0.0453743546722993,347
first_crossing_full,Neither actor dominant,-0.0317017332220153,348
first_crossing_full,Militia dominant,-0.354635934809523,348
first_crossing_full,Park dominant,-0.560916712415005,348
first_crossing_restricted,Neither actor dominant,-0.086244778795456,348
first_crossing_restricted,Militia dominant,-0.418064926264841,348
first_crossing_restricted,Park dominant,-0.319441942113212,348
persistence_corrected,Neither actor dominant,-0.0239971677514538,348
persistence_corrected,Militia dominant,-0.469241283679166,348
persistence_corrected,Park dominant,-0.401065920751252,348
annual_presence,Neither actor dominant,-0.817364151943219,348
annual_presence,Militia dominant,-0.711693093450982,348
annual_presence,Park dominant,-0.613326064669658,348
first_crossing_full,Neither actor dominant,0.432080920982623,349
first_crossing_full,Militia dominant,0.408796614960806,349
first_crossing_full,Park dominant,-0.139548766219319,349
first_crossing_restricted,Neither actor dominant,0.365454595446604,349
first_crossing_restricted,Militia dominant,0.337089488436932,349
first_crossing_restricted,Park dominant,-0.0238388162926028,349
persistence_corrected,Neither actor dominant,0.418609462003733,349
persistence_corrected,Militia dominant,0.323021698590749,349
persistence_corrected,Park dominant,-0.0841292354591878,349
annual_presence,Neither actor dominant,-1.32059618202915,349
annual_presence,Militia dominant,-1.10134031795626,349
annual_presence,Park dominant,-0.980679825091097,349
first_crossing_full,Neither actor dominant,0.0755256563134284,350
first_crossing_full,Militia dominant,0.102827001627139,350
first_crossing_full,Park dominant,-0.0648204883734569,350
first_crossing_restricted,Neither actor dominant,0.0395847651305246,350
first_crossing_restricted,Militia dominant,0.0646890667824417,350
first_crossing_restricted,Park dominant,-0.0611949886141571,350
persistence_corrected,Neither actor dominant,0.102859222007235,350
persistence_corrected,Militia dominant,0.0474263980081764,350
persistence_corrected,Park dominant,-0.00483601635519954,350
annual_presence,Neither actor dominant,-2.1343847754895,350
annual_presence,Militia dominant,-1.90518009110906,350
annual_presence,Park dominant,-1.61527429971058,350
first_crossing_full,Neither actor dominant,0.419856619488427,351
first_crossing_full,Militia dominant,0.339638377785797,351
first_crossing_full,Park dominant,-0.424760597591946,351
first_crossing_restricted,Neither actor dominant,0.367810373669506,351
first_crossing_restricted,Militia dominant,0.280747705641911,351
first_crossing_restricted,Park dominant,-0.433317423531037,351
persistence_corrected,Neither actor dominant,0.378843304610726,351
persistence_corrected,Militia dominant,0.230570395663843,351
persistence_corrected,Park dominant,-0.413437282696644,351
annual_presence,Neither actor dominant,-0.938669908019463,351
annual_presence,Militia dominant,-0.871649328850227,351
annual_presence,Park dominant,-1.01779766185692,351
first_crossing_full,Neither actor dominant,0.227289614298014,352
first_crossing_full,Militia dominant,0.192168786842946,352
first_crossing_full,Park dominant,-0.163832630005211,352
first_crossing_restricted,Neither actor dominant,0.180397872874433,352
first_crossing_restricted,Militia dominant,0.138909380602839,352
first_crossing_restricted,Park dominant,-0.0240796822694159,352
persistence_corrected,Neither actor dominant,0.182808927875733,352
persistence_corrected,Militia dominant,0.121070491127322,352
persistence_corrected,Park dominant,-0.00701130070820895,352
annual_presence,Neither actor dominant,-0.378252052722606,352
annual_presence,Militia dominant,-0.213042517925449,352
annual_presence,Park dominant,-0.0616946286277049,352
first_crossing_full,Neither actor dominant,0.5807405698392,353
first_crossing_full,Militia dominant,0.460596958261175,353
first_crossing_full,Park dominant,-0.420200824062566,353
first_crossing_restricted,Neither actor dominant,0.505433908394539,353
first_crossing_restricted,Militia dominant,0.379717789746038,353
first_crossing_restricted,Park dominant,-0.355658296927664,353
persistence_corrected,Neither actor dominant,0.55972591155959,353
persistence_corrected,Militia dominant,0.338567921007755,353
persistence_corrected,Park dominant,-0.322273671428313,353
annual_presence,Neither actor dominant,-1.60438397747578,353
annual_presence,Militia dominant,-1.36916174109115,353
annual_presence,Park dominant,-1.23116662200629,353
first_crossing_full,Neither actor dominant,0.779161502618221,354
first_crossing_full,Militia dominant,0.660628482018206,354
first_crossing_full,Park dominant,-0.149807961584686,354
first_crossing_restricted,Neither actor dominant,0.688097709277885,354
first_crossing_restricted,Militia dominant,0.56162089427287,354
first_crossing_restricted,Park dominant,0.127917777411108,354
persistence_corrected,Neither actor dominant,0.716398756615526,354
persistence_corrected,Militia dominant,0.570110118485875,354
persistence_corrected,Park dominant,0.121560114883797,354
annual_presence,Neither actor dominant,-0.169871407767419,354
annual_presence,Militia dominant,0.0896462523522964,354
annual_presence,Park dominant,0.315851777139337,354
first_crossing_full,Neither actor dominant,-0.178307606996139,355
first_crossing_full,Militia dominant,-0.20698266726147,355
first_crossing_full,Park dominant,-0.406661833330707,355
first_crossing_restricted,Neither actor dominant,-0.223404753205052,355
first_crossing_restricted,Militia dominant,-0.254421400853224,355
first_crossing_restricted,Park dominant,-0.323276682505695,355
persistence_corrected,Neither actor dominant,-0.193476027498314,355
persistence_corrected,Militia dominant,-0.255677860946114,355
persistence_corrected,Park dominant,-0.355499550466738,355
annual_presence,Neither actor dominant,-1.81541197951053,355
annual_presence,Militia dominant,-1.67390878290179,355
annual_presence,Park dominant,-1.53859423555453,355
first_crossing_full,Neither actor dominant,0.589900995914849,356
first_crossing_full,Militia dominant,0.571951572139404,356
first_crossing_full,Park dominant,-0.0355992702108976,356
first_crossing_restricted,Neither actor dominant,0.544398458319392,356
first_crossing_restricted,Militia dominant,0.524244119240832,356
first_crossing_restricted,Park dominant,-0.0159769000154821,356
persistence_corrected,Neither actor dominant,0.576985213739373,356
persistence_corrected,Militia dominant,0.492467330360077,356
persistence_corrected,Park dominant,0.0935983711633926,356
annual_presence,Neither actor dominant,-1.00006271820804,356
annual_presence,Militia dominant,-0.861960157404714,356
annual_presence,Park dominant,-0.689814225056476,356
first_crossing_full,Neither actor dominant,-0.0720996785915727,357
first_crossing_full,Militia dominant,-0.0194874398363271,357
first_crossing_full,Park dominant,-0.576231159512484,357
first_crossing_restricted,Neither actor dominant,-0.10579513710928,357
first_crossing_restricted,Militia dominant,-0.0578906991198309,357
first_crossing_restricted,Park dominant,-0.628832732303602,357
persistence_corrected,Neither actor dominant,-0.0693160289841872,357
persistence_corrected,Militia dominant,-0.0396314525594916,357
persistence_corrected,Park dominant,-0.559285211535444,357
annual_presence,Neither actor dominant,-2.629790030608,357
annual_presence,Militia dominant,-2.30238600885137,357
annual_presence,Park dominant,-1.92542952326755,357
first_crossing_full,Neither actor dominant,0.235585536185791,358
first_crossing_full,Militia dominant,0.18037300496978,358
first_crossing_full,Park dominant,-0.0357042777769054,358
first_crossing_restricted,Neither actor dominant,0.200156601538947,358
first_crossing_restricted,Militia dominant,0.141096085996632,358
first_crossing_restricted,Park dominant,0.0652663950905233,358
persistence_corrected,Neither actor dominant,0.197863014088595,358
persistence_corrected,Militia dominant,0.0819039491232341,358
persistence_corrected,Park dominant,0.143784646970566,358
annual_presence,Neither actor dominant,-0.263806388165444,358
annual_presence,Militia dominant,-0.146926295952857,358
annual_presence,Park dominant,-0.0278994914977654,358
first_crossing_full,Neither actor dominant,0.379535215936717,359
first_crossing_full,Militia dominant,0.313280366789704,359
first_crossing_full,Park dominant,-0.270705693257018,359
first_crossing_restricted,Neither actor dominant,0.294499753218929,359
first_crossing_restricted,Militia dominant,0.223395970807558,359
first_crossing_restricted,Park dominant,-0.0293721031441951,359
persistence_corrected,Neither actor dominant,0.358075479704482,359
persistence_corrected,Militia dominant,0.173988453687883,359
persistence_corrected,Park dominant,-0.0109066807910669,359
annual_presence,Neither actor dominant,-0.400052434295283,359
annual_presence,Militia dominant,-0.268353058747365,359
annual_presence,Park dominant,-0.0909160524844283,359
first_crossing_full,Neither actor dominant,0.54224364791296,360
first_crossing_full,Militia dominant,0.265932351227013,360
first_crossing_full,Park dominant,-0.456110567951836,360
first_crossing_restricted,Neither actor dominant,0.493593986727153,360
first_crossing_restricted,Militia dominant,0.212372416569966,360
first_crossing_restricted,Park dominant,-0.423189135805542,360
persistence_corrected,Neither actor dominant,0.498712727697374,360
persistence_corrected,Militia dominant,0.155737617496822,360
persistence_corrected,Park dominant,-0.393278383509446,360
annual_presence,Neither actor dominant,0.0427581735675617,360
annual_presence,Militia dominant,0.112521108562198,360
annual_presence,Park dominant,0.00135871922516998,360
first_crossing_full,Neither actor dominant,0.255258966199816,361
first_crossing_full,Militia dominant,0.324177552708397,361
first_crossing_full,Park dominant,-0.196430408330223,361
first_crossing_restricted,Neither actor dominant,0.228725710863413,361
first_crossing_restricted,Militia dominant,0.296233269259779,361
first_crossing_restricted,Park dominant,-0.265764547435406,361
persistence_corrected,Neither actor dominant,0.266283267378048,361
persistence_corrected,Militia dominant,0.340887107146436,361
persistence_corrected,Park dominant,-0.30337494848069,361
annual_presence,Neither actor dominant,-1.64484080111771,361
annual_presence,Militia dominant,-1.42183546762967,361
annual_presence,Park dominant,-1.17978751195588,361
first_crossing_full,Neither actor dominant,0.144457057672712,362
first_crossing_full,Militia dominant,0.0535201122453653,362
first_crossing_full,Park dominant,-0.101860399969462,362
first_crossing_restricted,Neither actor dominant,0.0901623512358306,362
first_crossing_restricted,Militia dominant,-0.00644455604775691,362
first_crossing_restricted,Park dominant,0.0765662882436785,362
persistence_corrected,Neither actor dominant,0.184456440474215,362
persistence_corrected,Militia dominant,-0.0306636589339604,362
persistence_corrected,Park dominant,0.0682670767278334,362
annual_presence,Neither actor dominant,-1.39753699443597,362
annual_presence,Militia dominant,-1.26205895480125,362
annual_presence,Park dominant,-1.16562050103455,362
first_crossing_full,Neither actor dominant,0.26262365465031,363
first_crossing_full,Militia dominant,0.163483173874662,363
first_crossing_full,Park dominant,-0.546590560322491,363
first_crossing_restricted,Neither actor dominant,0.192832950651,363
first_crossing_restricted,Militia dominant,0.0866921137830529,363
first_crossing_restricted,Park dominant,-0.477934037204957,363
persistence_corrected,Neither actor dominant,0.203155745662762,363
persistence_corrected,Militia dominant,0.0960227532058721,363
persistence_corrected,Park dominant,-0.468706957453433,363
annual_presence,Neither actor dominant,-1.82155494101168,363
annual_presence,Militia dominant,-1.60589471886903,363
annual_presence,Park dominant,-1.50484997857611,363
first_crossing_full,Neither actor dominant,-0.105831994403311,364
first_crossing_full,Militia dominant,0.15129493742512,364
first_crossing_full,Park dominant,-0.114991693419388,364
first_crossing_restricted,Neither actor dominant,-0.123363902908414,364
first_crossing_restricted,Militia dominant,0.131721837853733,364
first_crossing_restricted,Park dominant,-0.0450519205035355,364
persistence_corrected,Neither actor dominant,-0.0603485720003042,364
persistence_corrected,Militia dominant,0.0383061255833917,364
persistence_corrected,Park dominant,0.103631010749252,364
annual_presence,Neither actor dominant,-0.24407518045115,364
annual_presence,Militia dominant,-0.185303378651944,364
annual_presence,Park dominant,-0.13757215459597,364
first_crossing_full,Neither actor dominant,0.515036226289582,365
first_crossing_full,Militia dominant,0.22780954484525,365
first_crossing_full,Park dominant,-0.363576956997309,365
first_crossing_restricted,Neither actor dominant,0.430229387210112,365
first_crossing_restricted,Militia dominant,0.135230263417715,365
first_crossing_restricted,Park dominant,-0.191609936469572,365
persistence_corrected,Neither actor dominant,0.438601020967215,365
persistence_corrected,Militia dominant,0.195324668606111,365
persistence_corrected,Park dominant,-0.239632235052135,365
annual_presence,Neither actor dominant,-1.78644560766368,365
annual_presence,Militia dominant,-1.50461029132638,365
annual_presence,Park dominant,-1.19284820377724,365
first_crossing_full,Neither actor dominant,-0.274157919441395,366
first_crossing_full,Militia dominant,-0.0607550694893765,366
first_crossing_full,Park dominant,-0.470217196857229,366
first_crossing_restricted,Neither actor dominant,-0.357776358250807,366
first_crossing_restricted,Militia dominant,-0.149853852048337,366
first_crossing_restricted,Park dominant,-0.168761563072337,366
persistence_corrected,Neither actor dominant,-0.364196549343529,366
persistence_corrected,Militia dominant,-0.181779689214025,366
persistence_corrected,Park dominant,-0.185294873794079,366
annual_presence,Neither actor dominant,-1.71761131493446,366
annual_presence,Militia dominant,-1.59567660855355,366
annual_presence,Park dominant,-1.53130476675432,366
first_crossing_full,Neither actor dominant,0.0626697186419608,367
first_crossing_full,Militia dominant,0.139534944083852,367
first_crossing_full,Park dominant,-0.0271553442120808,367
first_crossing_restricted,Neither actor dominant,0.00875580339874926,367
first_crossing_restricted,Militia dominant,0.079668612944242,367
first_crossing_restricted,Park dominant,0.266753002864903,367
persistence_corrected,Neither actor dominant,0.0997907639354155,367
persistence_corrected,Militia dominant,0.0307278550882922,367
persistence_corrected,Park dominant,0.236930573766712,367
annual_presence,Neither actor dominant,-0.808719956810784,367
annual_presence,Militia dominant,-0.543935998913608,367
annual_presence,Park dominant,-0.207767352563024,367
first_crossing_full,Neither actor dominant,0.447131862448288,368
first_crossing_full,Militia dominant,0.430940530720252,368
first_crossing_full,Park dominant,-0.224189221394196,368
first_crossing_restricted,Neither actor dominant,0.332902895912161,368
first_crossing_restricted,Militia dominant,0.310322695817033,368
first_crossing_restricted,Park dominant,0.0674352879955326,368
persistence_corrected,Neither actor dominant,0.329273052999091,368
persistence_corrected,Militia dominant,0.326971680866157,368
persistence_corrected,Park dominant,0.0288285401395043,368
annual_presence,Neither actor dominant,-1.64183940142753,368
annual_presence,Militia dominant,-1.43275288137253,368
annual_presence,Park dominant,-1.23254638147609,368
first_crossing_full,Neither actor dominant,0.186032261163362,369
first_crossing_full,Militia dominant,0.155246332835079,369
first_crossing_full,Park dominant,-0.854454176641658,369
first_crossing_restricted,Neither actor dominant,0.0942317562370234,369
first_crossing_restricted,Militia dominant,0.0554525655518579,369
first_crossing_restricted,Park dominant,-0.701486351744681,369
persistence_corrected,Neither actor dominant,0.0885100567815634,369
persistence_corrected,Militia dominant,0.0718245828893823,369
persistence_corrected,Park dominant,-0.675678992417208,369
annual_presence,Neither actor dominant,-1.44170447637368,369
annual_presence,Militia dominant,-1.3180206186733,369
annual_presence,Park dominant,-1.37445407796972,369
first_crossing_full,Neither actor dominant,0.549568271383583,370
first_crossing_full,Militia dominant,0.0564970010921739,370
first_crossing_full,Park dominant,-0.471273922753671,370
first_crossing_restricted,Neither actor dominant,0.473138160801649,370
first_crossing_restricted,Militia dominant,-0.0278350989125851,370
first_crossing_restricted,Park dominant,-0.281633365353915,370
persistence_corrected,Neither actor dominant,0.526832940857251,370
persistence_corrected,Militia dominant,-0.029440947450023,370
persistence_corrected,Park dominant,-0.311056013386708,370
annual_presence,Neither actor dominant,-0.668796649464627,370
annual_presence,Militia dominant,-0.477687350093041,370
annual_presence,Park dominant,-0.298390189122233,370
first_crossing_full,Neither actor dominant,0.620332417456603,371
first_crossing_full,Militia dominant,0.333774975885554,371
first_crossing_full,Park dominant,-0.124702031078508,371
first_crossing_restricted,Neither actor dominant,0.558094869207087,371
first_crossing_restricted,Militia dominant,0.268057142148777,371
first_crossing_restricted,Park dominant,-0.0306019766988044,371
persistence_corrected,Neither actor dominant,0.578255893958254,371
persistence_corrected,Militia dominant,0.223359790496601,371
persistence_corrected,Park dominant,0.0287352248124074,371
annual_presence,Neither actor dominant,-0.370069376699561,371
annual_presence,Militia dominant,-0.225014582291753,371
annual_presence,Park dominant,-0.0486630854535955,371
first_crossing_full,Neither actor dominant,0.160391542196372,372
first_crossing_full,Militia dominant,0.380582249895862,372
first_crossing_full,Park dominant,-0.0933936043015654,372
first_crossing_restricted,Neither actor dominant,0.109559849188626,372
first_crossing_restricted,Militia dominant,0.324745102080966,372
first_crossing_restricted,Park dominant,0.0248385274787054,372
persistence_corrected,Neither actor dominant,0.202297464298788,372
persistence_corrected,Militia dominant,0.353520709645028,372
persistence_corrected,Park dominant,-0.0228430626165455,372
annual_presence,Neither actor dominant,-0.920231332158252,372
annual_presence,Militia dominant,-0.58604932869068,372
annual_presence,Park dominant,-0.269979931025728,372
first_crossing_full,Neither actor dominant,0.0962844728541295,373
first_crossing_full,Militia dominant,0.241206962172068,373
first_crossing_full,Park dominant,-0.212834530355613,373
first_crossing_restricted,Neither actor dominant,0.0545389052231776,373
first_crossing_restricted,Militia dominant,0.196110277966999,373
first_crossing_restricted,Park dominant,-0.179977885562566,373
persistence_corrected,Neither actor dominant,0.144103614938177,373
persistence_corrected,Militia dominant,0.181530903013699,373
persistence_corrected,Park dominant,-0.14977480756308,373
annual_presence,Neither actor dominant,-1.67726049138573,373
annual_presence,Militia dominant,-1.36225332398237,373
annual_presence,Park dominant,-1.12764887040915,373
first_crossing_full,Neither actor dominant,0.387096142420253,374
first_crossing_full,Militia dominant,0.285355301809393,374
first_crossing_full,Park dominant,-0.336014804553157,374
first_crossing_restricted,Neither actor dominant,0.35124629880975,374
first_crossing_restricted,Militia dominant,0.247521238394258,374
first_crossing_restricted,Park dominant,-0.355942959961274,374
persistence_corrected,Neither actor dominant,0.371789245220555,374
persistence_corrected,Militia dominant,0.18450212480357,374
persistence_corrected,Park dominant,-0.222810051019185,374
annual_presence,Neither actor dominant,-0.113065089000257,374
annual_presence,Militia dominant,-0.0246598519177943,374
annual_presence,Park dominant,0.0254322979382856,374
first_crossing_full,Neither actor dominant,0.795983505223605,375
first_crossing_full,Militia dominant,0.37489069452007,375
first_crossing_full,Park dominant,0.0320763514534015,375
first_crossing_restricted,Neither actor dominant,0.760595091544109,375
first_crossing_restricted,Militia dominant,0.33416791536456,375
first_crossing_restricted,Park dominant,0.0535086496853677,375
persistence_corrected,Neither actor dominant,0.813886486504502,375
persistence_corrected,Militia dominant,0.287522192916313,375
persistence_corrected,Park dominant,0.127751377855057,375
annual_presence,Neither actor dominant,-0.231088597511327,375
annual_presence,Militia dominant,-0.0727401796369174,375
annual_presence,Park dominant,0.227981976657092,375
first_crossing_full,Neither actor dominant,0.136703611582223,376
first_crossing_full,Militia dominant,0.239971518588467,376
first_crossing_full,Park dominant,-0.0387133346734939,376
first_crossing_restricted,Neither actor dominant,0.0807587599422119,376
first_crossing_restricted,Militia dominant,0.180910420960156,376
first_crossing_restricted,Park dominant,0.146981830701379,376
persistence_corrected,Neither actor dominant,0.0873463892799049,376
persistence_corrected,Militia dominant,0.165177351525143,376
persistence_corrected,Park dominant,0.146143768837485,376
annual_presence,Neither actor dominant,-0.34799338995691,376
annual_presence,Militia dominant,-0.215116961010749,376
annual_presence,Park dominant,-0.103064003811596,376
first_crossing_full,Neither actor dominant,-0.131845693960148,377
first_crossing_full,Militia dominant,0.201331406269807,377
first_crossing_full,Park dominant,-0.544331957506758,377
first_crossing_restricted,Neither actor dominant,-0.171580786124809,377
first_crossing_restricted,Militia dominant,0.159041968984779,377
first_crossing_restricted,Park dominant,-0.532153501078128,377
persistence_corrected,Neither actor dominant,-0.165101041503621,377
persistence_corrected,Militia dominant,0.140500344722855,377
persistence_corrected,Park dominant,-0.483930602741963,377
annual_presence,Neither actor dominant,-0.835514336722114,377
annual_presence,Militia dominant,-0.637448263377487,377
annual_presence,Park dominant,-0.497479632099397,377
first_crossing_full,Neither actor dominant,0.284094063361177,378
first_crossing_full,Militia dominant,0.42471541140337,378
first_crossing_full,Park dominant,-0.153393357719925,378
first_crossing_restricted,Neither actor dominant,0.184581895454594,378
first_crossing_restricted,Militia dominant,0.31798567760012,378
first_crossing_restricted,Park dominant,0.279286508125511,378
persistence_corrected,Neither actor dominant,0.202532188193112,378
persistence_corrected,Militia dominant,0.322343573155328,378
persistence_corrected,Park dominant,0.231276312007817,378
annual_presence,Neither actor dominant,-0.432385448187847,378
annual_presence,Militia dominant,-0.150139595433921,378
annual_presence,Park dominant,0.128925018728852,378
first_crossing_full,Neither actor dominant,0.355760186509366,379
first_crossing_full,Militia dominant,0.233443216437199,379
first_crossing_full,Park dominant,-0.106569072131524,379
first_crossing_restricted,Neither actor dominant,0.281994765354055,379
first_crossing_restricted,Militia dominant,0.154113836936716,379
first_crossing_restricted,Park dominant,0.0574355108748166,379
persistence_corrected,Neither actor dominant,0.324328324174665,379
persistence_corrected,Militia dominant,0.19504192083762,379
persistence_corrected,Park dominant,0.000881464732702064,379
annual_presence,Neither actor dominant,-1.82143623405286,379
annual_presence,Militia dominant,-1.59010438338531,379
annual_presence,Park dominant,-1.32809922117458,379
first_crossing_full,Neither actor dominant,0.269526424510982,380
first_crossing_full,Militia dominant,0.16034137319398,380
first_crossing_full,Park dominant,-0.279320759077774,380
first_crossing_restricted,Neither actor dominant,0.208675218673386,380
first_crossing_restricted,Militia dominant,0.092624407553199,380
first_crossing_restricted,Park dominant,-0.19920945803481,380
persistence_corrected,Neither actor dominant,0.281953082080872,380
persistence_corrected,Militia dominant,0.083693905121559,380
persistence_corrected,Park dominant,-0.282302854088568,380
annual_presence,Neither actor dominant,-2.16079503754423,380
annual_presence,Militia dominant,-1.8028817671009,380
annual_presence,Park dominant,-1.55581001276859,380
first_crossing_full,Neither actor dominant,0.101689189259685,381
first_crossing_full,Militia dominant,-0.156545017649818,381
first_crossing_full,Park dominant,-0.365914694615677,381
first_crossing_restricted,Neither actor dominant,0.0787737938899897,381
first_crossing_restricted,Militia dominant,-0.180494526215444,381
first_crossing_restricted,Park dominant,-0.411524984530684,381
persistence_corrected,Neither actor dominant,0.139007709910595,381
persistence_corrected,Militia dominant,-0.249064071986709,381
persistence_corrected,Park dominant,-0.341077637874496,381
annual_presence,Neither actor dominant,-1.38331941972664,381
annual_presence,Militia dominant,-1.34475046335834,381
annual_presence,Park dominant,-1.33509925246796,381
first_crossing_full,Neither actor dominant,0.256157301641831,382
first_crossing_full,Militia dominant,0.284252762363507,382
first_crossing_full,Park dominant,-0.114088350657657,382
first_crossing_restricted,Neither actor dominant,0.231899981488628,382
first_crossing_restricted,Militia dominant,0.25804385418822,382
first_crossing_restricted,Park dominant,-0.138650501301087,382
persistence_corrected,Neither actor dominant,0.32328118915149,382
persistence_corrected,Militia dominant,0.229363120846937,382
persistence_corrected,Park dominant,-0.208658983716646,382
annual_presence,Neither actor dominant,-1.46245034559798,382
annual_presence,Militia dominant,-1.35783469375483,382
annual_presence,Park dominant,-1.21059898695551,382
first_crossing_full,Neither actor dominant,0.282627835839104,383
first_crossing_full,Militia dominant,-0.0868076096111782,383
first_crossing_full,Park dominant,-0.41031882238818,383
first_crossing_restricted,Neither actor dominant,0.27510773579935,383
first_crossing_restricted,Militia dominant,-0.0947773993268166,383
first_crossing_restricted,Park dominant,-0.542187210339778,383
persistence_corrected,Neither actor dominant,0.31433146392476,383
persistence_corrected,Militia dominant,-0.152892532448415,383
persistence_corrected,Park dominant,-0.485279273368213,383
annual_presence,Neither actor dominant,-0.479749716943092,383
annual_presence,Militia dominant,-0.410095235506936,383
annual_presence,Park dominant,-0.27884726656545,383
first_crossing_full,Neither actor dominant,0.406609750709607,384
first_crossing_full,Militia dominant,0.132495446514632,384
first_crossing_full,Park dominant,-0.624394423392686,384
first_crossing_restricted,Neither actor dominant,0.327917069741132,384
first_crossing_restricted,Militia dominant,0.0492264818053904,384
first_crossing_restricted,Park dominant,-0.520456244131658,384
persistence_corrected,Neither actor dominant,0.336344553843941,384
persistence_corrected,Militia dominant,0.0115546688179983,384
persistence_corrected,Park dominant,-0.500854009665541,384
annual_presence,Neither actor dominant,-1.30740553950843,384
annual_presence,Militia dominant,-1.2105917945864,384
annual_presence,Park dominant,-1.21313461545534,384
first_crossing_full,Neither actor dominant,0.103074385364942,385
first_crossing_full,Militia dominant,-0.107915856710619,385
first_crossing_full,Park dominant,-0.332156484974441,385
first_crossing_restricted,Neither actor dominant,0.104980645825409,385
first_crossing_restricted,Militia dominant,-0.105902820517676,385
first_crossing_restricted,Park dominant,-0.466450278916968,385
persistence_corrected,Neither actor dominant,0.0972082069872311,385
persistence_corrected,Militia dominant,-0.164174536985573,385
persistence_corrected,Park dominant,-0.324311882510842,385
annual_presence,Neither actor dominant,-0.536397317782924,385
annual_presence,Militia dominant,-0.451429075855012,385
annual_presence,Park dominant,-0.301065815629364,385
first_crossing_full,Neither actor dominant,0.271545745482487,386
first_crossing_full,Militia dominant,0.376809319268614,386
first_crossing_full,Park dominant,-0.370086421201777,386
first_crossing_restricted,Neither actor dominant,0.196009118869269,386
first_crossing_restricted,Militia dominant,0.296307877636879,386
first_crossing_restricted,Park dominant,-0.210471448211616,386
persistence_corrected,Neither actor dominant,0.254371914214102,386
persistence_corrected,Militia dominant,0.356215236568198,386
persistence_corrected,Park dominant,-0.297456797784303,386
annual_presence,Neither actor dominant,-1.40588452341968,386
annual_presence,Militia dominant,-1.19259221418414,386
annual_presence,Park dominant,-1.11134816395317,386
first_crossing_full,Neither actor dominant,0.200760208154193,387
first_crossing_full,Militia dominant,0.333095454073077,387
first_crossing_full,Park dominant,-0.208812559198252,387
first_crossing_restricted,Neither actor dominant,0.197915037691256,387
first_crossing_restricted,Militia dominant,0.3300371994782,387
first_crossing_restricted,Park dominant,-0.369413927116114,387
persistence_corrected,Neither actor dominant,0.2415341519387,387
persistence_corrected,Militia dominant,0.276154162810242,387
persistence_corrected,Park dominant,-0.326616731205096,387
annual_presence,Neither actor dominant,-1.43336223192059,387
annual_presence,Militia dominant,-1.27236557070151,387
annual_presence,Park dominant,-1.11193200047926,387
first_crossing_full,Neither actor dominant,0.464490036728004,388
first_crossing_full,Militia dominant,0.428577678542467,388
first_crossing_full,Park dominant,-0.298695844826763,388
first_crossing_restricted,Neither actor dominant,0.367362400851812,388
first_crossing_restricted,Militia dominant,0.31951606443776,388
first_crossing_restricted,Park dominant,-0.0670110597303135,388
persistence_corrected,Neither actor dominant,0.392998699035714,388
persistence_corrected,Militia dominant,0.355936501671258,388
persistence_corrected,Park dominant,-0.138359392842037,388
annual_presence,Neither actor dominant,-1.54472320556044,388
annual_presence,Militia dominant,-1.32710808136947,388
annual_presence,Park dominant,-1.1682272972596,388
first_crossing_full,Neither actor dominant,0.551686172892186,389
first_crossing_full,Militia dominant,0.0589009072791779,389
first_crossing_full,Park dominant,-0.572618328097187,389
first_crossing_restricted,Neither actor dominant,0.492483369356738,389
first_crossing_restricted,Militia dominant,-0.00349333908106951,389
first_crossing_restricted,Park dominant,-0.525145925250061,389
persistence_corrected,Neither actor dominant,0.524902776439204,389
persistence_corrected,Militia dominant,-0.033899808168921,389
persistence_corrected,Park dominant,-0.45906865812483,389
annual_presence,Neither actor dominant,-0.557171251425972,389
annual_presence,Militia dominant,-0.433849111775413,389
annual_presence,Park dominant,-0.2903732577688,389
first_crossing_full,Neither actor dominant,0.264446525439652,390
first_crossing_full,Militia dominant,0.421569844877371,390
first_crossing_full,Park dominant,-0.226162334369296,390
first_crossing_restricted,Neither actor dominant,0.193293096690944,390
first_crossing_restricted,Militia dominant,0.34599663319958,390
first_crossing_restricted,Park dominant,-0.117845850180997,390
persistence_corrected,Neither actor dominant,0.216793425827938,390
persistence_corrected,Militia dominant,0.343774153355979,390
persistence_corrected,Park dominant,-0.138104753531801,390
annual_presence,Neither actor dominant,-1.84586859887383,390
annual_presence,Militia dominant,-1.58672109243222,390
annual_presence,Park dominant,-1.36554738273853,390
first_crossing_full,Neither actor dominant,0.3977531224241,391
first_crossing_full,Militia dominant,0.0327465039162523,391
first_crossing_full,Park dominant,-0.335936345342999,391
first_crossing_restricted,Neither actor dominant,0.345542693160736,391
first_crossing_restricted,Militia dominant,-0.0217792719912464,391
first_crossing_restricted,Park dominant,-0.307899308715025,391
persistence_corrected,Neither actor dominant,0.38539310286005,391
persistence_corrected,Militia dominant,-0.0556841030315672,391
persistence_corrected,Park dominant,-0.310338411634366,391
annual_presence,Neither actor dominant,-1.38430612446883,391
annual_presence,Militia dominant,-1.30004088984611,391
annual_presence,Park dominant,-1.19289418364479,391
first_crossing_full,Neither actor dominant,0.00364649988797569,392
first_crossing_full,Militia dominant,-0.261925242689348,392
first_crossing_full,Park dominant,-0.399589652226364,392
first_crossing_restricted,Neither actor dominant,-0.0276963987372975,392
first_crossing_restricted,Militia dominant,-0.29459086629559,392
first_crossing_restricted,Park dominant,-0.370653807342545,392
persistence_corrected,Neither actor dominant,0.041651805949234,392
persistence_corrected,Militia dominant,-0.420551265388806,392
persistence_corrected,Park dominant,-0.308932426801239,392
annual_presence,Neither actor dominant,-1.68822225018411,392
annual_presence,Militia dominant,-1.61833997817932,392
annual_presence,Park dominant,-1.53302084339803,392
first_crossing_full,Neither actor dominant,-0.173507672399924,393
first_crossing_full,Militia dominant,-0.131514184560332,393
first_crossing_full,Park dominant,-0.318944104137769,393
first_crossing_restricted,Neither actor dominant,-0.215474076738827,393
first_crossing_restricted,Militia dominant,-0.176629029720706,393
first_crossing_restricted,Park dominant,-0.235160945624022,393
persistence_corrected,Neither actor dominant,-0.141520710388016,393
persistence_corrected,Militia dominant,-0.267095433385507,393
persistence_corrected,Park dominant,-0.17798887018712,393
annual_presence,Neither actor dominant,-1.91537107453109,393
annual_presence,Militia dominant,-1.76154988700459,393
annual_presence,Park dominant,-1.55947822365015,393
first_crossing_full,Neither actor dominant,0.397459268595936,394
first_crossing_full,Militia dominant,-0.152871454899138,394
first_crossing_full,Park dominant,-0.364536092269237,394
first_crossing_restricted,Neither actor dominant,0.318199824996633,394
first_crossing_restricted,Militia dominant,-0.241352697252038,394
first_crossing_restricted,Park dominant,-0.200032894421836,394
persistence_corrected,Neither actor dominant,0.382200463537548,394
persistence_corrected,Militia dominant,-0.291145362237193,394
persistence_corrected,Park dominant,-0.225884502748635,394
annual_presence,Neither actor dominant,-1.97690585294714,394
annual_presence,Militia dominant,-1.88307497843967,394
annual_presence,Park dominant,-1.74540659510266,394
first_crossing_full,Neither actor dominant,0.139352116842686,395
first_crossing_full,Militia dominant,-0.0968005090809806,395
first_crossing_full,Park dominant,-0.680911485495091,395
first_crossing_restricted,Neither actor dominant,0.0451828299356646,395
first_crossing_restricted,Militia dominant,-0.203519709807707,395
first_crossing_restricted,Park dominant,-0.446313893072173,395
persistence_corrected,Neither actor dominant,-0.052438740759867,395
persistence_corrected,Militia dominant,-0.178635352657122,395
persistence_corrected,Park dominant,-0.408622721907692,395
annual_presence,Neither actor dominant,-1.9611419134013,395
annual_presence,Militia dominant,-1.79401006632247,395
annual_presence,Park dominant,-1.65015981296095,395
first_crossing_full,Neither actor dominant,-0.0797272332683755,396
first_crossing_full,Militia dominant,0.237372919969108,396
first_crossing_full,Park dominant,-0.162659083623559,396
first_crossing_restricted,Neither actor dominant,-0.140126580327597,396
first_crossing_restricted,Militia dominant,0.173573903974335,396
first_crossing_restricted,Park dominant,0.067620498191509,396
persistence_corrected,Neither actor dominant,-0.0669997479845863,396
persistence_corrected,Militia dominant,0.169749378760562,396
persistence_corrected,Park dominant,-0.0148478546234853,396
annual_presence,Neither actor dominant,-0.949029593654116,396
annual_presence,Militia dominant,-0.611376352274523,396
annual_presence,Park dominant,-0.246445888212116,396
first_crossing_full,Neither actor dominant,0.317870008653126,397
first_crossing_full,Militia dominant,0.480566981594836,397
first_crossing_full,Park dominant,-0.520237698399338,397
first_crossing_restricted,Neither actor dominant,0.287324085880629,397
first_crossing_restricted,Militia dominant,0.446083257005431,397
first_crossing_restricted,Park dominant,-0.661102848273922,397
persistence_corrected,Neither actor dominant,0.264681223263478,397
persistence_corrected,Militia dominant,0.449215649437734,397
persistence_corrected,Park dominant,-0.559356634134038,397
annual_presence,Neither actor dominant,-1.56529853140649,397
annual_presence,Militia dominant,-1.25999102672247,397
annual_presence,Park dominant,-1.09634331533363,397
first_crossing_full,Neither actor dominant,0.429670315636321,398
first_crossing_full,Militia dominant,0.323709767362131,398
first_crossing_full,Park dominant,-0.228774973657085,398
first_crossing_restricted,Neither actor dominant,0.385916723487244,398
first_crossing_restricted,Militia dominant,0.277339704042326,398
first_crossing_restricted,Park dominant,-0.154819015599036,398
persistence_corrected,Neither actor dominant,0.438572117621578,398
persistence_corrected,Militia dominant,0.236222270652657,398
persistence_corrected,Park dominant,-0.121433442482767,398
annual_presence,Neither actor dominant,-0.150770348149068,398
annual_presence,Militia dominant,-0.00582457487489066,398
annual_presence,Park dominant,0.136978295871104,398
first_crossing_full,Neither actor dominant,-0.177185603945593,399
first_crossing_full,Militia dominant,-0.349877653713585,399
first_crossing_full,Park dominant,-0.40737132782097,399
first_crossing_restricted,Neither actor dominant,-0.19900741447014,399
first_crossing_restricted,Militia dominant,-0.377309642195953,399
first_crossing_restricted,Park dominant,-0.39078423777333,399
persistence_corrected,Neither actor dominant,-0.150764351743879,399
persistence_corrected,Militia dominant,-0.338067968419397,399
persistence_corrected,Park dominant,-0.45380319432265,399
annual_presence,Neither actor dominant,-2.59232928849794,399
annual_presence,Militia dominant,-2.15533117963609,399
annual_presence,Park dominant,-1.73082077640076,399
first_crossing_full,Neither actor dominant,0.492787595977818,400
first_crossing_full,Militia dominant,-0.0898917130977018,400
first_crossing_full,Park dominant,-0.341225324769372,400
first_crossing_restricted,Neither actor dominant,0.444894377265017,400
first_crossing_restricted,Militia dominant,-0.144233614131757,400
first_crossing_restricted,Park dominant,-0.265141990557958,400
persistence_corrected,Neither actor dominant,0.476102854971401,400
persistence_corrected,Militia dominant,-0.107385803577604,400
persistence_corrected,Park dominant,-0.326102022290702,400
annual_presence,Neither actor dominant,-0.900769822303823,400
annual_presence,Militia dominant,-0.695359813157778,400
annual_presence,Park dominant,-0.46452093017583,400
first_crossing_full,Neither actor dominant,0.135912236917007,401
first_crossing_full,Militia dominant,0.422447411629638,401
first_crossing_full,Park dominant,-0.247958153256906,401
first_crossing_restricted,Neither actor dominant,0.0481295394526993,401
first_crossing_restricted,Militia dominant,0.328923294237441,401
first_crossing_restricted,Park dominant,-0.0229321103861292,401
persistence_corrected,Neither actor dominant,0.0706316473861741,401
persistence_corrected,Militia dominant,0.338159998500902,401
persistence_corrected,Park dominant,-0.0490130355750303,401
annual_presence,Neither actor dominant,-2.17015475736619,401
annual_presence,Militia dominant,-1.78095154728784,401
annual_presence,Park dominant,-1.42193060188153,401
first_crossing_full,Neither actor dominant,0.226094614524728,402
first_crossing_full,Militia dominant,-0.242048292573684,402
first_crossing_full,Park dominant,-0.417147950759537,402
first_crossing_restricted,Neither actor dominant,0.178361738857719,402
first_crossing_restricted,Militia dominant,-0.29355909232502,402
first_crossing_restricted,Park dominant,-0.381498164577987,402
persistence_corrected,Neither actor dominant,0.19467083313109,402
persistence_corrected,Militia dominant,-0.312982904588202,402
persistence_corrected,Park dominant,-0.433699955039922,402
annual_presence,Neither actor dominant,-2.06888599132589,402
annual_presence,Militia dominant,-1.88944497465838,402
annual_presence,Park dominant,-1.70285684580137,402
first_crossing_full,Neither actor dominant,0.647324747512244,403
first_crossing_full,Militia dominant,0.61346591930106,403
first_crossing_full,Park dominant,-0.170224769782419,403
first_crossing_restricted,Neither actor dominant,0.584737356754244,403
first_crossing_restricted,Militia dominant,0.539363976492467,403
first_crossing_restricted,Park dominant,-0.0850531543348441,403
persistence_corrected,Neither actor dominant,0.556627135017076,403
persistence_corrected,Militia dominant,0.59395504926779,403
persistence_corrected,Park dominant,-0.152647766703237,403
annual_presence,Neither actor dominant,-0.965759586014498,403
annual_presence,Militia dominant,-0.779068253218869,403
annual_presence,Park dominant,-0.721301149803524,403
first_crossing_full,Neither actor dominant,-0.0400619154250755,404
first_crossing_full,Militia dominant,0.250352720508702,404
first_crossing_full,Park dominant,-0.21135741797552,404
first_crossing_restricted,Neither actor dominant,-0.101343441594856,404
first_crossing_restricted,Militia dominant,0.181478745077692,404
first_crossing_restricted,Park dominant,-1.84267210728423e-05,404
persistence_corrected,Neither actor dominant,-0.0722029170266055,404
persistence_corrected,Militia dominant,0.193076641197348,404
persistence_corrected,Park dominant,-0.0155705687413642,404
annual_presence,Neither actor dominant,-1.20259734925274,404
annual_presence,Militia dominant,-0.684628570614565,404
annual_presence,Park dominant,-0.297404536144952,404
first_crossing_full,Neither actor dominant,0.199069696223333,405
first_crossing_full,Militia dominant,0.164535889164287,405
first_crossing_full,Park dominant,-0.460220176882676,405
first_crossing_restricted,Neither actor dominant,0.122877669221871,405
first_crossing_restricted,Militia dominant,0.0841168650778018,405
first_crossing_restricted,Park dominant,-0.377357336117833,405
persistence_corrected,Neither actor dominant,0.184204622470726,405
persistence_corrected,Militia dominant,0.110928342079857,405
persistence_corrected,Park dominant,-0.468864338790706,405
annual_presence,Neither actor dominant,-1.89998452950241,405
annual_presence,Militia dominant,-1.76694178353257,405
annual_presence,Park dominant,-1.68297288534136,405
first_crossing_full,Neither actor dominant,0.381572607652398,406
first_crossing_full,Militia dominant,0.375219506342748,406
first_crossing_full,Park dominant,-0.533986695281914,406
first_crossing_restricted,Neither actor dominant,0.322303869006323,406
first_crossing_restricted,Militia dominant,0.310670511131863,406
first_crossing_restricted,Park dominant,-0.49535096944289,406
persistence_corrected,Neither actor dominant,0.346452325393013,406
persistence_corrected,Militia dominant,0.430879775014073,406
persistence_corrected,Park dominant,-0.515869231976751,406
annual_presence,Neither actor dominant,-0.725176992670902,406
annual_presence,Militia dominant,-0.508782623256039,406
annual_presence,Park dominant,-0.309981999112118,406
first_crossing_full,Neither actor dominant,-0.244324609117131,407
first_crossing_full,Militia dominant,-0.0979003559933205,407
first_crossing_full,Park dominant,-0.365318748578905,407
first_crossing_restricted,Neither actor dominant,-0.291390764361472,407
first_crossing_restricted,Militia dominant,-0.150841812012358,407
first_crossing_restricted,Park dominant,-0.135157194764764,407
persistence_corrected,Neither actor dominant,-0.226111479474869,407
persistence_corrected,Militia dominant,-0.196496494696249,407
persistence_corrected,Park dominant,-0.193991212790139,407
annual_presence,Neither actor dominant,-0.683396801815741,407
annual_presence,Militia dominant,-0.488645311531154,407
annual_presence,Park dominant,-0.381071244460463,407
first_crossing_full,Neither actor dominant,0.26087277241988,408
first_crossing_full,Militia dominant,0.0683476650798576,408
first_crossing_full,Park dominant,-0.495981484220712,408
first_crossing_restricted,Neither actor dominant,0.204377249075357,408
first_crossing_restricted,Militia dominant,0.00754752616180612,408
first_crossing_restricted,Park dominant,-0.456337517620506,408
persistence_corrected,Neither actor dominant,0.268862026245373,408
persistence_corrected,Militia dominant,-0.0671671355896321,408
persistence_corrected,Park dominant,-0.396205806347053,408
annual_presence,Neither actor dominant,-1.59636369086286,408
annual_presence,Militia dominant,-1.52784420977428,408
annual_presence,Park dominant,-1.53948413828955,408
first_crossing_full,Neither actor dominant,0.706544536586032,409
first_crossing_full,Militia dominant,-0.0289639506306058,409
first_crossing_full,Park dominant,-0.494543951246049,409
first_crossing_restricted,Neither actor dominant,0.617008668855989,409
first_crossing_restricted,Militia dominant,-0.127628149869541,409
first_crossing_restricted,Park dominant,-0.340502696738845,409
persistence_corrected,Neither actor dominant,0.641558403691356,409
persistence_corrected,Militia dominant,-0.0880642046935996,409
persistence_corrected,Park dominant,-0.332863593003447,409
annual_presence,Neither actor dominant,-1.88728953271149,409
annual_presence,Militia dominant,-1.73203950626111,409
annual_presence,Park dominant,-1.49902524404968,409
first_crossing_full,Neither actor dominant,0.57848187315971,410
first_crossing_full,Militia dominant,0.220580314584906,410
first_crossing_full,Park dominant,-0.555615130298992,410
first_crossing_restricted,Neither actor dominant,0.508904578369641,410
first_crossing_restricted,Militia dominant,0.146002717156192,410
first_crossing_restricted,Park dominant,-0.463536403522626,410
persistence_corrected,Neither actor dominant,0.55788511010351,410
persistence_corrected,Militia dominant,0.128354858077793,410
persistence_corrected,Park dominant,-0.489749176909012,410
annual_presence,Neither actor dominant,-0.321898373861695,410
annual_presence,Militia dominant,-0.223254930667894,410
annual_presence,Park dominant,-0.200290244435001,410
first_crossing_full,Neither actor dominant,0.505231817692414,411
first_crossing_full,Militia dominant,0.433793234236408,411
first_crossing_full,Park dominant,0.0510621963424135,411
first_crossing_restricted,Neither actor dominant,0.470335632148865,411
first_crossing_restricted,Militia dominant,0.396163331757537,411
first_crossing_restricted,Park dominant,0.0259852277882761,411
persistence_corrected,Neither actor dominant,0.559972735030074,411
persistence_corrected,Militia dominant,0.368888695163514,411
persistence_corrected,Park dominant,-0.022996295741668,411
annual_presence,Neither actor dominant,-1.7606565409613,411
annual_presence,Militia dominant,-1.5277828744024,411
annual_presence,Park dominant,-1.22226693240464,411
first_crossing_full,Neither actor dominant,0.172721277021372,412
first_crossing_full,Militia dominant,0.0874103405214838,412
first_crossing_full,Park dominant,0.0397933095322674,412
first_crossing_restricted,Neither actor dominant,0.133939111002814,412
first_crossing_restricted,Militia dominant,0.0452604491272272,412
first_crossing_restricted,Park dominant,0.145344725872211,412
persistence_corrected,Neither actor dominant,0.17129735944428,412
persistence_corrected,Militia dominant,0.134693991875391,412
persistence_corrected,Park dominant,0.12256324137794,412
annual_presence,Neither actor dominant,-1.89332714440623,412
annual_presence,Militia dominant,-1.60762177325741,412
annual_presence,Park dominant,-1.17400062032285,412
first_crossing_full,Neither actor dominant,0.12727130689383,413
first_crossing_full,Militia dominant,0.154476276711992,413
first_crossing_full,Park dominant,-0.82814818389206,413
first_crossing_restricted,Neither actor dominant,0.0516798145890299,413
first_crossing_restricted,Militia dominant,0.0665226933623293,413
first_crossing_restricted,Park dominant,-0.747329809240698,413
persistence_corrected,Neither actor dominant,0.0640157824673263,413
persistence_corrected,Militia dominant,0.0727538153269629,413
persistence_corrected,Park dominant,-0.656518920721389,413
annual_presence,Neither actor dominant,-1.64397027620964,413
annual_presence,Militia dominant,-1.53474058611884,413
annual_presence,Park dominant,-1.57616964724717,413
first_crossing_full,Neither actor dominant,-0.0816525966803101,414
first_crossing_full,Militia dominant,-0.239465030072275,414
first_crossing_full,Park dominant,-0.468826865937998,414
first_crossing_restricted,Neither actor dominant,-0.110511328427073,414
first_crossing_restricted,Militia dominant,-0.27092504017611,414
first_crossing_restricted,Park dominant,-0.38650821184901,414
persistence_corrected,Neither actor dominant,-0.076420834846779,414
persistence_corrected,Militia dominant,-0.287604186739188,414
persistence_corrected,Park dominant,-0.380997019024356,414
annual_presence,Neither actor dominant,-0.676957288901747,414
annual_presence,Militia dominant,-0.54295969085889,414
annual_presence,Park dominant,-0.471053840037382,414
first_crossing_full,Neither actor dominant,0.432457916515623,415
first_crossing_full,Militia dominant,-0.0562758902644236,415
first_crossing_full,Park dominant,-0.879638409825038,415
first_crossing_restricted,Neither actor dominant,0.362038217534145,415
first_crossing_restricted,Militia dominant,-0.134005059794042,415
first_crossing_restricted,Park dominant,-0.775299356741903,415
persistence_corrected,Neither actor dominant,0.391835204992785,415
persistence_corrected,Militia dominant,-0.160455260588665,415
persistence_corrected,Park dominant,-0.744808320507261,415
annual_presence,Neither actor dominant,-0.306445350339106,415
annual_presence,Militia dominant,-0.246313392629133,415
annual_presence,Park dominant,-0.277826373763599,415
first_crossing_full,Neither actor dominant,0.659444443846904,416
first_crossing_full,Militia dominant,0.210073208078037,416
first_crossing_full,Park dominant,-0.287098213749519,416
first_crossing_restricted,Neither actor dominant,0.590715387759401,416
first_crossing_restricted,Militia dominant,0.135353385938823,416
first_crossing_restricted,Park dominant,-0.136812934922078,416
persistence_corrected,Neither actor dominant,0.676807780391906,416
persistence_corrected,Militia dominant,0.073986160884912,416
persistence_corrected,Park dominant,-0.141042281444178,416
annual_presence,Neither actor dominant,-0.289872628835057,416
annual_presence,Militia dominant,-0.159342759886352,416
annual_presence,Park dominant,-0.0752932223916484,416
first_crossing_full,Neither actor dominant,0.383280060228507,417
first_crossing_full,Militia dominant,0.207028010345366,417
first_crossing_full,Park dominant,-0.353945437117864,417
first_crossing_restricted,Neither actor dominant,0.311636975741351,417
first_crossing_restricted,Militia dominant,0.131986562637312,417
first_crossing_restricted,Park dominant,-0.264982777767912,417
persistence_corrected,Neither actor dominant,0.288774016235053,417
persistence_corrected,Militia dominant,0.0954789743017728,417
persistence_corrected,Park dominant,-0.0995871885578374,417
annual_presence,Neither actor dominant,-1.48999488398605,417
annual_presence,Militia dominant,-1.260181288732,417
annual_presence,Park dominant,-1.06604959506385,417
first_crossing_full,Neither actor dominant,0.325138977840564,418
first_crossing_full,Militia dominant,0.385134399884843,418
first_crossing_full,Park dominant,-0.0484659549068019,418
first_crossing_restricted,Neither actor dominant,0.286618572391258,418
first_crossing_restricted,Militia dominant,0.344827298629923,418
first_crossing_restricted,Park dominant,-0.0311159253338608,418
persistence_corrected,Neither actor dominant,0.313512151565755,418
persistence_corrected,Militia dominant,0.302610175430855,418
persistence_corrected,Park dominant,0.0331567152756102,418
annual_presence,Neither actor dominant,-1.47551754960648,418
annual_presence,Militia dominant,-1.23537802268524,418
annual_presence,Park dominant,-0.948722555573508,418
first_crossing_full,Neither actor dominant,-0.0200647812068961,419
first_crossing_full,Militia dominant,-0.157991420051494,419
first_crossing_full,Park dominant,-0.565439402065724,419
first_crossing_restricted,Neither actor dominant,-0.0588336436450222,419
first_crossing_restricted,Militia dominant,-0.199436023559237,419
first_crossing_restricted,Park dominant,-0.559989767475945,419
persistence_corrected,Neither actor dominant,-0.0614640660104685,419
persistence_corrected,Militia dominant,-0.263220706825104,419
persistence_corrected,Park dominant,-0.466388610333213,419
annual_presence,Neither actor dominant,-1.58284020312337,419
annual_presence,Militia dominant,-1.49856357780849,419
annual_presence,Park dominant,-1.43936730104614,419
first_crossing_full,Neither actor dominant,0.547138134117794,420
first_crossing_full,Militia dominant,0.557513101871107,420
first_crossing_full,Park dominant,-0.442563310126679,420
first_crossing_restricted,Neither actor dominant,0.456694747638771,420
first_crossing_restricted,Militia dominant,0.460821522614459,420
first_crossing_restricted,Park dominant,-0.237951246743629,420
persistence_corrected,Neither actor dominant,0.441498537011169,420
persistence_corrected,Militia dominant,0.478279538245731,420
persistence_corrected,Park dominant,-0.194379604835478,420
annual_presence,Neither actor dominant,-0.376905356551587,420
annual_presence,Militia dominant,-0.172281321589454,420
annual_presence,Park dominant,-0.0049371732055732,420
first_crossing_full,Neither actor dominant,-0.237968071884459,421
first_crossing_full,Militia dominant,0.0959287388463083,421
first_crossing_full,Park dominant,-0.385545175123594,421
first_crossing_restricted,Neither actor dominant,-0.232935050530356,421
first_crossing_restricted,Militia dominant,0.101409543248354,421
first_crossing_restricted,Park dominant,-0.504374243363744,421
persistence_corrected,Neither actor dominant,-0.178373192871725,421
persistence_corrected,Militia dominant,0.0356555414471184,421
persistence_corrected,Park dominant,-0.396508732500486,421
annual_presence,Neither actor dominant,-0.661170112682967,421
annual_presence,Militia dominant,-0.481046667891475,421
annual_presence,Park dominant,-0.383478136748452,421
first_crossing_full,Neither actor dominant,0.456855500280364,422
first_crossing_full,Militia dominant,0.120129580109588,422
first_crossing_full,Park dominant,-0.119238680973267,422
first_crossing_restricted,Neither actor dominant,0.405826595098591,422
first_crossing_restricted,Militia dominant,0.0636724800095115,422
first_crossing_restricted,Park dominant,-0.0148193873645155,422
persistence_corrected,Neither actor dominant,0.455575720962556,422
persistence_corrected,Militia dominant,0.0533617369861847,422
persistence_corrected,Park dominant,-0.117427348963217,422
annual_presence,Neither actor dominant,-0.735906627206771,422
annual_presence,Militia dominant,-0.510893209942221,422
annual_presence,Park dominant,-0.270930126614818,422
first_crossing_full,Neither actor dominant,-0.0775876125114199,423
first_crossing_full,Militia dominant,0.150950608220115,423
first_crossing_full,Park dominant,-0.276805795656844,423
first_crossing_restricted,Neither actor dominant,-0.136965258998209,423
first_crossing_restricted,Militia dominant,0.0886501256910244,423
first_crossing_restricted,Park dominant,-0.162475582564491,423
persistence_corrected,Neither actor dominant,-0.0706817094637079,423
persistence_corrected,Militia dominant,0.0629618094100636,423
persistence_corrected,Park dominant,-0.207797616917027,423
annual_presence,Neither actor dominant,-2.08786667872624,423
annual_presence,Militia dominant,-1.87354536821947,423
annual_presence,Park dominant,-1.62623579602199,423
first_crossing_full,Neither actor dominant,0.0562057564690089,424
first_crossing_full,Militia dominant,-0.12516262957737,424
first_crossing_full,Park dominant,-0.533090824537968,424
first_crossing_restricted,Neither actor dominant,0.0107416122867651,424
first_crossing_restricted,Militia dominant,-0.173566532142276,424
first_crossing_restricted,Park dominant,-0.513665831433878,424
persistence_corrected,Neither actor dominant,0.0753333592331495,424
persistence_corrected,Militia dominant,-0.283138145268317,424
persistence_corrected,Park dominant,-0.455810054232305,424
annual_presence,Neither actor dominant,-1.6978094380877,424
annual_presence,Militia dominant,-1.66319823649534,424
annual_presence,Park dominant,-1.69735554979529,424
first_crossing_full,Neither actor dominant,-0.192202583392578,425
first_crossing_full,Militia dominant,0.126654884550341,425
first_crossing_full,Park dominant,-0.253983508146818,425
first_crossing_restricted,Neither actor dominant,-0.250903346545411,425
first_crossing_restricted,Militia dominant,0.0616579120787511,425
first_crossing_restricted,Park dominant,-0.034267191705366,425
persistence_corrected,Neither actor dominant,-0.152111743149638,425
persistence_corrected,Militia dominant,-0.0339183546323634,425
persistence_corrected,Park dominant,-0.047977998863645,425
annual_presence,Neither actor dominant,-0.450820516819279,425
annual_presence,Militia dominant,-0.358572123397133,425
annual_presence,Park dominant,-0.385549837231467,425
first_crossing_full,Neither actor dominant,0.0947890647051134,426
first_crossing_full,Militia dominant,0.560578960066789,426
first_crossing_full,Park dominant,-0.0919385439492601,426
first_crossing_restricted,Neither actor dominant,0.0292369702346706,426
first_crossing_restricted,Militia dominant,0.489671921302131,426
first_crossing_restricted,Park dominant,0.0738657195135116,426
persistence_corrected,Neither actor dominant,0.0338031147129338,426
persistence_corrected,Militia dominant,0.502366592541069,426
persistence_corrected,Park dominant,0.105729773856093,426
annual_presence,Neither actor dominant,-1.51138805231398,426
annual_presence,Militia dominant,-1.10015498695838,426
annual_presence,Park dominant,-0.855514250428577,426
first_crossing_full,Neither actor dominant,0.245338143070437,427
first_crossing_full,Militia dominant,-0.157279849060087,427
first_crossing_full,Park dominant,-0.391077575959264,427
first_crossing_restricted,Neither actor dominant,0.245170417402709,427
first_crossing_restricted,Militia dominant,-0.157458320349504,427
first_crossing_restricted,Park dominant,-0.604051559422851,427
persistence_corrected,Neither actor dominant,0.264537992996741,427
persistence_corrected,Militia dominant,-0.216229535181608,427
persistence_corrected,Park dominant,-0.536006185789804,427
annual_presence,Neither actor dominant,-1.62635204200993,427
annual_presence,Militia dominant,-1.58638202984827,427
annual_presence,Park dominant,-1.5252787030753,427
first_crossing_full,Neither actor dominant,0.338924682682799,428
first_crossing_full,Militia dominant,0.830828002836366,428
first_crossing_full,Park dominant,-0.296176817448831,428
first_crossing_restricted,Neither actor dominant,0.224754815093023,428
first_crossing_restricted,Militia dominant,0.707765389519037,428
first_crossing_restricted,Park dominant,0.0820957516450062,428
persistence_corrected,Neither actor dominant,0.23181934447858,428
persistence_corrected,Militia dominant,0.777199459096828,428
persistence_corrected,Park dominant,0.0714553870680175,428
annual_presence,Neither actor dominant,-0.407556648111792,428
annual_presence,Militia dominant,-0.0902939513784766,428
annual_presence,Park dominant,0.100658243990042,428
first_crossing_full,Neither actor dominant,0.0304315088524855,429
first_crossing_full,Militia dominant,-0.0301033866216988,429
first_crossing_full,Park dominant,-0.178786868528146,429
first_crossing_restricted,Neither actor dominant,0.0477746420380855,429
first_crossing_restricted,Militia dominant,-0.0103363394887397,429
first_crossing_restricted,Park dominant,-0.340032449079203,429
persistence_corrected,Neither actor dominant,0.088270364372201,429
persistence_corrected,Militia dominant,0.0374674394178766,429
persistence_corrected,Park dominant,-0.392137798180457,429
annual_presence,Neither actor dominant,-0.841089201710019,429
annual_presence,Militia dominant,-0.50523660562908,429
annual_presence,Park dominant,-0.214470605931906,429
first_crossing_full,Neither actor dominant,0.439392812584219,430
first_crossing_full,Militia dominant,0.255091470980069,430
first_crossing_full,Park dominant,-0.510566877071215,430
first_crossing_restricted,Neither actor dominant,0.340554692019226,430
first_crossing_restricted,Militia dominant,0.145958670937028,430
first_crossing_restricted,Park dominant,-0.330435360631946,430
persistence_corrected,Neither actor dominant,0.362789562681774,430
persistence_corrected,Militia dominant,0.206580207585516,430
persistence_corrected,Park dominant,-0.410982698591076,430
annual_presence,Neither actor dominant,-2.0490251493743,430
annual_presence,Militia dominant,-1.79647345222151,430
annual_presence,Park dominant,-1.63242049660983,430
first_crossing_full,Neither actor dominant,0.343937599469892,431
first_crossing_full,Militia dominant,0.157506715670546,431
first_crossing_full,Park dominant,-0.215626801987218,431
first_crossing_restricted,Neither actor dominant,0.297113549649227,431
first_crossing_restricted,Militia dominant,0.107541243263536,431
first_crossing_restricted,Park dominant,-0.181726131793118,431
persistence_corrected,Neither actor dominant,0.352623486676251,431
persistence_corrected,Militia dominant,0.101636246245234,431
persistence_corrected,Park dominant,-0.252490088639302,431
annual_presence,Neither actor dominant,-1.32973635566542,431
annual_presence,Militia dominant,-1.195558616059,431
annual_presence,Park dominant,-1.14140477034492,431
first_crossing_full,Neither actor dominant,0.686550117897559,432
first_crossing_full,Militia dominant,0.315305229517551,432
first_crossing_full,Park dominant,-0.508922991379176,432
first_crossing_restricted,Neither actor dominant,0.628024984623293,432
first_crossing_restricted,Militia dominant,0.244978334124722,432
first_crossing_restricted,Park dominant,-0.520600126721756,432
persistence_corrected,Neither actor dominant,0.653633522845233,432
persistence_corrected,Militia dominant,0.264533302083334,432
persistence_corrected,Park dominant,-0.405044609259919,432
annual_presence,Neither actor dominant,-1.97591440772088,432
annual_presence,Militia dominant,-1.62397093710235,432
annual_presence,Park dominant,-1.37514925781619,432
first_crossing_full,Neither actor dominant,0.0124380794391404,433
first_crossing_full,Militia dominant,0.517583182553578,433
first_crossing_full,Park dominant,0.0156938744114175,433
first_crossing_restricted,Neither actor dominant,-0.0081707956999213,433
first_crossing_restricted,Militia dominant,0.495810645591943,433
first_crossing_restricted,Park dominant,-0.0130078979239278,433
persistence_corrected,Neither actor dominant,0.0567244265046945,433
persistence_corrected,Militia dominant,0.445959858813112,433
persistence_corrected,Park dominant,0.0273236291399767,433
annual_presence,Neither actor dominant,-1.52151953889579,433
annual_presence,Militia dominant,-1.27459478961562,433
annual_presence,Park dominant,-1.01536674755769,433
first_crossing_full,Neither actor dominant,-0.0694002487972867,434
first_crossing_full,Militia dominant,-0.229935475293574,434
first_crossing_full,Park dominant,-0.370960195517081,434
first_crossing_restricted,Neither actor dominant,-0.106215454900411,434
first_crossing_restricted,Militia dominant,-0.273104712868188,434
first_crossing_restricted,Park dominant,-0.237372354723184,434
persistence_corrected,Neither actor dominant,-0.0427758700989776,434
persistence_corrected,Militia dominant,-0.227822250120592,434
persistence_corrected,Park dominant,-0.360692219395254,434
annual_presence,Neither actor dominant,-1.03233371137356,434
annual_presence,Militia dominant,-0.787544347314367,434
annual_presence,Park dominant,-0.55772159525887,434
first_crossing_full,Neither actor dominant,0.274658052563979,435
first_crossing_full,Militia dominant,0.621148246473654,435
first_crossing_full,Park dominant,-0.173107957829988,435
first_crossing_restricted,Neither actor dominant,0.20011962437162,435
first_crossing_restricted,Militia dominant,0.539902482796309,435
first_crossing_restricted,Park dominant,0.00580046855594279,435
persistence_corrected,Neither actor dominant,0.22648346643613,435
persistence_corrected,Militia dominant,0.591984070688893,435
persistence_corrected,Park dominant,-0.0649028420948085,435
annual_presence,Neither actor dominant,-0.379639161932594,435
annual_presence,Militia dominant,-0.210579158790815,435
annual_presence,Park dominant,-0.0408889368441558,435
first_crossing_full,Neither actor dominant,0.198582457061731,436
first_crossing_full,Militia dominant,0.0777631251113305,436
first_crossing_full,Park dominant,-0.0478497090309896,436
first_crossing_restricted,Neither actor dominant,0.191246570360145,436
first_crossing_restricted,Militia dominant,0.0699534075189,436
first_crossing_restricted,Park dominant,-0.0613785803665027,436
persistence_corrected,Neither actor dominant,0.207813229846394,436
persistence_corrected,Militia dominant,-0.00536577559744047,436
persistence_corrected,Park dominant,0.0367164758129213,436
annual_presence,Neither actor dominant,-0.30433665794416,436
annual_presence,Militia dominant,-0.187830472369038,436
annual_presence,Park dominant,0.0155314908224701,436
first_crossing_full,Neither actor dominant,0.334598796175222,437
first_crossing_full,Militia dominant,0.210422921755625,437
first_crossing_full,Park dominant,-0.501596591750798,437
first_crossing_restricted,Neither actor dominant,0.266060511873407,437
first_crossing_restricted,Militia dominant,0.135177328885502,437
first_crossing_restricted,Park dominant,-0.380301026953346,437
persistence_corrected,Neither actor dominant,0.329597958082124,437
persistence_corrected,Militia dominant,0.127464497624618,437
persistence_corrected,Park dominant,-0.303899442805456,437
annual_presence,Neither actor dominant,-0.570821016753204,437
annual_presence,Militia dominant,-0.400078318886421,437
annual_presence,Park dominant,-0.299552453169834,437
first_crossing_full,Neither actor dominant,0.315901047535013,438
first_crossing_full,Militia dominant,0.411292574744888,438
first_crossing_full,Park dominant,-0.35404117552998,438
first_crossing_restricted,Neither actor dominant,0.236498976923571,438
first_crossing_restricted,Militia dominant,0.327015150729544,438
first_crossing_restricted,Park dominant,-0.171015691668089,438
persistence_corrected,Neither actor dominant,0.27842712232577,438
persistence_corrected,Militia dominant,0.309291984919527,438
persistence_corrected,Park dominant,-0.143040832026142,438
annual_presence,Neither actor dominant,-0.300402585315072,438
annual_presence,Militia dominant,-0.146914582028662,438
annual_presence,Park dominant,-0.127189082601925,438
first_crossing_full,Neither actor dominant,-0.129415479741397,439
first_crossing_full,Militia dominant,-0.0625816489190892,439
first_crossing_full,Park dominant,-0.388761999281373,439
first_crossing_restricted,Neither actor dominant,-0.166782999246941,439
first_crossing_restricted,Militia dominant,-0.103173091140836,439
first_crossing_restricted,Park dominant,-0.311962520833941,439
persistence_corrected,Neither actor dominant,-0.15462931384102,439
persistence_corrected,Militia dominant,-0.146569909340209,439
persistence_corrected,Park dominant,-0.220020668537357,439
annual_presence,Neither actor dominant,-0.909663848409391,439
annual_presence,Militia dominant,-0.71458156781658,439
annual_presence,Park dominant,-0.52497116005359,439
first_crossing_full,Neither actor dominant,0.280896421712334,440
first_crossing_full,Militia dominant,0.152201064329311,440
first_crossing_full,Park dominant,-0.560953540896879,440
first_crossing_restricted,Neither actor dominant,0.239707085902011,440
first_crossing_restricted,Militia dominant,0.108907643410218,440
first_crossing_restricted,Park dominant,-0.602671543855056,440
persistence_corrected,Neither actor dominant,0.275983586439617,440
persistence_corrected,Militia dominant,0.0530675483247591,440
persistence_corrected,Park dominant,-0.435373336676983,440
annual_presence,Neither actor dominant,-1.44397528440833,440
annual_presence,Militia dominant,-1.30007905252738,440
annual_presence,Park dominant,-1.19898734158535,440
first_crossing_full,Neither actor dominant,0.684333498756713,441
first_crossing_full,Militia dominant,0.480319011531152,441
first_crossing_full,Park dominant,-0.211975905431069,441
first_crossing_restricted,Neither actor dominant,0.608418809027767,441
first_crossing_restricted,Militia dominant,0.390842067178098,441
first_crossing_restricted,Park dominant,-0.0428817685458193,441
persistence_corrected,Neither actor dominant,0.753268387016965,441
persistence_corrected,Militia dominant,0.347067258414548,441
persistence_corrected,Park dominant,-0.150133805659512,441
annual_presence,Neither actor dominant,-0.570836804034596,441
annual_presence,Militia dominant,-0.270983954023854,441
annual_presence,Park dominant,-0.052408836077877,441
first_crossing_full,Neither actor dominant,0.0629924782456801,442
first_crossing_full,Militia dominant,0.267427645973622,442
first_crossing_full,Park dominant,-0.143818434763288,442
first_crossing_restricted,Neither actor dominant,0.017170133293551,442
first_crossing_restricted,Militia dominant,0.220143346603589,442
first_crossing_restricted,Park dominant,-0.0178875974041401,442
persistence_corrected,Neither actor dominant,0.0466216683218309,442
persistence_corrected,Militia dominant,0.207251373285982,442
persistence_corrected,Park dominant,0.00747667273479242,442
annual_presence,Neither actor dominant,-0.700448993963616,442
annual_presence,Militia dominant,-0.427929250915761,442
annual_presence,Park dominant,-0.15794624810774,442
first_crossing_full,Neither actor dominant,0.257933400237472,443
first_crossing_full,Militia dominant,0.237324236077662,443
first_crossing_full,Park dominant,-0.409621196886431,443
first_crossing_restricted,Neither actor dominant,0.210272551031253,443
first_crossing_restricted,Militia dominant,0.183908757966177,443
first_crossing_restricted,Park dominant,-0.391116610361397,443
persistence_corrected,Neither actor dominant,0.317167105115248,443
persistence_corrected,Militia dominant,0.154104423104884,443
persistence_corrected,Park dominant,-0.363514473054652,443
annual_presence,Neither actor dominant,-2.21717956079044,443
annual_presence,Militia dominant,-1.71286004857026,443
annual_presence,Park dominant,-1.30232628593448,443
first_crossing_full,Neither actor dominant,-0.0844017969216505,444
first_crossing_full,Militia dominant,0.0166104096374153,444
first_crossing_full,Park dominant,-0.821129492404998,444
first_crossing_restricted,Neither actor dominant,-0.15902096519775,444
first_crossing_restricted,Militia dominant,-0.0622329588866406,444
first_crossing_restricted,Park dominant,-0.710225130836514,444
persistence_corrected,Neither actor dominant,-0.127872948325482,444
persistence_corrected,Militia dominant,-0.0686105373603164,444
persistence_corrected,Park dominant,-0.730835102104124,444
annual_presence,Neither actor dominant,-1.79547198628348,444
annual_presence,Militia dominant,-1.65607900349067,444
annual_presence,Park dominant,-1.61318942826102,444
first_crossing_full,Neither actor dominant,0.56941943589119,445
first_crossing_full,Militia dominant,0.300707954322996,445
first_crossing_full,Park dominant,-0.814560038364217,445
first_crossing_restricted,Neither actor dominant,0.469995674748109,445
first_crossing_restricted,Militia dominant,0.194145479914655,445
first_crossing_restricted,Park dominant,-0.610425364853572,445
persistence_corrected,Neither actor dominant,0.433047718187403,445
persistence_corrected,Militia dominant,0.212920781495134,445
persistence_corrected,Park dominant,-0.527593941618656,445
annual_presence,Neither actor dominant,-0.344214967220454,445
annual_presence,Militia dominant,-0.117992331834692,445
annual_presence,Park dominant,-0.0675321616258985,445
first_crossing_full,Neither actor dominant,0.249017772236657,446
first_crossing_full,Militia dominant,0.300798058470119,446
first_crossing_full,Park dominant,-0.203290649015063,446
first_crossing_restricted,Neither actor dominant,0.219501146232718,446
first_crossing_restricted,Militia dominant,0.270039987510811,446
first_crossing_restricted,Park dominant,-0.222722226175688,446
persistence_corrected,Neither actor dominant,0.218400971024211,446
persistence_corrected,Militia dominant,0.201843073496989,446
persistence_corrected,Park dominant,-0.16562944096196,446
annual_presence,Neither actor dominant,-0.233372924715852,446
annual_presence,Militia dominant,-0.141604102269067,446
annual_presence,Park dominant,-0.0649344405494836,446
first_crossing_full,Neither actor dominant,0.130925857882036,447
first_crossing_full,Militia dominant,0.447039185117204,447
first_crossing_full,Park dominant,-0.0316329239742028,447
first_crossing_restricted,Neither actor dominant,0.0870955763316643,447
first_crossing_restricted,Militia dominant,0.400940790172159,447
first_crossing_restricted,Park dominant,0.0361916084695979,447
persistence_corrected,Neither actor dominant,0.167390827035688,447
persistence_corrected,Militia dominant,0.365404892212248,447
persistence_corrected,Park dominant,0.0546804103238305,447
annual_presence,Neither actor dominant,-1.40957016483805,447
annual_presence,Militia dominant,-1.18058661040841,447
annual_presence,Park dominant,-0.998987139264917,447
first_crossing_full,Neither actor dominant,-0.143194529996343,448
first_crossing_full,Militia dominant,0.361318733835855,448
first_crossing_full,Park dominant,-0.262426508942957,448
first_crossing_restricted,Neither actor dominant,-0.201528658506295,448
first_crossing_restricted,Militia dominant,0.299977826717774,448
first_crossing_restricted,Park dominant,-0.16249249076055,448
persistence_corrected,Neither actor dominant,-0.178672090617398,448
persistence_corrected,Militia dominant,0.310848266307196,448
persistence_corrected,Park dominant,-0.157023089330927,448
annual_presence,Neither actor dominant,-1.88405665299777,448
annual_presence,Militia dominant,-1.63762185497734,448
annual_presence,Park dominant,-1.44164985468983,448
first_crossing_full,Neither actor dominant,0.0734606107824271,449
first_crossing_full,Militia dominant,0.19320661805313,449
first_crossing_full,Park dominant,-0.232285831526212,449
first_crossing_restricted,Neither actor dominant,0.048471503486287,449
first_crossing_restricted,Militia dominant,0.166263929904406,449
first_crossing_restricted,Park dominant,-0.192187664550112,449
persistence_corrected,Neither actor dominant,0.0428379352137008,449
persistence_corrected,Militia dominant,0.168455592148697,449
persistence_corrected,Park dominant,-0.158671150820402,449
annual_presence,Neither actor dominant,-0.493286319506401,449
annual_presence,Militia dominant,-0.267073013490714,449
annual_presence,Park dominant,-0.0194206645448995,449
first_crossing_full,Neither actor dominant,-0.0257238007710819,450
first_crossing_full,Militia dominant,0.0831041080655211,450
first_crossing_full,Park dominant,-0.49140437659763,450
first_crossing_restricted,Neither actor dominant,-0.0764324681563517,450
first_crossing_restricted,Militia dominant,0.030499510918143,450
first_crossing_restricted,Park dominant,-0.455074243214143,450
persistence_corrected,Neither actor dominant,-0.0576675782180184,450
persistence_corrected,Militia dominant,-0.0292745957915334,450
persistence_corrected,Park dominant,-0.348979758580525,450
annual_presence,Neither actor dominant,-1.57295367570738,450
annual_presence,Militia dominant,-1.41387659995175,450
annual_presence,Park dominant,-1.27413778436536,450
first_crossing_full,Neither actor dominant,0.426016371786823,451
first_crossing_full,Militia dominant,0.0260809195071163,451
first_crossing_full,Park dominant,-0.64819006815695,451
first_crossing_restricted,Neither actor dominant,0.328382233113014,451
first_crossing_restricted,Militia dominant,-0.0788179343216721,451
first_crossing_restricted,Park dominant,-0.458092446984849,451
persistence_corrected,Neither actor dominant,0.268465812947409,451
persistence_corrected,Militia dominant,-0.110681967239335,451
persistence_corrected,Park dominant,-0.356568795168205,451
annual_presence,Neither actor dominant,-1.95849400679394,451
annual_presence,Militia dominant,-1.72546509828874,451
annual_presence,Park dominant,-1.59691522362512,451
first_crossing_full,Neither actor dominant,0.19155828499564,452
first_crossing_full,Militia dominant,-0.0858074803693327,452
first_crossing_full,Park dominant,-0.453563466364762,452
first_crossing_restricted,Neither actor dominant,0.158530650743769,452
first_crossing_restricted,Militia dominant,-0.121437638370678,452
first_crossing_restricted,Park dominant,-0.51764710737708,452
persistence_corrected,Neither actor dominant,0.14420088193474,452
persistence_corrected,Militia dominant,-0.153771118179076,452
persistence_corrected,Park dominant,-0.531918044585727,452
annual_presence,Neither actor dominant,-1.92665697018973,452
annual_presence,Militia dominant,-1.77845030223764,452
annual_presence,Park dominant,-1.61342047315701,452
first_crossing_full,Neither actor dominant,0.152579031192728,453
first_crossing_full,Militia dominant,0.231567013367336,453
first_crossing_full,Park dominant,-0.227443995982181,453
first_crossing_restricted,Neither actor dominant,0.0959273244350551,453
first_crossing_restricted,Militia dominant,0.165067361170871,453
first_crossing_restricted,Park dominant,-0.0939286864714623,453
persistence_corrected,Neither actor dominant,0.0980753530548741,453
persistence_corrected,Militia dominant,0.153085230782557,453
persistence_corrected,Park dominant,-0.0859628875425552,453
annual_presence,Neither actor dominant,-1.61626182740029,453
annual_presence,Militia dominant,-1.31103793568712,453
annual_presence,Park dominant,-1.09449965005992,453
first_crossing_full,Neither actor dominant,0.197857736317343,454
first_crossing_full,Militia dominant,0.0333654161948577,454
first_crossing_full,Park dominant,-0.459309771055674,454
first_crossing_restricted,Neither actor dominant,0.138284237448698,454
first_crossing_restricted,Militia dominant,-0.0308534717394253,454
first_crossing_restricted,Park dominant,-0.279622096134658,454
persistence_corrected,Neither actor dominant,0.226727855177963,454
persistence_corrected,Militia dominant,-0.0638546784902143,454
persistence_corrected,Park dominant,-0.273963804380037,454
annual_presence,Neither actor dominant,-0.514905334552922,454
annual_presence,Militia dominant,-0.372801749922587,454
annual_presence,Park dominant,-0.280525177115902,454
first_crossing_full,Neither actor dominant,0.649206921712966,455
first_crossing_full,Militia dominant,0.486919607333187,455
first_crossing_full,Park dominant,-0.497155680916441,455
first_crossing_restricted,Neither actor dominant,0.545316204064988,455
first_crossing_restricted,Militia dominant,0.3723751044552,455
first_crossing_restricted,Park dominant,-0.287268373556664,455
persistence_corrected,Neither actor dominant,0.570314264753824,455
persistence_corrected,Militia dominant,0.405430534442638,455
persistence_corrected,Park dominant,-0.342472663296889,455
annual_presence,Neither actor dominant,-1.2522854612718,455
annual_presence,Militia dominant,-1.07648221899114,455
annual_presence,Park dominant,-1.02073942420859,455
first_crossing_full,Neither actor dominant,0.0756369989316316,456
first_crossing_full,Militia dominant,0.0172288074175966,456
first_crossing_full,Park dominant,-0.363780315893668,456
first_crossing_restricted,Neither actor dominant,0.0362658281292919,456
first_crossing_restricted,Militia dominant,-0.0256191421204628,456
first_crossing_restricted,Park dominant,-0.360190541759648,456
persistence_corrected,Neither actor dominant,0.036956725205364,456
persistence_corrected,Militia dominant,-0.0824262970086789,456
persistence_corrected,Park dominant,-0.218627496034215,456
annual_presence,Neither actor dominant,-1.98912984369972,456
annual_presence,Militia dominant,-1.85879356675849,456
annual_presence,Park dominant,-1.6198008562069,456
first_crossing_full,Neither actor dominant,0.632882258963346,457
first_crossing_full,Militia dominant,0.426680696348411,457
first_crossing_full,Park dominant,-0.254846052228552,457
first_crossing_restricted,Neither actor dominant,0.577407539389011,457
first_crossing_restricted,Militia dominant,0.366649259659793,457
first_crossing_restricted,Park dominant,-0.250063664021056,457
persistence_corrected,Neither actor dominant,0.706075043282627,457
persistence_corrected,Militia dominant,0.332437691022057,457
persistence_corrected,Park dominant,-0.264076352247393,457
annual_presence,Neither actor dominant,-1.7896166583886,457
annual_presence,Militia dominant,-1.53834404220248,457
annual_presence,Park dominant,-1.24886544300536,457
first_crossing_full,Neither actor dominant,-0.228446624247623,458
first_crossing_full,Militia dominant,0.0693040647931306,458
first_crossing_full,Park dominant,0.148121244798178,458
first_crossing_restricted,Neither actor dominant,-0.208594587938929,458
first_crossing_restricted,Militia dominant,0.0900933166572648,458
first_crossing_restricted,Park dominant,0.0721684147644883,458
persistence_corrected,Neither actor dominant,-0.132737440632973,458
persistence_corrected,Militia dominant,0.0643761083629148,458
persistence_corrected,Park dominant,0.0661549349373129,458
annual_presence,Neither actor dominant,-0.849245872080985,458
annual_presence,Militia dominant,-0.593271745505653,458
annual_presence,Park dominant,-0.255980277140246,458
first_crossing_full,Neither actor dominant,0.514425535844903,459
first_crossing_full,Militia dominant,-0.0860528250926058,459
first_crossing_full,Park dominant,-0.409854582357993,459
first_crossing_restricted,Neither actor dominant,0.449881084901021,459
first_crossing_restricted,Militia dominant,-0.154116166139706,459
first_crossing_restricted,Park dominant,-0.313434499407264,459
persistence_corrected,Neither actor dominant,0.50047840663784,459
persistence_corrected,Militia dominant,-0.228187920298759,459
persistence_corrected,Park dominant,-0.237509038358278,459
annual_presence,Neither actor dominant,-1.56147916065146,459
annual_presence,Militia dominant,-1.45682219830199,459
annual_presence,Park dominant,-1.30994926043381,459
first_crossing_full,Neither actor dominant,0.261833736024159,460
first_crossing_full,Militia dominant,0.184494058093032,460
first_crossing_full,Park dominant,-0.450635470588429,460
first_crossing_restricted,Neither actor dominant,0.185441331753618,460
first_crossing_restricted,Militia dominant,0.103308493203358,460
first_crossing_restricted,Park dominant,-0.341496383942874,460
persistence_corrected,Neither actor dominant,0.235453913841214,460
persistence_corrected,Militia dominant,0.0623518931151516,460
persistence_corrected,Park dominant,-0.340828152388427,460
annual_presence,Neither actor dominant,-2.05996543850952,460
annual_presence,Militia dominant,-1.84615259178461,460
annual_presence,Park dominant,-1.63232643188422,460
first_crossing_full,Neither actor dominant,0.46932697480702,461
first_crossing_full,Militia dominant,0.239520758478061,461
first_crossing_full,Park dominant,-0.0458820731384596,461
first_crossing_restricted,Neither actor dominant,0.443103667677091,461
first_crossing_restricted,Militia dominant,0.212309708205634,461
first_crossing_restricted,Park dominant,-0.0685166606303918,461
persistence_corrected,Neither actor dominant,0.47133323120799,461
persistence_corrected,Militia dominant,0.131044145671786,461
persistence_corrected,Park dominant,0.00158321002809819,461
annual_presence,Neither actor dominant,-0.316384496225678,461
annual_presence,Militia dominant,-0.197698541229556,461
annual_presence,Park dominant,0.011191680990525,461
first_crossing_full,Neither actor dominant,-0.00446746957827437,462
first_crossing_full,Militia dominant,0.0949770601973683,462
first_crossing_full,Park dominant,0.0523192318132305,462
first_crossing_restricted,Neither actor dominant,-0.0488324615414853,462
first_crossing_restricted,Militia dominant,0.0469894149881166,462
first_crossing_restricted,Park dominant,0.155842561268232,462
persistence_corrected,Neither actor dominant,0.0113771645164436,462
persistence_corrected,Militia dominant,0.0283003325192822,462
persistence_corrected,Park dominant,0.0657163325794493,462
annual_presence,Neither actor dominant,-1.87309982240737,462
annual_presence,Militia dominant,-1.70384815224922,462
annual_presence,Park dominant,-1.52577608225495,462
first_crossing_full,Neither actor dominant,0.588062887222131,463
first_crossing_full,Militia dominant,0.113515856922992,463
first_crossing_full,Park dominant,-0.116308053562443,463
first_crossing_restricted,Neither actor dominant,0.541581796135719,463
first_crossing_restricted,Militia dominant,0.0625841115033632,463
first_crossing_restricted,Park dominant,-0.019436030470036,463
persistence_corrected,Neither actor dominant,0.634980710324486,463
persistence_corrected,Militia dominant,0.0294641008589027,463
persistence_corrected,Park dominant,-0.0561158542067156,463
annual_presence,Neither actor dominant,-0.599337843395213,463
annual_presence,Militia dominant,-0.398096672952155,463
annual_presence,Park dominant,-0.138029130874717,463
first_crossing_full,Neither actor dominant,0.421885276822194,464
first_crossing_full,Militia dominant,0.109030789301031,464
first_crossing_full,Park dominant,-0.0435577648355837,464
first_crossing_restricted,Neither actor dominant,0.381055103648508,464
first_crossing_restricted,Militia dominant,0.0652926138035361,464
first_crossing_restricted,Park dominant,0.0593841605922023,464
persistence_corrected,Neither actor dominant,0.405956272418686,464
persistence_corrected,Militia dominant,0.0364666739392267,464
persistence_corrected,Park dominant,-0.0120495129435552,464
annual_presence,Neither actor dominant,-0.480780346967154,464
annual_presence,Militia dominant,-0.300667945709863,464
annual_presence,Park dominant,-0.0988807246438046,464
first_crossing_full,Neither actor dominant,-0.0825977640322231,465
first_crossing_full,Militia dominant,-0.365961937390841,465
first_crossing_full,Park dominant,-0.329585896420844,465
first_crossing_restricted,Neither actor dominant,-0.0848863767390395,465
first_crossing_restricted,Militia dominant,-0.368446303879009,465
first_crossing_restricted,Park dominant,-0.350417000723712,465
persistence_corrected,Neither actor dominant,0.0305020046906532,465
persistence_corrected,Militia dominant,-0.360254848066413,465
persistence_corrected,Park dominant,-0.472477485027892,465
annual_presence,Neither actor dominant,-0.910572859817111,465
annual_presence,Militia dominant,-0.714006122756173,465
annual_presence,Park dominant,-0.493284124795526,465
first_crossing_full,Neither actor dominant,0.514700257500832,466
first_crossing_full,Militia dominant,0.720041666728252,466
first_crossing_full,Park dominant,-0.201020561750639,466
first_crossing_restricted,Neither actor dominant,0.456519325097414,466
first_crossing_restricted,Militia dominant,0.658926658427038,466
first_crossing_restricted,Park dominant,-0.160773005083355,466
persistence_corrected,Neither actor dominant,0.533316883822817,466
persistence_corrected,Militia dominant,0.578716888728088,466
persistence_corrected,Park dominant,-0.11697413643451,466
annual_presence,Neither actor dominant,-0.377061795140789,466
annual_presence,Militia dominant,-0.176569097765381,466
annual_presence,Park dominant,0.0695047646453759,466
first_crossing_full,Neither actor dominant,-0.235938104635128,467
first_crossing_full,Militia dominant,-0.242637260670489,467
first_crossing_full,Park dominant,-0.479922507089145,467
first_crossing_restricted,Neither actor dominant,-0.259013833631745,467
first_crossing_restricted,Militia dominant,-0.26995217103193,467
first_crossing_restricted,Park dominant,-0.437008762700721,467
persistence_corrected,Neither actor dominant,-0.236495135184203,467
persistence_corrected,Militia dominant,-0.310468236501641,467
persistence_corrected,Park dominant,-0.517213798243438,467
annual_presence,Neither actor dominant,-0.950611530953086,467
annual_presence,Militia dominant,-0.808368132213444,467
annual_presence,Park dominant,-0.693780100160154,467
first_crossing_full,Neither actor dominant,0.250118123714063,468
first_crossing_full,Militia dominant,0.141650036669057,468
first_crossing_full,Park dominant,-0.237447424103497,468
first_crossing_restricted,Neither actor dominant,0.220489679658125,468
first_crossing_restricted,Militia dominant,0.110137221435829,468
first_crossing_restricted,Park dominant,-0.268916881992355,468
persistence_corrected,Neither actor dominant,0.18065727430269,468
persistence_corrected,Militia dominant,0.0867937509655456,468
persistence_corrected,Park dominant,-0.203303767479362,468
annual_presence,Neither actor dominant,-1.65223940259843,468
annual_presence,Militia dominant,-1.43603894566217,468
annual_presence,Park dominant,-1.16708587956718,468
first_crossing_full,Neither actor dominant,0.262633923144898,469
first_crossing_full,Militia dominant,0.0652585204658394,469
first_crossing_full,Park dominant,-0.474326916186462,469
first_crossing_restricted,Neither actor dominant,0.212365895143945,469
first_crossing_restricted,Militia dominant,0.0116859700253326,469
first_crossing_restricted,Park dominant,-0.450104034216446,469
persistence_corrected,Neither actor dominant,0.307803769851123,469
persistence_corrected,Militia dominant,0.0329591890962169,469
persistence_corrected,Park dominant,-0.474231598613452,469
annual_presence,Neither actor dominant,-1.78200845359902,469
annual_presence,Militia dominant,-1.58846289303823,469
annual_presence,Park dominant,-1.42508787921623,469
first_crossing_full,Neither actor dominant,0.725560828149607,470
first_crossing_full,Militia dominant,0.34549853810623,470
first_crossing_full,Park dominant,-0.154130502968341,470
first_crossing_restricted,Neither actor dominant,0.646424710262457,470
first_crossing_restricted,Militia dominant,0.262006353995709,470
first_crossing_restricted,Park dominant,0.0174386258951758,470
persistence_corrected,Neither actor dominant,0.666726863570963,470
persistence_corrected,Militia dominant,0.243592097619975,470
persistence_corrected,Park dominant,0.0203937014136363,470
annual_presence,Neither actor dominant,-1.09389645582491,470
annual_presence,Militia dominant,-0.968822099828898,470
annual_presence,Park dominant,-0.810054996747397,470
first_crossing_full,Neither actor dominant,0.49731124518262,471
first_crossing_full,Militia dominant,0.543931085122148,471
first_crossing_full,Park dominant,0.0212080961644168,471
first_crossing_restricted,Neither actor dominant,0.423048139062646,471
first_crossing_restricted,Militia dominant,0.465125774418562,471
first_crossing_restricted,Park dominant,0.156995881362162,471
persistence_corrected,Neither actor dominant,0.454970448669766,471
persistence_corrected,Militia dominant,0.391279963247981,471
persistence_corrected,Park dominant,0.255558971689961,471
annual_presence,Neither actor dominant,-1.84576713999163,471
annual_presence,Militia dominant,-1.58755238451173,471
annual_presence,Park dominant,-1.28360122617262,471
first_crossing_full,Neither actor dominant,0.511332269898871,472
first_crossing_full,Militia dominant,0.305901503740593,472
first_crossing_full,Park dominant,-0.516049830382313,472
first_crossing_restricted,Neither actor dominant,0.426309143652883,472
first_crossing_restricted,Militia dominant,0.213860279448596,472
first_crossing_restricted,Park dominant,-0.422612504184038,472
persistence_corrected,Neither actor dominant,0.394445855150889,472
persistence_corrected,Militia dominant,0.237229744033912,472
persistence_corrected,Park dominant,-0.399336371952502,472
annual_presence,Neither actor dominant,-1.83089852687938,472
annual_presence,Militia dominant,-1.59864523029892,472
annual_presence,Park dominant,-1.4157536279765,472
first_crossing_full,Neither actor dominant,0.299696348846911,473
first_crossing_full,Militia dominant,0.19120264263195,473
first_crossing_full,Park dominant,-0.194905051251613,473
first_crossing_restricted,Neither actor dominant,0.228720878827793,473
first_crossing_restricted,Militia dominant,0.117447422093515,473
first_crossing_restricted,Park dominant,-0.0461360709778929,473
persistence_corrected,Neither actor dominant,0.297224285380705,473
persistence_corrected,Militia dominant,0.0695939058236177,473
persistence_corrected,Park dominant,-0.0755872555211085,473
annual_presence,Neither actor dominant,-1.64889117906699,473
annual_presence,Militia dominant,-1.52774767684862,473
annual_presence,Park dominant,-1.39622791786344,473
first_crossing_full,Neither actor dominant,0.4693531084546,474
first_crossing_full,Militia dominant,0.269426852523603,474
first_crossing_full,Park dominant,-0.146258454472001,474
first_crossing_restricted,Neither actor dominant,0.40800903095579,474
first_crossing_restricted,Militia dominant,0.204888963082259,474
first_crossing_restricted,Park dominant,-0.0198638057404537,474
persistence_corrected,Neither actor dominant,0.439279500983062,474
persistence_corrected,Militia dominant,0.171684030132704,474
persistence_corrected,Park dominant,0.0101620391404952,474
annual_presence,Neither actor dominant,-1.33866396107248,474
annual_presence,Militia dominant,-1.2019713933572,474
annual_presence,Park dominant,-0.975819405414148,474
first_crossing_full,Neither actor dominant,0.326454467701957,475
first_crossing_full,Militia dominant,0.00893120526335389,475
first_crossing_full,Park dominant,-0.326947907819809,475
first_crossing_restricted,Neither actor dominant,0.229695856848534,475
first_crossing_restricted,Militia dominant,-0.0917063276595672,475
first_crossing_restricted,Park dominant,-0.0775363791542145,475
persistence_corrected,Neither actor dominant,0.250708450932386,475
persistence_corrected,Militia dominant,-0.162678866956219,475
persistence_corrected,Park dominant,0.0313754769883997,475
annual_presence,Neither actor dominant,-1.90473407427614,475
annual_presence,Militia dominant,-1.74553397347383,475
annual_presence,Park dominant,-1.50032359829425,475
first_crossing_full,Neither actor dominant,0.400976721462052,476
first_crossing_full,Militia dominant,0.11240850477536,476
first_crossing_full,Park dominant,-0.323491076697834,476
first_crossing_restricted,Neither actor dominant,0.347031165119559,476
first_crossing_restricted,Militia dominant,0.0549539816344159,476
first_crossing_restricted,Park dominant,-0.266497238013877,476
persistence_corrected,Neither actor dominant,0.389040024500165,476
persistence_corrected,Militia dominant,0.0216716500290024,476
persistence_corrected,Park dominant,-0.208087655873785,476
annual_presence,Neither actor dominant,-1.48666010153187,476
annual_presence,Militia dominant,-1.33368945680235,476
annual_presence,Park dominant,-1.17421748469407,476
first_crossing_full,Neither actor dominant,0.142210887165661,477
first_crossing_full,Militia dominant,0.141931709723408,477
first_crossing_full,Park dominant,-0.545650050675889,477
first_crossing_restricted,Neither actor dominant,0.079450940299056,477
first_crossing_restricted,Militia dominant,0.0763182003569765,477
first_crossing_restricted,Park dominant,-0.46290264289052,477
persistence_corrected,Neither actor dominant,0.100999815805557,477
persistence_corrected,Militia dominant,0.0637879479892634,477
persistence_corrected,Park dominant,-0.445226329319531,477
annual_presence,Neither actor dominant,-0.884903116072783,477
annual_presence,Militia dominant,-0.627400125242766,477
annual_presence,Park dominant,-0.425458637576507,477
first_crossing_full,Neither actor dominant,0.265775347679247,478
first_crossing_full,Militia dominant,0.274685813737433,478
first_crossing_full,Park dominant,-0.331175393748358,478
first_crossing_restricted,Neither actor dominant,0.1498688248819,478
first_crossing_restricted,Militia dominant,0.150703031169329,478
first_crossing_restricted,Park dominant,0.0211284256789283,478
persistence_corrected,Neither actor dominant,0.155741831331273,478
persistence_corrected,Militia dominant,0.115975978570239,478
persistence_corrected,Park dominant,0.0613818253520494,478
annual_presence,Neither actor dominant,-1.49602064688256,478
annual_presence,Militia dominant,-1.41373728486706,478
annual_presence,Park dominant,-1.35675377863079,478
first_crossing_full,Neither actor dominant,0.631927334975005,479
first_crossing_full,Militia dominant,0.0559720165528486,479
first_crossing_full,Park dominant,-0.265421583932749,479
first_crossing_restricted,Neither actor dominant,0.5552435066697,479
first_crossing_restricted,Militia dominant,-0.0273009014391184,479
first_crossing_restricted,Park dominant,-0.136495398556026,479
persistence_corrected,Neither actor dominant,0.586691119981079,479
persistence_corrected,Militia dominant,-0.0870584339085255,479
persistence_corrected,Park dominant,-0.10063749248153,479
annual_presence,Neither actor dominant,-1.82388225378279,479
annual_presence,Militia dominant,-1.66847021757407,479
annual_presence,Park dominant,-1.37919471730907,479
first_crossing_full,Neither actor dominant,0.307760815890653,480
first_crossing_full,Militia dominant,0.224938970558373,480
first_crossing_full,Park dominant,-0.465030444254519,480
first_crossing_restricted,Neither actor dominant,0.225642450297295,480
first_crossing_restricted,Militia dominant,0.135491157955845,480
first_crossing_restricted,Park dominant,-0.288597693998945,480
persistence_corrected,Neither actor dominant,0.261602237851044,480
persistence_corrected,Militia dominant,0.0908706896984621,480
persistence_corrected,Park dominant,-0.264622794327177,480
annual_presence,Neither actor dominant,-1.93062650906267,480
annual_presence,Militia dominant,-1.59842184726267,480
annual_presence,Park dominant,-1.33877849267368,480
first_crossing_full,Neither actor dominant,0.116311439360764,481
first_crossing_full,Militia dominant,-0.138791600304462,481
first_crossing_full,Park dominant,-0.386618720004952,481
first_crossing_restricted,Neither actor dominant,0.0731604908473388,481
first_crossing_restricted,Militia dominant,-0.185484183280741,481
first_crossing_restricted,Park dominant,-0.362603853662087,481
persistence_corrected,Neither actor dominant,0.126348401054223,481
persistence_corrected,Militia dominant,-0.219518092757703,481
persistence_corrected,Park dominant,-0.348353234329279,481
annual_presence,Neither actor dominant,-2.06447139972556,481
annual_presence,Militia dominant,-1.89405575367267,481
annual_presence,Park dominant,-1.68735150802573,481
first_crossing_full,Neither actor dominant,-0.183584413678246,482
first_crossing_full,Militia dominant,-0.210993280812819,482
first_crossing_full,Park dominant,-0.339274516374347,482
first_crossing_restricted,Neither actor dominant,-0.188540119608135,482
first_crossing_restricted,Militia dominant,-0.216308638408299,482
first_crossing_restricted,Park dominant,-0.40960221747348,482
persistence_corrected,Neither actor dominant,-0.159248221706473,482
persistence_corrected,Militia dominant,-0.23359444173914,482
persistence_corrected,Park dominant,-0.398419138406131,482
annual_presence,Neither actor dominant,-1.7506057445883,482
annual_presence,Militia dominant,-1.62359420510838,482
annual_presence,Park dominant,-1.49670267023396,482
first_crossing_full,Neither actor dominant,0.5198164510875,483
first_crossing_full,Militia dominant,0.514377116257639,483
first_crossing_full,Park dominant,-0.0803870340070541,483
first_crossing_restricted,Neither actor dominant,0.466405908617182,483
first_crossing_restricted,Militia dominant,0.457634708665771,483
first_crossing_restricted,Park dominant,0.0165624808159311,483
persistence_corrected,Neither actor dominant,0.552986723815594,483
persistence_corrected,Militia dominant,0.40155120405156,483
persistence_corrected,Park dominant,0.0717695035379146,483
annual_presence,Neither actor dominant,-0.31856194273765,483
annual_presence,Militia dominant,-0.126360279080893,483
annual_presence,Park dominant,0.069739046350956,483
first_crossing_full,Neither actor dominant,0.495453249700025,484
first_crossing_full,Militia dominant,0.101695963445459,484
first_crossing_full,Park dominant,-0.18672189983394,484
first_crossing_restricted,Neither actor dominant,0.451763964470383,484
first_crossing_restricted,Militia dominant,0.0551453759711356,484
first_crossing_restricted,Park dominant,-0.142245343553165,484
persistence_corrected,Neither actor dominant,0.610261014822041,484
persistence_corrected,Militia dominant,-0.0710542270024527,484
persistence_corrected,Park dominant,-0.134045876659884,484
annual_presence,Neither actor dominant,-1.39206315647897,484
annual_presence,Militia dominant,-1.28749096724816,484
annual_presence,Park dominant,-1.20100040245121,484
first_crossing_full,Neither actor dominant,0.464545217632328,485
first_crossing_full,Militia dominant,0.564231443295167,485
first_crossing_full,Park dominant,-0.238131769353187,485
first_crossing_restricted,Neither actor dominant,0.378453739115685,485
first_crossing_restricted,Militia dominant,0.472510780725125,485
first_crossing_restricted,Park dominant,-0.0558440177049958,485
persistence_corrected,Neither actor dominant,0.414321709545292,485
persistence_corrected,Militia dominant,0.430747726257756,485
persistence_corrected,Park dominant,-0.0231474019291416,485
annual_presence,Neither actor dominant,-1.30734592860828,485
annual_presence,Militia dominant,-1.13470330555547,485
annual_presence,Park dominant,-0.952117492824462,485
first_crossing_full,Neither actor dominant,0.488316482799699,486
first_crossing_full,Militia dominant,0.209087302205503,486
first_crossing_full,Park dominant,-0.329575485707418,486
first_crossing_restricted,Neither actor dominant,0.405409909679136,486
first_crossing_restricted,Militia dominant,0.118296020114446,486
first_crossing_restricted,Park dominant,-0.104856877880807,486
persistence_corrected,Neither actor dominant,0.420160912778352,486
persistence_corrected,Militia dominant,0.0718274281068037,486
persistence_corrected,Park dominant,-0.0417851866327125,486
annual_presence,Neither actor dominant,-0.558157196422868,486
annual_presence,Militia dominant,-0.396096576306759,486
annual_presence,Park dominant,-0.169520420769088,486
first_crossing_full,Neither actor dominant,0.478041636614223,487
first_crossing_full,Militia dominant,0.492725811251676,487
first_crossing_full,Park dominant,-0.161769509242411,487
first_crossing_restricted,Neither actor dominant,0.391451467910111,487
first_crossing_restricted,Militia dominant,0.400949173671151,487
first_crossing_restricted,Park dominant,0.0369253751552561,487
persistence_corrected,Neither actor dominant,0.433085744399519,487
persistence_corrected,Militia dominant,0.314432541106027,487
persistence_corrected,Park dominant,0.130264010413085,487
annual_presence,Neither actor dominant,-1.37853868716192,487
annual_presence,Militia dominant,-1.21979552410475,487
annual_presence,Park dominant,-0.954536663430437,487
first_crossing_full,Neither actor dominant,0.630831893142066,488
first_crossing_full,Militia dominant,0.656646161792812,488
first_crossing_full,Park dominant,-0.0411135422906686,488
first_crossing_restricted,Neither actor dominant,0.538309493800404,488
first_crossing_restricted,Militia dominant,0.55543857207905,488
first_crossing_restricted,Park dominant,0.309051163271427,488
persistence_corrected,Neither actor dominant,0.564731302704582,488
persistence_corrected,Militia dominant,0.592234820231299,488
persistence_corrected,Park dominant,0.23234657165468,488
annual_presence,Neither actor dominant,-0.0795748292852394,488
annual_presence,Militia dominant,0.210556494289468,488
annual_presence,Park dominant,0.467089086870403,488
first_crossing_full,Neither actor dominant,0.391717645190308,489
first_crossing_full,Militia dominant,0.453465251712765,489
first_crossing_full,Park dominant,-0.0442408464031319,489
first_crossing_restricted,Neither actor dominant,0.356717671016141,489
first_crossing_restricted,Militia dominant,0.415423203966149,489
first_crossing_restricted,Park dominant,-0.0503703712482798,489
persistence_corrected,Neither actor dominant,0.42260349906907,489
persistence_corrected,Militia dominant,0.40844840801389,489
persistence_corrected,Park dominant,0.0312349404524225,489
annual_presence,Neither actor dominant,-1.54488168889947,489
annual_presence,Militia dominant,-1.28583105988999,489
annual_presence,Park dominant,-1.01967930636708,489
first_crossing_full,Neither actor dominant,-0.202183391804904,490
first_crossing_full,Militia dominant,0.453216084055297,490
first_crossing_full,Park dominant,-0.375507194064164,490
first_crossing_restricted,Neither actor dominant,-0.250212093431777,490
first_crossing_restricted,Militia dominant,0.396944024032256,490
first_crossing_restricted,Park dominant,-0.270853751688817,490
persistence_corrected,Neither actor dominant,-0.250040824579469,490
persistence_corrected,Militia dominant,0.390372724080352,490
persistence_corrected,Park dominant,-0.189818439251312,490
annual_presence,Neither actor dominant,-1.07045635964339,490
annual_presence,Militia dominant,-0.606526275986159,490
annual_presence,Park dominant,-0.299623895299471,490
first_crossing_full,Neither actor dominant,0.451625550403758,491
first_crossing_full,Militia dominant,0.409771175364069,491
first_crossing_full,Park dominant,-0.0848793774223598,491
first_crossing_restricted,Neither actor dominant,0.451899128311171,491
first_crossing_restricted,Militia dominant,0.410060302225895,491
first_crossing_restricted,Park dominant,-0.239283733194444,491
persistence_corrected,Neither actor dominant,0.497800165924048,491
persistence_corrected,Militia dominant,0.342274782100582,491
persistence_corrected,Park dominant,-0.121364237024125,491
annual_presence,Neither actor dominant,-0.107231655119503,491
annual_presence,Militia dominant,0.0408946176530216,491
annual_presence,Park dominant,0.266178234518952,491
first_crossing_full,Neither actor dominant,0.430642927610268,492
first_crossing_full,Militia dominant,0.456265774889344,492
first_crossing_full,Park dominant,-0.391829113481252,492
first_crossing_restricted,Neither actor dominant,0.366266335628212,492
first_crossing_restricted,Militia dominant,0.387150115200537,492
first_crossing_restricted,Park dominant,-0.396437421023505,492
persistence_corrected,Neither actor dominant,0.399549193146582,492
persistence_corrected,Militia dominant,0.294976514668308,492
persistence_corrected,Park dominant,-0.302088217046623,492
annual_presence,Neither actor dominant,-1.86633451418014,492
annual_presence,Militia dominant,-1.71758286197698,492
annual_presence,Park dominant,-1.60263850449407,492
first_crossing_full,Neither actor dominant,0.388188805597091,493
first_crossing_full,Militia dominant,0.467870219862184,493
first_crossing_full,Park dominant,0.0935369817977444,493
first_crossing_restricted,Neither actor dominant,0.322562644186942,493
first_crossing_restricted,Militia dominant,0.39672829167663,493
first_crossing_restricted,Park dominant,0.276410140209226,493
persistence_corrected,Neither actor dominant,0.367891802783428,493
persistence_corrected,Militia dominant,0.419251598406103,493
persistence_corrected,Park dominant,0.23465630905274,493
annual_presence,Neither actor dominant,-1.53623164185125,493
annual_presence,Militia dominant,-1.2431389314436,493
annual_presence,Park dominant,-0.908503368825801,493
first_crossing_full,Neither actor dominant,0.283565779079597,494
first_crossing_full,Militia dominant,-0.0265519858606851,494
first_crossing_full,Park dominant,-0.0238523892465106,494
first_crossing_restricted,Neither actor dominant,0.282064024228811,494
first_crossing_restricted,Militia dominant,-0.0281465714304489,494
first_crossing_restricted,Park dominant,-0.0932630582293132,494
persistence_corrected,Neither actor dominant,0.302116988603689,494
persistence_corrected,Militia dominant,-0.0789381645861116,494
persistence_corrected,Park dominant,-0.0854107146593861,494
annual_presence,Neither actor dominant,-0.43234932405101,494
annual_presence,Militia dominant,-0.332972976939732,494
annual_presence,Park dominant,-0.196876574955193,494
first_crossing_full,Neither actor dominant,0.22337145450045,495
first_crossing_full,Militia dominant,0.289877322363536,495
first_crossing_full,Park dominant,-0.205252381913427,495
first_crossing_restricted,Neither actor dominant,0.162294661899686,495
first_crossing_restricted,Militia dominant,0.223957875105986,495
first_crossing_restricted,Park dominant,-0.0776699750346644,495
persistence_corrected,Neither actor dominant,0.215205769567258,495
persistence_corrected,Militia dominant,0.252429234920827,495
persistence_corrected,Park dominant,-0.15912432346779,495
annual_presence,Neither actor dominant,-1.34426973044069,495
annual_presence,Militia dominant,-1.18779245298256,495
annual_presence,Park dominant,-1.02119937952135,495
first_crossing_full,Neither actor dominant,0.779187363558145,496
first_crossing_full,Militia dominant,0.483418966942674,496
first_crossing_full,Park dominant,-0.2325398188333,496
first_crossing_restricted,Neither actor dominant,0.697152254300376,496
first_crossing_restricted,Militia dominant,0.395963992271019,496
first_crossing_restricted,Park dominant,-0.0533494536942505,496
persistence_corrected,Neither actor dominant,0.671670944477083,496
persistence_corrected,Militia dominant,0.305465032451477,496
persistence_corrected,Park dominant,0.100492939098034,496
annual_presence,Neither actor dominant,0.134826781733515,496
annual_presence,Militia dominant,0.216861270992175,496
annual_presence,Park dominant,0.237068504071279,496
first_crossing_full,Neither actor dominant,0.261538931096688,497
first_crossing_full,Militia dominant,0.407706708897582,497
first_crossing_full,Park dominant,-0.280965089561647,497
first_crossing_restricted,Neither actor dominant,0.206044919544938,497
first_crossing_restricted,Militia dominant,0.349149332496543,497
first_crossing_restricted,Park dominant,-0.253441124426924,497
persistence_corrected,Neither actor dominant,0.213815569307665,497
persistence_corrected,Militia dominant,0.370370330234928,497
persistence_corrected,Park dominant,-0.252036721154778,497
annual_presence,Neither actor dominant,-1.9325329767281,497
annual_presence,Militia dominant,-1.65199162597604,497
annual_presence,Park dominant,-1.39467455208903,497
first_crossing_full,Neither actor dominant,0.745974397021974,498
first_crossing_full,Militia dominant,0.577296877947473,498
first_crossing_full,Park dominant,-0.186873647117984,498
first_crossing_restricted,Neither actor dominant,0.679313860597573,498
first_crossing_restricted,Militia dominant,0.50509141351878,498
first_crossing_restricted,Park dominant,-0.0386850295629765,498
persistence_corrected,Neither actor dominant,0.674352954292622,498
persistence_corrected,Militia dominant,0.477948112624235,498
persistence_corrected,Park dominant,0.0126416860451228,498
annual_presence,Neither actor dominant,0.101890621560758,498
annual_presence,Militia dominant,0.239927908023692,498
annual_presence,Park dominant,0.337013912560623,498
first_crossing_full,Neither actor dominant,0.583036567822755,499
first_crossing_full,Militia dominant,0.22571209801202,499
first_crossing_full,Park dominant,-0.397162362346964,499
first_crossing_restricted,Neither actor dominant,0.521151928959054,499
first_crossing_restricted,Militia dominant,0.161193476326901,499
first_crossing_restricted,Park dominant,-0.394330022285691,499
persistence_corrected,Neither actor dominant,0.519858362520145,499
persistence_corrected,Militia dominant,0.0417502185874346,499
persistence_corrected,Park dominant,-0.255497614411268,499
annual_presence,Neither actor dominant,-1.46012407525766,499
annual_presence,Militia dominant,-1.39103133786508,499
annual_presence,Park dominant,-1.2868956359375,499
