cell,SESU_ID,signed_distance_km,side,event_year,x_m,y_m,in_10km,old_event_year,old_side,old_distance,old_in_10km,matches
672,1,73.2461640625,outside,2018,444250,9137250,FALSE,2018,outside,73.2461640625,FALSE,TRUE
758,1,73.669875,outside,2001,487250,9137250,FALSE,2001,outside,73.669875,FALSE,TRUE
759,1,73.637625,outside,2019,487750,9137250,FALSE,2019,outside,73.637625,FALSE,TRUE
774,1,73.348484375,outside,2022,495250,9137250,FALSE,2022,outside,73.348484375,FALSE,TRUE
775,1,73.2546953125,outside,2021,495750,9137250,FALSE,2021,outside,73.2546953125,FALSE,TRUE
778,1,72.9931484375,outside,2008,497250,9137250,FALSE,2008,outside,72.9931484375,FALSE,TRUE
779,1,72.9126171875,outside,2012,497750,9137250,FALSE,2012,outside,72.9126171875,FALSE,TRUE
780,1,72.8354296875,outside,2014,498250,9137250,FALSE,2014,outside,72.8354296875,FALSE,TRUE
783,1,72.62403125,outside,2004,499750,9137250,FALSE,2004,outside,72.62403125,FALSE,TRUE
784,1,72.5603203125,outside,2005,500250,9137250,FALSE,2005,outside,72.5603203125,FALSE,TRUE
787,1,72.3895703125,outside,2016,501750,9137250,FALSE,2016,outside,72.3895703125,FALSE,TRUE
792,1,72.1733984375,outside,2002,504250,9137250,FALSE,2002,outside,72.1733984375,FALSE,TRUE
816,1,72.2495703125,outside,2017,516250,9137250,FALSE,2017,outside,72.2495703125,FALSE,TRUE
837,1,73.8664296875,outside,2020,526750,9137250,FALSE,2020,outside,73.8664296875,FALSE,TRUE
838,1,73.9797265625,outside,2019,527250,9137250,FALSE,2019,outside,73.9797265625,FALSE,TRUE
843,1,74.5938984375,outside,2014,529750,9137250,FALSE,2014,outside,74.5938984375,FALSE,TRUE
1118,1,72.790796875,outside,2022,443750,9136750,FALSE,2022,outside,72.790796875,FALSE,TRUE
1205,1,73.17103125,outside,2020,487250,9136750,FALSE,2020,outside,73.17103125,FALSE,TRUE
1221,1,72.857734375,outside,2016,495250,9136750,FALSE,2016,outside,72.857734375,FALSE,TRUE
1224,1,72.5844296875,outside,2014,496750,9136750,FALSE,2014,outside,72.5844296875,FALSE,TRUE
1225,1,72.5,outside,2013,497250,9136750,FALSE,2013,outside,72.5,FALSE,TRUE
1226,1,72.418921875,outside,2017,497750,9136750,FALSE,2017,outside,72.418921875,FALSE,TRUE
1227,1,72.341203125,outside,2021,498250,9136750,FALSE,2021,outside,72.341203125,FALSE,TRUE
1228,1,72.2668671875,outside,2009,498750,9136750,FALSE,2009,outside,72.2668671875,FALSE,TRUE
1232,1,72.00346875,outside,2004,500750,9136750,FALSE,2004,outside,72.00346875,FALSE,TRUE
1233,1,71.9461640625,outside,2013,501250,9136750,FALSE,2013,outside,71.9461640625,FALSE,TRUE
1234,1,71.89228125,outside,2013,501750,9136750,FALSE,2013,outside,71.89228125,FALSE,TRUE
1239,1,71.674609375,outside,2016,504250,9136750,FALSE,2016,outside,71.674609375,FALSE,TRUE
1281,1,73.056484375,outside,2022,525250,9136750,FALSE,2022,outside,73.056484375,FALSE,TRUE
1283,1,73.26834375,outside,2022,526250,9136750,FALSE,2022,outside,73.26834375,FALSE,TRUE
1284,1,73.37915625,outside,2021,526750,9136750,FALSE,2021,outside,73.37915625,FALSE,TRUE
1286,1,73.6104609375,outside,2019,527750,9136750,FALSE,2019,outside,73.6104609375,FALSE,TRUE
1290,1,74.11140625,outside,2022,529750,9136750,FALSE,2022,outside,74.11140625,FALSE,TRUE
1338,1,83.0090390625,outside,2022,553750,9136750,FALSE,2022,outside,83.0090390625,FALSE,TRUE
1666,1,72.515515625,outside,2016,494250,9136250,FALSE,2016,outside,72.515515625,FALSE,TRUE
1667,1,72.4655078125,outside,2012,494750,9136250,FALSE,2012,outside,72.4655078125,FALSE,TRUE
1670,1,72.180328125,outside,2006,496250,9136250,FALSE,2006,outside,72.180328125,FALSE,TRUE
1671,1,72.091953125,outside,2012,496750,9136250,FALSE,2012,outside,72.091953125,FALSE,TRUE
1672,1,72.0069453125,outside,2010,497250,9136250,FALSE,2010,outside,72.0069453125,FALSE,TRUE
1673,1,71.9253046875,outside,2013,497750,9136250,FALSE,2013,outside,71.9253046875,FALSE,TRUE
1677,1,71.6327421875,outside,2005,499750,9136250,FALSE,2005,outside,71.6327421875,FALSE,TRUE
1681,1,71.39503125,outside,2007,501750,9136250,FALSE,2007,outside,71.39503125,FALSE,TRUE
1683,1,71.2969140625,outside,2016,502750,9136250,FALSE,2016,outside,71.2969140625,FALSE,TRUE
1726,1,72.3671171875,outside,2015,524250,9136250,FALSE,2015,outside,72.3671171875,FALSE,TRUE
1728,1,72.5672109375,outside,2022,525250,9136250,FALSE,2022,outside,72.5672109375,FALSE,TRUE
1731,1,72.892046875,outside,2022,526750,9136250,FALSE,2022,outside,72.892046875,FALSE,TRUE
1733,1,73.124890625,outside,2009,527750,9136250,FALSE,2009,outside,73.124890625,FALSE,TRUE
1786,1,82.7647265625,outside,2022,554250,9136250,FALSE,2022,outside,82.7647265625,FALSE,TRUE
2113,1,72.015625,outside,2013,494250,9135750,FALSE,2013,outside,72.015625,FALSE,TRUE
2118,1,71.599578125,outside,2020,496750,9135750,FALSE,2020,outside,71.599578125,FALSE,TRUE
2119,1,71.513984375,outside,2005,497250,9135750,FALSE,2005,outside,71.513984375,FALSE,TRUE
2120,1,71.4317890625,outside,2014,497750,9135750,FALSE,2014,outside,71.4317890625,FALSE,TRUE
2122,1,71.277625,outside,2005,498750,9135750,FALSE,2005,outside,71.277625,FALSE,TRUE
2123,1,71.2056875,outside,2017,499250,9135750,FALSE,2017,outside,71.2056875,FALSE,TRUE
2129,1,70.8466640625,outside,2003,502250,9135750,FALSE,2003,outside,70.8466640625,FALSE,TRUE
2175,1,72.0780859375,outside,2021,525250,9135750,FALSE,2021,outside,72.0780859375,FALSE,TRUE
2178,1,72.405109375,outside,2004,526750,9135750,FALSE,2004,outside,72.405109375,FALSE,TRUE
2179,1,72.5206875,outside,2019,527250,9135750,FALSE,2019,outside,72.5206875,FALSE,TRUE
2230,1,81.685375,outside,2020,552750,9135750,FALSE,2020,outside,81.685375,FALSE,TRUE
2374,1,86.2670234375,outside,2016,401250,9135250,FALSE,2016,outside,86.2670234375,FALSE,TRUE
2520,1,71.89228125,outside,2018,474250,9135250,FALSE,2018,outside,71.89228125,FALSE,TRUE
2551,1,71.5436953125,outside,2015,489750,9135250,FALSE,2015,outside,71.5436953125,FALSE,TRUE
2552,1,71.52796875,outside,2021,490250,9135250,FALSE,2021,outside,71.52796875,FALSE,TRUE
2566,1,71.021125,outside,2003,497250,9135250,FALSE,2003,outside,71.021125,FALSE,TRUE
2567,1,70.9383515625,outside,2018,497750,9135250,FALSE,2018,outside,70.9383515625,FALSE,TRUE
2568,1,70.859015625,outside,2008,498250,9135250,FALSE,2008,outside,70.859015625,FALSE,TRUE
2571,1,70.641703125,outside,2013,499750,9135250,FALSE,2013,outside,70.641703125,FALSE,TRUE
2622,1,71.5891015625,outside,2016,525250,9135250,FALSE,2016,outside,71.5891015625,FALSE,TRUE
2862,1,76.04275,outside,2017,421750,9134750,FALSE,2017,outside,76.04275,FALSE,TRUE
2955,1,71.01584375,outside,2001,468250,9134750,FALSE,2001,outside,71.01584375,FALSE,TRUE
2956,1,71.0281640625,outside,2008,468750,9134750,FALSE,2008,outside,71.0281640625,FALSE,TRUE
2995,1,71.1125859375,outside,2016,488250,9134750,FALSE,2016,outside,71.1125859375,FALSE,TRUE
2996,1,71.08621875,outside,2016,488750,9134750,FALSE,2016,outside,71.08621875,FALSE,TRUE
2997,1,71.0633515625,outside,2017,489250,9134750,FALSE,2017,outside,71.0633515625,FALSE,TRUE
2998,1,71.044,outside,2005,489750,9134750,FALSE,2005,outside,71.044,FALSE,TRUE
2999,1,71.0281640625,outside,2017,490250,9134750,FALSE,2017,outside,71.0281640625,FALSE,TRUE
3010,1,70.7990078125,outside,2017,495750,9134750,FALSE,2017,outside,70.7990078125,FALSE,TRUE
3011,1,70.705375,outside,2005,496250,9134750,FALSE,2005,outside,70.705375,FALSE,TRUE
3012,1,70.61515625,outside,2005,496750,9134750,FALSE,2005,outside,70.61515625,FALSE,TRUE
3014,1,70.445015625,outside,2014,497750,9134750,FALSE,2014,outside,70.445015625,FALSE,TRUE
3015,1,70.3651171875,outside,2004,498250,9134750,FALSE,2004,outside,70.3651171875,FALSE,TRUE
3070,1,71.2074453125,outside,2019,525750,9134750,FALSE,2019,outside,71.2074453125,FALSE,TRUE
3076,1,71.92009375,outside,2018,528750,9134750,FALSE,2018,outside,71.92009375,FALSE,TRUE
3309,1,75.5794296875,outside,2018,421750,9134250,FALSE,2018,outside,75.5794296875,FALSE,TRUE
3310,1,75.3923046875,outside,2009,422250,9134250,FALSE,2009,outside,75.3923046875,FALSE,TRUE
3402,1,70.515953125,outside,2013,468250,9134250,FALSE,2013,outside,70.515953125,FALSE,TRUE
3441,1,70.64346875,outside,2017,487750,9134250,FALSE,2017,outside,70.64346875,FALSE,TRUE
3443,1,70.586828125,outside,2004,488750,9134250,FALSE,2004,outside,70.586828125,FALSE,TRUE
3445,1,70.5443125,outside,2018,489750,9134250,FALSE,2018,outside,70.5443125,FALSE,TRUE
3446,1,70.528359375,outside,2022,490250,9134250,FALSE,2022,outside,70.528359375,FALSE,TRUE
3447,1,70.515953125,outside,2016,490750,9134250,FALSE,2016,outside,70.515953125,FALSE,TRUE
3448,1,70.50709375,outside,2017,491250,9134250,FALSE,2017,outside,70.50709375,FALSE,TRUE
3450,1,70.5,outside,2016,492250,9134250,FALSE,2016,outside,70.5,FALSE,TRUE
3460,1,70.035703125,outside,2015,497250,9134250,FALSE,2015,outside,70.035703125,FALSE,TRUE
3756,1,75.116578125,outside,2005,421750,9133750,FALSE,2005,outside,75.116578125,FALSE,TRUE
3757,1,74.928296875,outside,2022,422250,9133750,FALSE,2022,outside,74.928296875,FALSE,TRUE
3888,1,70.1444921875,outside,2020,487750,9133750,FALSE,2020,outside,70.1444921875,FALSE,TRUE
3891,1,70.0642578125,outside,2004,489250,9133750,FALSE,2004,outside,70.0642578125,FALSE,TRUE
3894,1,70.0160703125,outside,2005,490750,9133750,FALSE,2005,outside,70.0160703125,FALSE,TRUE
3895,1,70.007140625,outside,2019,491250,9133750,FALSE,2019,outside,70.007140625,FALSE,TRUE
3896,1,70.0017890625,outside,2013,491750,9133750,FALSE,2013,outside,70.0017890625,FALSE,TRUE
3897,1,70,outside,2013,492250,9133750,FALSE,2013,outside,70,FALSE,TRUE
3908,1,69.4586171875,outside,2004,497750,9133750,FALSE,2004,outside,69.4586171875,FALSE,TRUE
3914,1,69.025359375,outside,2004,500750,9133750,FALSE,2004,outside,69.025359375,FALSE,TRUE
4204,1,74.4647578125,outside,2018,422250,9133250,FALSE,2018,outside,74.4647578125,FALSE,TRUE
4336,1,69.615015625,outside,2016,488250,9133250,FALSE,2016,outside,69.615015625,FALSE,TRUE
4342,1,69.5071953125,outside,2013,491250,9133250,FALSE,2013,outside,69.5071953125,FALSE,TRUE
4344,1,69.5,outside,2004,492250,9133250,FALSE,2004,outside,69.5,FALSE,TRUE
4345,1,69.5,outside,2014,492750,9133250,FALSE,2014,outside,69.5,FALSE,TRUE
4347,1,69.5071953125,outside,2015,493750,9133250,FALSE,2015,outside,69.5071953125,FALSE,TRUE
4354,1,69.050703125,outside,2021,497250,9133250,FALSE,2021,outside,69.050703125,FALSE,TRUE
4356,1,68.8839609375,outside,2014,498250,9133250,FALSE,2014,outside,68.8839609375,FALSE,TRUE
4780,1,69.218859375,outside,2020,486750,9132750,FALSE,2020,outside,69.218859375,FALSE,TRUE
4783,1,69.11584375,outside,2001,488250,9132750,FALSE,2001,outside,69.11584375,FALSE,TRUE
4788,1,69.0163046875,outside,2011,490750,9132750,FALSE,2011,outside,69.0163046875,FALSE,TRUE
4791,1,69,outside,2013,492250,9132750,FALSE,2013,outside,69,FALSE,TRUE
4793,1,69.0018125,outside,2015,493250,9132750,FALSE,2015,outside,69.0018125,FALSE,TRUE
4794,1,69.0072421875,outside,2014,493750,9132750,FALSE,2014,outside,69.0072421875,FALSE,TRUE
4795,1,69.0163046875,outside,2016,494250,9132750,FALSE,2016,outside,69.0163046875,FALSE,TRUE
5176,1,68.6476484375,outside,2004,461250,9132250,FALSE,2004,outside,68.6476484375,FALSE,TRUE
5203,1,68.9655703125,outside,2018,474750,9132250,FALSE,2018,outside,68.9655703125,FALSE,TRUE
5230,1,68.6166875,outside,2001,488250,9132250,FALSE,2001,outside,68.6166875,FALSE,TRUE
5235,1,68.516421875,outside,2018,490750,9132250,FALSE,2018,outside,68.516421875,FALSE,TRUE
5238,1,68.5,outside,2001,492250,9132250,FALSE,2001,outside,68.5,FALSE,TRUE
5239,1,68.5,outside,2001,492750,9132250,FALSE,2001,outside,68.5,FALSE,TRUE
5240,1,68.501828125,outside,2005,493250,9132250,FALSE,2005,outside,68.501828125,FALSE,TRUE
5241,1,68.507296875,outside,2004,493750,9132250,FALSE,2004,outside,68.507296875,FALSE,TRUE
5582,1,68.1652421875,outside,2006,440750,9131750,FALSE,2006,outside,68.1652421875,FALSE,TRUE
5623,1,68.148734375,outside,2016,461250,9131750,FALSE,2016,outside,68.148734375,FALSE,TRUE
5624,1,68.117546875,outside,2018,461750,9131750,FALSE,2018,outside,68.117546875,FALSE,TRUE
5650,1,68.46896875,outside,2021,474750,9131750,FALSE,2021,outside,68.46896875,FALSE,TRUE
5685,1,68,outside,2015,492250,9131750,FALSE,2015,outside,68,FALSE,TRUE
5686,1,68,outside,2004,492750,9131750,FALSE,2004,outside,68,FALSE,TRUE
5687,1,68.0018359375,outside,2014,493250,9131750,FALSE,2014,outside,68.0018359375,FALSE,TRUE
5971,1,77.2738671875,outside,2017,411750,9131250,FALSE,2017,outside,77.2738671875,FALSE,TRUE
6082,1,67.5018515625,outside,2004,467250,9131250,FALSE,2004,outside,67.5018515625,FALSE,TRUE
6134,1,67.5018515625,outside,2013,493250,9131250,FALSE,2013,outside,67.5018515625,FALSE,TRUE
6135,1,67.50740625,outside,2014,493750,9131250,FALSE,2014,outside,67.50740625,FALSE,TRUE
6137,1,67.529625,outside,2016,494750,9131250,FALSE,2016,outside,67.529625,FALSE,TRUE
6139,1,67.36653125,outside,2021,495750,9131250,FALSE,2021,outside,67.36653125,FALSE,TRUE
6528,1,67,outside,2010,466750,9130750,FALSE,2010,outside,67,FALSE,TRUE
6574,1,67.046625,outside,2001,489750,9130750,FALSE,2001,outside,67.046625,FALSE,TRUE
6578,1,67.0018671875,outside,2005,491750,9130750,FALSE,2005,outside,67.0018671875,FALSE,TRUE
6581,1,67.0018671875,outside,2012,493250,9130750,FALSE,2012,outside,67.0018671875,FALSE,TRUE
6582,1,67.0074609375,outside,2008,493750,9130750,FALSE,2008,outside,67.0074609375,FALSE,TRUE
6583,1,67.0167890625,outside,2015,494250,9130750,FALSE,2015,outside,67.0167890625,FALSE,TRUE
6584,1,67.02984375,outside,2014,494750,9130750,FALSE,2014,outside,67.02984375,FALSE,TRUE
6585,1,66.9794765625,outside,2016,495250,9130750,FALSE,2016,outside,66.9794765625,FALSE,TRUE
6788,1,101.4149921875,outside,2001,373250,9130250,FALSE,2001,outside,101.4149921875,FALSE,TRUE
6861,1,77.435453125,outside,2018,409750,9130250,FALSE,2018,outside,77.435453125,FALSE,TRUE
6862,1,77.175125,outside,2018,410250,9130250,FALSE,2018,outside,77.175125,FALSE,TRUE
6988,1,66.8169140625,outside,2021,473250,9130250,FALSE,2021,outside,66.8169140625,FALSE,TRUE
6999,1,67.57403125,outside,2018,478750,9130250,FALSE,2018,outside,67.57403125,FALSE,TRUE
7027,1,66.5,outside,2001,492750,9130250,FALSE,2001,outside,66.5,FALSE,TRUE
7028,1,66.5018828125,outside,2014,493250,9130250,FALSE,2014,outside,66.5018828125,FALSE,TRUE
7029,1,66.507515625,outside,2004,493750,9130250,FALSE,2004,outside,66.507515625,FALSE,TRUE
7032,1,66.4906015625,outside,2014,495250,9130250,FALSE,2014,outside,66.4906015625,FALSE,TRUE
7033,1,66.387125,outside,2016,495750,9130250,FALSE,2016,outside,66.387125,FALSE,TRUE
7471,1,66.007578125,outside,2005,491250,9129750,FALSE,2005,outside,66.007578125,FALSE,TRUE
7479,1,66.001890625,outside,2005,495250,9129750,FALSE,2005,outside,66.001890625,FALSE,TRUE
7480,1,65.8976484375,outside,2017,495750,9129750,FALSE,2017,outside,65.8976484375,FALSE,TRUE
7875,1,65.5686640625,outside,2001,469750,9129250,FALSE,2001,outside,65.5686640625,FALSE,TRUE
7891,1,66.4172421875,outside,2022,477750,9129250,FALSE,2022,outside,66.4172421875,FALSE,TRUE
7916,1,65.53052734375,outside,2006,490250,9129250,FALSE,2006,outside,65.53052734375,FALSE,TRUE
7918,1,65.5076328125,outside,2010,491250,9129250,FALSE,2010,outside,65.5076328125,FALSE,TRUE
7919,1,65.50191015625,outside,2001,491750,9129250,FALSE,2001,outside,65.50191015625,FALSE,TRUE
7921,1,65.5,outside,2002,492750,9129250,FALSE,2002,outside,65.5,FALSE,TRUE
7927,1,65.40833203125,outside,2007,495750,9129250,FALSE,2007,outside,65.40833203125,FALSE,TRUE
7928,1,65.30696875,outside,2009,496250,9129250,FALSE,2009,outside,65.30696875,FALSE,TRUE
7992,1,66.483078125,outside,2009,528250,9129250,FALSE,2009,outside,66.483078125,FALSE,TRUE
8001,1,67.8398828125,outside,2016,532750,9129250,FALSE,2016,outside,67.8398828125,FALSE,TRUE
8198,1,77.243125,outside,2016,407750,9128750,FALSE,2016,outside,77.243125,FALSE,TRUE
8212,1,73.624046875,outside,2022,414750,9128750,FALSE,2022,outside,73.624046875,FALSE,TRUE
8338,1,65.9241953125,outside,2022,477750,9128750,FALSE,2022,outside,65.9241953125,FALSE,TRUE
8339,1,66.00946875,outside,2020,478250,9128750,FALSE,2020,outside,66.00946875,FALSE,TRUE
8344,1,66.00946875,outside,2022,480750,9128750,FALSE,2022,outside,66.00946875,FALSE,TRUE
8362,1,65.04805859375,outside,2014,489750,9128750,FALSE,2014,outside,65.04805859375,FALSE,TRUE
8363,1,65.03076171875,outside,2007,490250,9128750,FALSE,2007,outside,65.03076171875,FALSE,TRUE
8364,1,65.0173046875,outside,2004,490750,9128750,FALSE,2004,outside,65.0173046875,FALSE,TRUE
8367,1,65,outside,2005,492250,9128750,FALSE,2005,outside,65,FALSE,TRUE
8368,1,65,outside,2014,492750,9128750,FALSE,2014,outside,65,FALSE,TRUE
8369,1,65.001921875,outside,2008,493250,9128750,FALSE,2008,outside,65.001921875,FALSE,TRUE
8373,1,65.02499609375,outside,2001,495250,9128750,FALSE,2001,outside,65.02499609375,FALSE,TRUE
8374,1,64.9191796875,outside,2020,495750,9128750,FALSE,2020,outside,64.9191796875,FALSE,TRUE
8427,1,64.62391015625,outside,2017,522250,9128750,FALSE,2017,outside,64.62391015625,FALSE,TRUE
8778,1,64.93458203125,outside,2006,474250,9128250,FALSE,2006,outside,64.93458203125,FALSE,TRUE
8780,1,65.05766796875,outside,2021,475250,9128250,FALSE,2021,outside,65.05766796875,FALSE,TRUE
8784,1,65.3490625,outside,2019,477250,9128250,FALSE,2019,outside,65.3490625,FALSE,TRUE
8785,1,65.43126171875,outside,2013,477750,9128250,FALSE,2013,outside,65.43126171875,FALSE,TRUE
8786,1,65.517171875,outside,2013,478250,9128250,FALSE,2013,outside,65.517171875,FALSE,TRUE
8787,1,65.60678125,outside,2019,478750,9128250,FALSE,2019,outside,65.60678125,FALSE,TRUE
8788,1,65.700078125,outside,2022,479250,9128250,FALSE,2022,outside,65.700078125,FALSE,TRUE
8791,1,65.517171875,outside,2018,480750,9128250,FALSE,2018,outside,65.517171875,FALSE,TRUE
8809,1,64.5484296875,outside,2019,489750,9128250,FALSE,2019,outside,64.5484296875,FALSE,TRUE
8810,1,64.531,outside,2017,490250,9128250,FALSE,2017,outside,64.531,FALSE,TRUE
8811,1,64.51744140625,outside,2016,490750,9128250,FALSE,2016,outside,64.51744140625,FALSE,TRUE
8812,1,64.50775,outside,2004,491250,9128250,FALSE,2004,outside,64.50775,FALSE,TRUE
8813,1,64.5019375,outside,2006,491750,9128250,FALSE,2006,outside,64.5019375,FALSE,TRUE
8814,1,64.5,outside,2014,492250,9128250,FALSE,2014,outside,64.5,FALSE,TRUE
8861,1,63.239625,outside,2019,515750,9128250,FALSE,2019,outside,63.239625,FALSE,TRUE
8873,1,64.04100390625,outside,2019,521750,9128250,FALSE,2019,outside,64.04100390625,FALSE,TRUE
8874,1,64.13267578125,outside,2019,522250,9128250,FALSE,2019,outside,64.13267578125,FALSE,TRUE
8875,1,64.228109375,outside,2017,522750,9128250,FALSE,2017,outside,64.228109375,FALSE,TRUE
8877,1,64.4301953125,outside,2017,523750,9128250,FALSE,2017,outside,64.4301953125,FALSE,TRUE
8882,1,65,outside,2015,526250,9128250,FALSE,2015,outside,65,FALSE,TRUE
9055,1,88.0525390625,outside,2016,389250,9127750,FALSE,2016,outside,88.0525390625,FALSE,TRUE
9231,1,64.855609375,outside,2018,477250,9127750,FALSE,2018,outside,64.855609375,FALSE,TRUE
9232,1,64.93843359375,outside,2013,477750,9127750,FALSE,2013,outside,64.93843359375,FALSE,TRUE
9233,1,65.02499609375,outside,2015,478250,9127750,FALSE,2015,outside,65.02499609375,FALSE,TRUE
9235,1,65.20927734375,outside,2021,479250,9127750,FALSE,2021,outside,65.20927734375,FALSE,TRUE
9237,1,65.11528125,outside,2020,480250,9127750,FALSE,2020,outside,65.11528125,FALSE,TRUE
9238,1,65.02499609375,outside,2018,480750,9127750,FALSE,2018,outside,65.02499609375,FALSE,TRUE
9257,1,64.0312421875,outside,2019,490250,9127750,FALSE,2019,outside,64.0312421875,FALSE,TRUE
9258,1,64.01757421875,outside,2019,490750,9127750,FALSE,2019,outside,64.01757421875,FALSE,TRUE
9259,1,64.0078125,outside,2013,491250,9127750,FALSE,2013,outside,64.0078125,FALSE,TRUE
9260,1,64.001953125,outside,2005,491750,9127750,FALSE,2005,outside,64.001953125,FALSE,TRUE
9261,1,64,outside,2016,492250,9127750,FALSE,2016,outside,64,FALSE,TRUE
9265,1,64.01757421875,outside,2019,494250,9127750,FALSE,2019,outside,64.01757421875,FALSE,TRUE
9308,1,62.74153515625,outside,2014,515750,9127750,FALSE,2014,outside,62.74153515625,FALSE,TRUE
9320,1,63.5491953125,outside,2021,521750,9127750,FALSE,2021,outside,63.5491953125,FALSE,TRUE
9321,1,63.64157421875,outside,2015,522250,9127750,FALSE,2015,outside,63.64157421875,FALSE,TRUE
9322,1,63.7377421875,outside,2008,522750,9127750,FALSE,2008,outside,63.7377421875,FALSE,TRUE
9323,1,63.83768359375,outside,2022,523250,9127750,FALSE,2022,outside,63.83768359375,FALSE,TRUE
9328,1,64.39332421875,outside,2018,525750,9127750,FALSE,2018,outside,64.39332421875,FALSE,TRUE
9330,1,64.64131640625,outside,2022,526750,9127750,FALSE,2022,outside,64.64131640625,FALSE,TRUE
9643,1,63.570828125,outside,2018,459750,9127250,FALSE,2018,outside,63.570828125,FALSE,TRUE
9678,1,64.3622578125,outside,2019,477250,9127250,FALSE,2019,outside,64.3622578125,FALSE,TRUE
9679,1,64.44571484375,outside,2017,477750,9127250,FALSE,2017,outside,64.44571484375,FALSE,TRUE
9680,1,64.5329375,outside,2018,478250,9127250,FALSE,2018,outside,64.5329375,FALSE,TRUE
9681,1,64.62391015625,outside,2021,478750,9127250,FALSE,2021,outside,64.62391015625,FALSE,TRUE
9682,1,64.71862109375,outside,2020,479250,9127250,FALSE,2020,outside,64.71862109375,FALSE,TRUE
9683,1,64.71862109375,outside,2022,479750,9127250,FALSE,2022,outside,64.71862109375,FALSE,TRUE
9688,1,64.282578125,outside,2022,482250,9127250,FALSE,2022,outside,64.282578125,FALSE,TRUE
9711,1,63.507875,outside,2022,493750,9127250,FALSE,2022,outside,63.507875,FALSE,TRUE
9764,1,62.8012734375,outside,2022,520250,9127250,FALSE,2022,outside,62.8012734375,FALSE,TRUE
9765,1,62.882828125,outside,2021,520750,9127250,FALSE,2021,outside,62.882828125,FALSE,TRUE
9768,1,63.15061328125,outside,2006,522250,9127250,FALSE,2006,outside,63.15061328125,FALSE,TRUE
9769,1,63.24753125,outside,2008,522750,9127250,FALSE,2008,outside,63.24753125,FALSE,TRUE
9772,1,63.56099609375,outside,2022,524250,9127250,FALSE,2022,outside,63.56099609375,FALSE,TRUE
9773,1,63.6729921875,outside,2015,524750,9127250,FALSE,2015,outside,63.6729921875,FALSE,TRUE
9775,1,63.90813671875,outside,2008,525750,9127250,FALSE,2008,outside,63.90813671875,FALSE,TRUE
9776,1,64.0312421875,outside,2008,526250,9127250,FALSE,2008,outside,64.0312421875,FALSE,TRUE
9777,1,64.1580078125,outside,2008,526750,9127250,FALSE,2008,outside,64.1580078125,FALSE,TRUE
9906,1,103.5012109375,outside,2019,367750,9126750,FALSE,2019,outside,103.5012109375,FALSE,TRUE
10087,1,62.89077734375,outside,2022,458250,9126750,FALSE,2022,outside,62.89077734375,FALSE,TRUE
10125,1,63.8690078125,outside,2022,477250,9126750,FALSE,2022,outside,63.8690078125,FALSE,TRUE
10126,1,63.953109375,outside,2018,477750,9126750,FALSE,2018,outside,63.953109375,FALSE,TRUE
10127,1,64.04100390625,outside,2018,478250,9126750,FALSE,2018,outside,64.04100390625,FALSE,TRUE
10128,1,64.13267578125,outside,2022,478750,9126750,FALSE,2022,outside,64.13267578125,FALSE,TRUE
10129,1,64.228109375,outside,2018,479250,9126750,FALSE,2018,outside,64.228109375,FALSE,TRUE
10130,1,64.228109375,outside,2018,479750,9126750,FALSE,2018,outside,64.228109375,FALSE,TRUE
10131,1,64.13267578125,outside,2022,480250,9126750,FALSE,2022,outside,64.13267578125,FALSE,TRUE
10155,1,63,outside,2019,492250,9126750,FALSE,2019,outside,63,FALSE,TRUE
10156,1,63,outside,2006,492750,9126750,FALSE,2006,outside,63,FALSE,TRUE
10212,1,62.38990234375,outside,2015,520750,9126750,FALSE,2015,outside,62.38990234375,FALSE,TRUE
10213,1,62.47599609375,outside,2004,521250,9126750,FALSE,2004,outside,62.47599609375,FALSE,TRUE
10214,1,62.56596484375,outside,2012,521750,9126750,FALSE,2012,outside,62.56596484375,FALSE,TRUE
10215,1,62.659796875,outside,2022,522250,9126750,FALSE,2022,outside,62.659796875,FALSE,TRUE
10216,1,62.75746875,outside,2021,522750,9126750,FALSE,2021,outside,62.75746875,FALSE,TRUE
10221,1,63.30284375,outside,2017,525250,9126750,FALSE,2017,outside,63.30284375,FALSE,TRUE
10222,1,63.42318359375,outside,2009,525750,9126750,FALSE,2009,outside,63.42318359375,FALSE,TRUE
10223,1,63.5472265625,outside,2004,526250,9126750,FALSE,2004,outside,63.5472265625,FALSE,TRUE
10236,1,65.486640625,outside,2021,532750,9126750,FALSE,2021,outside,65.486640625,FALSE,TRUE
10535,1,62.45198046875,outside,2020,458750,9126250,FALSE,2020,outside,62.45198046875,FALSE,TRUE
10536,1,62.514,outside,2014,459250,9126250,FALSE,2014,outside,62.514,FALSE,TRUE
10537,1,62.57994921875,outside,2018,459750,9126250,FALSE,2018,outside,62.57994921875,FALSE,TRUE
10561,1,62.6996796875,outside,2019,471750,9126250,FALSE,2019,outside,62.6996796875,FALSE,TRUE
10562,1,62.74153515625,outside,2015,472250,9126250,FALSE,2015,outside,62.74153515625,FALSE,TRUE
10563,1,62.78733984375,outside,2003,472750,9126250,FALSE,2003,outside,62.78733984375,FALSE,TRUE
10564,1,62.83708984375,outside,2017,473250,9126250,FALSE,2017,outside,62.83708984375,FALSE,TRUE
10568,1,63.0753515625,outside,2018,475250,9126250,FALSE,2018,outside,63.0753515625,FALSE,TRUE
10569,1,63.14467578125,outside,2021,475750,9126250,FALSE,2021,outside,63.14467578125,FALSE,TRUE
10571,1,63.2949453125,outside,2022,476750,9126250,FALSE,2022,outside,63.2949453125,FALSE,TRUE
10572,1,63.37586328125,outside,2018,477250,9126250,FALSE,2018,outside,63.37586328125,FALSE,TRUE
10573,1,63.4606171875,outside,2020,477750,9126250,FALSE,2020,outside,63.4606171875,FALSE,TRUE
10575,1,63.64157421875,outside,2019,478750,9126250,FALSE,2019,outside,63.64157421875,FALSE,TRUE
10576,1,63.7377421875,outside,2020,479250,9126250,FALSE,2020,outside,63.7377421875,FALSE,TRUE
10577,1,63.7377421875,outside,2021,479750,9126250,FALSE,2021,outside,63.7377421875,FALSE,TRUE
10660,1,61.9838671875,outside,2008,521250,9126250,FALSE,2008,outside,61.9838671875,FALSE,TRUE
10662,1,62.169125,outside,2003,522250,9126250,FALSE,2003,outside,62.169125,FALSE,TRUE
10665,1,62.47599609375,outside,2017,523750,9126250,FALSE,2017,outside,62.47599609375,FALSE,TRUE
10666,1,62.58594140625,outside,2008,524250,9126250,FALSE,2008,outside,62.58594140625,FALSE,TRUE
10669,1,62.9384609375,outside,2020,525750,9126250,FALSE,2020,outside,62.9384609375,FALSE,TRUE
10670,1,63.0634609375,outside,2019,526250,9126250,FALSE,2019,outside,63.0634609375,FALSE,TRUE
10905,1,68.42696875,outside,2018,420250,9125750,FALSE,2018,outside,68.42696875,FALSE,TRUE
10984,1,62.08462109375,outside,2016,459750,9125750,FALSE,2016,outside,62.08462109375,FALSE,TRUE
10985,1,62.155046875,outside,2018,460250,9125750,FALSE,2018,outside,62.155046875,FALSE,TRUE
11011,1,62.33979296875,outside,2018,473250,9125750,FALSE,2018,outside,62.33979296875,FALSE,TRUE
11019,1,62.882828125,outside,2018,477250,9125750,FALSE,2018,outside,62.882828125,FALSE,TRUE
11020,1,62.96824609375,outside,2019,477750,9125750,FALSE,2019,outside,62.96824609375,FALSE,TRUE
11096,1,60.749484375,outside,2022,515750,9125750,FALSE,2022,outside,60.749484375,FALSE,TRUE
11106,1,61.4043984375,outside,2013,520750,9125750,FALSE,2013,outside,61.4043984375,FALSE,TRUE
11107,1,61.49187109375,outside,2002,521250,9125750,FALSE,2002,outside,61.49187109375,FALSE,TRUE
11109,1,61.6786015625,outside,2005,522250,9125750,FALSE,2005,outside,61.6786015625,FALSE,TRUE
11117,1,62.57994921875,outside,2019,526250,9125750,FALSE,2019,outside,62.57994921875,FALSE,TRUE
11118,1,62.7096484375,outside,2011,526750,9125750,FALSE,2011,outside,62.7096484375,FALSE,TRUE
11428,1,61.40032421875,outside,2020,458250,9125250,FALSE,2020,outside,61.40032421875,FALSE,TRUE
11432,1,61.660359375,outside,2018,460250,9125250,FALSE,2018,outside,61.660359375,FALSE,TRUE
11453,1,61.6299453125,outside,2020,470750,9125250,FALSE,2020,outside,61.6299453125,FALSE,TRUE
11464,1,62.2294140625,outside,2020,476250,9125250,FALSE,2020,outside,62.2294140625,FALSE,TRUE
11465,1,62.307703125,outside,2014,476750,9125250,FALSE,2014,outside,62.307703125,FALSE,TRUE
11466,1,62.38990234375,outside,2018,477250,9125250,FALSE,2018,outside,62.38990234375,FALSE,TRUE
11492,1,61.53251171875,outside,2017,490250,9125250,FALSE,2017,outside,61.53251171875,FALSE,TRUE
11556,1,61.188234375,outside,2016,522250,9125250,FALSE,2016,outside,61.188234375,FALSE,TRUE
11559,1,61.5,outside,2003,523750,9125250,FALSE,2003,outside,61.5,FALSE,TRUE
11564,1,62.09669921875,outside,2021,526250,9125250,FALSE,2021,outside,62.09669921875,FALSE,TRUE
11565,1,62.22740625,outside,2021,526750,9125250,FALSE,2021,outside,62.22740625,FALSE,TRUE
11567,1,62.5,outside,2015,527750,9125250,FALSE,2015,outside,62.5,FALSE,TRUE
11568,1,62.64183984375,outside,2018,528250,9125250,FALSE,2018,outside,62.64183984375,FALSE,TRUE
11805,1,66.2514140625,outside,2017,423250,9124750,FALSE,2017,outside,66.2514140625,FALSE,TRUE
11911,1,61.7353203125,outside,2017,476250,9124750,FALSE,2017,outside,61.7353203125,FALSE,TRUE
11913,1,61.89709375,outside,2021,477250,9124750,FALSE,2021,outside,61.89709375,FALSE,TRUE
11996,1,60.104078125,outside,2021,518750,9124750,FALSE,2021,outside,60.104078125,FALSE,TRUE
11999,1,60.334484375,outside,2012,520250,9124750,FALSE,2012,outside,60.334484375,FALSE,TRUE
12003,1,60.6980234375,outside,2014,522250,9124750,FALSE,2014,outside,60.6980234375,FALSE,TRUE
12004,1,60.79884765625,outside,2021,522750,9124750,FALSE,2021,outside,60.79884765625,FALSE,TRUE
12006,1,61.01229296875,outside,2016,523750,9124750,FALSE,2016,outside,61.01229296875,FALSE,TRUE
12012,1,61.7454453125,outside,2022,526750,9124750,FALSE,2022,outside,61.7454453125,FALSE,TRUE
12013,1,61.88093359375,outside,2022,527250,9124750,FALSE,2022,outside,61.88093359375,FALSE,TRUE
12029,1,64.53875,outside,2017,535250,9124750,FALSE,2017,outside,64.53875,FALSE,TRUE
12363,1,61.6786015625,outside,2022,478750,9124250,FALSE,2022,outside,61.6786015625,FALSE,TRUE
12375,1,60.96310546875,outside,2019,484750,9124250,FALSE,2019,outside,60.96310546875,FALSE,TRUE
12445,1,59.7599375,outside,2010,519750,9124250,FALSE,2010,outside,59.7599375,FALSE,TRUE
12447,1,59.9270390625,outside,2019,520750,9124250,FALSE,2019,outside,59.9270390625,FALSE,TRUE
12448,1,60.0166640625,outside,2018,521250,9124250,FALSE,2018,outside,60.0166640625,FALSE,TRUE
12449,1,60.11031640625,outside,2004,521750,9124250,FALSE,2004,outside,60.11031640625,FALSE,TRUE
12450,1,60.20797265625,outside,2016,522250,9124250,FALSE,2016,outside,60.20797265625,FALSE,TRUE
12454,1,60.6382734375,outside,2002,524250,9124250,FALSE,2002,outside,60.6382734375,FALSE,TRUE
12458,1,61.1310078125,outside,2014,526250,9124250,FALSE,2014,outside,61.1310078125,FALSE,TRUE
12459,1,61.2637734375,outside,2014,526750,9124250,FALSE,2014,outside,61.2637734375,FALSE,TRUE
12460,1,61.40032421875,outside,2016,527250,9124250,FALSE,2016,outside,61.40032421875,FALSE,TRUE
12465,1,62.13895703125,outside,2010,529750,9124250,FALSE,2010,outside,62.13895703125,FALSE,TRUE
12779,1,60.0520625,outside,2020,463250,9123750,FALSE,2020,outside,60.0520625,FALSE,TRUE
12780,1,60.03332421875,outside,2005,463750,9123750,FALSE,2005,outside,60.03332421875,FALSE,TRUE
12799,1,60.3510546875,outside,2004,473250,9123750,FALSE,2004,outside,60.3510546875,FALSE,TRUE
12800,1,60.406953125,outside,2018,473750,9123750,FALSE,2018,outside,60.406953125,FALSE,TRUE
12806,1,60.827625,outside,2002,476750,9123750,FALSE,2002,outside,60.827625,FALSE,TRUE
12810,1,61.188234375,outside,2021,478750,9123750,FALSE,2021,outside,61.188234375,FALSE,TRUE
12819,1,60.67124609375,outside,2014,483250,9123750,FALSE,2014,outside,60.67124609375,FALSE,TRUE
12879,1,58.57687109375,outside,2009,513250,9123750,FALSE,2009,outside,58.57687109375,FALSE,TRUE
12887,1,58.91731640625,outside,2022,517250,9123750,FALSE,2022,outside,58.91731640625,FALSE,TRUE
12893,1,59.348546875,outside,2019,520250,9123750,FALSE,2019,outside,59.348546875,FALSE,TRUE
12899,1,59.9270390625,outside,2019,523250,9123750,FALSE,2019,outside,59.9270390625,FALSE,TRUE
12901,1,60.151890625,outside,2020,524250,9123750,FALSE,2020,outside,60.151890625,FALSE,TRUE
12905,1,60.648578125,outside,2018,526250,9123750,FALSE,2018,outside,60.648578125,FALSE,TRUE
12907,1,60.92003125,outside,2006,527250,9123750,FALSE,2006,outside,60.92003125,FALSE,TRUE
13134,1,67.6017734375,outside,2018,417250,9123250,FALSE,2018,outside,67.6017734375,FALSE,TRUE
13168,1,61.1310078125,outside,2009,434250,9123250,FALSE,2009,outside,61.1310078125,FALSE,TRUE
13226,1,59.55249609375,outside,2014,463250,9123250,FALSE,2014,outside,59.55249609375,FALSE,TRUE
13227,1,59.53360546875,outside,2018,463750,9123250,FALSE,2018,outside,59.53360546875,FALSE,TRUE
13251,1,60.17682421875,outside,2014,475750,9123250,FALSE,2014,outside,60.17682421875,FALSE,TRUE
13253,1,60.334484375,outside,2021,476750,9123250,FALSE,2021,outside,60.334484375,FALSE,TRUE
13256,1,60.60115625,outside,2001,478250,9123250,FALSE,2001,outside,60.60115625,FALSE,TRUE
13257,1,60.6980234375,outside,2002,478750,9123250,FALSE,2002,outside,60.6980234375,FALSE,TRUE
13266,1,60.17682421875,outside,2009,483250,9123250,FALSE,2009,outside,60.17682421875,FALSE,TRUE
13272,1,59.80175390625,outside,2017,486250,9123250,FALSE,2017,outside,59.80175390625,FALSE,TRUE
13324,1,58.03447265625,outside,2022,512250,9123250,FALSE,2022,outside,58.03447265625,FALSE,TRUE
13325,1,58.05385546875,outside,2013,512750,9123250,FALSE,2013,outside,58.05385546875,FALSE,TRUE
13326,1,58.07753515625,outside,2021,513250,9123250,FALSE,2021,outside,58.07753515625,FALSE,TRUE
13331,1,58.26019140625,outside,2013,515750,9123250,FALSE,2013,outside,58.26019140625,FALSE,TRUE
13332,1,58.30951953125,outside,2014,516250,9123250,FALSE,2014,outside,58.30951953125,FALSE,TRUE
13333,1,58.3630859375,outside,2017,516750,9123250,FALSE,2017,outside,58.3630859375,FALSE,TRUE
13334,1,58.42088671875,outside,2019,517250,9123250,FALSE,2019,outside,58.42088671875,FALSE,TRUE
13342,1,59.03388671875,outside,2019,521250,9123250,FALSE,2019,outside,59.03388671875,FALSE,TRUE
13348,1,59.665734375,outside,2022,524250,9123250,FALSE,2022,outside,59.665734375,FALSE,TRUE
13352,1,60.1664375,outside,2015,526250,9123250,FALSE,2015,outside,60.1664375,FALSE,TRUE
13631,1,59.0444765625,outside,2018,442250,9122750,FALSE,2018,outside,59.0444765625,FALSE,TRUE
13682,1,59.00847265625,outside,2011,467750,9122750,FALSE,2011,outside,59.00847265625,FALSE,TRUE
13700,1,59.84145703125,outside,2014,476750,9122750,FALSE,2014,outside,59.84145703125,FALSE,TRUE
13714,1,59.60914453125,outside,2008,483750,9122750,FALSE,2008,outside,59.60914453125,FALSE,TRUE
13717,1,59.4138046875,outside,2017,485250,9122750,FALSE,2017,outside,59.4138046875,FALSE,TRUE
13719,1,59.30430078125,outside,2019,486250,9122750,FALSE,2019,outside,59.30430078125,FALSE,TRUE
13771,1,57.5347734375,outside,2019,512250,9122750,FALSE,2019,outside,57.5347734375,FALSE,TRUE
13772,1,57.5543203125,outside,2022,512750,9122750,FALSE,2022,outside,57.5543203125,FALSE,TRUE
13778,1,57.7624453125,outside,2013,515750,9122750,FALSE,2013,outside,57.7624453125,FALSE,TRUE
13779,1,57.8121953125,outside,2014,516250,9122750,FALSE,2014,outside,57.8121953125,FALSE,TRUE
13780,1,57.8662265625,outside,2012,516750,9122750,FALSE,2012,outside,57.8662265625,FALSE,TRUE
13781,1,57.92451953125,outside,2017,517250,9122750,FALSE,2017,outside,57.92451953125,FALSE,TRUE
13784,1,58.1248671875,outside,2009,518750,9122750,FALSE,2009,outside,58.1248671875,FALSE,TRUE
13785,1,58.2000859375,outside,2021,519250,9122750,FALSE,2021,outside,58.2000859375,FALSE,TRUE
13800,1,59.82056640625,outside,2002,526750,9122750,FALSE,2002,outside,59.82056640625,FALSE,TRUE
13802,1,60.104078125,outside,2016,527750,9122750,FALSE,2016,outside,60.104078125,FALSE,TRUE
13911,1,108.3339765625,outside,2017,358750,9122250,FALSE,2017,outside,108.3339765625,FALSE,TRUE
14038,1,64.40496875,outside,2014,422250,9122250,FALSE,2014,outside,64.40496875,FALSE,TRUE
14077,1,58.61953515625,outside,2022,441750,9122250,FALSE,2022,outside,58.61953515625,FALSE,TRUE
14160,1,59.1882578125,outside,2021,483250,9122250,FALSE,2021,outside,59.1882578125,FALSE,TRUE
14163,1,58.97880859375,outside,2017,484750,9122250,FALSE,2017,outside,58.97880859375,FALSE,TRUE
14166,1,58.80688671875,outside,2013,486250,9122250,FALSE,2013,outside,58.80688671875,FALSE,TRUE
14227,1,57.36941796875,outside,2014,516750,9122250,FALSE,2014,outside,57.36941796875,FALSE,TRUE
14229,1,57.4913046875,outside,2014,517750,9122250,FALSE,2014,outside,57.4913046875,FALSE,TRUE
14230,1,57.5586640625,outside,2019,518250,9122250,FALSE,2019,outside,57.5586640625,FALSE,TRUE
14231,1,57.6302890625,outside,2008,518750,9122250,FALSE,2008,outside,57.6302890625,FALSE,TRUE
14249,1,59.62591796875,outside,2021,527750,9122250,FALSE,2021,outside,59.62591796875,FALSE,TRUE
14250,1,59.774578125,outside,2019,528250,9122250,FALSE,2019,outside,59.774578125,FALSE,TRUE
14555,1,57.8121953125,outside,2021,457250,9121750,FALSE,2021,outside,57.8121953125,FALSE,TRUE
14590,1,58.549125,outside,2013,474750,9121750,FALSE,2013,outside,58.549125,FALSE,TRUE
14606,1,58.7728671875,outside,2006,482750,9121750,FALSE,2006,outside,58.7728671875,FALSE,TRUE
14608,1,58.61953515625,outside,2005,483750,9121750,FALSE,2005,outside,58.61953515625,FALSE,TRUE
14610,1,58.48290234375,outside,2013,484750,9121750,FALSE,2013,outside,58.48290234375,FALSE,TRUE
14673,1,56.81769140625,outside,2019,516250,9121750,FALSE,2019,outside,56.81769140625,FALSE,TRUE
14675,1,56.9319765625,outside,2004,517250,9121750,FALSE,2004,outside,56.9319765625,FALSE,TRUE
14676,1,56.99561328125,outside,2004,517750,9121750,FALSE,2004,outside,56.99561328125,FALSE,TRUE
14696,1,59.14812109375,outside,2021,527750,9121750,FALSE,2021,outside,59.14812109375,FALSE,TRUE
14697,1,59.2979765625,outside,2021,528250,9121750,FALSE,2021,outside,59.2979765625,FALSE,TRUE
14806,1,107.3778359375,outside,2022,359250,9121250,FALSE,2022,outside,107.3778359375,FALSE,TRUE
15029,1,57.6389609375,outside,2018,470750,9121250,FALSE,2018,outside,57.6389609375,FALSE,TRUE
15041,1,58.3630859375,outside,2007,476750,9121250,FALSE,2007,outside,58.3630859375,FALSE,TRUE
15057,1,57.98706640625,outside,2017,484750,9121250,FALSE,2017,outside,57.98706640625,FALSE,TRUE
15058,1,57.92451953125,outside,2013,485250,9121250,FALSE,2013,outside,57.92451953125,FALSE,TRUE
15116,1,56.14267578125,outside,2022,514250,9121250,FALSE,2022,outside,56.14267578125,FALSE,TRUE
15123,1,56.5,outside,2006,517750,9121250,FALSE,2006,outside,56.5,FALSE,TRUE
15251,1,107.9641171875,outside,2014,358250,9120750,FALSE,2014,outside,107.9641171875,FALSE,TRUE
15388,1,61.1923203125,outside,2020,426750,9120750,FALSE,2020,outside,61.1923203125,FALSE,TRUE
15465,1,57.00219140625,outside,2018,465250,9120750,FALSE,2018,outside,57.00219140625,FALSE,TRUE
15476,1,57.1401796875,outside,2006,470750,9120750,FALSE,2006,outside,57.1401796875,FALSE,TRUE
15478,1,57.21887890625,outside,2020,471750,9120750,FALSE,2020,outside,57.21887890625,FALSE,TRUE
15479,1,57.264734375,outside,2001,472250,9120750,FALSE,2001,outside,57.264734375,FALSE,TRUE
15484,1,57.5586640625,outside,2018,474750,9120750,FALSE,2018,outside,57.5586640625,FALSE,TRUE
15488,1,57.870546875,outside,2019,476750,9120750,FALSE,2019,outside,57.870546875,FALSE,TRUE
15501,1,57.70615234375,outside,2018,483250,9120750,FALSE,2018,outside,57.70615234375,FALSE,TRUE
15502,1,57.6302890625,outside,2018,483750,9120750,FALSE,2018,outside,57.6302890625,FALSE,TRUE
15907,1,56.57958984375,outside,2013,462750,9120250,FALSE,2013,outside,56.57958984375,FALSE,TRUE
15922,1,56.6083046875,outside,2020,470250,9120250,FALSE,2020,outside,56.6083046875,FALSE,TRUE
15923,1,56.6414140625,outside,2019,470750,9120250,FALSE,2019,outside,56.6414140625,FALSE,TRUE
15924,1,56.678921875,outside,2020,471250,9120250,FALSE,2020,outside,56.678921875,FALSE,TRUE
15925,1,56.72080859375,outside,2013,471750,9120250,FALSE,2013,outside,56.72080859375,FALSE,TRUE
15928,1,56.8726640625,outside,2018,473250,9120250,FALSE,2018,outside,56.8726640625,FALSE,TRUE
15929,1,56.9319765625,outside,2016,473750,9120250,FALSE,2016,outside,56.9319765625,FALSE,TRUE
15930,1,56.99561328125,outside,2018,474250,9120250,FALSE,2018,outside,56.99561328125,FALSE,TRUE
15932,1,57.1358046875,outside,2014,475250,9120250,FALSE,2014,outside,57.1358046875,FALSE,TRUE
15936,1,57.4673828125,outside,2014,477250,9120250,FALSE,2014,outside,57.4673828125,FALSE,TRUE
15949,1,57.1358046875,outside,2019,483750,9120250,FALSE,2019,outside,57.1358046875,FALSE,TRUE
15950,1,57.0635625,outside,2006,484250,9120250,FALSE,2006,outside,57.0635625,FALSE,TRUE
15951,1,56.99561328125,outside,2021,484750,9120250,FALSE,2021,outside,56.99561328125,FALSE,TRUE
16017,1,55.5090078125,outside,2018,517750,9120250,FALSE,2018,outside,55.5090078125,FALSE,TRUE
16022,1,55.90169921875,outside,2017,520250,9120250,FALSE,2017,outside,55.90169921875,FALSE,TRUE
16132,1,113.05971875,outside,2016,351750,9119750,FALSE,2016,outside,113.05971875,FALSE,TRUE
16133,1,112.624375,outside,2019,352250,9119750,FALSE,2019,outside,112.624375,FALSE,TRUE
16148,1,106.162609375,outside,2018,359750,9119750,FALSE,2018,outside,106.162609375,FALSE,TRUE
16307,1,56.57958984375,outside,2013,439250,9119750,FALSE,2013,outside,56.57958984375,FALSE,TRUE
16362,1,56,outside,2006,466750,9119750,FALSE,2006,outside,56,FALSE,TRUE
16365,1,56.0200859375,outside,2017,468250,9119750,FALSE,2017,outside,56.0200859375,FALSE,TRUE
16366,1,56.035703125,outside,2018,468750,9119750,FALSE,2018,outside,56.035703125,FALSE,TRUE
16369,1,56.10926953125,outside,2018,470250,9119750,FALSE,2018,outside,56.10926953125,FALSE,TRUE
16370,1,56.14267578125,outside,2018,470750,9119750,FALSE,2018,outside,56.14267578125,FALSE,TRUE
16371,1,56.18051171875,outside,2018,471250,9119750,FALSE,2018,outside,56.18051171875,FALSE,TRUE
16383,1,56.97587109375,outside,2021,477250,9119750,FALSE,2021,outside,56.97587109375,FALSE,TRUE
16390,1,57.168609375,outside,2021,480750,9119750,FALSE,2021,outside,57.168609375,FALSE,TRUE
16391,1,57.0701328125,outside,2018,481250,9119750,FALSE,2018,outside,57.0701328125,FALSE,TRUE
16396,1,56.6414140625,outside,2020,483750,9119750,FALSE,2020,outside,56.6414140625,FALSE,TRUE
16468,1,55.32178515625,outside,2019,519750,9119750,FALSE,2019,outside,55.32178515625,FALSE,TRUE
16469,1,55.4098359375,outside,2014,520250,9119750,FALSE,2014,outside,55.4098359375,FALSE,TRUE
16807,1,55.5,outside,2018,465750,9119250,FALSE,2018,outside,55.5,FALSE,TRUE
16808,1,55.5,outside,2016,466250,9119250,FALSE,2016,outside,55.5,FALSE,TRUE
16809,1,55.5,outside,2006,466750,9119250,FALSE,2006,outside,55.5,FALSE,TRUE
16810,1,55.50225390625,outside,2022,467250,9119250,FALSE,2022,outside,55.50225390625,FALSE,TRUE
16813,1,55.5360234375,outside,2018,468750,9119250,FALSE,2018,outside,55.5360234375,FALSE,TRUE
16815,1,55.5810234375,outside,2001,469750,9119250,FALSE,2001,outside,55.5810234375,FALSE,TRUE
16816,1,55.61025,outside,2014,470250,9119250,FALSE,2014,outside,55.61025,FALSE,TRUE
16817,1,55.64395703125,outside,2016,470750,9119250,FALSE,2016,outside,55.64395703125,FALSE,TRUE
16820,1,55.77185546875,outside,2006,472250,9119250,FALSE,2006,outside,55.77185546875,FALSE,TRUE
16824,1,56.00446484375,outside,2016,474250,9119250,FALSE,2016,outside,56.00446484375,FALSE,TRUE
16825,1,56.07361328125,outside,2017,474750,9119250,FALSE,2017,outside,56.07361328125,FALSE,TRUE
16831,1,56.57958984375,outside,2021,477750,9119250,FALSE,2021,outside,56.57958984375,FALSE,TRUE
16838,1,56.57958984375,outside,2018,481250,9119250,FALSE,2018,outside,56.57958984375,FALSE,TRUE
16843,1,56.14712890625,outside,2021,483750,9119250,FALSE,2021,outside,56.14712890625,FALSE,TRUE
16844,1,56.07361328125,outside,2014,484250,9119250,FALSE,2014,outside,56.07361328125,FALSE,TRUE
16905,1,54.18717578125,outside,2010,514750,9119250,FALSE,2010,outside,54.18717578125,FALSE,TRUE
16915,1,54.82928125,outside,2022,519750,9119250,FALSE,2022,outside,54.82928125,FALSE,TRUE
16916,1,54.91812109375,outside,2018,520250,9119250,FALSE,2018,outside,54.91812109375,FALSE,TRUE
16919,1,55.2109609375,outside,2008,521750,9119250,FALSE,2008,outside,55.2109609375,FALSE,TRUE
17254,1,55,outside,2005,465750,9118750,FALSE,2005,outside,55,FALSE,TRUE
17255,1,55,outside,2018,466250,9118750,FALSE,2018,outside,55,FALSE,TRUE
17271,1,55.5090078125,outside,2014,474250,9118750,FALSE,2014,outside,55.5090078125,FALSE,TRUE
17272,1,55.5787734375,outside,2008,474750,9118750,FALSE,2008,outside,55.5787734375,FALSE,TRUE
17273,1,55.65294140625,outside,2017,475250,9118750,FALSE,2017,outside,55.65294140625,FALSE,TRUE
17280,1,56.29387109375,outside,2020,478750,9118750,FALSE,2020,outside,56.29387109375,FALSE,TRUE
17282,1,56.4025703125,outside,2017,479750,9118750,FALSE,2017,outside,56.4025703125,FALSE,TRUE
17283,1,56.29387109375,outside,2019,480250,9118750,FALSE,2019,outside,56.29387109375,FALSE,TRUE
17284,1,56.18941015625,outside,2022,480750,9118750,FALSE,2022,outside,56.18941015625,FALSE,TRUE
17285,1,56.08921484375,outside,2018,481250,9118750,FALSE,2018,outside,56.08921484375,FALSE,TRUE
17286,1,55.9933046875,outside,2020,481750,9118750,FALSE,2020,outside,55.9933046875,FALSE,TRUE
17288,1,55.81442578125,outside,2004,482750,9118750,FALSE,2004,outside,55.81442578125,FALSE,TRUE
17289,1,55.7315,outside,2020,483250,9118750,FALSE,2020,outside,55.7315,FALSE,TRUE
17290,1,55.65294140625,outside,2013,483750,9118750,FALSE,2013,outside,55.65294140625,FALSE,TRUE
17362,1,54.33691015625,outside,2021,519750,9118750,FALSE,2021,outside,54.33691015625,FALSE,TRUE
17371,1,55.3014453125,outside,2015,524250,9118750,FALSE,2015,outside,55.3014453125,FALSE,TRUE
17401,1,60.8543359375,outside,2016,539250,9118750,FALSE,2016,outside,60.8543359375,FALSE,TRUE
17402,1,61.04506640625,outside,2008,539750,9118750,FALSE,2008,outside,61.04506640625,FALSE,TRUE
17699,1,54.509171875,outside,2020,464750,9118250,FALSE,2020,outside,54.509171875,FALSE,TRUE
17719,1,55.08402734375,outside,2021,474750,9118250,FALSE,2021,outside,55.08402734375,FALSE,TRUE
17720,1,55.15886328125,outside,2018,475250,9118250,FALSE,2018,outside,55.15886328125,FALSE,TRUE
17726,1,55.70008984375,outside,2004,478250,9118250,FALSE,2004,outside,55.70008984375,FALSE,TRUE
17728,1,55.91511328125,outside,2003,479250,9118250,FALSE,2003,outside,55.91511328125,FALSE,TRUE
17731,1,55.70008984375,outside,2018,480750,9118250,FALSE,2018,outside,55.70008984375,FALSE,TRUE
17735,1,55.32178515625,outside,2014,482750,9118250,FALSE,2014,outside,55.32178515625,FALSE,TRUE
17736,1,55.23812109375,outside,2018,483250,9118250,FALSE,2018,outside,55.23812109375,FALSE,TRUE
17805,1,53.52803125,outside,2018,517750,9118250,FALSE,2018,outside,53.52803125,FALSE,TRUE
17806,1,53.600375,outside,2017,518250,9118250,FALSE,2017,outside,53.600375,FALSE,TRUE
17809,1,53.84468359375,outside,2021,519750,9118250,FALSE,2021,outside,53.84468359375,FALSE,TRUE
17810,1,53.93514453125,outside,2020,520250,9118250,FALSE,2020,outside,53.93514453125,FALSE,TRUE
17817,1,54.6923203125,outside,2013,523750,9118250,FALSE,2013,outside,54.6923203125,FALSE,TRUE
17848,1,60.406953125,outside,2017,539250,9118250,FALSE,2017,outside,60.406953125,FALSE,TRUE
17849,1,60.5743359375,outside,2008,539750,9118250,FALSE,2008,outside,60.5743359375,FALSE,TRUE
18056,1,61.58327734375,outside,2014,419750,9117750,FALSE,2014,outside,61.58327734375,FALSE,TRUE
18160,1,54.23098828125,outside,2016,471750,9117750,FALSE,2016,outside,54.23098828125,FALSE,TRUE
18161,1,54.27937109375,outside,2005,472250,9117750,FALSE,2005,outside,54.27937109375,FALSE,TRUE
18163,1,54.389796875,outside,2014,473250,9117750,FALSE,2014,outside,54.389796875,FALSE,TRUE
18176,1,55.4278828125,outside,2006,479750,9117750,FALSE,2006,outside,55.4278828125,FALSE,TRUE
18178,1,55.2109609375,outside,2021,480750,9117750,FALSE,2021,outside,55.2109609375,FALSE,TRUE
18179,1,55.108984375,outside,2017,481250,9117750,FALSE,2017,outside,55.108984375,FALSE,TRUE
18182,1,54.82928125,outside,2018,482750,9117750,FALSE,2018,outside,54.82928125,FALSE,TRUE
18253,1,53.10602734375,outside,2011,518250,9117750,FALSE,2011,outside,53.10602734375,FALSE,TRUE
18254,1,53.18364453125,outside,2013,518750,9117750,FALSE,2013,outside,53.18364453125,FALSE,TRUE
18255,1,53.26584375,outside,2013,519250,9117750,FALSE,2013,outside,53.26584375,FALSE,TRUE
18256,1,53.3526015625,outside,2008,519750,9117750,FALSE,2008,outside,53.3526015625,FALSE,TRUE
18257,1,53.44389453125,outside,2015,520250,9117750,FALSE,2015,outside,53.44389453125,FALSE,TRUE
18614,1,54.17102734375,outside,2004,475250,9117250,FALSE,2004,outside,54.17102734375,FALSE,TRUE
18615,1,54.2517265625,outside,2016,475750,9117250,FALSE,2016,outside,54.2517265625,FALSE,TRUE
18620,1,54.7220234375,outside,2016,478250,9117250,FALSE,2016,outside,54.7220234375,FALSE,TRUE
18623,1,54.94087890625,outside,2017,479750,9117250,FALSE,2017,outside,54.94087890625,FALSE,TRUE
18624,1,54.82928125,outside,2009,480250,9117250,FALSE,2009,outside,54.82928125,FALSE,TRUE
18625,1,54.7220234375,outside,2006,480750,9117250,FALSE,2006,outside,54.7220234375,FALSE,TRUE
18629,1,54.33691015625,outside,2017,482750,9117250,FALSE,2017,outside,54.33691015625,FALSE,TRUE
18630,1,54.2517265625,outside,2017,483250,9117250,FALSE,2017,outside,54.2517265625,FALSE,TRUE
18631,1,54.17102734375,outside,2019,483750,9117250,FALSE,2019,outside,54.17102734375,FALSE,TRUE
18696,1,52.3450078125,outside,2010,516250,9117250,FALSE,2010,outside,52.3450078125,FALSE,TRUE
18698,1,52.4690390625,outside,2013,517250,9117250,FALSE,2013,outside,52.4690390625,FALSE,TRUE
18699,1,52.53808203125,outside,2013,517750,9117250,FALSE,2013,outside,52.53808203125,FALSE,TRUE
18700,1,52.61178515625,outside,2005,518250,9117250,FALSE,2005,outside,52.61178515625,FALSE,TRUE
19025,1,52.84174609375,outside,2014,457250,9116750,FALSE,2014,outside,52.84174609375,FALSE,TRUE
19042,1,53,outside,2020,465750,9116750,FALSE,2020,outside,53,FALSE,TRUE
19044,1,53,outside,2019,466750,9116750,FALSE,2019,outside,53,FALSE,TRUE
19053,1,53.1906953125,outside,2021,471250,9116750,FALSE,2021,outside,53.1906953125,FALSE,TRUE
19055,1,53.28461328125,outside,2006,472250,9116750,FALSE,2006,outside,53.28461328125,FALSE,TRUE
19058,1,53.460265625,outside,2005,473750,9116750,FALSE,2005,outside,53.460265625,FALSE,TRUE
19061,1,53.67727734375,outside,2016,475250,9116750,FALSE,2016,outside,53.67727734375,FALSE,TRUE
19065,1,54.0300859375,outside,2005,477250,9116750,FALSE,2005,outside,54.0300859375,FALSE,TRUE
19067,1,54.23329296875,outside,2004,478250,9116750,FALSE,2004,outside,54.23329296875,FALSE,TRUE
19068,1,54.34151171875,outside,2018,478750,9116750,FALSE,2018,outside,54.34151171875,FALSE,TRUE
19069,1,54.454109375,outside,2008,479250,9116750,FALSE,2008,outside,54.454109375,FALSE,TRUE
19070,1,54.454109375,outside,2018,479750,9116750,FALSE,2018,outside,54.454109375,FALSE,TRUE
19072,1,54.23329296875,outside,2021,480750,9116750,FALSE,2021,outside,54.23329296875,FALSE,TRUE
19075,1,53.93514453125,outside,2014,482250,9116750,FALSE,2014,outside,53.93514453125,FALSE,TRUE
19077,1,53.75871875,outside,2019,483250,9116750,FALSE,2019,outside,53.75871875,FALSE,TRUE
19078,1,53.67727734375,outside,2020,483750,9116750,FALSE,2020,outside,53.67727734375,FALSE,TRUE
19142,1,51.79285546875,outside,2001,515750,9116750,FALSE,2001,outside,51.79285546875,FALSE,TRUE
19144,1,51.90857421875,outside,2003,516750,9116750,FALSE,2003,outside,51.90857421875,FALSE,TRUE
19145,1,51.97355078125,outside,2004,517250,9116750,FALSE,2004,outside,51.97355078125,FALSE,TRUE
19146,1,52.04325,outside,2014,517750,9116750,FALSE,2014,outside,52.04325,FALSE,TRUE
19149,1,52.2804921875,outside,2018,519250,9116750,FALSE,2018,outside,52.2804921875,FALSE,TRUE
19150,1,52.3688828125,outside,2016,519750,9116750,FALSE,2016,outside,52.3688828125,FALSE,TRUE
19459,1,52.00240234375,outside,2022,450750,9116250,FALSE,2022,outside,52.00240234375,FALSE,TRUE
19472,1,52.3450078125,outside,2010,457250,9116250,FALSE,2010,outside,52.3450078125,FALSE,TRUE
19487,1,52.5095234375,outside,2008,464750,9116250,FALSE,2008,outside,52.5095234375,FALSE,TRUE
19493,1,52.5095234375,outside,2017,467750,9116250,FALSE,2017,outside,52.5095234375,FALSE,TRUE
19500,1,52.69250390625,outside,2006,471250,9116250,FALSE,2006,outside,52.69250390625,FALSE,TRUE
19502,1,52.78730859375,outside,2004,472250,9116250,FALSE,2004,outside,52.78730859375,FALSE,TRUE
19506,1,53.0330078125,outside,2014,474250,9116250,FALSE,2014,outside,53.0330078125,FALSE,TRUE
19508,1,53.18364453125,outside,2005,475250,9116250,FALSE,2005,outside,53.18364453125,FALSE,TRUE
19517,1,53.96758203125,outside,2008,479750,9116250,FALSE,2008,outside,53.96758203125,FALSE,TRUE
19590,1,51.3517265625,outside,2009,516250,9116250,FALSE,2009,outside,51.3517265625,FALSE,TRUE
19591,1,51.412546875,outside,2001,516750,9116250,FALSE,2001,outside,51.412546875,FALSE,TRUE
19596,1,51.78803125,outside,2004,519250,9116250,FALSE,2004,outside,51.78803125,FALSE,TRUE
19597,1,51.8772578125,outside,2008,519750,9116250,FALSE,2008,outside,51.8772578125,FALSE,TRUE
19599,1,52.0696640625,outside,2004,520750,9116250,FALSE,2004,outside,52.0696640625,FALSE,TRUE
19600,1,52.1727890625,outside,2003,521250,9116250,FALSE,2003,outside,52.1727890625,FALSE,TRUE
19782,1,80.2153359375,outside,2020,388750,9115750,FALSE,2020,outside,80.2153359375,FALSE,TRUE
19919,1,51.8483359375,outside,2018,457250,9115750,FALSE,2018,outside,51.8483359375,FALSE,TRUE
19926,1,52.23983203125,outside,2021,460750,9115750,FALSE,2021,outside,52.23983203125,FALSE,TRUE
19934,1,52.00961328125,outside,2004,464750,9115750,FALSE,2004,outside,52.00961328125,FALSE,TRUE
19936,1,52,outside,2021,465750,9115750,FALSE,2021,outside,52,FALSE,TRUE
19939,1,52.00240234375,outside,2006,467250,9115750,FALSE,2006,outside,52.00240234375,FALSE,TRUE
19941,1,52.02162890625,outside,2005,468250,9115750,FALSE,2005,outside,52.02162890625,FALSE,TRUE
19946,1,52.15362109375,outside,2021,470750,9115750,FALSE,2021,outside,52.15362109375,FALSE,TRUE
19947,1,52.19434765625,outside,2001,471250,9115750,FALSE,2001,outside,52.19434765625,FALSE,TRUE
19948,1,52.23983203125,outside,2014,471750,9115750,FALSE,2014,outside,52.23983203125,FALSE,TRUE
19949,1,52.2900546875,outside,2014,472250,9115750,FALSE,2014,outside,52.2900546875,FALSE,TRUE
19956,1,52.77309765625,outside,2016,475750,9115750,FALSE,2016,outside,52.77309765625,FALSE,TRUE
19960,1,53.15073046875,outside,2004,477750,9115750,FALSE,2004,outside,53.15073046875,FALSE,TRUE
19962,1,53.36665625,outside,2007,478750,9115750,FALSE,2007,outside,53.36665625,FALSE,TRUE
19965,1,53.36665625,outside,2021,480250,9115750,FALSE,2021,outside,53.36665625,FALSE,TRUE
20037,1,50.8551875,outside,2001,516250,9115750,FALSE,2001,outside,50.8551875,FALSE,TRUE
20039,1,50.98283984375,outside,2009,517250,9115750,FALSE,2009,outside,50.98283984375,FALSE,TRUE
20042,1,51.2103515625,outside,2014,518750,9115750,FALSE,2014,outside,51.2103515625,FALSE,TRUE
20043,1,51.2957109375,outside,2008,519250,9115750,FALSE,2008,outside,51.2957109375,FALSE,TRUE
20044,1,51.385796875,outside,2014,519750,9115750,FALSE,2014,outside,51.385796875,FALSE,TRUE
20218,1,84.202140625,outside,2015,383250,9115250,FALSE,2015,outside,84.202140625,FALSE,TRUE
20225,1,81.444765625,outside,2022,386750,9115250,FALSE,2022,outside,81.444765625,FALSE,TRUE
20355,1,51.00244921875,outside,2005,451750,9115250,FALSE,2005,outside,51.00244921875,FALSE,TRUE
20364,1,51.24451171875,outside,2021,456250,9115250,FALSE,2021,outside,51.24451171875,FALSE,TRUE
20365,1,51.2957109375,outside,2019,456750,9115250,FALSE,2019,outside,51.2957109375,FALSE,TRUE
20366,1,51.3517265625,outside,2020,457250,9115250,FALSE,2020,outside,51.3517265625,FALSE,TRUE
20367,1,51.412546875,outside,2020,457750,9115250,FALSE,2020,outside,51.412546875,FALSE,TRUE
20371,1,51.70348046875,outside,2017,459750,9115250,FALSE,2017,outside,51.70348046875,FALSE,TRUE
20374,1,51.6962265625,outside,2021,461250,9115250,FALSE,2021,outside,51.6962265625,FALSE,TRUE
20381,1,51.50970703125,outside,2004,464750,9115250,FALSE,2004,outside,51.50970703125,FALSE,TRUE
20383,1,51.5,outside,2004,465750,9115250,FALSE,2004,outside,51.5,FALSE,TRUE
20385,1,51.5,outside,2017,466750,9115250,FALSE,2017,outside,51.5,FALSE,TRUE
20390,1,51.56064453125,outside,2017,469250,9115250,FALSE,2017,outside,51.56064453125,FALSE,TRUE
20392,1,51.618796875,outside,2005,470250,9115250,FALSE,2005,outside,51.618796875,FALSE,TRUE
20395,1,51.7421484375,outside,2017,471750,9115250,FALSE,2017,outside,51.7421484375,FALSE,TRUE
20408,1,52.76836328125,outside,2005,478250,9115250,FALSE,2005,outside,52.76836328125,FALSE,TRUE
20412,1,52.87958203125,outside,2021,480250,9115250,FALSE,2021,outside,52.87958203125,FALSE,TRUE
20414,1,52.66165625,outside,2014,481250,9115250,FALSE,2014,outside,52.66165625,FALSE,TRUE
20487,1,50.55937109375,outside,2010,517750,9115250,FALSE,2010,outside,50.55937109375,FALSE,TRUE
20488,1,50.63595703125,outside,2014,518250,9115250,FALSE,2014,outside,50.63595703125,FALSE,TRUE
20489,1,50.71735546875,outside,2010,518750,9115250,FALSE,2010,outside,50.71735546875,FALSE,TRUE
20490,1,50.80354296875,outside,2013,519250,9115250,FALSE,2013,outside,50.80354296875,FALSE,TRUE
20491,1,50.8945,outside,2020,519750,9115250,FALSE,2020,outside,50.8945,FALSE,TRUE
20791,1,50.65816796875,outside,2021,446250,9114750,FALSE,2021,outside,50.65816796875,FALSE,TRUE
20802,1,50.5024765625,outside,2022,451750,9114750,FALSE,2022,outside,50.5024765625,FALSE,TRUE
20809,1,50.65816796875,outside,2018,455250,9114750,FALSE,2018,outside,50.65816796875,FALSE,TRUE
20812,1,50.79862109375,outside,2018,456750,9114750,FALSE,2018,outside,50.79862109375,FALSE,TRUE
20813,1,50.8551875,outside,2017,457250,9114750,FALSE,2017,outside,50.8551875,FALSE,TRUE
20814,1,50.91659765625,outside,2018,457750,9114750,FALSE,2018,outside,50.91659765625,FALSE,TRUE
20815,1,50.98283984375,outside,2019,458250,9114750,FALSE,2019,outside,50.98283984375,FALSE,TRUE
20818,1,51.2103515625,outside,2013,459750,9114750,FALSE,2013,outside,51.2103515625,FALSE,TRUE
20821,1,51.19814453125,outside,2018,461250,9114750,FALSE,2018,outside,51.19814453125,FALSE,TRUE
20822,1,51.15662109375,outside,2018,461750,9114750,FALSE,2018,outside,51.15662109375,FALSE,TRUE
20828,1,51.0098046875,outside,2018,464750,9114750,FALSE,2018,outside,51.0098046875,FALSE,TRUE
20829,1,51.00244921875,outside,2006,465250,9114750,FALSE,2006,outside,51.00244921875,FALSE,TRUE
20831,1,51,outside,2004,466250,9114750,FALSE,2004,outside,51,FALSE,TRUE
20832,1,51,outside,2017,466750,9114750,FALSE,2017,outside,51,FALSE,TRUE
20834,1,51.0098046875,outside,2005,467750,9114750,FALSE,2005,outside,51.0098046875,FALSE,TRUE
20835,1,51.0220546875,outside,2018,468250,9114750,FALSE,2018,outside,51.0220546875,FALSE,TRUE
20846,1,51.47815234375,outside,2005,473750,9114750,FALSE,2005,outside,51.47815234375,FALSE,TRUE
20860,1,52.2804921875,outside,2004,480750,9114750,FALSE,2004,outside,52.2804921875,FALSE,TRUE
20861,1,52.1727890625,outside,2017,481250,9114750,FALSE,2017,outside,52.1727890625,FALSE,TRUE
20928,1,49.704125,outside,2014,514750,9114750,FALSE,2014,outside,49.704125,FALSE,TRUE
20929,1,49.7518828125,outside,2017,515250,9114750,FALSE,2017,outside,49.7518828125,FALSE,TRUE
20930,1,49.8046171875,outside,2004,515750,9114750,FALSE,2004,outside,49.8046171875,FALSE,TRUE
20933,1,49.9925,outside,2008,517250,9114750,FALSE,2008,outside,49.9925,FALSE,TRUE
20934,1,50.06495703125,outside,2005,517750,9114750,FALSE,2005,outside,50.06495703125,FALSE,TRUE
20935,1,50.142296875,outside,2008,518250,9114750,FALSE,2008,outside,50.142296875,FALSE,TRUE
20936,1,50.22449609375,outside,2004,518750,9114750,FALSE,2004,outside,50.22449609375,FALSE,TRUE
20945,1,51.178609375,outside,2021,523250,9114750,FALSE,2021,outside,51.178609375,FALSE,TRUE
21137,1,73.961140625,outside,2019,395750,9114250,FALSE,2019,outside,73.961140625,FALSE,TRUE
21138,1,73.5934765625,outside,2019,396250,9114250,FALSE,2019,outside,73.5934765625,FALSE,TRUE
21185,1,58.5683359375,outside,2006,419750,9114250,FALSE,2006,outside,58.5683359375,FALSE,TRUE
21186,1,58.30951953125,outside,2007,420250,9114250,FALSE,2007,outside,58.30951953125,FALSE,TRUE
21238,1,50.15974609375,outside,2014,446250,9114250,FALSE,2014,outside,50.15974609375,FALSE,TRUE
21256,1,50.15974609375,outside,2017,455250,9114250,FALSE,2017,outside,50.15974609375,FALSE,TRUE
21257,1,50.20208984375,outside,2008,455750,9114250,FALSE,2008,outside,50.20208984375,FALSE,TRUE
21258,1,50.24937890625,outside,2020,456250,9114250,FALSE,2020,outside,50.24937890625,FALSE,TRUE
21259,1,50.30158984375,outside,2013,456750,9114250,FALSE,2013,outside,50.30158984375,FALSE,TRUE
21260,1,50.35871484375,outside,2022,457250,9114250,FALSE,2022,outside,50.35871484375,FALSE,TRUE
21261,1,50.42073046875,outside,2020,457750,9114250,FALSE,2020,outside,50.42073046875,FALSE,TRUE
21262,1,50.48762109375,outside,2019,458250,9114250,FALSE,2019,outside,50.48762109375,FALSE,TRUE
21266,1,50.79862109375,outside,2018,460250,9114250,FALSE,2018,outside,50.79862109375,FALSE,TRUE
21269,1,50.65816796875,outside,2018,461750,9114250,FALSE,2018,outside,50.65816796875,FALSE,TRUE
21275,1,50.5098984375,outside,2019,464750,9114250,FALSE,2019,outside,50.5098984375,FALSE,TRUE
21276,1,50.5024765625,outside,2004,465250,9114250,FALSE,2004,outside,50.5024765625,FALSE,TRUE
21277,1,50.5,outside,2014,465750,9114250,FALSE,2014,outside,50.5,FALSE,TRUE
21279,1,50.5,outside,2004,466750,9114250,FALSE,2004,outside,50.5,FALSE,TRUE
21289,1,50.746921875,outside,2003,471750,9114250,FALSE,2003,outside,50.746921875,FALSE,TRUE
21298,1,51.385796875,outside,2006,476250,9114250,FALSE,2006,outside,51.385796875,FALSE,TRUE
21299,1,51.480578125,outside,2009,476750,9114250,FALSE,2009,outside,51.480578125,FALSE,TRUE
21307,1,51.79285546875,outside,2005,480750,9114250,FALSE,2005,outside,51.79285546875,FALSE,TRUE
21308,1,51.68413671875,outside,2005,481250,9114250,FALSE,2005,outside,51.68413671875,FALSE,TRUE
21374,1,49.16299609375,outside,2005,514250,9114250,FALSE,2005,outside,49.16299609375,FALSE,TRUE
21376,1,49.25444140625,outside,2006,515250,9114250,FALSE,2006,outside,49.25444140625,FALSE,TRUE
21378,1,49.36598046875,outside,2014,516250,9114250,FALSE,2014,outside,49.36598046875,FALSE,TRUE
21380,1,49.4974765625,outside,2013,517250,9114250,FALSE,2013,outside,49.4974765625,FALSE,TRUE
21685,1,49.6613515625,outside,2014,446250,9113750,FALSE,2014,outside,49.6613515625,FALSE,TRUE
21707,1,49.86230859375,outside,2014,457250,9113750,FALSE,2014,outside,49.86230859375,FALSE,TRUE
21708,1,49.9249453125,outside,2014,457750,9113750,FALSE,2014,outside,49.9249453125,FALSE,TRUE
21709,1,49.9925,outside,2017,458250,9113750,FALSE,2017,outside,49.9925,FALSE,TRUE
21710,1,50.06495703125,outside,2013,458750,9113750,FALSE,2013,outside,50.06495703125,FALSE,TRUE
21713,1,50.30158984375,outside,2018,460250,9113750,FALSE,2018,outside,50.30158984375,FALSE,TRUE
21722,1,50.01,outside,2016,464750,9113750,FALSE,2016,outside,50.01,FALSE,TRUE
21723,1,50.0025,outside,2017,465250,9113750,FALSE,2017,outside,50.0025,FALSE,TRUE
21732,1,50.08991796875,outside,2004,469750,9113750,FALSE,2004,outside,50.08991796875,FALSE,TRUE
21738,1,50.35871484375,outside,2001,472750,9113750,FALSE,2001,outside,50.35871484375,FALSE,TRUE
21745,1,50.8945,outside,2016,476250,9113750,FALSE,2016,outside,50.8945,FALSE,TRUE
21746,1,50.9901953125,outside,2013,476750,9113750,FALSE,2013,outside,50.9901953125,FALSE,TRUE
21750,1,51.41983984375,outside,2017,478750,9113750,FALSE,2017,outside,51.41983984375,FALSE,TRUE
21751,1,51.5388203125,outside,2006,479250,9113750,FALSE,2006,outside,51.5388203125,FALSE,TRUE
21755,1,51.195703125,outside,2005,481250,9113750,FALSE,2005,outside,51.195703125,FALSE,TRUE
21824,1,48.810859375,outside,2008,515750,9113750,FALSE,2008,outside,48.810859375,FALSE,TRUE
21826,1,48.93362890625,outside,2008,516750,9113750,FALSE,2008,outside,48.93362890625,FALSE,TRUE
21842,1,50.621140625,outside,2022,524750,9113750,FALSE,2022,outside,50.621140625,FALSE,TRUE
21983,1,92.537828125,outside,2014,371750,9113250,FALSE,2014,outside,92.537828125,FALSE,TRUE
21984,1,92.1140625,outside,2021,372250,9113250,FALSE,2021,outside,92.1140625,FALSE,TRUE
21987,1,90.8473984375,outside,2021,373750,9113250,FALSE,2021,outside,90.8473984375,FALSE,TRUE
22011,1,81.001546875,outside,2017,385750,9113250,FALSE,2017,outside,81.001546875,FALSE,TRUE
22083,1,56.68553515625,outside,2018,421750,9113250,FALSE,2018,outside,56.68553515625,FALSE,TRUE
22130,1,49.25444140625,outside,2021,445250,9113250,FALSE,2021,outside,49.25444140625,FALSE,TRUE
22131,1,49.20619921875,outside,2007,445750,9113250,FALSE,2007,outside,49.20619921875,FALSE,TRUE
22132,1,49.16299609375,outside,2016,446250,9113250,FALSE,2016,outside,49.16299609375,FALSE,TRUE
22133,1,49.12483984375,outside,2017,446750,9113250,FALSE,2017,outside,49.12483984375,FALSE,TRUE
22137,1,49.022953125,outside,2020,448750,9113250,FALSE,2020,outside,49.022953125,FALSE,TRUE
22145,1,49.022953125,outside,2018,452750,9113250,FALSE,2018,outside,49.022953125,FALSE,TRUE
22147,1,49.063734375,outside,2021,453750,9113250,FALSE,2021,outside,49.063734375,FALSE,TRUE
22148,1,49.09175,outside,2020,454250,9113250,FALSE,2020,outside,49.09175,FALSE,TRUE
22149,1,49.12483984375,outside,2021,454750,9113250,FALSE,2021,outside,49.12483984375,FALSE,TRUE
22153,1,49.30770703125,outside,2017,456750,9113250,FALSE,2017,outside,49.30770703125,FALSE,TRUE
22154,1,49.36598046875,outside,2017,457250,9113250,FALSE,2017,outside,49.36598046875,FALSE,TRUE
22156,1,49.4974765625,outside,2012,458250,9113250,FALSE,2012,outside,49.4974765625,FALSE,TRUE
22159,1,49.73178125,outside,2016,459750,9113250,FALSE,2016,outside,49.73178125,FALSE,TRUE
22166,1,49.56308984375,outside,2018,463250,9113250,FALSE,2018,outside,49.56308984375,FALSE,TRUE
22167,1,49.54038671875,outside,2016,463750,9113250,FALSE,2016,outside,49.54038671875,FALSE,TRUE
22170,1,49.5025234375,outside,2017,465250,9113250,FALSE,2017,outside,49.5025234375,FALSE,TRUE
22171,1,49.5,outside,2001,465750,9113250,FALSE,2001,outside,49.5,FALSE,TRUE
22172,1,49.5,outside,2021,466250,9113250,FALSE,2021,outside,49.5,FALSE,TRUE
22179,1,49.59082421875,outside,2004,469750,9113250,FALSE,2004,outside,49.59082421875,FALSE,TRUE
22182,1,49.704125,outside,2016,471250,9113250,FALSE,2016,outside,49.704125,FALSE,TRUE
22198,1,51.05389453125,outside,2013,479250,9113250,FALSE,2013,outside,51.05389453125,FALSE,TRUE
22202,1,50.70749609375,outside,2006,481250,9113250,FALSE,2006,outside,50.70749609375,FALSE,TRUE
22265,1,48.06505859375,outside,2001,512750,9113250,FALSE,2001,outside,48.06505859375,FALSE,TRUE
22270,1,48.25971484375,outside,2016,515250,9113250,FALSE,2016,outside,48.25971484375,FALSE,TRUE
22272,1,48.373546875,outside,2013,516250,9113250,FALSE,2013,outside,48.373546875,FALSE,TRUE
22273,1,48.43810546875,outside,2003,516750,9113250,FALSE,2003,outside,48.43810546875,FALSE,TRUE
22274,1,48.50773046875,outside,2016,517250,9113250,FALSE,2016,outside,48.50773046875,FALSE,TRUE
22282,1,49.2442890625,outside,2022,521250,9113250,FALSE,2022,outside,49.2442890625,FALSE,TRUE
22407,1,102.2362421875,outside,2018,360250,9112750,FALSE,2018,outside,102.2362421875,FALSE,TRUE
22411,1,100.48009375,outside,2017,362250,9112750,FALSE,2017,outside,100.48009375,FALSE,TRUE
22572,1,49.07647265625,outside,2020,442750,9112750,FALSE,2020,outside,49.07647265625,FALSE,TRUE
22579,1,48.66466796875,outside,2013,446250,9112750,FALSE,2013,outside,48.66466796875,FALSE,TRUE
22580,1,48.626125,outside,2005,446750,9112750,FALSE,2005,outside,48.626125,FALSE,TRUE
22584,1,48.52319140625,outside,2014,448750,9112750,FALSE,2014,outside,48.52319140625,FALSE,TRUE
22587,1,48.5,outside,2019,450250,9112750,FALSE,2019,outside,48.5,FALSE,TRUE
22588,1,48.502578125,outside,2018,450750,9112750,FALSE,2018,outside,48.502578125,FALSE,TRUE
22590,1,48.502578125,outside,2020,451750,9112750,FALSE,2020,outside,48.502578125,FALSE,TRUE
22591,1,48.51030859375,outside,2021,452250,9112750,FALSE,2021,outside,48.51030859375,FALSE,TRUE
22595,1,48.5926953125,outside,2017,454250,9112750,FALSE,2017,outside,48.5926953125,FALSE,TRUE
22597,1,48.66466796875,outside,2017,455250,9112750,FALSE,2017,outside,48.66466796875,FALSE,TRUE
22598,1,48.70831640625,outside,2020,455750,9112750,FALSE,2020,outside,48.70831640625,FALSE,TRUE
22600,1,48.810859375,outside,2018,456750,9112750,FALSE,2018,outside,48.810859375,FALSE,TRUE
22601,1,48.8697265625,outside,2020,457250,9112750,FALSE,2020,outside,48.8697265625,FALSE,TRUE
22602,1,48.93362890625,outside,2020,457750,9112750,FALSE,2020,outside,48.93362890625,FALSE,TRUE
22604,1,49.07647265625,outside,2020,458750,9112750,FALSE,2020,outside,49.07647265625,FALSE,TRUE
22607,1,49.30770703125,outside,2004,460250,9112750,FALSE,2004,outside,49.30770703125,FALSE,TRUE
22612,1,49.09175,outside,2019,462750,9112750,FALSE,2019,outside,49.09175,FALSE,TRUE
22613,1,49.063734375,outside,2014,463250,9112750,FALSE,2014,outside,49.063734375,FALSE,TRUE
22615,1,49.022953125,outside,2020,464250,9112750,FALSE,2020,outside,49.022953125,FALSE,TRUE
22617,1,49.00255078125,outside,2018,465250,9112750,FALSE,2018,outside,49.00255078125,FALSE,TRUE
22618,1,49,outside,2004,465750,9112750,FALSE,2004,outside,49,FALSE,TRUE
22619,1,49,outside,2016,466250,9112750,FALSE,2016,outside,49,FALSE,TRUE
22625,1,49.063734375,outside,2016,469250,9112750,FALSE,2016,outside,49.063734375,FALSE,TRUE
22626,1,49.09175,outside,2005,469750,9112750,FALSE,2005,outside,49.09175,FALSE,TRUE
22633,1,49.4292421875,outside,2004,473250,9112750,FALSE,2004,outside,49.4292421875,FALSE,TRUE
22635,1,49.57065625,outside,2005,474250,9112750,FALSE,2005,outside,49.57065625,FALSE,TRUE
22648,1,50.33140234375,outside,2006,480750,9112750,FALSE,2006,outside,50.33140234375,FALSE,TRUE
22714,1,47.6287734375,outside,2008,513750,9112750,FALSE,2008,outside,47.6287734375,FALSE,TRUE
22719,1,47.87744921875,outside,2006,516250,9112750,FALSE,2006,outside,47.87744921875,FALSE,TRUE
22723,1,48.16897265625,outside,2009,518250,9112750,FALSE,2009,outside,48.16897265625,FALSE,TRUE
23023,1,48.314078125,outside,2017,444750,9112250,FALSE,2017,outside,48.314078125,FALSE,TRUE
23024,1,48.25971484375,outside,2017,445250,9112250,FALSE,2017,outside,48.25971484375,FALSE,TRUE
23026,1,48.16637890625,outside,2004,446250,9112250,FALSE,2004,outside,48.16637890625,FALSE,TRUE
23034,1,48,outside,2021,450250,9112250,FALSE,2021,outside,48,FALSE,TRUE
23048,1,48.373546875,outside,2017,457250,9112250,FALSE,2017,outside,48.373546875,FALSE,TRUE
23049,1,48.43810546875,outside,2017,457750,9112250,FALSE,2017,outside,48.43810546875,FALSE,TRUE
23050,1,48.50773046875,outside,2017,458250,9112250,FALSE,2017,outside,48.50773046875,FALSE,TRUE
23051,1,48.58240234375,outside,2014,458750,9112250,FALSE,2014,outside,48.58240234375,FALSE,TRUE
23054,1,48.810859375,outside,2014,460250,9112250,FALSE,2014,outside,48.810859375,FALSE,TRUE
23062,1,48.52319140625,outside,2020,464250,9112250,FALSE,2020,outside,48.52319140625,FALSE,TRUE
23063,1,48.51030859375,outside,2017,464750,9112250,FALSE,2017,outside,48.51030859375,FALSE,TRUE
23065,1,48.5,outside,2016,465750,9112250,FALSE,2016,outside,48.5,FALSE,TRUE
23066,1,48.5,outside,2020,466250,9112250,FALSE,2020,outside,48.5,FALSE,TRUE
23067,1,48.5,outside,2021,466750,9112250,FALSE,2021,outside,48.5,FALSE,TRUE
23068,1,48.502578125,outside,2016,467250,9112250,FALSE,2016,outside,48.502578125,FALSE,TRUE
23069,1,48.51030859375,outside,2005,467750,9112250,FALSE,2005,outside,48.51030859375,FALSE,TRUE
23070,1,48.52319140625,outside,2005,468250,9112250,FALSE,2005,outside,48.52319140625,FALSE,TRUE
23074,1,48.626125,outside,2005,470250,9112250,FALSE,2005,outside,48.626125,FALSE,TRUE
23077,1,48.75705078125,outside,2005,471750,9112250,FALSE,2005,outside,48.75705078125,FALSE,TRUE
23081,1,49.00255078125,outside,2014,473750,9112250,FALSE,2014,outside,49.00255078125,FALSE,TRUE
23091,1,49.962484375,outside,2021,478750,9112250,FALSE,2021,outside,49.962484375,FALSE,TRUE
23092,1,50.0849296875,outside,2013,479250,9112250,FALSE,2013,outside,50.0849296875,FALSE,TRUE
23093,1,50.0849296875,outside,2010,479750,9112250,FALSE,2010,outside,50.0849296875,FALSE,TRUE
23095,1,49.8447578125,outside,2021,480750,9112250,FALSE,2021,outside,49.8447578125,FALSE,TRUE
23161,1,47.130140625,outside,2001,513750,9112250,FALSE,2001,outside,47.130140625,FALSE,TRUE
23162,1,47.16990625,outside,2009,514250,9112250,FALSE,2009,outside,47.16990625,FALSE,TRUE
23163,1,47.21493359375,outside,2015,514750,9112250,FALSE,2015,outside,47.21493359375,FALSE,TRUE
23164,1,47.2652109375,outside,2008,515250,9112250,FALSE,2008,outside,47.2652109375,FALSE,TRUE
23169,1,47.594640625,outside,2022,517750,9112250,FALSE,2022,outside,47.594640625,FALSE,TRUE
23469,1,47.87744921875,outside,2016,444250,9111750,FALSE,2016,outside,47.87744921875,FALSE,TRUE
23472,1,47.71268359375,outside,2018,445750,9111750,FALSE,2018,outside,47.71268359375,FALSE,TRUE
23477,1,47.5420859375,outside,2005,448250,9111750,FALSE,2005,outside,47.5420859375,FALSE,TRUE
23481,1,47.5,outside,2022,450250,9111750,FALSE,2022,outside,47.5,FALSE,TRUE
23487,1,47.5420859375,outside,2021,453250,9111750,FALSE,2021,outside,47.5420859375,FALSE,TRUE
23495,1,47.87744921875,outside,2019,457250,9111750,FALSE,2019,outside,47.87744921875,FALSE,TRUE
23498,1,48.0884609375,outside,2018,458750,9111750,FALSE,2018,outside,48.0884609375,FALSE,TRUE
23499,1,48.16897265625,outside,2017,459250,9111750,FALSE,2017,outside,48.16897265625,FALSE,TRUE
23500,1,48.25453515625,outside,2016,459750,9111750,FALSE,2016,outside,48.25453515625,FALSE,TRUE
23501,1,48.314078125,outside,2013,460250,9111750,FALSE,2013,outside,48.314078125,FALSE,TRUE
23502,1,48.25971484375,outside,2010,460750,9111750,FALSE,2010,outside,48.25971484375,FALSE,TRUE
23503,1,48.2104765625,outside,2016,461250,9111750,FALSE,2016,outside,48.2104765625,FALSE,TRUE
23505,1,48.12743359375,outside,2021,462250,9111750,FALSE,2021,outside,48.12743359375,FALSE,TRUE
23509,1,48.02343359375,outside,2018,464250,9111750,FALSE,2018,outside,48.02343359375,FALSE,TRUE
23510,1,48.0104140625,outside,2014,464750,9111750,FALSE,2014,outside,48.0104140625,FALSE,TRUE
23511,1,48.00260546875,outside,2013,465250,9111750,FALSE,2013,outside,48.00260546875,FALSE,TRUE
23512,1,48,outside,2013,465750,9111750,FALSE,2013,outside,48,FALSE,TRUE
23513,1,48,outside,2016,466250,9111750,FALSE,2016,outside,48,FALSE,TRUE
23515,1,48.00260546875,outside,2006,467250,9111750,FALSE,2006,outside,48.00260546875,FALSE,TRUE
23516,1,48.0104140625,outside,2019,467750,9111750,FALSE,2019,outside,48.0104140625,FALSE,TRUE
23517,1,48.02343359375,outside,2005,468250,9111750,FALSE,2005,outside,48.02343359375,FALSE,TRUE
23518,1,48.0416484375,outside,2019,468750,9111750,FALSE,2019,outside,48.0416484375,FALSE,TRUE
23519,1,48.06505859375,outside,2005,469250,9111750,FALSE,2005,outside,48.06505859375,FALSE,TRUE
23523,1,48.2104765625,outside,2016,471250,9111750,FALSE,2016,outside,48.2104765625,FALSE,TRUE
23525,1,48.314078125,outside,2006,472250,9111750,FALSE,2006,outside,48.314078125,FALSE,TRUE
23527,1,48.43810546875,outside,2004,473250,9111750,FALSE,2004,outside,48.43810546875,FALSE,TRUE
23602,1,46.5026875,outside,2015,510750,9111750,FALSE,2015,outside,46.5026875,FALSE,TRUE
23616,1,47.10095703125,outside,2018,517750,9111750,FALSE,2018,outside,47.10095703125,FALSE,TRUE
23817,1,72.7272265625,outside,2021,394750,9111250,FALSE,2021,outside,72.7272265625,FALSE,TRUE
23914,1,47.51841796875,outside,2015,443250,9111250,FALSE,2015,outside,47.51841796875,FALSE,TRUE
23922,1,47.0956484375,outside,2004,447250,9111250,FALSE,2004,outside,47.0956484375,FALSE,TRUE
23925,1,47.0239296875,outside,2005,448750,9111250,FALSE,2005,outside,47.0239296875,FALSE,TRUE
23926,1,47.01063671875,outside,2016,449250,9111250,FALSE,2016,outside,47.01063671875,FALSE,TRUE
23941,1,47.32071484375,outside,2003,456750,9111250,FALSE,2003,outside,47.32071484375,FALSE,TRUE
23942,1,47.3814296875,outside,2017,457250,9111250,FALSE,2017,outside,47.3814296875,FALSE,TRUE
23948,1,47.817359375,outside,2015,460250,9111250,FALSE,2015,outside,47.817359375,FALSE,TRUE
23949,1,47.76243359375,outside,2017,460750,9111250,FALSE,2017,outside,47.76243359375,FALSE,TRUE
23950,1,47.71268359375,outside,2021,461250,9111250,FALSE,2021,outside,47.71268359375,FALSE,TRUE
23952,1,47.6287734375,outside,2017,462250,9111250,FALSE,2017,outside,47.6287734375,FALSE,TRUE
23956,1,47.5236796875,outside,2004,464250,9111250,FALSE,2004,outside,47.5236796875,FALSE,TRUE
23960,1,47.5,outside,2010,466250,9111250,FALSE,2010,outside,47.5,FALSE,TRUE
23962,1,47.5026328125,outside,2016,467250,9111250,FALSE,2016,outside,47.5026328125,FALSE,TRUE
23963,1,47.5105234375,outside,2014,467750,9111250,FALSE,2014,outside,47.5105234375,FALSE,TRUE
23966,1,47.5657421875,outside,2004,469250,9111250,FALSE,2004,outside,47.5657421875,FALSE,TRUE
23969,1,47.668125,outside,2022,470750,9111250,FALSE,2022,outside,47.668125,FALSE,TRUE
23971,1,47.76243359375,outside,2015,471750,9111250,FALSE,2015,outside,47.76243359375,FALSE,TRUE
23985,1,48.99234765625,outside,2010,478750,9111250,FALSE,2010,outside,48.99234765625,FALSE,TRUE
24049,1,46.00271875,outside,2013,510750,9111250,FALSE,2013,outside,46.00271875,FALSE,TRUE
24051,1,46.02444921875,outside,2008,511750,9111250,FALSE,2008,outside,46.02444921875,FALSE,TRUE
24052,1,46.04345703125,outside,2006,512250,9111250,FALSE,2006,outside,46.04345703125,FALSE,TRUE
24056,1,46.1735859375,outside,2009,514250,9111250,FALSE,2009,outside,46.1735859375,FALSE,TRUE
24060,1,46.38965234375,outside,2001,516250,9111250,FALSE,2001,outside,46.38965234375,FALSE,TRUE
24061,1,46.45696875,outside,2017,516750,9111250,FALSE,2017,outside,46.45696875,FALSE,TRUE
24358,1,47.2705,outside,2017,441750,9110750,FALSE,2017,outside,47.2705,FALSE,TRUE
24367,1,46.6717265625,outside,2007,446250,9110750,FALSE,2007,outside,46.6717265625,FALSE,TRUE
24374,1,46.5026875,outside,2016,449750,9110750,FALSE,2016,outside,46.5026875,FALSE,TRUE
24375,1,46.5,outside,2018,450250,9110750,FALSE,2018,outside,46.5,FALSE,TRUE
24388,1,46.824140625,outside,2019,456750,9110750,FALSE,2019,outside,46.824140625,FALSE,TRUE
24392,1,47.10095703125,outside,2018,458750,9110750,FALSE,2018,outside,47.10095703125,FALSE,TRUE
24396,1,47.2652109375,outside,2021,460750,9110750,FALSE,2021,outside,47.2652109375,FALSE,TRUE
24399,1,47.130140625,outside,2017,462250,9110750,FALSE,2017,outside,47.130140625,FALSE,TRUE
24403,1,47.0239296875,outside,2017,464250,9110750,FALSE,2017,outside,47.0239296875,FALSE,TRUE
24408,1,47,outside,2013,466750,9110750,FALSE,2013,outside,47,FALSE,TRUE
24409,1,47.00266015625,outside,2014,467250,9110750,FALSE,2014,outside,47.00266015625,FALSE,TRUE
24410,1,47.01063671875,outside,2006,467750,9110750,FALSE,2006,outside,47.01063671875,FALSE,TRUE
24411,1,47.0239296875,outside,2004,468250,9110750,FALSE,2004,outside,47.0239296875,FALSE,TRUE
24412,1,47.04253515625,outside,2016,468750,9110750,FALSE,2016,outside,47.04253515625,FALSE,TRUE
24413,1,47.06644140625,outside,2018,469250,9110750,FALSE,2018,outside,47.06644140625,FALSE,TRUE
24414,1,47.0956484375,outside,2004,469750,9110750,FALSE,2004,outside,47.0956484375,FALSE,TRUE
24496,1,45.50274609375,outside,2010,510750,9110750,FALSE,2010,outside,45.50274609375,FALSE,TRUE
24498,1,45.52471875,outside,2009,511750,9110750,FALSE,2009,outside,45.52471875,FALSE,TRUE
24499,1,45.54393359375,outside,2004,512250,9110750,FALSE,2004,outside,45.54393359375,FALSE,TRUE
24515,1,46.58594140625,outside,2022,520250,9110750,FALSE,2022,outside,46.58594140625,FALSE,TRUE
24814,1,46.1735859375,outside,2016,446250,9110250,FALSE,2016,outside,46.1735859375,FALSE,TRUE
24817,1,46.0678828125,outside,2014,447750,9110250,FALSE,2014,outside,46.0678828125,FALSE,TRUE
24818,1,46.04345703125,outside,2004,448250,9110250,FALSE,2004,outside,46.04345703125,FALSE,TRUE
24819,1,46.02444921875,outside,2004,448750,9110250,FALSE,2004,outside,46.02444921875,FALSE,TRUE
24821,1,46.00271875,outside,2004,449750,9110250,FALSE,2004,outside,46.00271875,FALSE,TRUE
24844,1,46.717234375,outside,2018,461250,9110250,FALSE,2018,outside,46.717234375,FALSE,TRUE
24846,1,46.63153515625,outside,2016,462250,9110250,FALSE,2016,outside,46.63153515625,FALSE,TRUE
24847,1,46.596671875,outside,2021,462750,9110250,FALSE,2021,outside,46.596671875,FALSE,TRUE
24848,1,46.56715625,outside,2016,463250,9110250,FALSE,2016,outside,46.56715625,FALSE,TRUE
24849,1,46.5429921875,outside,2016,463750,9110250,FALSE,2016,outside,46.5429921875,FALSE,TRUE
24850,1,46.5241875,outside,2017,464250,9110250,FALSE,2017,outside,46.5241875,FALSE,TRUE
24852,1,46.5026875,outside,2015,465250,9110250,FALSE,2015,outside,46.5026875,FALSE,TRUE
24855,1,46.5,outside,2014,466750,9110250,FALSE,2014,outside,46.5,FALSE,TRUE
24857,1,46.51075,outside,2008,467750,9110250,FALSE,2008,outside,46.51075,FALSE,TRUE
24858,1,46.5241875,outside,2011,468250,9110250,FALSE,2011,outside,46.5241875,FALSE,TRUE
24859,1,46.5429921875,outside,2017,468750,9110250,FALSE,2017,outside,46.5429921875,FALSE,TRUE
24860,1,46.56715625,outside,2020,469250,9110250,FALSE,2020,outside,46.56715625,FALSE,TRUE
24864,1,46.717234375,outside,2015,471250,9110250,FALSE,2015,outside,46.717234375,FALSE,TRUE
24865,1,46.76804296875,outside,2003,471750,9110250,FALSE,2003,outside,46.76804296875,FALSE,TRUE
24870,1,47.10095703125,outside,2014,474250,9110250,FALSE,2014,outside,47.10095703125,FALSE,TRUE
24872,1,47.2705,outside,2014,475250,9110250,FALSE,2014,outside,47.2705,FALSE,TRUE
24878,1,47.9009375,outside,2019,478250,9110250,FALSE,2019,outside,47.9009375,FALSE,TRUE
24942,1,45,outside,2009,510250,9110250,FALSE,2009,outside,45,FALSE,TRUE
24945,1,45.0249921875,outside,2013,511750,9110250,FALSE,2013,outside,45.0249921875,FALSE,TRUE
24946,1,45.044421875,outside,2009,512250,9110250,FALSE,2009,outside,45.044421875,FALSE,TRUE
24956,1,45.54119140625,outside,2021,517250,9110250,FALSE,2021,outside,45.54119140625,FALSE,TRUE
24957,1,45.62071875,outside,2020,517750,9110250,FALSE,2020,outside,45.62071875,FALSE,TRUE
24958,1,45.705578125,outside,2012,518250,9110250,FALSE,2012,outside,45.705578125,FALSE,TRUE
24959,1,45.7957421875,outside,2022,518750,9110250,FALSE,2022,outside,45.7957421875,FALSE,TRUE
25258,1,45.8312109375,outside,2018,444750,9109750,FALSE,2018,outside,45.8312109375,FALSE,TRUE
25262,1,45.63441796875,outside,2021,446750,9109750,FALSE,2021,outside,45.63441796875,FALSE,TRUE
25263,1,45.59879296875,outside,2011,447250,9109750,FALSE,2011,outside,45.59879296875,FALSE,TRUE
25264,1,45.56862890625,outside,2014,447750,9109750,FALSE,2014,outside,45.56862890625,FALSE,TRUE
25265,1,45.54393359375,outside,2014,448250,9109750,FALSE,2014,outside,45.54393359375,FALSE,TRUE
25266,1,45.52471875,outside,2005,448750,9109750,FALSE,2005,outside,45.52471875,FALSE,TRUE
25269,1,45.5,outside,2008,450250,9109750,FALSE,2008,outside,45.5,FALSE,TRUE
25291,1,46.2195859375,outside,2017,461250,9109750,FALSE,2017,outside,46.2195859375,FALSE,TRUE
25292,1,46.1735859375,outside,2017,461750,9109750,FALSE,2017,outside,46.1735859375,FALSE,TRUE
25293,1,46.1329609375,outside,2014,462250,9109750,FALSE,2014,outside,46.1329609375,FALSE,TRUE
25295,1,46.0678828125,outside,2016,463250,9109750,FALSE,2016,outside,46.0678828125,FALSE,TRUE
25297,1,46.02444921875,outside,2016,464250,9109750,FALSE,2016,outside,46.02444921875,FALSE,TRUE
25299,1,46.00271875,outside,2011,465250,9109750,FALSE,2011,outside,46.00271875,FALSE,TRUE
25300,1,46,outside,2006,465750,9109750,FALSE,2006,outside,46,FALSE,TRUE
25301,1,46,outside,2014,466250,9109750,FALSE,2014,outside,46,FALSE,TRUE
25305,1,46.02444921875,outside,2005,468250,9109750,FALSE,2005,outside,46.02444921875,FALSE,TRUE
25306,1,46.04345703125,outside,2014,468750,9109750,FALSE,2014,outside,46.04345703125,FALSE,TRUE
25308,1,46.09772265625,outside,2004,469750,9109750,FALSE,2004,outside,46.09772265625,FALSE,TRUE
25316,1,46.52955859375,outside,2017,473750,9109750,FALSE,2017,outside,46.52955859375,FALSE,TRUE
25320,1,46.87216796875,outside,2013,475750,9109750,FALSE,2013,outside,46.87216796875,FALSE,TRUE
25321,1,46.970734375,outside,2009,476250,9109750,FALSE,2009,outside,46.970734375,FALSE,TRUE
25323,1,47.18315234375,outside,2003,477250,9109750,FALSE,2003,outside,47.18315234375,FALSE,TRUE
25389,1,44.5,outside,2009,510250,9109750,FALSE,2009,outside,44.5,FALSE,TRUE
25399,1,44.78001953125,outside,2015,515250,9109750,FALSE,2015,outside,44.78001953125,FALSE,TRUE
25401,1,44.902671875,outside,2016,516250,9109750,FALSE,2016,outside,44.902671875,FALSE,TRUE
25405,1,45.2133828125,outside,2018,518250,9109750,FALSE,2018,outside,45.2133828125,FALSE,TRUE
25650,1,55.8032265625,outside,2014,417250,9109250,FALSE,2014,outside,55.8032265625,FALSE,TRUE
25662,1,52.47856640625,outside,2020,423250,9109250,FALSE,2020,outside,52.47856640625,FALSE,TRUE
25682,1,48.1040546875,outside,2022,433250,9109250,FALSE,2022,outside,48.1040546875,FALSE,TRUE
25702,1,45.54119140625,outside,2021,443250,9109250,FALSE,2021,outside,45.54119140625,FALSE,TRUE
25703,1,45.46701953125,outside,2014,443750,9109250,FALSE,2014,outside,45.46701953125,FALSE,TRUE
25704,1,45.39823828125,outside,2022,444250,9109250,FALSE,2022,outside,45.39823828125,FALSE,TRUE
25711,1,45.069390625,outside,2018,447750,9109250,FALSE,2018,outside,45.069390625,FALSE,TRUE
25712,1,45.044421875,outside,2017,448250,9109250,FALSE,2017,outside,45.044421875,FALSE,TRUE
25718,1,45,outside,2019,451250,9109250,FALSE,2019,outside,45,FALSE,TRUE
25719,1,45.00277734375,outside,2016,451750,9109250,FALSE,2016,outside,45.00277734375,FALSE,TRUE
25727,1,45.22444140625,outside,2021,455750,9109250,FALSE,2021,outside,45.22444140625,FALSE,TRUE
25739,1,45.675484375,outside,2016,461750,9109250,FALSE,2016,outside,45.675484375,FALSE,TRUE
25740,1,45.63441796875,outside,2013,462250,9109250,FALSE,2013,outside,45.63441796875,FALSE,TRUE
25741,1,45.59879296875,outside,2003,462750,9109250,FALSE,2003,outside,45.59879296875,FALSE,TRUE
25744,1,45.52471875,outside,2004,464250,9109250,FALSE,2004,outside,45.52471875,FALSE,TRUE
25747,1,45.5,outside,2016,465750,9109250,FALSE,2016,outside,45.5,FALSE,TRUE
25757,1,45.675484375,outside,2005,470750,9109250,FALSE,2005,outside,45.675484375,FALSE,TRUE
25762,1,45.96194140625,outside,2013,473250,9109250,FALSE,2013,outside,45.96194140625,FALSE,TRUE
25763,1,46.0353125,outside,2013,473750,9109250,FALSE,2013,outside,46.0353125,FALSE,TRUE
25766,1,46.2871484375,outside,2020,475250,9109250,FALSE,2020,outside,46.2871484375,FALSE,TRUE
25838,1,44.01136328125,outside,2016,511250,9109250,FALSE,2016,outside,44.01136328125,FALSE,TRUE
25841,1,44.07096484375,outside,2009,512750,9109250,FALSE,2009,outside,44.07096484375,FALSE,TRUE
25842,1,44.10215234375,outside,2009,513250,9109250,FALSE,2009,outside,44.10215234375,FALSE,TRUE
25843,1,44.138984375,outside,2001,513750,9109250,FALSE,2001,outside,44.138984375,FALSE,TRUE
25847,1,44.34241796875,outside,2007,515750,9109250,FALSE,2007,outside,44.34241796875,FALSE,TRUE
25849,1,44.4775234375,outside,2016,516750,9109250,FALSE,2016,outside,44.4775234375,FALSE,TRUE
25851,1,44.63462890625,outside,2013,517750,9109250,FALSE,2013,outside,44.63462890625,FALSE,TRUE
25852,1,44.721359375,outside,2021,518250,9109250,FALSE,2021,outside,44.721359375,FALSE,TRUE
25853,1,44.81350390625,outside,2022,518750,9109250,FALSE,2022,outside,44.81350390625,FALSE,TRUE
26130,1,47.46051171875,outside,2021,433750,9108750,FALSE,2021,outside,47.46051171875,FALSE,TRUE
26160,1,44.5252734375,outside,2006,448750,9108750,FALSE,2006,outside,44.5252734375,FALSE,TRUE
26165,1,44.5,outside,2021,451250,9108750,FALSE,2021,outside,44.5,FALSE,TRUE
26185,1,45.22444140625,outside,2017,461250,9108750,FALSE,2017,outside,45.22444140625,FALSE,TRUE
26186,1,45.1774296875,outside,2018,461750,9108750,FALSE,2018,outside,45.1774296875,FALSE,TRUE
26187,1,45.13590625,outside,2017,462250,9108750,FALSE,2017,outside,45.13590625,FALSE,TRUE
26188,1,45.099890625,outside,2017,462750,9108750,FALSE,2017,outside,45.099890625,FALSE,TRUE
26189,1,45.069390625,outside,2004,463250,9108750,FALSE,2004,outside,45.069390625,FALSE,TRUE
26190,1,45.044421875,outside,2015,463750,9108750,FALSE,2015,outside,45.044421875,FALSE,TRUE
26192,1,45.011109375,outside,2005,464750,9108750,FALSE,2005,outside,45.011109375,FALSE,TRUE
26206,1,45.27692578125,outside,2020,471750,9108750,FALSE,2020,outside,45.27692578125,FALSE,TRUE
26209,1,45.46701953125,outside,2014,473250,9108750,FALSE,2014,outside,45.46701953125,FALSE,TRUE
26212,1,45.705578125,outside,2014,474750,9108750,FALSE,2014,outside,45.705578125,FALSE,TRUE
26284,1,43.502875,outside,2021,510750,9108750,FALSE,2021,outside,43.502875,FALSE,TRUE
26289,1,43.60332421875,outside,2004,513250,9108750,FALSE,2004,outside,43.60332421875,FALSE,TRUE
26581,1,46.32763671875,outside,2021,435750,9108250,FALSE,2021,outside,46.32763671875,FALSE,TRUE
26588,1,45.35416015625,outside,2017,439250,9108250,FALSE,2017,outside,45.35416015625,FALSE,TRUE
26598,1,44.40720703125,outside,2022,444250,9108250,FALSE,2022,outside,44.40720703125,FALSE,TRUE
26599,1,44.34241796875,outside,2014,444750,9108250,FALSE,2014,outside,44.34241796875,FALSE,TRUE
26607,1,44.0255625,outside,2018,448750,9108250,FALSE,2018,outside,44.0255625,FALSE,TRUE
26608,1,44.01136328125,outside,2003,449250,9108250,FALSE,2003,outside,44.01136328125,FALSE,TRUE
26632,1,44.72694921875,outside,2013,461250,9108250,FALSE,2013,outside,44.72694921875,FALSE,TRUE
26633,1,44.6794140625,outside,2014,461750,9108250,FALSE,2014,outside,44.6794140625,FALSE,TRUE
26634,1,44.6374296875,outside,2017,462250,9108250,FALSE,2017,outside,44.6374296875,FALSE,TRUE
26635,1,44.6010078125,outside,2017,462750,9108250,FALSE,2017,outside,44.6010078125,FALSE,TRUE
26636,1,44.57016796875,outside,2013,463250,9108250,FALSE,2013,outside,44.57016796875,FALSE,TRUE
26637,1,44.544921875,outside,2016,463750,9108250,FALSE,2016,outside,44.544921875,FALSE,TRUE
26638,1,44.5252734375,outside,2020,464250,9108250,FALSE,2020,outside,44.5252734375,FALSE,TRUE
26639,1,44.511234375,outside,2017,464750,9108250,FALSE,2017,outside,44.511234375,FALSE,TRUE
26651,1,44.6794140625,outside,2003,470750,9108250,FALSE,2003,outside,44.6794140625,FALSE,TRUE
26652,1,44.72694921875,outside,2005,471250,9108250,FALSE,2005,outside,44.72694921875,FALSE,TRUE
26653,1,44.78001953125,outside,2004,471750,9108250,FALSE,2004,outside,44.78001953125,FALSE,TRUE
26657,1,45.04719921875,outside,2017,473750,9108250,FALSE,2017,outside,45.04719921875,FALSE,TRUE
26739,1,43.23482421875,outside,2008,514750,9108250,FALSE,2008,outside,43.23482421875,FALSE,TRUE
26741,1,43.35031640625,outside,2018,515750,9108250,FALSE,2018,outside,43.35031640625,FALSE,TRUE
26743,1,43.48850390625,outside,2004,516750,9108250,FALSE,2004,outside,43.48850390625,FALSE,TRUE
26913,1,84.120453125,outside,2017,378250,9107750,FALSE,2017,outside,84.120453125,FALSE,TRUE
27025,1,46.34921875,outside,2017,434250,9107750,FALSE,2017,outside,46.34921875,FALSE,TRUE
27026,1,46.179,outside,2021,434750,9107750,FALSE,2021,outside,46.179,FALSE,TRUE
27052,1,43.57178125,outside,2013,447750,9107750,FALSE,2013,outside,43.57178125,FALSE,TRUE
27053,1,43.545953125,outside,2020,448250,9107750,FALSE,2020,outside,43.545953125,FALSE,TRUE
27054,1,43.52585546875,outside,2018,448750,9107750,FALSE,2018,outside,43.52585546875,FALSE,TRUE
27076,1,44.3226796875,outside,2021,459750,9107750,FALSE,2021,outside,44.3226796875,FALSE,TRUE
27081,1,44.138984375,outside,2004,462250,9107750,FALSE,2004,outside,44.138984375,FALSE,TRUE
27082,1,44.10215234375,outside,2010,462750,9107750,FALSE,2010,outside,44.10215234375,FALSE,TRUE
27083,1,44.07096484375,outside,2006,463250,9107750,FALSE,2006,outside,44.07096484375,FALSE,TRUE
27097,1,44.138984375,outside,2004,470250,9107750,FALSE,2004,outside,44.138984375,FALSE,TRUE
27099,1,44.229515625,outside,2014,471250,9107750,FALSE,2014,outside,44.229515625,FALSE,TRUE
27100,1,44.2831796875,outside,2019,471750,9107750,FALSE,2019,outside,44.2831796875,FALSE,TRUE
27176,1,42.5,outside,2014,509750,9107750,FALSE,2014,outside,42.5,FALSE,TRUE
27180,1,42.5264609375,outside,2001,511750,9107750,FALSE,2001,outside,42.5264609375,FALSE,TRUE
27181,1,42.54703125,outside,2022,512250,9107750,FALSE,2022,outside,42.54703125,FALSE,TRUE
27182,1,42.57346484375,outside,2009,512750,9107750,FALSE,2009,outside,42.57346484375,FALSE,TRUE
27185,1,42.6878203125,outside,2017,514250,9107750,FALSE,2017,outside,42.6878203125,FALSE,TRUE
27186,1,42.7375703125,outside,2014,514750,9107750,FALSE,2014,outside,42.7375703125,FALSE,TRUE
27187,1,42.79310546875,outside,2020,515250,9107750,FALSE,2020,outside,42.79310546875,FALSE,TRUE
27188,1,42.85440625,outside,2001,515750,9107750,FALSE,2001,outside,42.85440625,FALSE,TRUE
27190,1,42.9941875,outside,2016,516750,9107750,FALSE,2016,outside,42.9941875,FALSE,TRUE
27191,1,43.07261328125,outside,2015,517250,9107750,FALSE,2015,outside,43.07261328125,FALSE,TRUE
27411,1,63.3344296875,outside,2016,403750,9107250,FALSE,2016,outside,63.3344296875,FALSE,TRUE
27466,1,47.01063671875,outside,2019,431250,9107250,FALSE,2019,outside,47.01063671875,FALSE,TRUE
27469,1,46.424671875,outside,2014,432750,9107250,FALSE,2014,outside,46.424671875,FALSE,TRUE
27472,1,45.88027734375,outside,2020,434250,9107250,FALSE,2020,outside,45.88027734375,FALSE,TRUE
27501,1,43.02615625,outside,2021,448750,9107250,FALSE,2021,outside,43.02615625,FALSE,TRUE
27502,1,43.011625,outside,2021,449250,9107250,FALSE,2021,outside,43.011625,FALSE,TRUE
27504,1,43,outside,2021,450250,9107250,FALSE,2021,outside,43,FALSE,TRUE
27522,1,43.73785546875,outside,2005,459250,9107250,FALSE,2005,outside,43.73785546875,FALSE,TRUE
27524,1,43.84632421875,outside,2017,460250,9107250,FALSE,2017,outside,43.84632421875,FALSE,TRUE
27529,1,43.60332421875,outside,2008,462750,9107250,FALSE,2008,outside,43.60332421875,FALSE,TRUE
27623,1,42,outside,2014,509750,9107250,FALSE,2014,outside,42,FALSE,TRUE
27628,1,42.04759375,outside,2001,512250,9107250,FALSE,2001,outside,42.04759375,FALSE,TRUE
27629,1,42.07433984375,outside,2021,512750,9107250,FALSE,2021,outside,42.07433984375,FALSE,TRUE
27632,1,42.190046875,outside,2020,514250,9107250,FALSE,2020,outside,42.190046875,FALSE,TRUE
27633,1,42.2403828125,outside,2018,514750,9107250,FALSE,2018,outside,42.2403828125,FALSE,TRUE
27634,1,42.2965703125,outside,2022,515250,9107250,FALSE,2022,outside,42.2965703125,FALSE,TRUE
27967,1,43.07261328125,outside,2014,458250,9106750,FALSE,2014,outside,43.07261328125,FALSE,TRUE
27969,1,43.24638671875,outside,2013,459250,9106750,FALSE,2013,outside,43.24638671875,FALSE,TRUE
27970,1,43.3416640625,outside,2002,459750,9106750,FALSE,2002,outside,43.3416640625,FALSE,TRUE
27979,1,43.02615625,outside,2011,464250,9106750,FALSE,2011,outside,43.02615625,FALSE,TRUE
28066,1,41.52709765625,outside,2009,507750,9106750,FALSE,2009,outside,41.52709765625,FALSE,TRUE
28067,1,41.512046875,outside,2008,508250,9106750,FALSE,2008,outside,41.512046875,FALSE,TRUE
28068,1,41.50301171875,outside,2009,508750,9106750,FALSE,2009,outside,41.50301171875,FALSE,TRUE
28069,1,41.5,outside,2014,509250,9106750,FALSE,2014,outside,41.5,FALSE,TRUE
28072,1,41.50301171875,outside,2003,510750,9106750,FALSE,2003,outside,41.50301171875,FALSE,TRUE
28076,1,41.575234375,outside,2020,512750,9106750,FALSE,2020,outside,41.575234375,FALSE,TRUE
28080,1,41.74326171875,outside,2021,514750,9106750,FALSE,2021,outside,41.74326171875,FALSE,TRUE
28108,1,45.43676953125,outside,2019,528750,9106750,FALSE,2019,outside,45.43676953125,FALSE,TRUE
28109,1,45.6426328125,outside,2016,529250,9106750,FALSE,2016,outside,45.6426328125,FALSE,TRUE
28277,1,73.6495078125,outside,2021,389750,9106250,FALSE,2021,outside,73.6495078125,FALSE,TRUE
28386,1,42.42640625,outside,2017,444250,9106250,FALSE,2017,outside,42.42640625,FALSE,TRUE
28399,1,42.0029765625,outside,2016,450750,9106250,FALSE,2016,outside,42.0029765625,FALSE,TRUE
28413,1,42.5,outside,2022,457750,9106250,FALSE,2022,outside,42.5,FALSE,TRUE
28414,1,42.5793359375,outside,2016,458250,9106250,FALSE,2016,outside,42.5793359375,FALSE,TRUE
28415,1,42.66438671875,outside,2014,458750,9106250,FALSE,2014,outside,42.66438671875,FALSE,TRUE
28416,1,42.7551171875,outside,2017,459250,9106250,FALSE,2017,outside,42.7551171875,FALSE,TRUE
28417,1,42.85148828125,outside,2014,459750,9106250,FALSE,2014,outside,42.85148828125,FALSE,TRUE
28418,1,42.85440625,outside,2004,460250,9106250,FALSE,2004,outside,42.85440625,FALSE,TRUE
28419,1,42.79310546875,outside,2004,460750,9106250,FALSE,2004,outside,42.79310546875,FALSE,TRUE
28425,1,42.54703125,outside,2015,463750,9106250,FALSE,2015,outside,42.54703125,FALSE,TRUE
28429,1,42.5,outside,2019,465750,9106250,FALSE,2019,outside,42.5,FALSE,TRUE
28431,1,42.5,outside,2015,466750,9106250,FALSE,2015,outside,42.5,FALSE,TRUE
28436,1,42.57346484375,outside,2014,469250,9106250,FALSE,2014,outside,42.57346484375,FALSE,TRUE
28514,1,41.01219140625,outside,2009,508250,9106250,FALSE,2009,outside,41.01219140625,FALSE,TRUE
28517,1,41,outside,2006,509750,9106250,FALSE,2006,outside,41,FALSE,TRUE
28518,1,41,outside,2002,510250,9106250,FALSE,2002,outside,41,FALSE,TRUE
28523,1,41.0761484375,outside,2022,512750,9106250,FALSE,2022,outside,41.0761484375,FALSE,TRUE
28525,1,41.1491171875,outside,2022,513750,9106250,FALSE,2022,outside,41.1491171875,FALSE,TRUE
28700,1,83.5374140625,outside,2017,377750,9105750,FALSE,2017,outside,83.5374140625,FALSE,TRUE
28793,1,48.9719296875,outside,2018,424250,9105750,FALSE,2018,outside,48.9719296875,FALSE,TRUE
28833,1,41.9314921875,outside,2019,444250,9105750,FALSE,2019,outside,41.9314921875,FALSE,TRUE
28861,1,42.08622265625,outside,2019,458250,9105750,FALSE,2019,outside,42.08622265625,FALSE,TRUE
28862,1,42.172265625,outside,2016,458750,9105750,FALSE,2016,outside,42.172265625,FALSE,TRUE
28863,1,42.26405078125,outside,2014,459250,9105750,FALSE,2014,outside,42.26405078125,FALSE,TRUE
28864,1,42.3615390625,outside,2013,459750,9105750,FALSE,2013,outside,42.3615390625,FALSE,TRUE
28866,1,42.2965703125,outside,2014,460750,9105750,FALSE,2014,outside,42.2965703125,FALSE,TRUE
28958,1,40.5770859375,outside,2014,506750,9105750,FALSE,2014,outside,40.5770859375,FALSE,TRUE
28959,1,40.5493515625,outside,2014,507250,9105750,FALSE,2014,outside,40.5493515625,FALSE,TRUE
28960,1,40.52776953125,outside,2014,507750,9105750,FALSE,2014,outside,40.52776953125,FALSE,TRUE
28962,1,40.5030859375,outside,2008,508750,9105750,FALSE,2008,outside,40.5030859375,FALSE,TRUE
29147,1,83.29015625,outside,2020,377750,9105250,FALSE,2020,outside,83.29015625,FALSE,TRUE
29296,1,41.01219140625,outside,2020,452250,9105250,FALSE,2020,outside,41.01219140625,FALSE,TRUE
29297,1,41.0274296875,outside,2017,452750,9105250,FALSE,2017,outside,41.0274296875,FALSE,TRUE
29301,1,41.1491171875,outside,2017,454750,9105250,FALSE,2017,outside,41.1491171875,FALSE,TRUE
29312,1,41.86287109375,outside,2004,460250,9105250,FALSE,2004,outside,41.86287109375,FALSE,TRUE
29425,1,40.52468359375,outside,2021,516750,9105250,FALSE,2021,outside,40.52468359375,FALSE,TRUE
29432,1,41.2310546875,outside,2021,520250,9105250,FALSE,2021,outside,41.2310546875,FALSE,TRUE
29734,1,40.5770859375,outside,2019,447750,9104750,FALSE,2019,outside,40.5770859375,FALSE,TRUE
29741,1,40.5,outside,2016,451250,9104750,FALSE,2016,outside,40.5,FALSE,TRUE
29742,1,40.5030859375,outside,2020,451750,9104750,FALSE,2020,outside,40.5030859375,FALSE,TRUE
29759,1,41.3672578125,outside,2007,460250,9104750,FALSE,2007,outside,41.3672578125,FALSE,TRUE
29861,1,39.51265625,outside,2008,511250,9104750,FALSE,2008,outside,39.51265625,FALSE,TRUE
29864,1,39.57903515625,outside,2008,512750,9104750,FALSE,2008,outside,39.57903515625,FALSE,TRUE
29865,1,39.61376171875,outside,2006,513250,9104750,FALSE,2006,outside,39.61376171875,FALSE,TRUE
29867,1,39.702015625,outside,2022,514250,9104750,FALSE,2022,outside,39.702015625,FALSE,TRUE
29874,1,40.20572265625,outside,2022,517750,9104750,FALSE,2022,outside,40.20572265625,FALSE,TRUE
30065,1,72.527578125,outside,2018,389750,9104250,FALSE,2018,outside,72.527578125,FALSE,TRUE
30130,1,48.82622265625,outside,2002,422250,9104250,FALSE,2002,outside,48.82622265625,FALSE,TRUE
30135,1,47.43680078125,outside,2017,424750,9104250,FALSE,2017,outside,47.43680078125,FALSE,TRUE
30175,1,40.37635546875,outside,2014,444750,9104250,FALSE,2014,outside,40.37635546875,FALSE,TRUE
30179,1,40.15283203125,outside,2018,446750,9104250,FALSE,2018,outside,40.15283203125,FALSE,TRUE
30183,1,40.02811328125,outside,2017,448750,9104250,FALSE,2017,outside,40.02811328125,FALSE,TRUE
30184,1,40.0125,outside,2007,449250,9104250,FALSE,2007,outside,40.0125,FALSE,TRUE
30187,1,40.003125,outside,2016,450750,9104250,FALSE,2016,outside,40.003125,FALSE,TRUE
30188,1,40,outside,2015,451250,9104250,FALSE,2015,outside,40,FALSE,TRUE
30191,1,40.02811328125,outside,2017,452750,9104250,FALSE,2017,outside,40.02811328125,FALSE,TRUE
30192,1,40.04996875,outside,2005,453250,9104250,FALSE,2005,outside,40.04996875,FALSE,TRUE
30202,1,40.6078828125,outside,2006,458250,9104250,FALSE,2006,outside,40.6078828125,FALSE,TRUE
30299,1,39.080046875,outside,2017,506750,9104250,FALSE,2017,outside,39.080046875,FALSE,TRUE
30305,1,39,outside,2001,509750,9104250,FALSE,2001,outside,39,FALSE,TRUE
30312,1,39.11521484375,outside,2020,513250,9104250,FALSE,2020,outside,39.11521484375,FALSE,TRUE
30313,1,39.15673828125,outside,2016,513750,9104250,FALSE,2016,outside,39.15673828125,FALSE,TRUE
30321,1,39.71460546875,outside,2021,517750,9104250,FALSE,2021,outside,39.71460546875,FALSE,TRUE
30512,1,72.25303125,outside,2016,389750,9103750,FALSE,2016,outside,72.25303125,FALSE,TRUE
30577,1,48.41745703125,outside,2012,422250,9103750,FALSE,2012,outside,48.41745703125,FALSE,TRUE
30578,1,48.13003125,outside,2010,422750,9103750,FALSE,2010,outside,48.13003125,FALSE,TRUE
30625,1,39.702015625,outside,2018,446250,9103750,FALSE,2018,outside,39.702015625,FALSE,TRUE
30626,1,39.65476171875,outside,2006,446750,9103750,FALSE,2006,outside,39.65476171875,FALSE,TRUE
30630,1,39.52847265625,outside,2005,448750,9103750,FALSE,2005,outside,39.52847265625,FALSE,TRUE
30631,1,39.51265625,outside,2007,449250,9103750,FALSE,2007,outside,39.51265625,FALSE,TRUE
30632,1,39.5031640625,outside,2005,449750,9103750,FALSE,2005,outside,39.5031640625,FALSE,TRUE
30636,1,39.5031640625,outside,2016,451750,9103750,FALSE,2016,outside,39.5031640625,FALSE,TRUE
30639,1,39.5506015625,outside,2004,453250,9103750,FALSE,2004,outside,39.5506015625,FALSE,TRUE
30640,1,39.57903515625,outside,2016,453750,9103750,FALSE,2016,outside,39.57903515625,FALSE,TRUE
30641,1,39.61376171875,outside,2020,454250,9103750,FALSE,2020,outside,39.61376171875,FALSE,TRUE
30650,1,40.20572265625,outside,2006,458750,9103750,FALSE,2006,outside,40.20572265625,FALSE,TRUE
30747,1,38.5519140625,outside,2021,507250,9103750,FALSE,2021,outside,38.5519140625,FALSE,TRUE
30761,1,38.707234375,outside,2016,514250,9103750,FALSE,2016,outside,38.707234375,FALSE,TRUE
31026,1,47.4341640625,outside,2021,423250,9103250,FALSE,2021,outside,47.4341640625,FALSE,TRUE
31054,1,41.109609375,outside,2006,437250,9103250,FALSE,2006,outside,41.109609375,FALSE,TRUE
31058,1,40.52159765625,outside,2006,439250,9103250,FALSE,2006,outside,40.52159765625,FALSE,TRUE
31064,1,39.81205859375,outside,2006,442250,9103250,FALSE,2006,outside,39.81205859375,FALSE,TRUE
31070,1,39.31920703125,outside,2016,445250,9103250,FALSE,2016,outside,39.31920703125,FALSE,TRUE
31071,1,39.2587578125,outside,2006,445750,9103250,FALSE,2006,outside,39.2587578125,FALSE,TRUE
31088,1,39.11521484375,outside,2017,454250,9103250,FALSE,2017,outside,39.11521484375,FALSE,TRUE
31089,1,39.15673828125,outside,2021,454750,9103250,FALSE,2021,outside,39.15673828125,FALSE,TRUE
31193,1,38.0821484375,outside,2017,506750,9103250,FALSE,2017,outside,38.0821484375,FALSE,TRUE
31200,1,38,outside,2007,510250,9103250,FALSE,2007,outside,38,FALSE,TRUE
31201,1,38.0032890625,outside,2016,510750,9103250,FALSE,2016,outside,38.0032890625,FALSE,TRUE
31234,1,41.62931640625,outside,2005,527250,9103250,FALSE,2005,outside,41.62931640625,FALSE,TRUE
31406,1,71.7112265625,outside,2016,389750,9102750,FALSE,2016,outside,71.7112265625,FALSE,TRUE
31500,1,40.79828515625,outside,2006,436750,9102750,FALSE,2006,outside,40.79828515625,FALSE,TRUE
31503,1,40.3267890625,outside,2001,438250,9102750,FALSE,2001,outside,40.3267890625,FALSE,TRUE
31505,1,40.04060546875,outside,2017,439250,9102750,FALSE,2017,outside,40.04060546875,FALSE,TRUE
31510,1,39.4271484375,outside,2007,441750,9102750,FALSE,2007,outside,39.4271484375,FALSE,TRUE
31520,1,38.65876171875,outside,2006,446750,9102750,FALSE,2006,outside,38.65876171875,FALSE,TRUE
31535,1,38.61670703125,outside,2003,454250,9102750,FALSE,2003,outside,38.61670703125,FALSE,TRUE
31589,1,40.52159765625,outside,2017,481250,9102750,FALSE,2017,outside,40.52159765625,FALSE,TRUE
31629,1,38.34383984375,outside,2014,501250,9102750,FALSE,2014,outside,38.34383984375,FALSE,TRUE
31638,1,37.66298046875,outside,2009,505750,9102750,FALSE,2009,outside,37.66298046875,FALSE,TRUE
31639,1,37.61980859375,outside,2019,506250,9102750,FALSE,2019,outside,37.61980859375,FALSE,TRUE
31641,1,37.553296875,outside,2018,507250,9102750,FALSE,2018,outside,37.553296875,FALSE,TRUE
31645,1,37.5,outside,2001,509250,9102750,FALSE,2001,outside,37.5,FALSE,TRUE
31646,1,37.5,outside,2001,509750,9102750,FALSE,2001,outside,37.5,FALSE,TRUE
31650,1,37.52998828125,outside,2014,511750,9102750,FALSE,2014,outside,37.52998828125,FALSE,TRUE
31651,1,37.553296875,outside,2016,512250,9102750,FALSE,2016,outside,37.553296875,FALSE,TRUE
31655,1,37.71273046875,outside,2019,514250,9102750,FALSE,2019,outside,37.71273046875,FALSE,TRUE
31921,1,46.32763671875,outside,2021,423750,9102250,FALSE,2021,outside,46.32763671875,FALSE,TRUE
31949,1,40.003125,outside,2022,437750,9102250,FALSE,2022,outside,40.003125,FALSE,TRUE
31951,1,39.702015625,outside,2018,438750,9102250,FALSE,2018,outside,39.702015625,FALSE,TRUE
31957,1,38.9390546875,outside,2006,441750,9102250,FALSE,2006,outside,38.9390546875,FALSE,TRUE
31962,1,38.47076953125,outside,2005,444250,9102250,FALSE,2005,outside,38.47076953125,FALSE,TRUE
31963,1,38.39596484375,outside,2001,444750,9102250,FALSE,2001,outside,38.39596484375,FALSE,TRUE
31983,1,38.16084375,outside,2004,454750,9102250,FALSE,2004,outside,38.16084375,FALSE,TRUE
31999,1,38.61670703125,outside,2008,462750,9102250,FALSE,2008,outside,38.61670703125,FALSE,TRUE
32086,1,37.121421875,outside,2014,506250,9102250,FALSE,2014,outside,37.121421875,FALSE,TRUE
32088,1,37.054015625,outside,2008,507250,9102250,FALSE,2008,outside,37.054015625,FALSE,TRUE
32092,1,37,outside,2013,509250,9102250,FALSE,2013,outside,37,FALSE,TRUE
32093,1,37,outside,2014,509750,9102250,FALSE,2014,outside,37,FALSE,TRUE
32096,1,37.01351171875,outside,2014,511250,9102250,FALSE,2014,outside,37.01351171875,FALSE,TRUE
32097,1,37.03039453125,outside,2004,511750,9102250,FALSE,2004,outside,37.03039453125,FALSE,TRUE
32098,1,37.054015625,outside,2014,512250,9102250,FALSE,2014,outside,37.054015625,FALSE,TRUE
32099,1,37.08436328125,outside,2017,512750,9102250,FALSE,2017,outside,37.08436328125,FALSE,TRUE
32100,1,37.121421875,outside,2022,513250,9102250,FALSE,2022,outside,37.121421875,FALSE,TRUE
32301,1,70.754859375,outside,2019,390250,9101750,FALSE,2019,outside,70.754859375,FALSE,TRUE
32368,1,45.91840625,outside,2017,423750,9101750,FALSE,2017,outside,45.91840625,FALSE,TRUE
32373,1,44.52246484375,outside,2020,426250,9101750,FALSE,2020,outside,44.52246484375,FALSE,TRUE
32374,1,44.25494140625,outside,2017,426750,9101750,FALSE,2017,outside,44.25494140625,FALSE,TRUE
32398,1,39.22371875,outside,2008,438750,9101750,FALSE,2008,outside,39.22371875,FALSE,TRUE
32405,1,38.34383984375,outside,2003,442250,9101750,FALSE,2003,outside,38.34383984375,FALSE,TRUE
32409,1,37.97696484375,outside,2006,444250,9101750,FALSE,2006,outside,37.97696484375,FALSE,TRUE
32425,1,37.51333203125,outside,2014,452250,9101750,FALSE,2014,outside,37.51333203125,FALSE,TRUE
32426,1,37.52998828125,outside,2013,452750,9101750,FALSE,2013,outside,37.52998828125,FALSE,TRUE
32428,1,37.5832421875,outside,2014,453750,9101750,FALSE,2014,outside,37.5832421875,FALSE,TRUE
32430,1,37.66298046875,outside,2014,454750,9101750,FALSE,2014,outside,37.66298046875,FALSE,TRUE
32535,1,36.55475390625,outside,2006,507250,9101750,FALSE,2006,outside,36.55475390625,FALSE,TRUE
32539,1,36.5,outside,2008,509250,9101750,FALSE,2008,outside,36.5,FALSE,TRUE
32546,1,36.585515625,outside,2018,512750,9101750,FALSE,2018,outside,36.585515625,FALSE,TRUE
32547,1,36.62308203125,outside,2021,513250,9101750,FALSE,2021,outside,36.62308203125,FALSE,TRUE
32821,1,43.83206640625,outside,2018,426750,9101250,FALSE,2018,outside,43.83206640625,FALSE,TRUE
32822,1,43.56604296875,outside,2022,427250,9101250,FALSE,2022,outside,43.56604296875,FALSE,TRUE
32823,1,43.30415625,outside,2019,427750,9101250,FALSE,2019,outside,43.30415625,FALSE,TRUE
32838,1,39.9249296875,outside,2017,435250,9101250,FALSE,2017,outside,39.9249296875,FALSE,TRUE
32839,1,39.73977734375,outside,2022,435750,9101250,FALSE,2022,outside,39.73977734375,FALSE,TRUE
32840,1,39.56008203125,outside,2013,436250,9101250,FALSE,2013,outside,39.56008203125,FALSE,TRUE
32842,1,39.21734375,outside,2017,437250,9101250,FALSE,2017,outside,39.21734375,FALSE,TRUE
32859,1,37.27264453125,outside,2005,445750,9101250,FALSE,2005,outside,37.27264453125,FALSE,TRUE
32871,1,37.00337890625,outside,2014,451750,9101250,FALSE,2014,outside,37.00337890625,FALSE,TRUE
32872,1,37.01351171875,outside,2017,452250,9101250,FALSE,2017,outside,37.01351171875,FALSE,TRUE
33269,1,43.14220703125,outside,2014,427250,9100750,FALSE,2014,outside,43.14220703125,FALSE,TRUE
33270,1,42.877734375,outside,2016,427750,9100750,FALSE,2016,outside,42.877734375,FALSE,TRUE
33271,1,42.617484375,outside,2017,428250,9100750,FALSE,2017,outside,42.617484375,FALSE,TRUE
33272,1,42.3615390625,outside,2014,428750,9100750,FALSE,2014,outside,42.3615390625,FALSE,TRUE
33283,1,39.85285546875,outside,2006,434250,9100750,FALSE,2006,outside,39.85285546875,FALSE,TRUE
33284,1,39.65476171875,outside,2021,434750,9100750,FALSE,2021,outside,39.65476171875,FALSE,TRUE
33290,1,38.58108203125,outside,2022,437750,9100750,FALSE,2022,outside,38.58108203125,FALSE,TRUE
33291,1,38.422,outside,2017,438250,9100750,FALSE,2017,outside,38.422,FALSE,TRUE
33293,1,38.121515625,outside,2008,439250,9100750,FALSE,2008,outside,38.121515625,FALSE,TRUE
33296,1,37.71604296875,outside,2001,440750,9100750,FALSE,2001,outside,37.71604296875,FALSE,TRUE
33301,1,37.165171875,outside,2015,443250,9100750,FALSE,2015,outside,37.165171875,FALSE,TRUE
33302,1,37.07425,outside,2004,443750,9100750,FALSE,2004,outside,37.07425,FALSE,TRUE
33303,1,36.98986328125,outside,2005,444250,9100750,FALSE,2005,outside,36.98986328125,FALSE,TRUE
33322,1,36.585515625,outside,2014,453750,9100750,FALSE,2014,outside,36.585515625,FALSE,TRUE
33426,1,35.6721171875,outside,2007,505750,9100750,FALSE,2007,outside,35.6721171875,FALSE,TRUE
33430,1,35.53167578125,outside,2006,507750,9100750,FALSE,2006,outside,35.53167578125,FALSE,TRUE
33452,1,36.50342578125,outside,2014,518750,9100750,FALSE,2014,outside,36.50342578125,FALSE,TRUE
33717,1,42.4529140625,outside,2021,427750,9100250,FALSE,2021,outside,42.4529140625,FALSE,TRUE
33718,1,42.190046875,outside,2018,428250,9100250,FALSE,2018,outside,42.190046875,FALSE,TRUE
33719,1,41.9314921875,outside,2014,428750,9100250,FALSE,2014,outside,41.9314921875,FALSE,TRUE
33720,1,41.67733203125,outside,2014,429250,9100250,FALSE,2014,outside,41.67733203125,FALSE,TRUE
33722,1,41.18251953125,outside,2022,430250,9100250,FALSE,2022,outside,41.18251953125,FALSE,TRUE
33723,1,40.94203125,outside,2005,430750,9100250,FALSE,2005,outside,40.94203125,FALSE,TRUE
33727,1,40.02811328125,outside,2006,432750,9100250,FALSE,2006,outside,40.02811328125,FALSE,TRUE
33729,1,39.60113671875,outside,2008,433750,9100250,FALSE,2008,outside,39.60113671875,FALSE,TRUE
33730,1,39.3954296875,outside,2005,434250,9100250,FALSE,2005,outside,39.3954296875,FALSE,TRUE
33739,1,37.7921953125,outside,2005,438750,9100250,FALSE,2005,outside,37.7921953125,FALSE,TRUE
33744,1,37.10794921875,outside,2017,441250,9100250,FALSE,2017,outside,37.10794921875,FALSE,TRUE
33745,1,36.98986328125,outside,2004,441750,9100250,FALSE,2004,outside,36.98986328125,FALSE,TRUE
33747,1,36.772953125,outside,2004,442750,9100250,FALSE,2004,outside,36.772953125,FALSE,TRUE
33758,1,36.05551171875,outside,2006,448250,9100250,FALSE,2006,outside,36.05551171875,FALSE,TRUE
33771,1,36.16973828125,outside,2016,454750,9100250,FALSE,2016,outside,36.16973828125,FALSE,TRUE
33772,1,36.2215390625,outside,2017,455250,9100250,FALSE,2017,outside,36.2215390625,FALSE,TRUE
33875,1,35.089171875,outside,2006,506750,9100250,FALSE,2006,outside,35.089171875,FALSE,TRUE
33876,1,35.05709765625,outside,2004,507250,9100250,FALSE,2004,outside,35.05709765625,FALSE,TRUE
34165,1,41.76421875,outside,2007,428250,9099750,FALSE,2007,outside,41.76421875,FALSE,TRUE
34166,1,41.50301171875,outside,2018,428750,9099750,FALSE,2018,outside,41.50301171875,FALSE,TRUE
34167,1,41.2462109375,outside,2005,429250,9099750,FALSE,2005,outside,41.2462109375,FALSE,TRUE
34175,1,39.36051171875,outside,2008,433250,9099750,FALSE,2008,outside,39.36051171875,FALSE,TRUE
34182,1,37.9802578125,outside,2017,436750,9099750,FALSE,2017,outside,37.9802578125,FALSE,TRUE
34187,1,37.165171875,outside,2020,439250,9099750,FALSE,2020,outside,37.165171875,FALSE,TRUE
34191,1,36.62308203125,outside,2015,441250,9099750,FALSE,2015,outside,36.62308203125,FALSE,TRUE
34192,1,36.50342578125,outside,2014,441750,9099750,FALSE,2014,outside,36.50342578125,FALSE,TRUE
34194,1,36.28360546875,outside,2007,442750,9099750,FALSE,2007,outside,36.28360546875,FALSE,TRUE
34217,1,35.62653515625,outside,2017,454250,9099750,FALSE,2017,outside,35.62653515625,FALSE,TRUE
34218,1,35.6721171875,outside,2014,454750,9099750,FALSE,2014,outside,35.6721171875,FALSE,TRUE
34219,1,35.724640625,outside,2014,455250,9099750,FALSE,2014,outside,35.724640625,FALSE,TRUE
34322,1,34.5904609375,outside,2007,506750,9099750,FALSE,2007,outside,34.5904609375,FALSE,TRUE
34323,1,34.557921875,outside,2016,507250,9099750,FALSE,2016,outside,34.557921875,FALSE,TRUE
34332,1,34.53259375,outside,2014,511750,9099750,FALSE,2014,outside,34.53259375,FALSE,TRUE
34345,1,35.415390625,outside,2021,518250,9099750,FALSE,2021,outside,35.415390625,FALSE,TRUE
34346,1,35.53167578125,outside,2021,518750,9099750,FALSE,2021,outside,35.53167578125,FALSE,TRUE
34347,1,35.65459375,outside,2021,519250,9099750,FALSE,2021,outside,35.65459375,FALSE,TRUE
34348,1,35.78407421875,outside,2022,519750,9099750,FALSE,2022,outside,35.78407421875,FALSE,TRUE
34351,1,36.2111875,outside,2014,521250,9099750,FALSE,2014,outside,36.2111875,FALSE,TRUE
34550,1,63.51377734375,outside,2014,397250,9099250,FALSE,2014,outside,63.51377734375,FALSE,TRUE
34614,1,40.8166640625,outside,2022,429250,9099250,FALSE,2022,outside,40.8166640625,FALSE,TRUE
34616,1,40.3112890625,outside,2006,430250,9099250,FALSE,2006,outside,40.3112890625,FALSE,TRUE
34618,1,39.8246171875,outside,2017,431250,9099250,FALSE,2017,outside,39.8246171875,FALSE,TRUE
34619,1,39.5885078125,outside,2019,431750,9099250,FALSE,2019,outside,39.5885078125,FALSE,TRUE
34620,1,39.3573359375,outside,2002,432250,9099250,FALSE,2002,outside,39.3573359375,FALSE,TRUE
34622,1,38.91015234375,outside,2008,433250,9099250,FALSE,2008,outside,38.91015234375,FALSE,TRUE
34630,1,37.33630859375,outside,2013,437250,9099250,FALSE,2013,outside,37.33630859375,FALSE,TRUE
34631,1,37.165171875,outside,2004,437750,9099250,FALSE,2004,outside,37.165171875,FALSE,TRUE
34632,1,37,outside,2017,438250,9099250,FALSE,2017,outside,37,FALSE,TRUE
34633,1,36.840875,outside,2005,438750,9099250,FALSE,2005,outside,36.840875,FALSE,TRUE
34635,1,36.54107421875,outside,2014,439750,9099250,FALSE,2014,outside,36.54107421875,FALSE,TRUE
34637,1,36.266375,outside,2007,440750,9099250,FALSE,2007,outside,36.266375,FALSE,TRUE
34638,1,36.13862109375,outside,2017,441250,9099250,FALSE,2017,outside,36.13862109375,FALSE,TRUE
34640,1,35.90264453125,outside,2013,442250,9099250,FALSE,2013,outside,35.90264453125,FALSE,TRUE
34651,1,35.089171875,outside,2005,447750,9099250,FALSE,2005,outside,35.089171875,FALSE,TRUE
34775,1,34,outside,2008,509750,9099250,FALSE,2008,outside,34,FALSE,TRUE
34776,1,34,outside,2008,510250,9099250,FALSE,2008,outside,34,FALSE,TRUE
34797,1,35.58440625,outside,2004,520750,9099250,FALSE,2004,outside,35.58440625,FALSE,TRUE
35036,1,48.0884609375,outside,2018,416750,9098750,FALSE,2018,outside,48.0884609375,FALSE,TRUE
35053,1,42.60575,outside,2021,425250,9098750,FALSE,2021,outside,42.60575,FALSE,TRUE
35057,1,41.46383984375,outside,2017,427250,9098750,FALSE,2017,outside,41.46383984375,FALSE,TRUE
35058,1,41.18858984375,outside,2007,427750,9098750,FALSE,2007,outside,41.18858984375,FALSE,TRUE
35062,1,40.13103515625,outside,2021,429750,9098750,FALSE,2021,outside,40.13103515625,FALSE,TRUE
35063,1,39.8779375,outside,2008,430250,9098750,FALSE,2008,outside,39.8779375,FALSE,TRUE
35065,1,39.38591015625,outside,2006,431250,9098750,FALSE,2006,outside,39.38591015625,FALSE,TRUE
35066,1,39.14716015625,outside,2005,431750,9098750,FALSE,2005,outside,39.14716015625,FALSE,TRUE
35067,1,38.9133671875,outside,2014,432250,9098750,FALSE,2014,outside,38.9133671875,FALSE,TRUE
35068,1,38.68462109375,outside,2006,432750,9098750,FALSE,2006,outside,38.68462109375,FALSE,TRUE
35079,1,36.52738671875,outside,2004,438250,9098750,FALSE,2004,outside,36.52738671875,FALSE,TRUE
35081,1,36.2111875,outside,2017,439250,9098750,FALSE,2017,outside,36.2111875,FALSE,TRUE
35082,1,36.0624453125,outside,2017,439750,9098750,FALSE,2017,outside,36.0624453125,FALSE,TRUE
35083,1,35.92005078125,outside,2001,440250,9098750,FALSE,2001,outside,35.92005078125,FALSE,TRUE
35087,1,35.415390625,outside,2013,442250,9098750,FALSE,2013,outside,35.415390625,FALSE,TRUE
35210,1,33.9484921875,outside,2021,503750,9098750,FALSE,2021,outside,33.9484921875,FALSE,TRUE
35219,1,33.514921875,outside,2008,508250,9098750,FALSE,2008,outside,33.514921875,FALSE,TRUE
35220,1,33.50373046875,outside,2008,508750,9098750,FALSE,2008,outside,33.50373046875,FALSE,TRUE
35223,1,33.5,outside,2009,510250,9098750,FALSE,2009,outside,33.5,FALSE,TRUE
35225,1,33.514921875,outside,2017,511250,9098750,FALSE,2017,outside,33.514921875,FALSE,TRUE
35445,1,62.54798046875,outside,2014,397750,9098250,FALSE,2014,outside,62.54798046875,FALSE,TRUE
35508,1,39.96248046875,outside,2017,429250,9098250,FALSE,2017,outside,39.96248046875,FALSE,TRUE
35510,1,39.4461640625,outside,2007,430250,9098250,FALSE,2007,outside,39.4461640625,FALSE,TRUE
35511,1,39.1950234375,outside,2003,430750,9098250,FALSE,2003,outside,39.1950234375,FALSE,TRUE
35512,1,38.94868359375,outside,2006,431250,9098250,FALSE,2006,outside,38.94868359375,FALSE,TRUE
35514,1,38.47076953125,outside,2005,432250,9098250,FALSE,2005,outside,38.47076953125,FALSE,TRUE
35515,1,38.23937890625,outside,2005,432750,9098250,FALSE,2005,outside,38.23937890625,FALSE,TRUE
35516,1,38.01315625,outside,2004,433250,9098250,FALSE,2004,outside,38.01315625,FALSE,TRUE
35523,1,36.58209765625,outside,2005,436750,9098250,FALSE,2005,outside,36.58209765625,FALSE,TRUE
35526,1,36.05551171875,outside,2017,438250,9098250,FALSE,2017,outside,36.05551171875,FALSE,TRUE
35536,1,34.713109375,outside,2006,443250,9098250,FALSE,2006,outside,34.713109375,FALSE,TRUE
35559,1,34.179671875,outside,2017,454750,9098250,FALSE,2017,outside,34.179671875,FALSE,TRUE
35560,1,34.234484375,outside,2017,455250,9098250,FALSE,2017,outside,34.234484375,FALSE,TRUE
35667,1,33.0037890625,outside,2008,508750,9098250,FALSE,2008,outside,33.0037890625,FALSE,TRUE
35671,1,33.0037890625,outside,2017,510750,9098250,FALSE,2017,outside,33.0037890625,FALSE,TRUE
35682,1,33.54101953125,outside,2021,516250,9098250,FALSE,2021,outside,33.54101953125,FALSE,TRUE
35690,1,34.48187890625,outside,2016,520250,9098250,FALSE,2016,outside,34.48187890625,FALSE,TRUE
35692,1,34.7850546875,outside,2022,521250,9098250,FALSE,2022,outside,34.7850546875,FALSE,TRUE
35934,1,45.98369140625,outside,2020,418750,9097750,FALSE,2020,outside,45.98369140625,FALSE,TRUE
35947,1,41.80012109375,outside,2020,425250,9097750,FALSE,2020,outside,41.80012109375,FALSE,TRUE
35955,1,39.53795703125,outside,2001,429250,9097750,FALSE,2001,outside,39.53795703125,FALSE,TRUE
35959,1,38.512984375,outside,2019,431250,9097750,FALSE,2019,outside,38.512984375,FALSE,TRUE
35961,1,38.02959375,outside,2005,432250,9097750,FALSE,2005,outside,38.02959375,FALSE,TRUE
35976,1,35.10698046875,outside,2014,439750,9097750,FALSE,2014,outside,35.10698046875,FALSE,TRUE
35981,1,34.44198046875,outside,2004,442250,9097750,FALSE,2004,outside,34.44198046875,FALSE,TRUE
35982,1,34.3292890625,outside,2005,442750,9097750,FALSE,2005,outside,34.3292890625,FALSE,TRUE
35983,1,34.22353125,outside,2004,443250,9097750,FALSE,2004,outside,34.22353125,FALSE,TRUE
36103,1,33.04920703125,outside,2012,503250,9097750,FALSE,2012,outside,33.04920703125,FALSE,TRUE
36106,1,32.81005859375,outside,2006,504750,9097750,FALSE,2006,outside,32.81005859375,FALSE,TRUE
36109,1,32.63816796875,outside,2022,506250,9097750,FALSE,2022,outside,32.63816796875,FALSE,TRUE
36125,1,32.745228515625,outside,2017,514250,9097750,FALSE,2017,outside,32.745228515625,FALSE,TRUE
36126,1,32.81005859375,outside,2017,514750,9097750,FALSE,2017,outside,32.81005859375,FALSE,TRUE
36129,1,33.04920703125,outside,2016,516250,9097750,FALSE,2016,outside,33.04920703125,FALSE,TRUE
36130,1,33.143625,outside,2016,516750,9097750,FALSE,2016,outside,33.143625,FALSE,TRUE
36384,1,44.59820703125,outside,2019,420250,9097250,FALSE,2019,outside,44.59820703125,FALSE,TRUE
36407,1,37.83186328125,outside,2006,431750,9097250,FALSE,2006,outside,37.83186328125,FALSE,TRUE
36410,1,37.121421875,outside,2006,433250,9097250,FALSE,2006,outside,37.121421875,FALSE,TRUE
36415,1,36.045109375,outside,2020,435750,9097250,FALSE,2020,outside,36.045109375,FALSE,TRUE
36422,1,34.7850546875,outside,2020,439250,9097250,FALSE,2020,outside,34.7850546875,FALSE,TRUE
36424,1,34.48187890625,outside,2013,440250,9097250,FALSE,2013,outside,34.48187890625,FALSE,TRUE
36427,1,34.0771171875,outside,2017,441750,9097250,FALSE,2017,outside,34.0771171875,FALSE,TRUE
36429,1,33.84154296875,outside,2004,442750,9097250,FALSE,2004,outside,33.84154296875,FALSE,TRUE
36551,1,32.469216796875,outside,2014,503750,9097250,FALSE,2014,outside,32.469216796875,FALSE,TRUE
36554,1,32.24903125,outside,2016,505250,9097250,FALSE,2016,outside,32.24903125,FALSE,TRUE
36555,1,32.190837890625,outside,2019,505750,9097250,FALSE,2019,outside,32.190837890625,FALSE,TRUE
36564,1,32,outside,2017,510250,9097250,FALSE,2017,outside,32,FALSE,TRUE
36572,1,32.24903125,outside,2017,514250,9097250,FALSE,2017,outside,32.24903125,FALSE,TRUE
36573,1,32.314857421875,outside,2017,514750,9097250,FALSE,2017,outside,32.314857421875,FALSE,TRUE
36605,1,37.7921953125,outside,2016,530750,9097250,FALSE,2016,outside,37.7921953125,FALSE,TRUE
36706,1,98.043359375,outside,2022,357750,9096750,FALSE,2022,outside,98.043359375,FALSE,TRUE
36831,1,44.229515625,outside,2019,420250,9096750,FALSE,2019,outside,44.229515625,FALSE,TRUE
36832,1,43.8919140625,outside,2013,420750,9096750,FALSE,2013,outside,43.8919140625,FALSE,TRUE
36847,1,39.24601953125,outside,2006,428250,9096750,FALSE,2006,outside,39.24601953125,FALSE,TRUE
36848,1,38.96793359375,outside,2016,428750,9096750,FALSE,2016,outside,38.96793359375,FALSE,TRUE
36859,1,36.2249921875,outside,2017,434250,9096750,FALSE,2017,outside,36.2249921875,FALSE,TRUE
36863,1,35.38714453125,outside,2009,436250,9096750,FALSE,2009,outside,35.38714453125,FALSE,TRUE
36878,1,33.143625,outside,2004,443750,9096750,FALSE,2004,outside,33.143625,FALSE,TRUE
36879,1,33.04920703125,outside,2004,444250,9096750,FALSE,2004,outside,33.04920703125,FALSE,TRUE
37007,1,31.515869140625,outside,2014,508250,9096750,FALSE,2014,outside,31.515869140625,FALSE,TRUE
37011,1,31.5,outside,2016,510250,9096750,FALSE,2016,outside,31.5,FALSE,TRUE
37020,1,31.8198046875,outside,2017,514750,9096750,FALSE,2017,outside,31.8198046875,FALSE,TRUE
37053,1,37.47332421875,outside,2017,531250,9096750,FALSE,2017,outside,37.47332421875,FALSE,TRUE
37153,1,97.87875,outside,2016,357750,9096250,FALSE,2016,outside,97.87875,FALSE,TRUE
37289,1,40.301984375,outside,2021,425750,9096250,FALSE,2021,outside,40.301984375,FALSE,TRUE
37298,1,37.73592578125,outside,2001,430250,9096250,FALSE,2001,outside,37.73592578125,FALSE,TRUE
37307,1,35.55629296875,outside,2004,434750,9096250,FALSE,2004,outside,35.55629296875,FALSE,TRUE
37308,1,35.3411953125,outside,2008,435250,9096250,FALSE,2008,outside,35.3411953125,FALSE,TRUE
37309,1,35.13189453125,outside,2014,435750,9096250,FALSE,2014,outside,35.13189453125,FALSE,TRUE
37310,1,34.9285,outside,2009,436250,9096250,FALSE,2009,outside,34.9285,FALSE,TRUE
37311,1,34.731109375,outside,2008,436750,9096250,FALSE,2008,outside,34.731109375,FALSE,TRUE
37312,1,34.53983203125,outside,2001,437250,9096250,FALSE,2001,outside,34.53983203125,FALSE,TRUE
37318,1,33.526109375,outside,2018,440250,9096250,FALSE,2018,outside,33.526109375,FALSE,TRUE
37319,1,33.3803828125,outside,2004,440750,9096250,FALSE,2004,outside,33.3803828125,FALSE,TRUE
37428,1,32.59601171875,outside,2018,495250,9096250,FALSE,2018,outside,32.59601171875,FALSE,TRUE
37467,1,31.32491015625,outside,2017,514750,9096250,FALSE,2017,outside,31.32491015625,FALSE,TRUE
37470,1,31.575306640625,outside,2010,516250,9096250,FALSE,2010,outside,31.575306640625,FALSE,TRUE
37472,1,31.780498046875,outside,2017,517250,9096250,FALSE,2017,outside,31.780498046875,FALSE,TRUE
37474,1,32.01562109375,outside,2021,518250,9096250,FALSE,2021,outside,32.01562109375,FALSE,TRUE
37579,3,106.5422421875,outside,2009,347250,9095750,FALSE,2009,outside,106.5422421875,FALSE,TRUE
37721,1,44.902671875,outside,2017,418250,9095750,FALSE,2017,outside,44.902671875,FALSE,TRUE
37736,1,39.906140625,outside,2019,425750,9095750,FALSE,2019,outside,39.906140625,FALSE,TRUE
37737,1,39.60113671875,outside,2015,426250,9095750,FALSE,2015,outside,39.60113671875,FALSE,TRUE
37754,1,35.10698046875,outside,2017,434750,9095750,FALSE,2017,outside,35.10698046875,FALSE,TRUE
37760,1,33.88952734375,outside,2001,437750,9095750,FALSE,2001,outside,33.88952734375,FALSE,TRUE
37765,1,33.04920703125,outside,2004,440250,9095750,FALSE,2004,outside,33.04920703125,FALSE,TRUE
37769,1,32.5,outside,2017,442250,9095750,FALSE,2017,outside,32.5,FALSE,TRUE
37924,1,31.945265625,outside,2020,519750,9095750,FALSE,2020,outside,31.945265625,FALSE,TRUE
38180,1,40.45985546875,outside,2022,424250,9095250,FALSE,2022,outside,40.45985546875,FALSE,TRUE
38181,1,40.14037890625,outside,2019,424750,9095250,FALSE,2019,outside,40.14037890625,FALSE,TRUE
38183,1,39.51265625,outside,2016,425750,9095250,FALSE,2016,outside,39.51265625,FALSE,TRUE
38184,1,39.20458984375,outside,2017,426250,9095250,FALSE,2017,outside,39.20458984375,FALSE,TRUE
38187,1,38.30469921875,outside,2004,427750,9095250,FALSE,2004,outside,38.30469921875,FALSE,TRUE
38191,1,37.165171875,outside,2004,429750,9095250,FALSE,2004,outside,37.165171875,FALSE,TRUE
38203,1,34.22353125,outside,2022,435750,9095250,FALSE,2022,outside,34.22353125,FALSE,TRUE
38207,1,33.4252890625,outside,2004,437750,9095250,FALSE,2004,outside,33.4252890625,FALSE,TRUE
38212,1,32.572994140625,outside,2009,440250,9095250,FALSE,2009,outside,32.572994140625,FALSE,TRUE
38319,1,31.515869140625,outside,2017,493750,9095250,FALSE,2017,outside,31.515869140625,FALSE,TRUE
38320,1,31.535693359375,outside,2022,494250,9095250,FALSE,2022,outside,31.535693359375,FALSE,TRUE
38324,1,31.69384765625,outside,2013,496250,9095250,FALSE,2013,outside,31.69384765625,FALSE,TRUE
38342,1,30.2654921875,outside,2014,505250,9095250,FALSE,2014,outside,30.2654921875,FALSE,TRUE
38345,1,30.103986328125,outside,2016,506750,9095250,FALSE,2016,outside,30.103986328125,FALSE,TRUE
38347,1,30.0374765625,outside,2016,507750,9095250,FALSE,2016,outside,30.0374765625,FALSE,TRUE
38628,1,39.75550390625,outside,2009,424750,9094750,FALSE,2009,outside,39.75550390625,FALSE,TRUE
38629,1,39.43665625,outside,2001,425250,9094750,FALSE,2001,outside,39.43665625,FALSE,TRUE
38630,1,39.12160546875,outside,2016,425750,9094750,FALSE,2016,outside,39.12160546875,FALSE,TRUE
38631,1,38.8104375,outside,2004,426250,9094750,FALSE,2004,outside,38.8104375,FALSE,TRUE
38634,1,37.9011875,outside,2011,427750,9094750,FALSE,2011,outside,37.9011875,FALSE,TRUE
38641,1,35.93396875,outside,2005,431250,9094750,FALSE,2005,outside,35.93396875,FALSE,TRUE
38643,1,35.415390625,outside,2002,432250,9094750,FALSE,2002,outside,35.415390625,FALSE,TRUE
38649,1,33.98896875,outside,2004,435250,9094750,FALSE,2004,outside,33.98896875,FALSE,TRUE
38650,1,33.7712890625,outside,2019,435750,9094750,FALSE,2019,outside,33.7712890625,FALSE,TRUE
38651,1,33.5596484375,outside,2019,436250,9094750,FALSE,2019,outside,33.5596484375,FALSE,TRUE
38652,1,33.35416015625,outside,2008,436750,9094750,FALSE,2008,outside,33.35416015625,FALSE,TRUE
38653,1,33.1549375,outside,2006,437250,9094750,FALSE,2006,outside,33.1549375,FALSE,TRUE
38655,1,32.77575390625,outside,2014,438250,9094750,FALSE,2014,outside,32.77575390625,FALSE,TRUE
38763,1,31,outside,2017,492250,9094750,FALSE,2017,outside,31,FALSE,TRUE
38764,1,31,outside,2020,492750,9094750,FALSE,2020,outside,31,FALSE,TRUE
38790,1,29.70690234375,outside,2016,505750,9094750,FALSE,2016,outside,29.70690234375,FALSE,TRUE
38791,1,29.652150390625,outside,2017,506250,9094750,FALSE,2017,outside,29.652150390625,FALSE,TRUE
39070,1,41.0365703125,outside,2014,422250,9094250,FALSE,2014,outside,41.0365703125,FALSE,TRUE
39080,1,37.8021171875,outside,2017,427250,9094250,FALSE,2017,outside,37.8021171875,FALSE,TRUE
39081,1,37.5,outside,2004,427750,9094250,FALSE,2004,outside,37.5,FALSE,TRUE
39082,1,37.20215234375,outside,2022,428250,9094250,FALSE,2022,outside,37.20215234375,FALSE,TRUE
39084,1,36.61966796875,outside,2016,429250,9094250,FALSE,2016,outside,36.61966796875,FALSE,TRUE
39085,1,36.33524609375,outside,2005,429750,9094250,FALSE,2005,outside,36.33524609375,FALSE,TRUE
39088,1,35.5105625,outside,2010,431250,9094250,FALSE,2010,outside,35.5105625,FALSE,TRUE
39089,1,35.24556640625,outside,2009,431750,9094250,FALSE,2009,outside,35.24556640625,FALSE,TRUE
39091,1,34.731109375,outside,2017,432750,9094250,FALSE,2017,outside,34.731109375,FALSE,TRUE
39209,1,30.50409765625,outside,2022,491750,9094250,FALSE,2022,outside,30.50409765625,FALSE,TRUE
39210,1,30.5,outside,2021,492250,9094250,FALSE,2021,outside,30.5,FALSE,TRUE
39211,1,30.5,outside,2016,492750,9094250,FALSE,2016,outside,30.5,FALSE,TRUE
39237,1,29.210443359375,outside,2014,505750,9094250,FALSE,2014,outside,29.210443359375,FALSE,TRUE
39239,1,29.10755859375,outside,2022,506750,9094250,FALSE,2022,outside,29.10755859375,FALSE,TRUE
39242,1,29.017236328125,outside,2017,508250,9094250,FALSE,2017,outside,29.017236328125,FALSE,TRUE
39250,1,29.0688828125,outside,2017,512250,9094250,FALSE,2017,outside,29.0688828125,FALSE,TRUE
39510,1,43.15669140625,outside,2018,418750,9093750,FALSE,2018,outside,43.15669140625,FALSE,TRUE
39524,1,38.34709765625,outside,2014,425750,9093750,FALSE,2014,outside,38.34709765625,FALSE,TRUE
39526,1,37.71604296875,outside,2020,426750,9093750,FALSE,2020,outside,37.71604296875,FALSE,TRUE
39528,1,37.10121484375,outside,2001,427750,9093750,FALSE,2001,outside,37.10121484375,FALSE,TRUE
39534,1,35.36241015625,outside,2004,430750,9093750,FALSE,2004,outside,35.36241015625,FALSE,TRUE
39535,1,35.089171875,outside,2004,431250,9093750,FALSE,2004,outside,35.089171875,FALSE,TRUE
39536,1,34.82096875,outside,2007,431750,9093750,FALSE,2007,outside,34.82096875,FALSE,TRUE
39547,1,32.237400390625,outside,2004,437250,9093750,FALSE,2004,outside,32.237400390625,FALSE,TRUE
39548,1,32.0390390625,outside,2005,437750,9093750,FALSE,2005,outside,32.0390390625,FALSE,TRUE
39594,1,30.4138125,outside,2017,460750,9093750,FALSE,2017,outside,30.4138125,FALSE,TRUE
39652,1,30.103986328125,outside,2019,489750,9093750,FALSE,2019,outside,30.103986328125,FALSE,TRUE
39656,1,30.004166015625,outside,2021,491750,9093750,FALSE,2021,outside,30.004166015625,FALSE,TRUE
39657,1,30,outside,2019,492250,9093750,FALSE,2019,outside,30,FALSE,TRUE
39659,1,30.004166015625,outside,2004,493250,9093750,FALSE,2004,outside,30.004166015625,FALSE,TRUE
39684,1,28.714107421875,outside,2020,505750,9093750,FALSE,2020,outside,28.714107421875,FALSE,TRUE
39694,1,28.504384765625,outside,2020,510750,9093750,FALSE,2020,outside,28.504384765625,FALSE,TRUE
39958,1,42.44996875,outside,2001,419250,9093250,FALSE,2001,outside,42.44996875,FALSE,TRUE
39959,1,42.08622265625,outside,2003,419750,9093250,FALSE,2003,outside,42.08622265625,FALSE,TRUE
39960,1,41.72529296875,outside,2017,420250,9093250,FALSE,2017,outside,41.72529296875,FALSE,TRUE
39966,1,39.6232265625,outside,2022,423250,9093250,FALSE,2022,outside,39.6232265625,FALSE,TRUE
39972,1,37.64305859375,outside,2014,426250,9093250,FALSE,2014,outside,37.64305859375,FALSE,TRUE
39977,1,36.1005546875,outside,2012,428750,9093250,FALSE,2012,outside,36.1005546875,FALSE,TRUE
39978,1,35.80502734375,outside,2013,429250,9093250,FALSE,2013,outside,35.80502734375,FALSE,TRUE
39979,1,35.51408203125,outside,2017,429750,9093250,FALSE,2017,outside,35.51408203125,FALSE,TRUE
39981,1,34.94638671875,outside,2014,430750,9093250,FALSE,2014,outside,34.94638671875,FALSE,TRUE
39988,1,33.1209921875,outside,2017,434250,9093250,FALSE,2017,outside,33.1209921875,FALSE,TRUE
39989,1,32.8823671875,outside,2018,434750,9093250,FALSE,2018,outside,32.8823671875,FALSE,TRUE
40041,1,29.920728515625,outside,2008,460750,9093250,FALSE,2008,outside,29.920728515625,FALSE,TRUE
40098,1,29.652150390625,outside,2019,489250,9093250,FALSE,2019,outside,29.652150390625,FALSE,TRUE
40099,1,29.6057421875,outside,2017,489750,9093250,FALSE,2017,outside,29.6057421875,FALSE,TRUE
40100,1,29.56771875,outside,2019,490250,9093250,FALSE,2019,outside,29.56771875,FALSE,TRUE
40101,1,29.538111328125,outside,2021,490750,9093250,FALSE,2021,outside,29.538111328125,FALSE,TRUE
40103,1,29.504236328125,outside,2020,491750,9093250,FALSE,2020,outside,29.504236328125,FALSE,TRUE
40139,1,28,outside,2021,509750,9093250,FALSE,2021,outside,28,FALSE,TRUE
40392,1,47.10095703125,outside,2018,412750,9092750,FALSE,2018,outside,47.10095703125,FALSE,TRUE
40403,1,42.85148828125,outside,2020,418250,9092750,FALSE,2020,outside,42.85148828125,FALSE,TRUE
40405,1,42.1099765625,outside,2007,419250,9092750,FALSE,2007,outside,42.1099765625,FALSE,TRUE
40406,1,41.74326171875,outside,2019,419750,9092750,FALSE,2019,outside,41.74326171875,FALSE,TRUE
40407,1,41.37934375,outside,2017,420250,9092750,FALSE,2017,outside,41.37934375,FALSE,TRUE
40415,1,38.57784375,outside,2017,424250,9092750,FALSE,2017,outside,38.57784375,FALSE,TRUE
40421,1,36.62308203125,outside,2007,427250,9092750,FALSE,2007,outside,36.62308203125,FALSE,TRUE
40422,1,36.31115625,outside,2014,427750,9092750,FALSE,2014,outside,36.31115625,FALSE,TRUE
40423,1,36.00347265625,outside,2014,428250,9092750,FALSE,2014,outside,36.00347265625,FALSE,TRUE
40428,1,34.53259375,outside,2014,430750,9092750,FALSE,2014,outside,34.53259375,FALSE,TRUE
40429,1,34.25273828125,outside,2005,431250,9092750,FALSE,2005,outside,34.25273828125,FALSE,TRUE
40430,1,33.97793359375,outside,2010,431750,9092750,FALSE,2010,outside,33.97793359375,FALSE,TRUE
40431,1,33.70830859375,outside,2013,432250,9092750,FALSE,2013,outside,33.70830859375,FALSE,TRUE
40487,1,29.516943359375,outside,2017,460250,9092750,FALSE,2017,outside,29.516943359375,FALSE,TRUE
40488,1,29.42787890625,outside,2010,460750,9092750,FALSE,2010,outside,29.42787890625,FALSE,TRUE
40546,1,29.10755859375,outside,2014,489750,9092750,FALSE,2014,outside,29.10755859375,FALSE,TRUE
40547,1,29.0688828125,outside,2014,490250,9092750,FALSE,2014,outside,29.0688828125,FALSE,TRUE
40548,1,29.038767578125,outside,2020,490750,9092750,FALSE,2020,outside,29.038767578125,FALSE,TRUE
40549,1,29.017236328125,outside,2020,491250,9092750,FALSE,2020,outside,29.017236328125,FALSE,TRUE
40619,1,31.815876953125,outside,2017,526250,9092750,FALSE,2017,outside,31.815876953125,FALSE,TRUE
40767,1,78.65271875,outside,2016,376750,9092250,FALSE,2016,outside,78.65271875,FALSE,TRUE
40810,1,59.05929296875,outside,2019,398250,9092250,FALSE,2019,outside,59.05929296875,FALSE,TRUE
40850,1,42.52058203125,outside,2001,418250,9092250,FALSE,2001,outside,42.52058203125,FALSE,TRUE
40852,1,41.7731953125,outside,2001,419250,9092250,FALSE,2001,outside,41.7731953125,FALSE,TRUE
40854,1,41.0365703125,outside,2022,420250,9092250,FALSE,2022,outside,41.0365703125,FALSE,TRUE
40860,1,38.89730078125,outside,2022,423250,9092250,FALSE,2022,outside,38.89730078125,FALSE,TRUE
40864,1,37.5366484375,outside,2019,425250,9092250,FALSE,2019,outside,37.5366484375,FALSE,TRUE
40867,1,36.55475390625,outside,2015,426750,9092250,FALSE,2015,outside,36.55475390625,FALSE,TRUE
40868,1,36.23534375,outside,2015,427250,9092250,FALSE,2015,outside,36.23534375,FALSE,TRUE
40869,1,35.92005078125,outside,2014,427750,9092250,FALSE,2014,outside,35.92005078125,FALSE,TRUE
40871,1,35.302265625,outside,2017,428750,9092250,FALSE,2017,outside,35.302265625,FALSE,TRUE
40872,1,35,outside,2010,429250,9092250,FALSE,2010,outside,35,FALSE,TRUE
40873,1,34.7023046875,outside,2014,429750,9092250,FALSE,2014,outside,34.7023046875,FALSE,TRUE
40874,1,34.40930078125,outside,2006,430250,9092250,FALSE,2006,outside,34.40930078125,FALSE,TRUE
40875,1,34.121109375,outside,2015,430750,9092250,FALSE,2015,outside,34.121109375,FALSE,TRUE
40878,1,33.2866328125,outside,2005,432250,9092250,FALSE,2005,outside,33.2866328125,FALSE,TRUE
40882,1,32.24903125,outside,2004,434250,9092250,FALSE,2004,outside,32.24903125,FALSE,TRUE
40934,1,29.025849609375,outside,2017,460250,9092250,FALSE,2017,outside,29.025849609375,FALSE,TRUE
40994,1,28.57008984375,outside,2004,490250,9092250,FALSE,2004,outside,28.57008984375,FALSE,TRUE
40995,1,28.539447265625,outside,2005,490750,9092250,FALSE,2005,outside,28.539447265625,FALSE,TRUE
41000,1,28.504384765625,outside,2017,493250,9092250,FALSE,2017,outside,28.504384765625,FALSE,TRUE
41003,1,28.57008984375,outside,2012,494750,9092250,FALSE,2012,outside,28.57008984375,FALSE,TRUE
41015,1,28.306359375,outside,2017,500750,9092250,FALSE,2017,outside,28.306359375,FALSE,TRUE
41021,1,27.5544921875,outside,2013,503750,9092250,FALSE,2013,outside,27.5544921875,FALSE,TRUE
41029,1,27.041634765625,outside,2009,507750,9092250,FALSE,2009,outside,27.041634765625,FALSE,TRUE
41297,1,42.1930078125,outside,2018,418250,9091750,FALSE,2018,outside,42.1930078125,FALSE,TRUE
41298,1,41.8150703125,outside,2017,418750,9091750,FALSE,2017,outside,41.8150703125,FALSE,TRUE
41299,1,41.43971484375,outside,2017,419250,9091750,FALSE,2017,outside,41.43971484375,FALSE,TRUE
41310,1,37.50333203125,outside,2017,424750,9091750,FALSE,2017,outside,37.50333203125,FALSE,TRUE
41311,1,37.165171875,outside,2017,425250,9091750,FALSE,2017,outside,37.165171875,FALSE,TRUE
41313,1,36.5,outside,2018,426250,9091750,FALSE,2018,outside,36.5,FALSE,TRUE
41316,1,35.53167578125,outside,2019,427750,9091750,FALSE,2019,outside,35.53167578125,FALSE,TRUE
41317,1,35.21718359375,outside,2020,428250,9091750,FALSE,2020,outside,35.21718359375,FALSE,TRUE
41318,1,34.90701953125,outside,2018,428750,9091750,FALSE,2018,outside,34.90701953125,FALSE,TRUE
41319,1,34.60130078125,outside,2013,429250,9091750,FALSE,2013,outside,34.60130078125,FALSE,TRUE
41320,1,34.30014453125,outside,2015,429750,9091750,FALSE,2015,outside,34.30014453125,FALSE,TRUE
41322,1,33.712015625,outside,2014,430750,9091750,FALSE,2014,outside,33.712015625,FALSE,TRUE
41323,1,33.4252890625,outside,2016,431250,9091750,FALSE,2016,outside,33.4252890625,FALSE,TRUE
41325,1,32.86715625,outside,2005,432250,9091750,FALSE,2005,outside,32.86715625,FALSE,TRUE
41440,1,28.111384765625,outside,2014,489750,9091750,FALSE,2014,outside,28.111384765625,FALSE,TRUE
41450,1,28.071337890625,outside,2011,494750,9091750,FALSE,2011,outside,28.071337890625,FALSE,TRUE
41451,1,28.111384765625,outside,2017,495250,9091750,FALSE,2017,outside,28.111384765625,FALSE,TRUE
41453,1,28.21790234375,outside,2017,496250,9091750,FALSE,2017,outside,28.21790234375,FALSE,TRUE
41462,1,27.82983984375,outside,2014,500750,9091750,FALSE,2014,outside,27.82983984375,FALSE,TRUE
41464,1,27.54087890625,outside,2017,501750,9091750,FALSE,2017,outside,27.54087890625,FALSE,TRUE
41735,1,45.4009921875,outside,2018,413750,9091250,FALSE,2018,outside,45.4009921875,FALSE,TRUE
41742,1,42.63801171875,outside,2017,417250,9091250,FALSE,2017,outside,42.63801171875,FALSE,TRUE
41743,1,42.25221875,outside,2020,417750,9091250,FALSE,2020,outside,42.25221875,FALSE,TRUE
41744,1,41.86884375,outside,2017,418250,9091250,FALSE,2017,outside,41.86884375,FALSE,TRUE
41747,1,40.733890625,outside,2018,419750,9091250,FALSE,2018,outside,40.733890625,FALSE,TRUE
41757,1,37.13825390625,outside,2016,424750,9091250,FALSE,2016,outside,37.13825390625,FALSE,TRUE
41758,1,36.79673828125,outside,2010,425250,9091250,FALSE,2010,outside,36.79673828125,FALSE,TRUE
41760,1,36.12478515625,outside,2004,426250,9091250,FALSE,2004,outside,36.12478515625,FALSE,TRUE
41763,1,35.146125,outside,2009,427750,9091250,FALSE,2009,outside,35.146125,FALSE,TRUE
41764,1,34.8281484375,outside,2014,428250,9091250,FALSE,2014,outside,34.8281484375,FALSE,TRUE
41765,1,34.51448828125,outside,2017,428750,9091250,FALSE,2017,outside,34.51448828125,FALSE,TRUE
41766,1,34.20526171875,outside,2013,429250,9091250,FALSE,2013,outside,34.20526171875,FALSE,TRUE
41767,1,33.90058984375,outside,2007,429750,9091250,FALSE,2007,outside,33.90058984375,FALSE,TRUE
41772,1,32.4499609375,outside,2017,432250,9091250,FALSE,2017,outside,32.4499609375,FALSE,TRUE
41773,1,32.17530078125,outside,2021,432750,9091250,FALSE,2021,outside,32.17530078125,FALSE,TRUE
41887,1,27.61340234375,outside,2007,489750,9091250,FALSE,2007,outside,27.61340234375,FALSE,TRUE
41918,1,26.305892578125,outside,2022,505250,9091250,FALSE,2022,outside,26.305892578125,FALSE,TRUE
42212,1,34.12476953125,outside,2020,428750,9090750,FALSE,2020,outside,34.12476953125,FALSE,TRUE
42213,1,33.81198046875,outside,2003,429250,9090750,FALSE,2003,outside,33.81198046875,FALSE,TRUE
42214,1,33.50373046875,outside,2010,429750,9090750,FALSE,2010,outside,33.50373046875,FALSE,TRUE
42215,1,33.20015234375,outside,2001,430250,9090750,FALSE,2001,outside,33.20015234375,FALSE,TRUE
42218,1,32.318724609375,outside,2006,431750,9090750,FALSE,2006,outside,32.318724609375,FALSE,TRUE
42219,1,32.03513671875,outside,2020,432250,9090750,FALSE,2020,outside,32.03513671875,FALSE,TRUE
42220,1,31.756888671875,outside,2017,432750,9090750,FALSE,2017,outside,31.756888671875,FALSE,TRUE
42221,1,31.484123046875,outside,2022,433250,9090750,FALSE,2022,outside,31.484123046875,FALSE,TRUE
42334,1,27.115494140625,outside,2021,489750,9090750,FALSE,2021,outside,27.115494140625,FALSE,TRUE
42344,1,27.07397265625,outside,2006,494750,9090750,FALSE,2006,outside,27.07397265625,FALSE,TRUE
42346,1,27.16615625,outside,2006,495750,9090750,FALSE,2006,outside,27.16615625,FALSE,TRUE
42348,1,27.2946875,outside,2019,496750,9090750,FALSE,2019,outside,27.2946875,FALSE,TRUE
42625,1,46.45696875,outside,2017,411750,9090250,FALSE,2017,outside,46.45696875,FALSE,TRUE
42639,1,40.84421484375,outside,2018,418750,9090250,FALSE,2018,outside,40.84421484375,FALSE,TRUE
42640,1,40.45985546875,outside,2014,419250,9090250,FALSE,2014,outside,40.45985546875,FALSE,TRUE
42650,1,36.76955078125,outside,2015,424250,9090250,FALSE,2015,outside,36.76955078125,FALSE,TRUE
42651,1,36.41771484375,outside,2017,424750,9090250,FALSE,2017,outside,36.41771484375,FALSE,TRUE
42652,1,36.06937890625,outside,2006,425250,9090250,FALSE,2006,outside,36.06937890625,FALSE,TRUE
42657,1,34.38386328125,outside,2010,427750,9090250,FALSE,2010,outside,34.38386328125,FALSE,TRUE
42660,1,33.42155078125,outside,2013,429250,9090250,FALSE,2013,outside,33.42155078125,FALSE,TRUE
42661,1,33.10966796875,outside,2014,429750,9090250,FALSE,2014,outside,33.10966796875,FALSE,TRUE
42662,1,32.8024375,outside,2017,430250,9090250,FALSE,2017,outside,32.8024375,FALSE,TRUE
42665,1,31.910029296875,outside,2005,431750,9090250,FALSE,2005,outside,31.910029296875,FALSE,TRUE
42666,1,31.62277734375,outside,2019,432250,9090250,FALSE,2019,outside,31.62277734375,FALSE,TRUE
42780,1,26.669271484375,outside,2021,489250,9090250,FALSE,2021,outside,26.669271484375,FALSE,TRUE
42783,1,26.54241796875,outside,2008,490750,9090250,FALSE,2008,outside,26.54241796875,FALSE,TRUE
42784,1,26.518861328125,outside,2018,491250,9090250,FALSE,2018,outside,26.518861328125,FALSE,TRUE
42786,1,26.5,outside,2020,492250,9090250,FALSE,2020,outside,26.5,FALSE,TRUE
42787,1,26.5,outside,2019,492750,9090250,FALSE,2019,outside,26.5,FALSE,TRUE
42796,1,26.879359375,outside,2013,497250,9090250,FALSE,2013,outside,26.879359375,FALSE,TRUE
42797,1,26.967572265625,outside,2021,497750,9090250,FALSE,2021,outside,26.967572265625,FALSE,TRUE
43086,1,40.52776953125,outside,2020,418750,9089750,FALSE,2020,outside,40.52776953125,FALSE,TRUE
43087,1,40.14037890625,outside,2021,419250,9089750,FALSE,2021,outside,40.14037890625,FALSE,TRUE
43088,1,39.75550390625,outside,2017,419750,9089750,FALSE,2017,outside,39.75550390625,FALSE,TRUE
43089,1,39.37321484375,outside,2015,420250,9089750,FALSE,2015,outside,39.37321484375,FALSE,TRUE
43090,1,38.99358984375,outside,2022,420750,9089750,FALSE,2022,outside,38.99358984375,FALSE,TRUE
43099,1,35.71064453125,outside,2018,425250,9089750,FALSE,2018,outside,35.71064453125,FALSE,TRUE
43103,1,34.3402109375,outside,2010,427250,9089750,FALSE,2010,outside,34.3402109375,FALSE,TRUE
43105,1,33.67862890625,outside,2010,428250,9089750,FALSE,2010,outside,33.67862890625,FALSE,TRUE
43109,1,32.407560546875,outside,2013,430250,9089750,FALSE,2013,outside,32.407560546875,FALSE,TRUE
43110,1,32.10140234375,outside,2001,430750,9089750,FALSE,2001,outside,32.10140234375,FALSE,TRUE
43111,1,31.800158203125,outside,2006,431250,9089750,FALSE,2006,outside,31.800158203125,FALSE,TRUE
43112,1,31.50396875,outside,2004,431750,9089750,FALSE,2004,outside,31.50396875,FALSE,TRUE
43113,1,31.212978515625,outside,2006,432250,9089750,FALSE,2006,outside,31.212978515625,FALSE,TRUE
43169,1,26.575365234375,outside,2017,460250,9089750,FALSE,2017,outside,26.575365234375,FALSE,TRUE
43170,1,26.476404296875,outside,2017,460750,9089750,FALSE,2017,outside,26.476404296875,FALSE,TRUE
43223,1,26.476404296875,outside,2022,487250,9089750,FALSE,2022,outside,26.476404296875,FALSE,TRUE
43224,1,26.386548828125,outside,2019,487750,9089750,FALSE,2019,outside,26.386548828125,FALSE,TRUE
43523,1,44.24081640625,outside,2003,413750,9089250,FALSE,2003,outside,44.24081640625,FALSE,TRUE
43529,1,41.80012109375,outside,2020,416750,9089250,FALSE,2020,outside,41.80012109375,FALSE,TRUE
43555,1,32.330326171875,outside,2013,429750,9089250,FALSE,2013,outside,32.330326171875,FALSE,TRUE
43556,1,32.01562109375,outside,2019,430250,9089250,FALSE,2019,outside,32.01562109375,FALSE,TRUE
43619,1,25.811818359375,outside,2017,461750,9089250,FALSE,2017,outside,25.811818359375,FALSE,TRUE
43668,1,26.196373046875,outside,2022,486250,9089250,FALSE,2022,outside,26.196373046875,FALSE,TRUE
43670,1,25.985572265625,outside,2018,487250,9089250,FALSE,2018,outside,25.985572265625,FALSE,TRUE
43671,1,25.894015625,outside,2017,487750,9089250,FALSE,2017,outside,25.894015625,FALSE,TRUE
43672,1,25.811818359375,outside,2022,488250,9089250,FALSE,2022,outside,25.811818359375,FALSE,TRUE
43986,1,37.5832421875,outside,2014,421750,9088750,FALSE,2014,outside,37.5832421875,FALSE,TRUE
44002,1,31.945265625,outside,2016,429750,9088750,FALSE,2016,outside,31.945265625,FALSE,TRUE
44003,1,31.626728515625,outside,2019,430250,9088750,FALSE,2019,outside,31.626728515625,FALSE,TRUE
44116,1,25.5978515625,outside,2019,486750,9088750,FALSE,2019,outside,25.5978515625,FALSE,TRUE
44117,1,25.49509765625,outside,2018,487250,9088750,FALSE,2018,outside,25.49509765625,FALSE,TRUE
44118,1,25.401771484375,outside,2015,487750,9088750,FALSE,2015,outside,25.401771484375,FALSE,TRUE
44131,1,25.044958984375,outside,2017,494250,9088750,FALSE,2017,outside,25.044958984375,FALSE,TRUE
44422,1,41.6173046875,outside,2014,416250,9088250,FALSE,2014,outside,41.6173046875,FALSE,TRUE
44430,1,38.41874609375,outside,2017,420250,9088250,FALSE,2017,outside,38.41874609375,FALSE,TRUE
44443,1,33.58943359375,outside,2010,426750,9088250,FALSE,2010,outside,33.58943359375,FALSE,TRUE
44449,1,31.563427734375,outside,2005,429750,9088250,FALSE,2005,outside,31.563427734375,FALSE,TRUE
44563,1,25.109759765625,outside,2019,486750,9088250,FALSE,2019,outside,25.109759765625,FALSE,TRUE
44564,1,25.005,outside,2021,487250,9088250,FALSE,2021,outside,25.005,FALSE,TRUE
44565,1,24.909837890625,outside,2017,487750,9088250,FALSE,2017,outside,24.909837890625,FALSE,TRUE
44566,1,24.8243828125,outside,2019,488250,9088250,FALSE,2019,outside,24.8243828125,FALSE,TRUE
44867,1,42.15744140625,outside,2005,415250,9087750,FALSE,2005,outside,42.15744140625,FALSE,TRUE
44885,1,35.0463984375,outside,2018,424250,9087750,FALSE,2018,outside,35.0463984375,FALSE,TRUE
44892,1,32.53459765625,outside,2006,427750,9087750,FALSE,2006,outside,32.53459765625,FALSE,TRUE
44893,1,32.190837890625,outside,2018,428250,9087750,FALSE,2018,outside,32.190837890625,FALSE,TRUE
44894,1,31.851216796875,outside,2005,428750,9087750,FALSE,2005,outside,31.851216796875,FALSE,TRUE
44897,1,30.858548828125,outside,2011,430250,9087750,FALSE,2011,outside,30.858548828125,FALSE,TRUE
44974,1,24.083189453125,outside,2010,468750,9087750,FALSE,2010,outside,24.083189453125,FALSE,TRUE
44975,1,24.129857421875,outside,2010,469250,9087750,FALSE,2010,outside,24.129857421875,FALSE,TRUE
45326,1,37.01351171875,outside,2014,421250,9087250,FALSE,2014,outside,37.01351171875,FALSE,TRUE
45327,1,36.62308203125,outside,2006,421750,9087250,FALSE,2006,outside,36.62308203125,FALSE,TRUE
45341,1,31.484123046875,outside,2009,428750,9087250,FALSE,2009,outside,31.484123046875,FALSE,TRUE
45716,1,61.7454453125,outside,2017,392750,9086750,FALSE,2017,outside,61.7454453125,FALSE,TRUE
45717,1,61.28009375,outside,2017,393250,9086750,FALSE,2017,outside,61.28009375,FALSE,TRUE
45771,1,37.5,outside,2019,420250,9086750,FALSE,2019,outside,37.5,FALSE,TRUE
45772,1,37.10121484375,outside,2017,420750,9086750,FALSE,2017,outside,37.10121484375,FALSE,TRUE
45773,1,36.70490625,outside,2009,421250,9086750,FALSE,2009,outside,36.70490625,FALSE,TRUE
45775,1,35.92005078125,outside,2006,422250,9086750,FALSE,2006,outside,35.92005078125,FALSE,TRUE
45789,1,30.777427734375,outside,2020,429250,9086750,FALSE,2020,outside,30.777427734375,FALSE,TRUE
46213,1,39.24601953125,outside,2017,417750,9086250,FALSE,2017,outside,39.24601953125,FALSE,TRUE
46219,1,36.80013671875,outside,2018,420750,9086250,FALSE,2018,outside,36.80013671875,FALSE,TRUE
46222,1,35.60898828125,outside,2011,422250,9086250,FALSE,2011,outside,35.60898828125,FALSE,TRUE
46659,1,39.38591015625,outside,2020,417250,9085750,FALSE,2020,outside,39.38591015625,FALSE,TRUE
46660,1,38.96793359375,outside,2017,417750,9085750,FALSE,2017,outside,38.96793359375,FALSE,TRUE
46661,1,38.5519140625,outside,2014,418250,9085750,FALSE,2014,outside,38.5519140625,FALSE,TRUE
46665,1,36.908671875,outside,2022,420250,9085750,FALSE,2022,outside,36.908671875,FALSE,TRUE
46666,1,36.50342578125,outside,2004,420750,9085750,FALSE,2004,outside,36.50342578125,FALSE,TRUE
47099,1,42.1099765625,outside,2022,413750,9085250,FALSE,2022,outside,42.1099765625,FALSE,TRUE
47106,1,39.11521484375,outside,2018,417250,9085250,FALSE,2018,outside,39.11521484375,FALSE,TRUE
47107,1,38.69431640625,outside,2016,417750,9085250,FALSE,2016,outside,38.69431640625,FALSE,TRUE
47108,1,38.2753203125,outside,2014,418250,9085250,FALSE,2014,outside,38.2753203125,FALSE,TRUE
47111,1,37.03039453125,outside,2011,419750,9085250,FALSE,2011,outside,37.03039453125,FALSE,TRUE
47121,1,33.03407421875,outside,2017,424750,9085250,FALSE,2017,outside,33.03407421875,FALSE,TRUE
47123,1,32.26840625,outside,2009,425750,9085250,FALSE,2009,outside,32.26840625,FALSE,TRUE
47124,1,31.8904375,outside,2010,426250,9085250,FALSE,2010,outside,31.8904375,FALSE,TRUE
47304,1,20.88061328125,outside,2008,516250,9085250,FALSE,2008,outside,20.88061328125,FALSE,TRUE
47550,1,40.13103515625,outside,2017,415750,9084750,FALSE,2017,outside,40.13103515625,FALSE,TRUE
47552,1,39.274671875,outside,2016,416750,9084750,FALSE,2016,outside,39.274671875,FALSE,TRUE
47553,1,38.84906640625,outside,2018,417250,9084750,FALSE,2018,outside,38.84906640625,FALSE,TRUE
47554,1,38.42525390625,outside,2017,417750,9084750,FALSE,2017,outside,38.42525390625,FALSE,TRUE
47558,1,36.7491484375,outside,2017,419750,9084750,FALSE,2017,outside,36.7491484375,FALSE,TRUE
47559,1,36.33524609375,outside,2014,420250,9084750,FALSE,2014,outside,36.33524609375,FALSE,TRUE
47560,1,35.92353125,outside,2017,420750,9084750,FALSE,2017,outside,35.92353125,FALSE,TRUE
47989,1,43.38490625,outside,2017,411750,9084250,FALSE,2017,outside,43.38490625,FALSE,TRUE
47990,1,42.9418203125,outside,2017,412250,9084250,FALSE,2017,outside,42.9418203125,FALSE,TRUE
47991,1,42.5,outside,2021,412750,9084250,FALSE,2021,outside,42.5,FALSE,TRUE
47992,1,42.05948046875,outside,2022,413250,9084250,FALSE,2022,outside,42.05948046875,FALSE,TRUE
47998,1,39.4461640625,outside,2019,416250,9084250,FALSE,2019,outside,39.4461640625,FALSE,TRUE
47999,1,39.0160234375,outside,2002,416750,9084250,FALSE,2002,outside,39.0160234375,FALSE,TRUE
48000,1,38.5875625,outside,2018,417250,9084250,FALSE,2018,outside,38.5875625,FALSE,TRUE
48004,1,36.891734375,outside,2014,419250,9084250,FALSE,2014,outside,36.891734375,FALSE,TRUE
48005,1,36.47259375,outside,2008,419750,9084250,FALSE,2008,outside,36.47259375,FALSE,TRUE
48006,1,36.05551171875,outside,2014,420250,9084250,FALSE,2014,outside,36.05551171875,FALSE,TRUE
48007,1,35.64056640625,outside,2014,420750,9084250,FALSE,2014,outside,35.64056640625,FALSE,TRUE
48013,1,33.20015234375,outside,2013,423750,9084250,FALSE,2013,outside,33.20015234375,FALSE,TRUE
48014,1,32.8024375,outside,2004,424250,9084250,FALSE,2004,outside,32.8024375,FALSE,TRUE
48015,1,32.407560546875,outside,2022,424750,9084250,FALSE,2022,outside,32.407560546875,FALSE,TRUE
48017,1,31.626728515625,outside,2017,425750,9084250,FALSE,2017,outside,31.626728515625,FALSE,TRUE
48123,1,23.7065390625,outside,2022,478750,9084250,FALSE,2022,outside,23.7065390625,FALSE,TRUE
48437,1,42.71123828125,outside,2018,412250,9083750,FALSE,2018,outside,42.71123828125,FALSE,TRUE
48446,1,38.76209375,outside,2014,416750,9083750,FALSE,2014,outside,38.76209375,FALSE,TRUE
48448,1,37.9011875,outside,2017,417750,9083750,FALSE,2017,outside,37.9011875,FALSE,TRUE
48452,1,36.200828125,outside,2014,419750,9083750,FALSE,2014,outside,36.200828125,FALSE,TRUE
48453,1,35.78058203125,outside,2004,420250,9083750,FALSE,2004,outside,35.78058203125,FALSE,TRUE
48454,1,35.36241015625,outside,2014,420750,9083750,FALSE,2014,outside,35.36241015625,FALSE,TRUE
48892,1,38.94868359375,outside,2021,416250,9083250,FALSE,2021,outside,38.94868359375,FALSE,TRUE
48900,1,35.5105625,outside,2004,420250,9083250,FALSE,2004,outside,35.5105625,FALSE,TRUE
48901,1,35.089171875,outside,2006,420750,9083250,FALSE,2006,outside,35.089171875,FALSE,TRUE
48905,1,33.4252890625,outside,2006,422750,9083250,FALSE,2006,outside,33.4252890625,FALSE,TRUE
48909,1,31.800158203125,outside,2017,424750,9083250,FALSE,2017,outside,31.800158203125,FALSE,TRUE
49340,1,38.26878515625,outside,2001,416750,9082750,FALSE,2001,outside,38.26878515625,FALSE,TRUE
49350,1,33.97793359375,outside,2010,421750,9082750,FALSE,2010,outside,33.97793359375,FALSE,TRUE
49354,1,32.318724609375,outside,2005,423750,9082750,FALSE,2005,outside,32.318724609375,FALSE,TRUE
49736,1,61.68468359375,outside,2020,391250,9082250,FALSE,2020,outside,61.68468359375,FALSE,TRUE
49796,1,34.13209765625,outside,2015,421250,9082250,FALSE,2015,outside,34.13209765625,FALSE,TRUE
49800,1,32.4499609375,outside,2017,423250,9082250,FALSE,2017,outside,32.4499609375,FALSE,TRUE
49801,1,32.03513671875,outside,2011,423750,9082250,FALSE,2011,outside,32.03513671875,FALSE,TRUE
49804,1,30.80584375,outside,2017,425250,9082250,FALSE,2017,outside,30.80584375,FALSE,TRUE
49894,1,18.828169921875,outside,2022,470250,9082250,FALSE,2022,outside,18.828169921875,FALSE,TRUE
49895,1,18.927494140625,outside,2021,470750,9082250,FALSE,2021,outside,18.927494140625,FALSE,TRUE
50063,1,40.9176015625,outside,2017,554750,9082250,FALSE,2017,outside,40.9176015625,FALSE,TRUE
50243,1,33.871078125,outside,2003,421250,9081750,FALSE,2003,outside,33.871078125,FALSE,TRUE
50248,1,31.756888671875,outside,2009,423750,9081750,FALSE,2009,outside,31.756888671875,FALSE,TRUE
50341,1,18.33712109375,outside,2022,470250,9081750,FALSE,2022,outside,18.33712109375,FALSE,TRUE
50628,1,62.36184765625,outside,2019,390250,9081250,FALSE,2019,outside,62.36184765625,FALSE,TRUE
50686,1,35.35533984375,outside,2017,419250,9081250,FALSE,2017,outside,35.35533984375,FALSE,TRUE
50695,1,31.484123046875,outside,2018,423750,9081250,FALSE,2018,outside,31.484123046875,FALSE,TRUE
50697,1,30.647185546875,outside,2014,424750,9081250,FALSE,2014,outside,30.647185546875,FALSE,TRUE
50698,1,30.23243359375,outside,2021,425250,9081250,FALSE,2021,outside,30.23243359375,FALSE,TRUE
51140,1,32.070236328125,outside,2013,422750,9080750,FALSE,2013,outside,32.070236328125,FALSE,TRUE
51264,1,18.580904296875,outside,2022,484750,9080750,FALSE,2022,outside,18.580904296875,FALSE,TRUE
51579,1,35.33058203125,outside,2012,418750,9080250,FALSE,2012,outside,35.33058203125,FALSE,TRUE
51587,1,31.815876953125,outside,2017,422750,9080250,FALSE,2017,outside,31.815876953125,FALSE,TRUE
52017,1,39.1950234375,outside,2021,414250,9079750,FALSE,2021,outside,39.1950234375,FALSE,TRUE
52031,1,32.8823671875,outside,2006,421250,9079750,FALSE,2006,outside,32.8823671875,FALSE,TRUE
52034,1,31.567388671875,outside,2014,422750,9079750,FALSE,2014,outside,31.567388671875,FALSE,TRUE
52035,1,31.132779296875,outside,2006,423250,9079750,FALSE,2006,outside,31.132779296875,FALSE,TRUE
52165,1,16.492421875,outside,2014,488250,9079750,FALSE,2014,outside,16.492421875,FALSE,TRUE
52478,1,32.64965625,outside,2017,421250,9079250,FALSE,2017,outside,32.64965625,FALSE,TRUE
52479,1,32.206365234375,outside,2009,421750,9079250,FALSE,2009,outside,32.206365234375,FALSE,TRUE
52482,1,30.886890625,outside,2006,423250,9079250,FALSE,2006,outside,30.886890625,FALSE,TRUE
52906,1,41.14000390625,outside,2019,411750,9078750,FALSE,2019,outside,41.14000390625,FALSE,TRUE
52907,1,40.67247265625,outside,2019,412250,9078750,FALSE,2019,outside,40.67247265625,FALSE,TRUE
52909,1,39.73977734375,outside,2019,413250,9078750,FALSE,2019,outside,39.73977734375,FALSE,TRUE
52911,1,38.8104375,outside,2022,414250,9078750,FALSE,2022,outside,38.8104375,FALSE,TRUE
52912,1,38.34709765625,outside,2017,414750,9078750,FALSE,2017,outside,38.34709765625,FALSE,TRUE
52913,1,37.8846953125,outside,2018,415250,9078750,FALSE,2018,outside,37.8846953125,FALSE,TRUE
52922,1,33.7712890625,outside,2006,419750,9078750,FALSE,2006,outside,33.7712890625,FALSE,TRUE
52924,1,32.8709609375,outside,2002,420750,9078750,FALSE,2002,outside,32.8709609375,FALSE,TRUE
52929,1,30.647185546875,outside,2004,423250,9078750,FALSE,2004,outside,30.647185546875,FALSE,TRUE
53352,1,41.43669921875,outside,2022,411250,9078250,FALSE,2022,outside,41.43669921875,FALSE,TRUE
53354,1,40.4969140625,outside,2019,412250,9078250,FALSE,2019,outside,40.4969140625,FALSE,TRUE
53355,1,40.02811328125,outside,2019,412750,9078250,FALSE,2019,outside,40.02811328125,FALSE,TRUE
53356,1,39.56008203125,outside,2019,413250,9078250,FALSE,2019,outside,39.56008203125,FALSE,TRUE
53357,1,39.09283984375,outside,2019,413750,9078250,FALSE,2019,outside,39.09283984375,FALSE,TRUE
53359,1,38.16084375,outside,2019,414750,9078250,FALSE,2019,outside,38.16084375,FALSE,TRUE
53367,1,34.47100390625,outside,2005,418750,9078250,FALSE,2005,outside,34.47100390625,FALSE,TRUE
53773,1,53.72383203125,outside,2017,398250,9077750,FALSE,2017,outside,53.72383203125,FALSE,TRUE
53774,1,53.2400234375,outside,2018,398750,9077750,FALSE,2018,outside,53.2400234375,FALSE,TRUE
53800,1,40.79828515625,outside,2021,411750,9077750,FALSE,2021,outside,40.79828515625,FALSE,TRUE
53801,1,40.3267890625,outside,2018,412250,9077750,FALSE,2018,outside,40.3267890625,FALSE,TRUE
53802,1,39.8559921875,outside,2017,412750,9077750,FALSE,2017,outside,39.8559921875,FALSE,TRUE
53803,1,39.38591015625,outside,2022,413250,9077750,FALSE,2022,outside,39.38591015625,FALSE,TRUE
53812,1,35.192328125,outside,2004,417750,9077750,FALSE,2004,outside,35.192328125,FALSE,TRUE
53955,1,14.3178212890625,outside,2022,489250,9077750,FALSE,2022,outside,14.3178212890625,FALSE,TRUE
54040,3,20.7002421875,outside,2008,531750,9077750,FALSE,2008,outside,20.7002421875,FALSE,TRUE
54220,1,53.600375,outside,2021,398250,9077250,FALSE,2021,outside,53.600375,FALSE,TRUE
54246,1,41.109609375,outside,2019,411250,9077250,FALSE,2019,outside,41.109609375,FALSE,TRUE
54247,1,40.63557421875,outside,2022,411750,9077250,FALSE,2022,outside,40.63557421875,FALSE,TRUE
54248,1,40.162171875,outside,2019,412250,9077250,FALSE,2019,outside,40.162171875,FALSE,TRUE
54258,1,35.468296875,outside,2004,417250,9077250,FALSE,2004,outside,35.468296875,FALSE,TRUE
54260,1,34.53983203125,outside,2004,418250,9077250,FALSE,2004,outside,34.53983203125,FALSE,TRUE
54270,1,29.9666484375,outside,2005,423250,9077250,FALSE,2005,outside,29.9666484375,FALSE,TRUE
54487,3,20.30394140625,outside,2015,531750,9077250,FALSE,2015,outside,20.30394140625,FALSE,TRUE
54665,1,54.454109375,outside,2021,397250,9076750,FALSE,2021,outside,54.454109375,FALSE,TRUE
54708,1,33.88952734375,outside,2015,418750,9076750,FALSE,2015,outside,33.88952734375,FALSE,TRUE
54709,1,33.4252890625,outside,2001,419250,9076750,FALSE,2001,outside,33.4252890625,FALSE,TRUE
54716,1,30.207615234375,outside,2019,422750,9076750,FALSE,2019,outside,30.207615234375,FALSE,TRUE
54852,1,13.086251953125,outside,2013,490750,9076750,FALSE,2013,outside,13.086251953125,FALSE,TRUE
55112,1,54.34151171875,outside,2017,397250,9076250,FALSE,2017,outside,54.34151171875,FALSE,TRUE
55152,1,35.1141015625,outside,2001,417250,9076250,FALSE,2001,outside,35.1141015625,FALSE,TRUE
55153,1,34.644625,outside,2018,417750,9076250,FALSE,2018,outside,34.644625,FALSE,TRUE
55548,1,59.4011796875,outside,2022,391750,9075750,FALSE,2022,outside,59.4011796875,FALSE,TRUE
55559,1,54.23329296875,outside,2021,397250,9075750,FALSE,2021,outside,54.23329296875,FALSE,TRUE
55560,1,53.744765625,outside,2016,397750,9075750,FALSE,2016,outside,53.744765625,FALSE,TRUE
55599,1,34.94638671875,outside,2004,417250,9075750,FALSE,2004,outside,34.94638671875,FALSE,TRUE
55601,1,34.00367578125,outside,2002,418250,9075750,FALSE,2002,outside,34.00367578125,FALSE,TRUE
55609,1,30.26962109375,outside,2010,422250,9075750,FALSE,2010,outside,30.26962109375,FALSE,TRUE
56007,1,53.64000390625,outside,2008,397750,9075250,FALSE,2008,outside,53.64000390625,FALSE,TRUE
56008,1,53.15073046875,outside,2019,398250,9075250,FALSE,2019,outside,53.15073046875,FALSE,TRUE
56041,1,37.165171875,outside,2019,414750,9075250,FALSE,2019,outside,37.165171875,FALSE,TRUE
56045,1,35.25975,outside,2021,416750,9075250,FALSE,2021,outside,35.25975,FALSE,TRUE
56047,1,34.311078125,outside,2014,417750,9075250,FALSE,2014,outside,34.311078125,FALSE,TRUE
56450,1,55.50225390625,outside,2019,395750,9074750,FALSE,2019,outside,55.50225390625,FALSE,TRUE
56454,1,53.539703125,outside,2017,397750,9074750,FALSE,2017,outside,53.539703125,FALSE,TRUE
56455,1,53.04950390625,outside,2018,398250,9074750,FALSE,2018,outside,53.04950390625,FALSE,TRUE
56461,1,50.112375,outside,2022,401250,9074750,FALSE,2022,outside,50.112375,FALSE,TRUE
56492,1,35.10698046875,outside,2018,416750,9074750,FALSE,2018,outside,35.10698046875,FALSE,TRUE
56493,1,34.6301875,outside,2007,417250,9074750,FALSE,2007,outside,34.6301875,FALSE,TRUE
56499,1,31.7844296875,outside,2019,420250,9074750,FALSE,2019,outside,31.7844296875,FALSE,TRUE
56902,1,52.95280859375,outside,2019,398250,9074250,FALSE,2019,outside,52.95280859375,FALSE,TRUE
56933,1,37.845078125,outside,2017,413750,9074250,FALSE,2017,outside,37.845078125,FALSE,TRUE
56934,1,37.36308203125,outside,2016,414250,9074250,FALSE,2016,outside,37.36308203125,FALSE,TRUE
57349,1,52.8606640625,outside,2021,398250,9073750,FALSE,2021,outside,52.8606640625,FALSE,TRUE
57350,1,52.3688828125,outside,2017,398750,9073750,FALSE,2017,outside,52.3688828125,FALSE,TRUE
57380,1,37.71604296875,outside,2017,413750,9073750,FALSE,2017,outside,37.71604296875,FALSE,TRUE
57381,1,37.23237890625,outside,2009,414250,9073750,FALSE,2009,outside,37.23237890625,FALSE,TRUE
57382,1,36.7491484375,outside,2007,414750,9073750,FALSE,2007,outside,36.7491484375,FALSE,TRUE
57389,1,33.3803828125,outside,2001,418250,9073750,FALSE,2001,outside,33.3803828125,FALSE,TRUE
57391,1,32.422986328125,outside,2004,419250,9073750,FALSE,2004,outside,32.422986328125,FALSE,TRUE
57394,1,30.99193359375,outside,2014,420750,9073750,FALSE,2014,outside,30.99193359375,FALSE,TRUE
57510,1,15.116216796875,outside,2015,478750,9073750,FALSE,2015,outside,15.116216796875,FALSE,TRUE
57616,3,17.677669921875,outside,2007,531750,9073750,FALSE,2007,outside,17.677669921875,FALSE,TRUE
57827,1,37.59321875,outside,2021,413750,9073250,FALSE,2021,outside,37.59321875,FALSE,TRUE
57828,1,37.10794921875,outside,2016,414250,9073250,FALSE,2016,outside,37.10794921875,FALSE,TRUE
57829,1,36.62308203125,outside,2008,414750,9073250,FALSE,2008,outside,36.62308203125,FALSE,TRUE
57834,1,34.20526171875,outside,2019,417250,9073250,FALSE,2019,outside,34.20526171875,FALSE,TRUE
57835,1,33.72313671875,outside,2005,417750,9073250,FALSE,2005,outside,33.72313671875,FALSE,TRUE
57837,1,32.760494140625,outside,2018,418750,9073250,FALSE,2018,outside,32.760494140625,FALSE,TRUE
58063,3,17.32772265625,outside,2016,531750,9073250,FALSE,2016,outside,17.32772265625,FALSE,TRUE
58273,1,37.963796875,outside,2022,413250,9072750,FALSE,2022,outside,37.963796875,FALSE,TRUE
58282,1,33.59315234375,outside,2007,417750,9072750,FALSE,2007,outside,33.59315234375,FALSE,TRUE
58283,1,33.10966796875,outside,2004,418250,9072750,FALSE,2004,outside,33.10966796875,FALSE,TRUE
58285,1,32.14420703125,outside,2004,419250,9072750,FALSE,2004,outside,32.14420703125,FALSE,TRUE
58408,1,14.53444140625,outside,2006,480750,9072750,FALSE,2006,outside,14.53444140625,FALSE,TRUE
58416,1,11.715375,outside,2021,484750,9072750,FALSE,2021,outside,11.715375,FALSE,TRUE
58729,1,33.47013671875,outside,2016,417750,9072250,FALSE,2016,outside,33.47013671875,FALSE,TRUE
58795,1,8.01560986328125,outside,2016,450750,9072250,TRUE,2016,outside,8.01560986328125,TRUE,TRUE
58862,1,11.6726171875,outside,2021,484250,9072250,FALSE,2021,outside,11.6726171875,FALSE,TRUE
58863,1,11.3357841796875,outside,2021,484750,9072250,FALSE,2021,outside,11.3357841796875,FALSE,TRUE
59176,1,33.35416015625,outside,2016,417750,9071750,FALSE,2016,outside,33.35416015625,FALSE,TRUE
59177,1,32.86715625,outside,2018,418250,9071750,FALSE,2018,outside,32.86715625,FALSE,TRUE
59305,1,12.747548828125,outside,2008,482250,9071750,FALSE,2008,outside,12.747548828125,FALSE,TRUE
59307,1,12.0208154296875,outside,2020,483250,9071750,FALSE,2020,outside,12.0208154296875,FALSE,TRUE
59309,1,11.313708984375,outside,2013,484250,9071750,FALSE,2013,outside,11.313708984375,FALSE,TRUE
59738,1,10.9658564453125,outside,2019,475250,9071250,FALSE,2019,outside,10.9658564453125,FALSE,TRUE
59739,1,11.313708984375,outside,2021,475750,9071250,FALSE,2021,outside,11.313708984375,FALSE,TRUE
59757,1,10.6066015625,outside,2018,484750,9071250,FALSE,2018,outside,10.6066015625,FALSE,TRUE
60478,1,50.9116875,outside,2019,398250,9070250,FALSE,2019,outside,50.9116875,FALSE,TRUE
60508,1,37.483328125,outside,2021,413250,9070250,FALSE,2021,outside,37.483328125,FALSE,TRUE
60509,1,36.98986328125,outside,2017,413750,9070250,FALSE,2017,outside,36.98986328125,FALSE,TRUE
60512,1,35.5105625,outside,2007,415250,9070250,FALSE,2007,outside,35.5105625,FALSE,TRUE
60513,1,35.0178515625,outside,2008,415750,9070250,FALSE,2008,outside,35.0178515625,FALSE,TRUE
60927,1,49.85228125,outside,2017,399250,9069750,FALSE,2017,outside,49.85228125,FALSE,TRUE
60955,1,37.40655078125,outside,2017,413250,9069750,FALSE,2017,outside,37.40655078125,FALSE,TRUE
60958,1,35.92353125,outside,2017,414750,9069750,FALSE,2017,outside,35.92353125,FALSE,TRUE
60959,1,35.4295078125,outside,2022,415250,9069750,FALSE,2022,outside,35.4295078125,FALSE,TRUE
60960,1,34.93565625,outside,2016,415750,9069750,FALSE,2016,outside,34.93565625,FALSE,TRUE
60962,1,33.9484921875,outside,2014,416750,9069750,FALSE,2014,outside,33.9484921875,FALSE,TRUE
61076,1,8.8459033203125,outside,2019,473750,9069750,TRUE,2019,outside,8.8459033203125,TRUE,TRUE
61077,1,9.1923876953125,outside,2018,474250,9069750,TRUE,2018,outside,9.1923876953125,TRUE,TRUE
61371,1,50.5692578125,outside,2018,397750,9069250,FALSE,2018,outside,50.5692578125,FALSE,TRUE
61373,1,49.85228125,outside,2016,398750,9069250,FALSE,2016,outside,49.85228125,FALSE,TRUE
61374,1,49.4974765625,outside,2018,399250,9069250,FALSE,2018,outside,49.4974765625,FALSE,TRUE
61404,1,36.3455625,outside,2017,414250,9069250,FALSE,2017,outside,36.3455625,FALSE,TRUE
61524,1,8.8459033203125,outside,2019,474250,9069250,TRUE,2019,outside,8.8459033203125,TRUE,TRUE
61525,1,9.1787802734375,outside,2022,474750,9069250,TRUE,2022,outside,9.1787802734375,TRUE,TRUE
61636,3,13.4536240234375,outside,2007,530250,9069250,FALSE,2007,outside,13.4536240234375,FALSE,TRUE
61820,1,49.5025234375,outside,2019,398750,9068750,FALSE,2019,outside,49.5025234375,FALSE,TRUE
62292,1,39.20458984375,outside,2016,411250,9068250,FALSE,2016,outside,39.20458984375,FALSE,TRUE
62414,1,6.72681201171875,outside,2022,472250,9068250,TRUE,2022,outside,6.72681201171875,TRUE,TRUE
62739,1,39.15673828125,outside,2017,411250,9067750,FALSE,2017,outside,39.15673828125,FALSE,TRUE
63629,1,40.67247265625,outside,2017,409250,9066750,FALSE,2017,outside,40.67247265625,FALSE,TRUE
63633,1,39.080046875,outside,2015,411250,9066750,FALSE,2015,outside,39.080046875,FALSE,TRUE
63634,1,38.58108203125,outside,2014,411750,9066750,FALSE,2014,outside,38.58108203125,FALSE,TRUE
63635,1,38.0821484375,outside,2013,412250,9066750,FALSE,2013,outside,38.0821484375,FALSE,TRUE
64080,1,38.94868359375,outside,2017,411250,9066250,FALSE,2017,outside,38.94868359375,FALSE,TRUE
64082,1,38.05259375,outside,2004,412250,9066250,FALSE,2004,outside,38.05259375,FALSE,TRUE
64085,1,36.55475390625,outside,2008,413750,9066250,FALSE,2008,outside,36.55475390625,FALSE,TRUE
64086,1,36.05551171875,outside,2010,414250,9066250,FALSE,2010,outside,36.05551171875,FALSE,TRUE
64527,1,38.57784375,outside,2017,411250,9065750,FALSE,2017,outside,38.57784375,FALSE,TRUE
64530,1,37.52998828125,outside,2019,412750,9065750,FALSE,2019,outside,37.52998828125,FALSE,TRUE
64531,1,37.03039453125,outside,2019,413250,9065750,FALSE,2019,outside,37.03039453125,FALSE,TRUE
64532,1,36.53080859375,outside,2019,413750,9065750,FALSE,2019,outside,36.53080859375,FALSE,TRUE
64657,1,7.15891064453125,outside,2014,476250,9065750,TRUE,2014,outside,7.15891064453125,TRUE,TRUE
64780,3,18.343935546875,outside,2019,537750,9065750,FALSE,2019,outside,18.343935546875,FALSE,TRUE
64971,1,39.24601953125,outside,2019,409750,9065250,FALSE,2019,outside,39.24601953125,FALSE,TRUE
64973,1,38.5519140625,outside,2017,410750,9065250,FALSE,2017,outside,38.5519140625,FALSE,TRUE
64975,1,37.8714921875,outside,2007,411750,9065250,FALSE,2007,outside,37.8714921875,FALSE,TRUE
64978,1,36.8781796875,outside,2019,413250,9065250,FALSE,2019,outside,36.8781796875,FALSE,TRUE
64979,1,36.5136953125,outside,2017,413750,9065250,FALSE,2017,outside,36.5136953125,FALSE,TRUE
64980,1,36.01388671875,outside,2019,414250,9065250,FALSE,2019,outside,36.01388671875,FALSE,TRUE
64981,1,35.51408203125,outside,2019,414750,9065250,FALSE,2019,outside,35.51408203125,FALSE,TRUE
65097,1,4.71699072265625,outside,2019,472750,9065250,TRUE,2019,outside,4.71699072265625,TRUE,TRUE
65107,1,7.15891064453125,outside,2006,477750,9065250,TRUE,2006,outside,7.15891064453125,TRUE,TRUE
65390,1,49.11720703125,outside,2018,395750,9064750,FALSE,2018,outside,49.11720703125,FALSE,TRUE
65421,1,37.845078125,outside,2019,411250,9064750,FALSE,2019,outside,37.845078125,FALSE,TRUE
65422,1,37.50333203125,outside,2019,411750,9064750,FALSE,2019,outside,37.50333203125,FALSE,TRUE
65423,1,37.165171875,outside,2013,412250,9064750,FALSE,2013,outside,37.165171875,FALSE,TRUE
65425,1,36.5,outside,2017,413250,9064750,FALSE,2017,outside,36.5,FALSE,TRUE
65426,1,36.1731953125,outside,2017,413750,9064750,FALSE,2017,outside,36.1731953125,FALSE,TRUE
65543,1,4.03112890625,outside,2018,472250,9064750,TRUE,2018,outside,4.03112890625,TRUE,TRUE
65547,1,5.31507275390625,outside,2021,474250,9064750,TRUE,2021,outside,5.31507275390625,TRUE,TRUE
65838,1,48.414875,outside,2021,396250,9064250,FALSE,2021,outside,48.414875,FALSE,TRUE
65864,1,38.89087109375,outside,2022,409250,9064250,FALSE,2022,outside,38.89087109375,FALSE,TRUE
65866,1,38.183765625,outside,2018,410250,9064250,FALSE,2018,outside,38.183765625,FALSE,TRUE
65867,1,37.83186328125,outside,2019,410750,9064250,FALSE,2019,outside,37.83186328125,FALSE,TRUE
65868,1,37.483328125,outside,2021,411250,9064250,FALSE,2021,outside,37.483328125,FALSE,TRUE
65999,1,5.85235009765625,outside,2006,476750,9064250,TRUE,2006,outside,5.85235009765625,TRUE,TRUE
66278,1,50.91659765625,outside,2014,392750,9063750,FALSE,2014,outside,50.91659765625,FALSE,TRUE
66314,1,37.47666015625,outside,2015,410750,9063750,FALSE,2015,outside,37.47666015625,FALSE,TRUE
66315,1,37.1247890625,outside,2014,411250,9063750,FALSE,2014,outside,37.1247890625,FALSE,TRUE
66318,1,36.0901640625,outside,2013,412750,9063750,FALSE,2013,outside,36.0901640625,FALSE,TRUE
66319,1,35.75262109375,outside,2010,413250,9063750,FALSE,2010,outside,35.75262109375,FALSE,TRUE
66436,1,2.91547583007813,outside,2014,471750,9063750,TRUE,2014,outside,2.91547583007813,TRUE,TRUE
66437,1,3.20156201171875,outside,2019,472250,9063750,TRUE,2019,outside,3.20156201171875,TRUE,TRUE
66438,1,3.53553393554688,outside,2021,472750,9063750,TRUE,2021,outside,3.53553393554688,TRUE,TRUE
66445,1,5.2201533203125,outside,2020,476250,9063750,TRUE,2020,outside,5.2201533203125,TRUE,TRUE
66446,1,5.3851650390625,outside,2018,476750,9063750,TRUE,2018,outside,5.3851650390625,TRUE,TRUE
66735,1,46.61812890625,outside,2017,397750,9063250,FALSE,2017,outside,46.61812890625,FALSE,TRUE
66762,1,36.76955078125,outside,2009,411250,9063250,FALSE,2009,outside,36.76955078125,FALSE,TRUE
66878,1,1.11803393554687,outside,2021,469250,9063250,TRUE,2021,outside,1.11803393554687,TRUE,TRUE
66881,1,2.061552734375,outside,2019,470750,9063250,TRUE,2019,outside,2.061552734375,TRUE,TRUE
66882,1,2.23606787109375,outside,2016,471250,9063250,TRUE,2016,outside,2.23606787109375,TRUE,TRUE
66883,1,2.5,outside,2013,471750,9063250,TRUE,2013,outside,2.5,TRUE,TRUE
66884,1,2.82842724609375,outside,2019,472250,9063250,TRUE,2019,outside,2.82842724609375,TRUE,TRUE
66885,1,3.20156201171875,outside,2021,472750,9063250,TRUE,2021,outside,3.20156201171875,TRUE,TRUE
66890,1,4.5276923828125,outside,2018,475250,9063250,TRUE,2018,outside,4.5276923828125,TRUE,TRUE
66892,1,4.74341650390625,outside,2022,476250,9063250,TRUE,2022,outside,4.74341650390625,TRUE,TRUE
66893,1,4.9244287109375,outside,2022,476750,9063250,TRUE,2022,outside,4.9244287109375,TRUE,TRUE
67207,1,37.1247890625,outside,2017,410250,9062750,FALSE,2017,outside,37.1247890625,FALSE,TRUE
67208,1,36.76955078125,outside,2017,410750,9062750,FALSE,2017,outside,36.76955078125,FALSE,TRUE
67209,1,36.41771484375,outside,2016,411250,9062750,FALSE,2016,outside,36.41771484375,FALSE,TRUE
67325,1,0.707106811523437,outside,2021,469250,9062750,TRUE,2021,outside,0.707106811523437,TRUE,TRUE
67328,1,1.58113879394531,outside,2021,470750,9062750,TRUE,2021,outside,1.58113879394531,TRUE,TRUE
67329,1,1.80277563476563,outside,2018,471250,9062750,TRUE,2018,outside,1.80277563476563,TRUE,TRUE
67331,1,2.5,outside,2007,472250,9062750,TRUE,2007,outside,2.5,TRUE,TRUE
67336,1,4,outside,2021,474750,9062750,TRUE,2021,outside,4,TRUE,TRUE
67338,1,4.12310546875,outside,2022,475750,9062750,TRUE,2022,outside,4.12310546875,TRUE,TRUE
67654,1,36.76955078125,outside,2015,410250,9062250,FALSE,2015,outside,36.76955078125,FALSE,TRUE
67658,1,35.35533984375,outside,2017,412250,9062250,FALSE,2017,outside,35.35533984375,FALSE,TRUE
67659,1,35.0035703125,outside,2017,412750,9062250,FALSE,2017,outside,35.0035703125,FALSE,TRUE
67775,1,1.11803393554687,outside,2020,470750,9062250,TRUE,2020,outside,1.11803393554687,TRUE,TRUE
67776,1,1.41421362304688,outside,2002,471250,9062250,TRUE,2002,outside,1.41421362304688,TRUE,TRUE
67777,1,1.80277563476563,outside,2002,471750,9062250,TRUE,2002,outside,1.80277563476563,TRUE,TRUE
67779,1,2.5,outside,2007,472750,9062250,TRUE,2007,outside,2.5,TRUE,TRUE
67780,1,2.91547583007813,outside,2020,473250,9062250,TRUE,2020,outside,2.91547583007813,TRUE,TRUE
67785,1,3.64005493164063,outside,2016,475750,9062250,TRUE,2016,outside,3.64005493164063,TRUE,TRUE
68101,1,36.41771484375,outside,2017,410250,9061750,FALSE,2017,outside,36.41771484375,FALSE,TRUE
68102,1,36.0624453125,outside,2004,410750,9061750,FALSE,2004,outside,36.0624453125,FALSE,TRUE
68104,1,35.35533984375,outside,2014,411750,9061750,FALSE,2014,outside,35.35533984375,FALSE,TRUE
68105,1,35.0035703125,outside,2017,412250,9061750,FALSE,2017,outside,35.0035703125,FALSE,TRUE
68106,1,34.64823046875,outside,2016,412750,9061750,FALSE,2016,outside,34.64823046875,FALSE,TRUE
68220,1,0.5,outside,2020,469750,9061750,TRUE,2020,outside,0.5,TRUE,TRUE
68221,1,0.5,outside,2021,470250,9061750,TRUE,2021,outside,0.5,TRUE,TRUE
68222,1,0.707106811523437,outside,2014,470750,9061750,TRUE,2014,outside,0.707106811523437,TRUE,TRUE
68223,1,1.11803393554687,outside,2002,471250,9061750,TRUE,2002,outside,1.11803393554687,TRUE,TRUE
68226,1,2.23606787109375,outside,2021,472750,9061750,TRUE,2021,outside,2.23606787109375,TRUE,TRUE
68230,1,3,outside,2022,474750,9061750,TRUE,2022,outside,3,TRUE,TRUE
68231,1,3.04138134765625,outside,2022,475250,9061750,TRUE,2022,outside,3.04138134765625,TRUE,TRUE
68550,1,35.35533984375,outside,2021,411250,9061250,FALSE,2021,outside,35.35533984375,FALSE,TRUE
68551,1,35.0035703125,outside,2017,411750,9061250,FALSE,2017,outside,35.0035703125,FALSE,TRUE
68553,1,34.2965,outside,2022,412750,9061250,FALSE,2022,outside,34.2965,FALSE,TRUE
68670,1,0.707106811523437,outside,2004,471250,9061250,TRUE,2004,outside,0.707106811523437,TRUE,TRUE
68674,1,2.5,outside,2022,473250,9061250,TRUE,2022,outside,2.5,TRUE,TRUE
68999,1,34.2965,outside,2017,412250,9060750,FALSE,2017,outside,34.2965,FALSE,TRUE
69114,1,-1,inside,2008,469750,9060750,TRUE,2008,inside,-1,TRUE,TRUE
69118,1,1,outside,2014,471750,9060750,TRUE,2014,outside,1,TRUE,TRUE
69120,1,1.80277563476563,outside,2004,472750,9060750,TRUE,2004,outside,1.80277563476563,TRUE,TRUE
69124,1,2,outside,2022,474750,9060750,TRUE,2022,outside,2,TRUE,TRUE
69556,1,-2.5,inside,2019,467250,9060250,TRUE,2019,inside,-2.5,TRUE,TRUE
69557,1,-2.1213203125,inside,2017,467750,9060250,TRUE,2017,inside,-2.1213203125,TRUE,TRUE
69558,1,-1.80277563476563,inside,2015,468250,9060250,TRUE,2015,inside,-1.80277563476563,TRUE,TRUE
69562,1,-1,inside,2002,470250,9060250,TRUE,2002,inside,-1,TRUE,TRUE
69566,1,1.11803393554687,outside,2019,472250,9060250,TRUE,2019,outside,1.11803393554687,TRUE,TRUE
69856,1,47.85916796875,outside,2014,393750,9059750,FALSE,2014,outside,47.85916796875,FALSE,TRUE
69888,1,35.36241015625,outside,2009,409750,9059750,FALSE,2009,outside,35.36241015625,FALSE,TRUE
69891,1,34.2965,outside,2020,411250,9059750,FALSE,2020,outside,34.2965,FALSE,TRUE
69892,1,33.941125,outside,2018,411750,9059750,FALSE,2018,outside,33.941125,FALSE,TRUE
69893,1,33.58943359375,outside,2019,412250,9059750,FALSE,2019,outside,33.58943359375,FALSE,TRUE
70012,1,0.5,outside,2020,471750,9059750,TRUE,2020,outside,0.5,TRUE,TRUE
70017,1,1.11803393554687,outside,2022,474250,9059750,TRUE,2022,outside,1.11803393554687,TRUE,TRUE
70303,1,47.594640625,outside,2006,393750,9059250,FALSE,2006,outside,47.594640625,FALSE,TRUE
70304,1,47.16990625,outside,2019,394250,9059250,FALSE,2019,outside,47.16990625,FALSE,TRUE
70306,1,46.3249375,outside,2017,395250,9059250,FALSE,2017,outside,46.3249375,FALSE,TRUE
70336,1,34.6554453125,outside,2021,410250,9059250,FALSE,2021,outside,34.6554453125,FALSE,TRUE
70337,1,34.311078125,outside,2017,410750,9059250,FALSE,2017,outside,34.311078125,FALSE,TRUE
70339,1,33.58943359375,outside,2017,411750,9059250,FALSE,2017,outside,33.58943359375,FALSE,TRUE
70340,1,33.23401953125,outside,2019,412250,9059250,FALSE,2019,outside,33.23401953125,FALSE,TRUE
70459,1,-0.5,inside,2020,471750,9059250,TRUE,2020,inside,-0.5,TRUE,TRUE
70463,1,1,outside,2021,473750,9059250,TRUE,2021,outside,1,TRUE,TRUE
70692,1,73.6919296875,outside,2005,364750,9058750,FALSE,2005,outside,73.6919296875,FALSE,TRUE
70751,1,46.90682421875,outside,2014,394250,9058750,FALSE,2014,outside,46.90682421875,FALSE,TRUE
70752,1,46.4811796875,outside,2018,394750,9058750,FALSE,2018,outside,46.4811796875,FALSE,TRUE
70785,1,33.60431640625,outside,2022,411250,9058750,FALSE,2022,outside,33.60431640625,FALSE,TRUE
70786,1,33.2415390625,outside,2017,411750,9058750,FALSE,2017,outside,33.2415390625,FALSE,TRUE
70787,1,32.8823671875,outside,2022,412250,9058750,FALSE,2022,outside,32.8823671875,FALSE,TRUE
70892,1,-4.71699072265625,inside,2010,464750,9058750,TRUE,2010,inside,-4.71699072265625,TRUE,TRUE
71200,1,45.79301171875,outside,2014,395250,9058250,FALSE,2014,outside,45.79301171875,FALSE,TRUE
71335,1,-4.5276923828125,inside,2015,462750,9058250,TRUE,2015,inside,-4.5276923828125,TRUE,TRUE
71336,1,-4.6097724609375,inside,2010,463250,9058250,TRUE,2010,inside,-4.6097724609375,TRUE,TRUE
71337,1,-4.74341650390625,inside,2013,463750,9058250,TRUE,2013,inside,-4.74341650390625,TRUE,TRUE
71338,1,-4.9244287109375,inside,2017,464250,9058250,TRUE,2017,inside,-4.9244287109375,TRUE,TRUE
71339,1,-5.14781494140625,inside,2004,464750,9058250,TRUE,2004,inside,-5.14781494140625,TRUE,TRUE
71340,1,-5.31507275390625,inside,2018,465250,9058250,TRUE,2018,inside,-5.31507275390625,TRUE,TRUE
71351,1,-1.80277563476563,inside,2017,470750,9058250,TRUE,2017,inside,-1.80277563476563,TRUE,TRUE
71656,1,41.74326171875,outside,2018,399750,9057750,FALSE,2018,outside,41.74326171875,FALSE,TRUE
71781,1,-5,inside,2010,462250,9057750,TRUE,2010,inside,-5,TRUE,TRUE
71782,1,-5.02493798828125,inside,2009,462750,9057750,TRUE,2009,inside,-5.02493798828125,TRUE,TRUE
71783,1,-5.09901953125,inside,2010,463250,9057750,TRUE,2010,inside,-5.09901953125,TRUE,TRUE
71784,1,-5.2201533203125,inside,2014,463750,9057750,TRUE,2014,inside,-5.2201533203125,TRUE,TRUE
71796,1,-2.82842724609375,inside,2022,469750,9057750,TRUE,2022,inside,-2.82842724609375,TRUE,TRUE
71797,1,-2.5,inside,2013,470250,9057750,TRUE,2013,inside,-2.5,TRUE,TRUE
71955,3,29.10755859375,outside,2009,549250,9057750,FALSE,2009,outside,29.10755859375,FALSE,TRUE
72125,1,32.8823671875,outside,2018,410750,9057250,FALSE,2018,outside,32.8823671875,FALSE,TRUE
72214,1,-1.80277563476563,inside,2020,455250,9057250,TRUE,2020,inside,-1.80277563476563,TRUE,TRUE
72218,1,-2.061552734375,inside,2022,457250,9057250,TRUE,2022,inside,-2.061552734375,TRUE,TRUE
72230,1,-5.590169921875,inside,2010,463250,9057250,TRUE,2010,inside,-5.590169921875,TRUE,TRUE
72231,1,-5.700876953125,inside,2014,463750,9057250,TRUE,2014,inside,-5.700876953125,TRUE,TRUE
72243,1,-3.20156201171875,inside,2021,469750,9057250,TRUE,2021,inside,-3.20156201171875,TRUE,TRUE
72244,1,-2.82842724609375,inside,2018,470250,9057250,TRUE,2018,inside,-2.82842724609375,TRUE,TRUE
72245,1,-2.5,inside,2022,470750,9057250,TRUE,2022,inside,-2.5,TRUE,TRUE
72572,1,32.53459765625,outside,2018,410750,9056750,FALSE,2018,outside,32.53459765625,FALSE,TRUE
72573,1,32.17530078125,outside,2001,411250,9056750,FALSE,2001,outside,32.17530078125,FALSE,TRUE
72676,1,-6.02079736328125,inside,2010,462750,9056750,TRUE,2010,inside,-6.02079736328125,TRUE,TRUE
72677,1,-6.0827626953125,inside,2015,463250,9056750,TRUE,2015,inside,-6.0827626953125,TRUE,TRUE
73115,1,-2.23606787109375,inside,2010,458750,9056250,TRUE,2010,inside,-2.23606787109375,TRUE,TRUE
73123,1,-6.0827626953125,inside,2018,462750,9056250,TRUE,2018,inside,-6.0827626953125,TRUE,TRUE
73563,1,-2.549509765625,inside,2008,459250,9055750,TRUE,2008,inside,-2.549509765625,TRUE,TRUE
73568,1,-5.02493798828125,inside,2010,461750,9055750,TRUE,2010,inside,-5.02493798828125,TRUE,TRUE
73569,1,-5.5226806640625,inside,2016,462250,9055750,TRUE,2016,inside,-5.5226806640625,TRUE,TRUE
74012,1,-3.5,inside,2004,460250,9055250,TRUE,2004,inside,-3.5,TRUE,TRUE
74013,1,-4,inside,2014,460750,9055250,TRUE,2014,inside,-4,TRUE,TRUE
74014,1,-4.5,inside,2014,461250,9055250,TRUE,2014,inside,-4.5,TRUE,TRUE
74015,1,-5,inside,2017,461750,9055250,TRUE,2017,inside,-5,TRUE,TRUE
74329,1,44.0596171875,outside,2016,395250,9054750,FALSE,2016,outside,44.0596171875,FALSE,TRUE
74449,1,1,outside,2005,455250,9054750,TRUE,2005,outside,1,TRUE,TRUE
74456,1,-2,inside,2014,458750,9054750,TRUE,2014,inside,-2,TRUE,TRUE
74457,1,-2.5,inside,2018,459250,9054750,TRUE,2018,inside,-2.5,TRUE,TRUE
74458,1,-3,inside,2009,459750,9054750,TRUE,2009,inside,-3,TRUE,TRUE
74459,1,-3.5,inside,2012,460250,9054750,TRUE,2012,inside,-3.5,TRUE,TRUE
74460,1,-4,inside,2014,460750,9054750,TRUE,2014,inside,-4,TRUE,TRUE
74461,1,-4.5,inside,2016,461250,9054750,TRUE,2016,inside,-4.5,TRUE,TRUE
74462,1,-5,inside,2015,461750,9054750,TRUE,2015,inside,-5,TRUE,TRUE
74777,1,43.38490625,outside,2014,395750,9054250,FALSE,2014,outside,43.38490625,FALSE,TRUE
74891,1,2,outside,2017,452750,9054250,TRUE,2017,outside,2,TRUE,TRUE
74902,1,-1.58113879394531,inside,2014,458250,9054250,TRUE,2014,inside,-1.58113879394531,TRUE,TRUE
74905,1,-3.04138134765625,inside,2011,459750,9054250,TRUE,2011,inside,-3.04138134765625,TRUE,TRUE
74906,1,-3.53553393554688,inside,2017,460250,9054250,TRUE,2017,inside,-3.53553393554688,TRUE,TRUE
74907,1,-4.03112890625,inside,2016,460750,9054250,TRUE,2016,inside,-4.03112890625,TRUE,TRUE
74908,1,-4.5276923828125,inside,2016,461250,9054250,TRUE,2016,inside,-4.5276923828125,TRUE,TRUE
74909,1,-5.02493798828125,inside,2021,461750,9054250,TRUE,2021,inside,-5.02493798828125,TRUE,TRUE
75252,1,31.3129375,outside,2018,409750,9053750,FALSE,2018,outside,31.3129375,FALSE,TRUE
75253,1,30.92329296875,outside,2015,410250,9053750,FALSE,2015,outside,30.92329296875,FALSE,TRUE
75254,1,30.53686328125,outside,2017,410750,9053750,FALSE,2017,outside,30.53686328125,FALSE,TRUE
75349,1,-1.80277563476563,inside,2009,458250,9053750,TRUE,2009,inside,-1.80277563476563,TRUE,TRUE
75353,1,-3.64005493164063,inside,2015,460250,9053750,TRUE,2015,inside,-3.64005493164063,TRUE,TRUE
75354,1,-4.12310546875,inside,2016,460750,9053750,TRUE,2016,inside,-4.12310546875,TRUE,TRUE
75355,1,-4.6097724609375,inside,2022,461250,9053750,TRUE,2022,inside,-4.6097724609375,TRUE,TRUE
75649,1,53.02122265625,outside,2021,384750,9053250,FALSE,2021,outside,53.02122265625,FALSE,TRUE
75789,1,1.11803393554687,outside,2004,454750,9053250,TRUE,2004,outside,1.11803393554687,TRUE,TRUE
75795,1,-1.58113879394531,inside,2017,457750,9053250,TRUE,2017,inside,-1.58113879394531,TRUE,TRUE
75799,1,-3.35410205078125,inside,2016,459750,9053250,TRUE,2016,inside,-3.35410205078125,TRUE,TRUE
75800,1,-3.80788647460938,inside,2016,460250,9053250,TRUE,2016,inside,-3.80788647460938,TRUE,TRUE
75801,1,-4.272001953125,inside,2014,460750,9053250,TRUE,2014,inside,-4.272001953125,TRUE,TRUE
76235,1,1.11803393554687,outside,2002,454250,9052750,TRUE,2002,outside,1.11803393554687,TRUE,TRUE
76237,1,0.5,outside,2017,455250,9052750,TRUE,2017,outside,0.5,TRUE,TRUE
76238,1,-0.5,inside,2012,455750,9052750,TRUE,2012,inside,-0.5,TRUE,TRUE
76240,1,-1.11803393554687,inside,2004,456750,9052750,TRUE,2004,inside,-1.11803393554687,TRUE,TRUE
76241,1,-1.41421362304688,inside,2003,457250,9052750,TRUE,2003,inside,-1.41421362304688,TRUE,TRUE
76243,1,-2.23606787109375,inside,2016,458250,9052750,TRUE,2016,inside,-2.23606787109375,TRUE,TRUE
76247,1,-4.03112890625,inside,2014,460250,9052750,TRUE,2014,inside,-4.03112890625,TRUE,TRUE
76544,1,52.20153125,outside,2019,385250,9052250,FALSE,2019,outside,52.20153125,FALSE,TRUE
76684,1,-0.5,inside,2010,455250,9052250,TRUE,2010,inside,-0.5,TRUE,TRUE
76685,1,-0.707106811523437,inside,2003,455750,9052250,TRUE,2003,inside,-0.707106811523437,TRUE,TRUE
76692,1,-3.35410205078125,inside,2019,459250,9052250,TRUE,2019,inside,-3.35410205078125,TRUE,TRUE
77130,1,0.5,outside,2013,454750,9051750,TRUE,2013,outside,0.5,TRUE,TRUE
77419,1,60.92003125,outside,2006,375750,9051250,FALSE,2006,outside,60.92003125,FALSE,TRUE
77584,1,-3.20156201171875,inside,2016,458250,9051250,TRUE,2016,inside,-3.20156201171875,TRUE,TRUE
77614,1,-6.26498193359375,inside,2020,473250,9051250,TRUE,2020,inside,-6.26498193359375,TRUE,TRUE
77930,1,31.216982421875,outside,2014,407750,9050750,FALSE,2014,outside,31.216982421875,FALSE,TRUE
78008,1,5.3851650390625,outside,2002,446750,9050750,TRUE,2002,outside,5.3851650390625,TRUE,TRUE
78372,1,33.1209921875,outside,2018,405250,9050250,FALSE,2018,outside,33.1209921875,FALSE,TRUE
78465,1,1.11803393554687,outside,2006,451750,9050250,TRUE,2006,outside,1.11803393554687,TRUE,TRUE
78468,1,-0.5,inside,2004,453250,9050250,TRUE,2004,inside,-0.5,TRUE,TRUE
78469,1,-0.707106811523437,inside,2003,453750,9050250,TRUE,2003,inside,-0.707106811523437,TRUE,TRUE
78819,1,32.8823671875,outside,2014,405250,9049750,FALSE,2014,outside,32.8823671875,FALSE,TRUE
78905,1,3.60555126953125,outside,2020,448250,9049750,TRUE,2020,outside,3.60555126953125,TRUE,TRUE
78908,1,2.23606787109375,outside,2004,449750,9049750,TRUE,2004,outside,2.23606787109375,TRUE,TRUE
78909,1,1.80277563476563,outside,2002,450250,9049750,TRUE,2002,outside,1.80277563476563,TRUE,TRUE
78912,1,0.707106811523437,outside,2004,451750,9049750,TRUE,2004,outside,0.707106811523437,TRUE,TRUE
78923,1,-3.20156201171875,inside,2010,457250,9049750,TRUE,2010,inside,-3.20156201171875,TRUE,TRUE
78925,1,-4.03112890625,inside,2013,458250,9049750,TRUE,2013,inside,-4.03112890625,TRUE,TRUE
79210,1,58.9406484375,outside,2005,377250,9049250,FALSE,2005,outside,58.9406484375,FALSE,TRUE
79243,1,43.1885390625,outside,2014,393750,9049250,FALSE,2014,outside,43.1885390625,FALSE,TRUE
79244,1,42.72001953125,outside,2017,394250,9049250,FALSE,2017,outside,42.72001953125,FALSE,TRUE
79264,1,33.54101953125,outside,2008,404250,9049250,FALSE,2008,outside,33.54101953125,FALSE,TRUE
79266,1,32.64965625,outside,2002,405250,9049250,FALSE,2002,outside,32.64965625,FALSE,TRUE
79356,1,1.58113879394531,outside,2018,450250,9049250,TRUE,2018,outside,1.58113879394531,TRUE,TRUE
79364,1,-1.80277563476563,inside,2009,454250,9049250,TRUE,2009,inside,-1.80277563476563,TRUE,TRUE
79370,1,-3.53553393554688,inside,2010,457250,9049250,TRUE,2010,inside,-3.53553393554688,TRUE,TRUE
79372,1,-4.30116259765625,inside,2012,458250,9049250,TRUE,2012,inside,-4.30116259765625,TRUE,TRUE
79691,1,42.54703125,outside,2006,394250,9048750,FALSE,2006,outside,42.54703125,FALSE,TRUE
79693,1,41.60829296875,outside,2014,395250,9048750,FALSE,2014,outside,41.60829296875,FALSE,TRUE
79712,1,32.8709609375,outside,2007,404750,9048750,FALSE,2007,outside,32.8709609375,FALSE,TRUE
79805,1,0.5,outside,2003,451250,9048750,TRUE,2003,outside,0.5,TRUE,TRUE
79806,1,-0.5,inside,2012,451750,9048750,TRUE,2012,inside,-0.5,TRUE,TRUE
79808,1,-1.11803393554687,inside,2013,452750,9048750,TRUE,2013,inside,-1.11803393554687,TRUE,TRUE
79811,1,-2.1213203125,inside,2010,454250,9048750,TRUE,2010,inside,-2.1213203125,TRUE,TRUE
79812,1,-2.5,inside,2008,454750,9048750,TRUE,2008,inside,-2.5,TRUE,TRUE
79813,1,-2.69258251953125,inside,2010,455250,9048750,TRUE,2010,inside,-2.69258251953125,TRUE,TRUE
79815,1,-3.20156201171875,inside,2022,456250,9048750,TRUE,2022,inside,-3.20156201171875,TRUE,TRUE
80170,1,27.784888671875,outside,2019,410250,9048250,FALSE,2019,outside,27.784888671875,FALSE,TRUE
80248,1,2.061552734375,outside,2002,449250,9048250,TRUE,2002,outside,2.061552734375,TRUE,TRUE
80254,1,-1,inside,2009,452250,9048250,TRUE,2009,inside,-1,TRUE,TRUE
80256,1,-1.80277563476563,inside,2009,453250,9048250,TRUE,2009,inside,-1.80277563476563,TRUE,TRUE
80258,1,-2.5,inside,2001,454250,9048250,TRUE,2001,inside,-2.5,TRUE,TRUE
80261,1,-3.35410205078125,inside,2009,455750,9048250,TRUE,2009,inside,-3.35410205078125,TRUE,TRUE
80585,1,42.216703125,outside,2020,394250,9047750,FALSE,2020,outside,42.216703125,FALSE,TRUE
80590,1,39.8559921875,outside,2013,396750,9047750,FALSE,2013,outside,39.8559921875,FALSE,TRUE
80606,1,32.442255859375,outside,2007,404750,9047750,FALSE,2007,outside,32.442255859375,FALSE,TRUE
80607,1,31.988279296875,outside,2005,405250,9047750,FALSE,2005,outside,31.988279296875,FALSE,TRUE
80702,1,-1.58113879394531,inside,2016,452750,9047750,TRUE,2016,inside,-1.58113879394531,TRUE,TRUE
80704,1,-2.5,inside,2008,453750,9047750,TRUE,2008,inside,-2.5,TRUE,TRUE
80705,1,-2.82842724609375,inside,2009,454250,9047750,TRUE,2009,inside,-2.82842724609375,TRUE,TRUE
80706,1,-3.20156201171875,inside,2009,454750,9047750,TRUE,2009,inside,-3.20156201171875,TRUE,TRUE
80707,1,-3.53553393554688,inside,2018,455250,9047750,TRUE,2018,inside,-3.53553393554688,TRUE,TRUE
80708,1,-3.80788647460938,inside,2018,455750,9047750,TRUE,2018,inside,-3.80788647460938,TRUE,TRUE
81031,1,42.53528125,outside,2018,393750,9047250,FALSE,2018,outside,42.53528125,FALSE,TRUE
81033,1,41.58425,outside,2008,394750,9047250,FALSE,2008,outside,41.58425,FALSE,TRUE
81034,1,41.109609375,outside,2021,395250,9047250,FALSE,2021,outside,41.109609375,FALSE,TRUE
81149,1,-1.5,inside,2004,452750,9047250,TRUE,2004,inside,-1.5,TRUE,TRUE
81150,1,-2,inside,2011,453250,9047250,TRUE,2011,inside,-2,TRUE,TRUE
81152,1,-3,inside,2008,454250,9047250,TRUE,2008,inside,-3,TRUE,TRUE
81153,1,-3.5,inside,2010,454750,9047250,TRUE,2010,inside,-3.5,TRUE,TRUE
81154,1,-3.90512475585938,inside,2013,455250,9047250,TRUE,2013,inside,-3.90512475585938,TRUE,TRUE
81155,1,-4.242640625,inside,2016,455750,9047250,TRUE,2016,inside,-4.242640625,TRUE,TRUE
81440,3,60.79884765625,outside,2022,374750,9046750,FALSE,2022,outside,60.79884765625,FALSE,TRUE
81441,3,60.3096171875,outside,2021,375250,9046750,FALSE,2021,outside,60.3096171875,FALSE,TRUE
81479,1,41.90763671875,outside,2017,394250,9046750,FALSE,2017,outside,41.90763671875,FALSE,TRUE
81482,1,40.478390625,outside,2001,395750,9046750,FALSE,2001,outside,40.478390625,FALSE,TRUE
81491,1,36.2249921875,outside,2022,400250,9046750,FALSE,2022,outside,36.2249921875,FALSE,TRUE
81594,1,-0.5,inside,2001,451750,9046750,TRUE,2001,inside,-0.5,TRUE,TRUE
81596,1,-1.5,inside,2005,452750,9046750,TRUE,2005,inside,-1.5,TRUE,TRUE
81597,1,-2,inside,2011,453250,9046750,TRUE,2011,inside,-2,TRUE,TRUE
81598,1,-2.5,inside,2007,453750,9046750,TRUE,2007,inside,-2.5,TRUE,TRUE
81601,1,-4,inside,2018,455250,9046750,TRUE,2018,inside,-4,TRUE,TRUE
81642,1,-10.0124921875,inside,2008,475750,9046750,FALSE,2008,inside,-10.0124921875,FALSE,TRUE
81766,3,16.985287109375,outside,2014,537750,9046750,FALSE,2014,outside,16.985287109375,FALSE,TRUE
81936,1,37,outside,2021,399250,9046250,FALSE,2021,outside,37,FALSE,TRUE
81937,1,36.52738671875,outside,2022,399750,9046250,FALSE,2022,outside,36.52738671875,FALSE,TRUE
81938,1,36.05551171875,outside,2020,400250,9046250,FALSE,2020,outside,36.05551171875,FALSE,TRUE
81939,1,35.58440625,outside,2018,400750,9046250,FALSE,2018,outside,35.58440625,FALSE,TRUE
82037,1,2,outside,2010,449750,9046250,TRUE,2010,outside,2,TRUE,TRUE
82038,1,1.5,outside,2002,450250,9046250,TRUE,2002,outside,1.5,TRUE,TRUE
82043,1,-1.5,inside,2004,452750,9046250,TRUE,2004,inside,-1.5,TRUE,TRUE
82044,1,-2,inside,2017,453250,9046250,TRUE,2017,inside,-2,TRUE,TRUE
82045,1,-2.5,inside,2016,453750,9046250,TRUE,2016,inside,-2.5,TRUE,TRUE
82047,1,-3.5,inside,2022,454750,9046250,TRUE,2022,inside,-3.5,TRUE,TRUE
82373,1,41.62030859375,outside,2010,394250,9045750,FALSE,2010,outside,41.62030859375,FALSE,TRUE
82374,1,41.14000390625,outside,2014,394750,9045750,FALSE,2014,outside,41.14000390625,FALSE,TRUE
82385,1,35.89219921875,outside,2018,400250,9045750,FALSE,2018,outside,35.89219921875,FALSE,TRUE
82386,1,35.418921875,outside,2017,400750,9045750,FALSE,2017,outside,35.418921875,FALSE,TRUE
82389,1,34.00367578125,outside,2022,402250,9045750,FALSE,2022,outside,34.00367578125,FALSE,TRUE
82479,1,4.4721357421875,outside,2002,447250,9045750,TRUE,2002,outside,4.4721357421875,TRUE,TRUE
82484,1,2,outside,2010,449750,9045750,TRUE,2010,outside,2,TRUE,TRUE
82486,1,1,outside,2013,450750,9045750,TRUE,2013,outside,1,TRUE,TRUE
82488,1,-0.5,inside,2004,451750,9045750,TRUE,2004,inside,-0.5,TRUE,TRUE
82491,1,-2,inside,2018,453250,9045750,TRUE,2018,inside,-2,TRUE,TRUE
82492,1,-2.5,inside,2018,453750,9045750,TRUE,2018,inside,-2.5,TRUE,TRUE
82803,1,49.73178125,outside,2009,385750,9045250,FALSE,2009,outside,49.73178125,FALSE,TRUE
82925,1,4.03112890625,outside,2002,446750,9045250,TRUE,2002,outside,4.03112890625,TRUE,TRUE
82927,1,4,outside,2005,447750,9045250,TRUE,2005,outside,4,TRUE,TRUE
82930,1,2.5,outside,2001,449250,9045250,TRUE,2001,outside,2.5,TRUE,TRUE
82935,1,-0.5,inside,2001,451750,9045250,TRUE,2001,inside,-0.5,TRUE,TRUE
82936,1,-1,inside,2016,452250,9045250,TRUE,2016,inside,-1,TRUE,TRUE
82939,1,-2.5,inside,2018,453750,9045250,TRUE,2018,inside,-2.5,TRUE,TRUE
83266,1,41.8389765625,outside,2017,393750,9044750,FALSE,2017,outside,41.8389765625,FALSE,TRUE
83289,1,30.842341796875,outside,2005,405250,9044750,FALSE,2005,outside,30.842341796875,FALSE,TRUE
83372,1,3.60555126953125,outside,2002,446750,9044750,TRUE,2002,outside,3.60555126953125,TRUE,TRUE
83373,1,3.80788647460938,outside,2004,447250,9044750,TRUE,2004,outside,3.80788647460938,TRUE,TRUE
83374,1,4,outside,2004,447750,9044750,TRUE,2004,outside,4,TRUE,TRUE
83378,1,2,outside,2014,449750,9044750,TRUE,2014,outside,2,TRUE,TRUE
83381,1,0.5,outside,2007,451250,9044750,TRUE,2007,outside,0.5,TRUE,TRUE
83382,1,-0.5,inside,2010,451750,9044750,TRUE,2010,inside,-0.5,TRUE,TRUE
83383,1,-1,inside,2002,452250,9044750,TRUE,2002,inside,-1,TRUE,TRUE
83386,1,-2.5,inside,2016,453750,9044750,TRUE,2016,inside,-2.5,TRUE,TRUE
83712,1,42.20189453125,outside,2016,393250,9044250,FALSE,2016,outside,42.20189453125,FALSE,TRUE
83713,1,41.7163046875,outside,2016,393750,9044250,FALSE,2016,outside,41.7163046875,FALSE,TRUE
83728,1,34.48187890625,outside,2020,401250,9044250,FALSE,2020,outside,34.48187890625,FALSE,TRUE
83735,1,31.1488359375,outside,2007,404750,9044250,FALSE,2007,outside,31.1488359375,FALSE,TRUE
83820,1,3.35410205078125,outside,2002,447250,9044250,TRUE,2002,outside,3.35410205078125,TRUE,TRUE
83824,1,2.5,outside,2003,449250,9044250,TRUE,2003,outside,2.5,TRUE,TRUE
83825,1,2,outside,2004,449750,9044250,TRUE,2004,outside,2,TRUE,TRUE
83827,1,1,outside,2014,450750,9044250,TRUE,2014,outside,1,TRUE,TRUE
83828,1,0.5,outside,2015,451250,9044250,TRUE,2015,outside,0.5,TRUE,TRUE
83830,1,-1,inside,2018,452250,9044250,TRUE,2018,inside,-1,TRUE,TRUE
83831,1,-1.5,inside,2014,452750,9044250,TRUE,2014,inside,-1.5,TRUE,TRUE
83832,1,-2,inside,2011,453250,9044250,TRUE,2011,inside,-2,TRUE,TRUE
84158,1,42.57346484375,outside,2014,392750,9043750,FALSE,2014,outside,42.57346484375,FALSE,TRUE
84159,1,42.08622265625,outside,2014,393250,9043750,FALSE,2014,outside,42.08622265625,FALSE,TRUE
84167,1,38.2001328125,outside,2015,397250,9043750,FALSE,2015,outside,38.2001328125,FALSE,TRUE
84174,1,34.82096875,outside,2018,400750,9043750,FALSE,2018,outside,34.82096875,FALSE,TRUE
84175,1,34.3402109375,outside,2007,401250,9043750,FALSE,2007,outside,34.3402109375,FALSE,TRUE
84182,1,30.99193359375,outside,2006,404750,9043750,FALSE,2006,outside,30.99193359375,FALSE,TRUE
84271,1,2.23606787109375,outside,2004,449250,9043750,TRUE,2004,outside,2.23606787109375,TRUE,TRUE
84272,1,1.80277563476563,outside,2014,449750,9043750,TRUE,2014,outside,1.80277563476563,TRUE,TRUE
84273,1,1.41421362304688,outside,2012,450250,9043750,TRUE,2012,outside,1.41421362304688,TRUE,TRUE
84274,1,1,outside,2017,450750,9043750,TRUE,2017,outside,1,TRUE,TRUE
84276,1,-0.5,inside,2014,451750,9043750,TRUE,2014,inside,-0.5,TRUE,TRUE
84277,1,-1,inside,2021,452250,9043750,TRUE,2021,inside,-1,TRUE,TRUE
84278,1,-1.5,inside,2013,452750,9043750,TRUE,2013,inside,-1.5,TRUE,TRUE
84279,1,-2,inside,2014,453250,9043750,TRUE,2014,inside,-2,TRUE,TRUE
84280,1,-2.5,inside,2012,453750,9043750,TRUE,2012,inside,-2.5,TRUE,TRUE
84281,1,-3,inside,2014,454250,9043750,TRUE,2014,inside,-3,TRUE,TRUE
84604,1,42.95346484375,outside,2021,392250,9043250,FALSE,2021,outside,42.95346484375,FALSE,TRUE
84605,1,42.46469140625,outside,2013,392750,9043250,FALSE,2013,outside,42.46469140625,FALSE,TRUE
84606,1,41.97618359375,outside,2016,393250,9043250,FALSE,2016,outside,41.97618359375,FALSE,TRUE
84609,1,40.51234375,outside,2016,394750,9043250,FALSE,2016,outside,40.51234375,FALSE,TRUE
84610,1,40.0249921875,outside,2018,395250,9043250,FALSE,2018,outside,40.0249921875,FALSE,TRUE
84620,1,35.17101171875,outside,2007,400250,9043250,FALSE,2007,outside,35.17101171875,FALSE,TRUE
84622,1,34.20526171875,outside,2007,401250,9043250,FALSE,2007,outside,34.20526171875,FALSE,TRUE
84720,1,1.11803393554687,outside,2013,450250,9043250,TRUE,2013,outside,1.11803393554687,TRUE,TRUE
84721,1,0.707106811523437,outside,2016,450750,9043250,TRUE,2016,outside,0.707106811523437,TRUE,TRUE
84723,1,-0.5,inside,2016,451750,9043250,TRUE,2016,inside,-0.5,TRUE,TRUE
84724,1,-1,inside,2016,452250,9043250,TRUE,2016,inside,-1,TRUE,TRUE
84725,1,-1.5,inside,2017,452750,9043250,TRUE,2017,inside,-1.5,TRUE,TRUE
84726,1,-2,inside,2021,453250,9043250,TRUE,2021,inside,-2,TRUE,TRUE
84727,1,-2.5,inside,2014,453750,9043250,TRUE,2014,inside,-2.5,TRUE,TRUE
84728,1,-3,inside,2021,454250,9043250,TRUE,2021,inside,-3,TRUE,TRUE
85051,1,42.85148828125,outside,2017,392250,9042750,FALSE,2017,outside,42.85148828125,FALSE,TRUE
85052,1,42.3615390625,outside,2022,392750,9042750,FALSE,2022,outside,42.3615390625,FALSE,TRUE
85053,1,41.871828125,outside,2018,393250,9042750,FALSE,2018,outside,41.871828125,FALSE,TRUE
85056,1,40.40420703125,outside,2013,394750,9042750,FALSE,2013,outside,40.40420703125,FALSE,TRUE
85061,1,37.963796875,outside,2020,397250,9042750,FALSE,2020,outside,37.963796875,FALSE,TRUE
85070,1,33.59315234375,outside,2006,401750,9042750,FALSE,2006,outside,33.59315234375,FALSE,TRUE
85158,1,1.41421362304688,outside,2004,445750,9042750,TRUE,2004,outside,1.41421362304688,TRUE,TRUE
85164,1,2.5,outside,2010,448750,9042750,TRUE,2010,outside,2.5,TRUE,TRUE
85167,1,1,outside,2009,450250,9042750,TRUE,2009,outside,1,TRUE,TRUE
85168,1,0.5,outside,2013,450750,9042750,TRUE,2013,outside,0.5,TRUE,TRUE
85169,1,-0.5,inside,2019,451250,9042750,TRUE,2019,inside,-0.5,TRUE,TRUE
85170,1,-0.707106811523437,inside,2018,451750,9042750,TRUE,2018,inside,-0.707106811523437,TRUE,TRUE
85171,1,-1.11803393554687,inside,2016,452250,9042750,TRUE,2016,inside,-1.11803393554687,TRUE,TRUE
85173,1,-2.061552734375,inside,2022,453250,9042750,TRUE,2022,inside,-2.061552734375,TRUE,TRUE
85508,1,37.85498828125,outside,2017,397250,9042250,FALSE,2017,outside,37.85498828125,FALSE,TRUE
85515,1,34.44198046875,outside,2006,400750,9042250,FALSE,2006,outside,34.44198046875,FALSE,TRUE
85516,1,33.95585546875,outside,2007,401250,9042250,FALSE,2007,outside,33.95585546875,FALSE,TRUE
85611,1,2.1213203125,outside,2013,448750,9042250,TRUE,2013,outside,2.1213203125,TRUE,TRUE
85616,1,-0.5,inside,2022,451250,9042250,TRUE,2022,inside,-0.5,TRUE,TRUE
85617,1,-1,inside,2015,451750,9042250,TRUE,2015,inside,-1,TRUE,TRUE
85618,1,-1.41421362304688,inside,2021,452250,9042250,TRUE,2021,inside,-1.41421362304688,TRUE,TRUE
85951,1,39.71460546875,outside,2022,395250,9041750,FALSE,2022,outside,39.71460546875,FALSE,TRUE
85964,1,33.35416015625,outside,2007,401750,9041750,FALSE,2007,outside,33.35416015625,FALSE,TRUE
85965,1,32.86715625,outside,2014,402250,9041750,FALSE,2014,outside,32.86715625,FALSE,TRUE
86057,1,1.80277563476563,outside,2003,448250,9041750,TRUE,2003,outside,1.80277563476563,TRUE,TRUE
86058,1,1.80277563476563,outside,2010,448750,9041750,TRUE,2010,outside,1.80277563476563,TRUE,TRUE
86064,1,-1,inside,2015,451750,9041750,TRUE,2015,inside,-1,TRUE,TRUE
86409,1,34.22353125,outside,2006,400750,9041250,FALSE,2006,outside,34.22353125,FALSE,TRUE
86412,1,32.756677734375,outside,2006,402250,9041250,FALSE,2006,outside,32.756677734375,FALSE,TRUE
86497,1,-0.707106811523437,inside,2004,444750,9041250,TRUE,2004,inside,-0.707106811523437,TRUE,TRUE
86502,1,1,outside,2007,447250,9041250,TRUE,2007,outside,1,TRUE,TRUE
86505,1,1.41421362304688,outside,2010,448750,9041250,TRUE,2010,outside,1.41421362304688,TRUE,TRUE
86506,1,1.11803393554687,outside,2015,449250,9041250,TRUE,2015,outside,1.11803393554687,TRUE,TRUE
86507,1,0.707106811523437,outside,2017,449750,9041250,TRUE,2017,outside,0.707106811523437,TRUE,TRUE
86512,1,-1.58113879394531,inside,2018,452250,9041250,TRUE,2018,inside,-1.58113879394531,TRUE,TRUE
86837,1,43.48850390625,outside,2018,391250,9040750,FALSE,2018,outside,43.48850390625,FALSE,TRUE
86841,1,41.512046875,outside,2018,393250,9040750,FALSE,2018,outside,41.512046875,FALSE,TRUE
86856,1,34.12476953125,outside,2014,400750,9040750,FALSE,2014,outside,34.12476953125,FALSE,TRUE
86945,1,-1,inside,2004,445250,9040750,TRUE,2004,inside,-1,TRUE,TRUE
86946,1,-0.707106811523437,inside,2014,445750,9040750,TRUE,2014,inside,-0.707106811523437,TRUE,TRUE
86947,1,-0.5,inside,2004,446250,9040750,TRUE,2004,inside,-0.5,TRUE,TRUE
86948,1,0.5,outside,2009,446750,9040750,TRUE,2009,outside,0.5,TRUE,TRUE
86949,1,0.5,outside,2013,447250,9040750,TRUE,2013,outside,0.5,TRUE,TRUE
86950,1,0.707106811523437,outside,2003,447750,9040750,TRUE,2003,outside,0.707106811523437,TRUE,TRUE
86951,1,1.11803393554687,outside,2010,448250,9040750,TRUE,2010,outside,1.11803393554687,TRUE,TRUE
86952,1,1.11803393554687,outside,2014,448750,9040750,TRUE,2014,outside,1.11803393554687,TRUE,TRUE
87393,1,-1.11803393554687,inside,2007,445750,9040250,TRUE,2007,inside,-1.11803393554687,TRUE,TRUE
87394,1,-0.707106811523437,inside,2005,446250,9040250,TRUE,2005,inside,-0.707106811523437,TRUE,TRUE
87395,1,-0.5,inside,2013,446750,9040250,TRUE,2013,inside,-0.5,TRUE,TRUE
87397,1,0.5,outside,2013,447750,9040250,TRUE,2013,outside,0.5,TRUE,TRUE
87398,1,0.707106811523437,outside,2011,448250,9040250,TRUE,2011,outside,0.707106811523437,TRUE,TRUE
87399,1,0.707106811523437,outside,2022,448750,9040250,TRUE,2022,outside,0.707106811523437,TRUE,TRUE
87744,1,36.91205859375,outside,2014,397750,9039750,FALSE,2014,outside,36.91205859375,FALSE,TRUE
87840,1,-1.41421362304688,inside,2004,445750,9039750,TRUE,2004,inside,-1.41421362304688,TRUE,TRUE
87841,1,-1.11803393554687,inside,2003,446250,9039750,TRUE,2003,inside,-1.11803393554687,TRUE,TRUE
88182,1,41.30375390625,outside,2017,393250,9039250,FALSE,2017,outside,41.30375390625,FALSE,TRUE
88189,1,37.83186328125,outside,2017,396750,9039250,FALSE,2017,outside,37.83186328125,FALSE,TRUE
88190,1,37.33630859375,outside,2014,397250,9039250,FALSE,2014,outside,37.33630859375,FALSE,TRUE
88191,1,36.840875,outside,2013,397750,9039250,FALSE,2013,outside,36.840875,FALSE,TRUE
88195,1,34.8604375,outside,2014,399750,9039250,FALSE,2014,outside,34.8604375,FALSE,TRUE
88199,1,32.8823671875,outside,2020,401750,9039250,FALSE,2020,outside,32.8823671875,FALSE,TRUE
88286,1,-2.061552734375,inside,2009,445250,9039250,TRUE,2009,inside,-2.061552734375,TRUE,TRUE
88287,1,-1.80277563476563,inside,2004,445750,9039250,TRUE,2004,inside,-1.80277563476563,TRUE,TRUE
88288,1,-1.58113879394531,inside,2012,446250,9039250,TRUE,2012,inside,-1.58113879394531,TRUE,TRUE
88629,1,41.2462109375,outside,2018,393250,9038750,FALSE,2018,outside,41.2462109375,FALSE,TRUE
88631,1,40.252328125,outside,2013,394250,9038750,FALSE,2013,outside,40.252328125,FALSE,TRUE
88635,1,38.26551953125,outside,2010,396250,9038750,FALSE,2010,outside,38.26551953125,FALSE,TRUE
88636,1,37.76903515625,outside,2014,396750,9038750,FALSE,2014,outside,37.76903515625,FALSE,TRUE
88637,1,37.27264453125,outside,2015,397250,9038750,FALSE,2015,outside,37.27264453125,FALSE,TRUE
88731,1,-1.41421362304688,inside,2002,444250,9038750,TRUE,2002,inside,-1.41421362304688,TRUE,TRUE
88733,1,-2.23606787109375,inside,2009,445250,9038750,TRUE,2009,inside,-2.23606787109375,TRUE,TRUE
88734,1,-2.23606787109375,inside,2017,445750,9038750,TRUE,2017,inside,-2.23606787109375,TRUE,TRUE
88735,1,-2.061552734375,inside,2013,446250,9038750,TRUE,2013,inside,-2.061552734375,TRUE,TRUE
88736,1,-1.80277563476563,inside,2015,446750,9038750,TRUE,2015,inside,-1.80277563476563,TRUE,TRUE
88737,1,-1.41421362304688,inside,2016,447250,9038750,TRUE,2016,inside,-1.41421362304688,TRUE,TRUE
89076,1,41.19466015625,outside,2018,393250,9038250,FALSE,2018,outside,41.19466015625,FALSE,TRUE
89081,1,38.707234375,outside,2018,395750,9038250,FALSE,2018,outside,38.707234375,FALSE,TRUE
89182,1,-2.5,inside,2013,446250,9038250,TRUE,2013,inside,-2.5,TRUE,TRUE
89183,1,-2.1213203125,inside,2014,446750,9038250,TRUE,2014,inside,-2.1213203125,TRUE,TRUE
89525,1,40.15283203125,outside,2015,394250,9037750,FALSE,2015,outside,40.15283203125,FALSE,TRUE
89621,1,-1,inside,2004,442250,9037750,TRUE,2004,inside,-1,TRUE,TRUE
89628,1,-3.16227758789063,inside,2014,445750,9037750,TRUE,2014,inside,-3.16227758789063,TRUE,TRUE
89973,1,39.61376171875,outside,2006,394750,9037250,FALSE,2006,outside,39.61376171875,FALSE,TRUE
90065,1,-1.11803393554687,inside,2013,440750,9037250,TRUE,2013,inside,-1.11803393554687,TRUE,TRUE
90074,1,-3.20156201171875,inside,2002,445250,9037250,TRUE,2002,inside,-3.20156201171875,TRUE,TRUE
90075,1,-3.53553393554688,inside,2014,445750,9037250,TRUE,2014,inside,-3.53553393554688,TRUE,TRUE
90076,1,-3.20156201171875,inside,2012,446250,9037250,TRUE,2012,inside,-3.20156201171875,TRUE,TRUE
90077,1,-2.91547583007813,inside,2013,446750,9037250,TRUE,2013,inside,-2.91547583007813,TRUE,TRUE
90078,1,-2.69258251953125,inside,2013,447250,9037250,TRUE,2013,inside,-2.69258251953125,TRUE,TRUE
90416,1,41.575234375,outside,2013,392750,9036750,FALSE,2013,outside,41.575234375,FALSE,TRUE
90521,1,-3.53553393554688,inside,2004,445250,9036750,TRUE,2004,inside,-3.53553393554688,TRUE,TRUE
90522,1,-3.90512475585938,inside,2014,445750,9036750,TRUE,2014,inside,-3.90512475585938,TRUE,TRUE
90523,1,-3.60555126953125,inside,2013,446250,9036750,TRUE,2013,inside,-3.60555126953125,TRUE,TRUE
90524,1,-3.35410205078125,inside,2014,446750,9036750,TRUE,2014,inside,-3.35410205078125,TRUE,TRUE
90525,1,-3.16227758789063,inside,2014,447250,9036750,TRUE,2014,inside,-3.16227758789063,TRUE,TRUE
90526,1,-3.04138134765625,inside,2018,447750,9036750,TRUE,2018,inside,-3.04138134765625,TRUE,TRUE
90528,1,-3,inside,2013,448750,9036750,TRUE,2013,inside,-3,TRUE,TRUE
90529,1,-3.04138134765625,inside,2013,449250,9036750,TRUE,2013,inside,-3.04138134765625,TRUE,TRUE
90867,1,39.5506015625,outside,2021,394750,9036250,FALSE,2021,outside,39.5506015625,FALSE,TRUE
90961,1,-2.5,inside,2010,441750,9036250,TRUE,2010,inside,-2.5,TRUE,TRUE
90962,1,-2.5,inside,2002,442250,9036250,TRUE,2002,inside,-2.5,TRUE,TRUE
90966,1,-3.20156201171875,inside,2002,444250,9036250,TRUE,2002,inside,-3.20156201171875,TRUE,TRUE
90967,1,-3.53553393554688,inside,2013,444750,9036250,TRUE,2013,inside,-3.53553393554688,TRUE,TRUE
90969,1,-4.242640625,inside,2017,445750,9036250,TRUE,2017,inside,-4.242640625,TRUE,TRUE
90970,1,-4.03112890625,inside,2011,446250,9036250,TRUE,2011,inside,-4.03112890625,TRUE,TRUE
90971,1,-3.80788647460938,inside,2012,446750,9036250,TRUE,2012,inside,-3.80788647460938,TRUE,TRUE
90972,1,-3.64005493164063,inside,2013,447250,9036250,TRUE,2013,inside,-3.64005493164063,TRUE,TRUE
90973,1,-3.53553393554688,inside,2013,447750,9036250,TRUE,2013,inside,-3.53553393554688,TRUE,TRUE
90974,1,-3.5,inside,2013,448250,9036250,TRUE,2013,inside,-3.5,TRUE,TRUE
90975,1,-3.5,inside,2011,448750,9036250,TRUE,2011,inside,-3.5,TRUE,TRUE
91254,1,69.46221875,outside,2018,364750,9035750,FALSE,2018,outside,69.46221875,FALSE,TRUE
91274,1,59.51890625,outside,2019,374750,9035750,FALSE,2019,outside,59.51890625,FALSE,TRUE
91275,1,59.01906640625,outside,2018,375250,9035750,FALSE,2018,outside,59.01906640625,FALSE,TRUE
91312,1,40.52776953125,outside,2014,393750,9035750,FALSE,2014,outside,40.52776953125,FALSE,TRUE
91313,1,40.02811328125,outside,2022,394250,9035750,FALSE,2022,outside,40.02811328125,FALSE,TRUE
91397,1,-0.707106811523437,inside,2010,436250,9035750,TRUE,2010,inside,-0.707106811523437,TRUE,TRUE
91408,1,-2.91547583007813,inside,2004,441750,9035750,TRUE,2004,inside,-2.91547583007813,TRUE,TRUE
91410,1,-3.04138134765625,inside,2004,442750,9035750,TRUE,2004,inside,-3.04138134765625,TRUE,TRUE
91412,1,-3.35410205078125,inside,2014,443750,9035750,TRUE,2014,inside,-3.35410205078125,TRUE,TRUE
91413,1,-3.60555126953125,inside,2010,444250,9035750,TRUE,2010,inside,-3.60555126953125,TRUE,TRUE
91414,1,-3.90512475585938,inside,2015,444750,9035750,TRUE,2015,inside,-3.90512475585938,TRUE,TRUE
91415,1,-4.242640625,inside,2022,445250,9035750,TRUE,2022,inside,-4.242640625,TRUE,TRUE
91417,1,-4.4721357421875,inside,2016,446250,9035750,TRUE,2016,inside,-4.4721357421875,TRUE,TRUE
91419,1,-4.12310546875,inside,2018,447250,9035750,TRUE,2018,inside,-4.12310546875,TRUE,TRUE
91420,1,-4.03112890625,inside,2016,447750,9035750,TRUE,2016,inside,-4.03112890625,TRUE,TRUE
91421,1,-4,inside,2015,448250,9035750,TRUE,2015,inside,-4,TRUE,TRUE
91422,1,-4,inside,2014,448750,9035750,TRUE,2014,inside,-4,TRUE,TRUE
91686,1,76.526140625,outside,2021,357250,9035250,FALSE,2021,outside,76.526140625,FALSE,TRUE
91687,1,76.13475,outside,2018,357750,9035250,FALSE,2018,outside,76.13475,FALSE,TRUE
91688,1,75.744640625,outside,2019,358250,9035250,FALSE,2019,outside,75.744640625,FALSE,TRUE
91756,1,42.01190234375,outside,2010,392250,9035250,FALSE,2010,outside,42.01190234375,FALSE,TRUE
91757,1,41.512046875,outside,2017,392750,9035250,FALSE,2017,outside,41.512046875,FALSE,TRUE
91855,1,-3.35410205078125,inside,2014,441750,9035250,TRUE,2014,inside,-3.35410205078125,TRUE,TRUE
91857,1,-3.53553393554688,inside,2004,442750,9035250,TRUE,2004,inside,-3.53553393554688,TRUE,TRUE
91859,1,-3.80788647460938,inside,2012,443750,9035250,TRUE,2012,inside,-3.80788647460938,TRUE,TRUE
91860,1,-4.03112890625,inside,2012,444250,9035250,TRUE,2012,inside,-4.03112890625,TRUE,TRUE
91861,1,-4.30116259765625,inside,2017,444750,9035250,TRUE,2017,inside,-4.30116259765625,TRUE,TRUE
91862,1,-4.6097724609375,inside,2018,445250,9035250,TRUE,2018,inside,-4.6097724609375,TRUE,TRUE
91871,1,-4.6097724609375,inside,2018,449750,9035250,TRUE,2018,inside,-4.6097724609375,TRUE,TRUE
92204,1,41.50301171875,outside,2007,392750,9034750,FALSE,2007,outside,41.50301171875,FALSE,TRUE
92205,1,41.003046875,outside,2017,393250,9034750,FALSE,2017,outside,41.003046875,FALSE,TRUE
92290,1,-0.707106811523437,inside,2004,435750,9034750,TRUE,2004,inside,-0.707106811523437,TRUE,TRUE
92303,1,-4,inside,2001,442250,9034750,TRUE,2001,inside,-4,TRUE,TRUE
92304,1,-4.03112890625,inside,2004,442750,9034750,TRUE,2004,inside,-4.03112890625,TRUE,TRUE
92308,1,-4.71699072265625,inside,2018,444750,9034750,TRUE,2018,inside,-4.71699072265625,TRUE,TRUE
92318,1,-5.09901953125,inside,2015,449750,9034750,TRUE,2015,inside,-5.09901953125,TRUE,TRUE
92573,1,78.3150703125,outside,2020,353750,9034250,FALSE,2020,outside,78.3150703125,FALSE,TRUE
92613,1,60.3510546875,outside,2021,373750,9034250,FALSE,2021,outside,60.3510546875,FALSE,TRUE
92653,1,40.5,outside,2017,393750,9034250,FALSE,2017,outside,40.5,FALSE,TRUE
92745,1,-3.16227758789063,inside,2004,439750,9034250,TRUE,2004,inside,-3.16227758789063,TRUE,TRUE
92747,1,-3.60555126953125,inside,2014,440750,9034250,TRUE,2014,inside,-3.60555126953125,TRUE,TRUE
92751,1,-4.5276923828125,inside,2013,442750,9034250,TRUE,2013,inside,-4.5276923828125,TRUE,TRUE
92754,1,-4.9244287109375,inside,2021,444250,9034250,TRUE,2021,inside,-4.9244287109375,TRUE,TRUE
92755,1,-5.14781494140625,inside,2018,444750,9034250,TRUE,2018,inside,-5.14781494140625,TRUE,TRUE
93088,1,46.38965234375,outside,2002,387750,9033750,FALSE,2002,outside,46.38965234375,FALSE,TRUE
93193,1,-3.80788647460938,inside,2005,440250,9033750,TRUE,2005,inside,-3.80788647460938,TRUE,TRUE
93530,1,48.810859375,outside,2020,385250,9033250,FALSE,2020,outside,48.810859375,FALSE,TRUE
93911,1,78.2000625,outside,2021,352250,9032750,FALSE,2021,outside,78.2000625,FALSE,TRUE
94081,1,-2.5,inside,2021,437250,9032750,TRUE,2021,inside,-2.5,TRUE,TRUE
94085,1,-4.272001953125,inside,2017,439250,9032750,TRUE,2017,inside,-4.272001953125,TRUE,TRUE
94087,1,-4.71699072265625,inside,2010,440250,9032750,TRUE,2010,inside,-4.71699072265625,TRUE,TRUE
94088,1,-4.9244287109375,inside,2013,440750,9032750,TRUE,2013,inside,-4.9244287109375,TRUE,TRUE
94089,1,-5.14781494140625,inside,2014,441250,9032750,TRUE,2014,inside,-5.14781494140625,TRUE,TRUE
94090,1,-5.4083271484375,inside,2017,441750,9032750,TRUE,2017,inside,-5.4083271484375,TRUE,TRUE
94356,1,78.517515625,outside,2018,351250,9032250,FALSE,2018,outside,78.517515625,FALSE,TRUE
94357,1,78.174484375,outside,2014,351750,9032250,FALSE,2014,outside,78.174484375,FALSE,TRUE
94532,1,-4.5,inside,2015,439250,9032250,TRUE,2015,inside,-4.5,TRUE,TRUE
94533,1,-4.9244287109375,inside,2013,439750,9032250,TRUE,2013,inside,-4.9244287109375,TRUE,TRUE
94534,1,-5.14781494140625,inside,2011,440250,9032250,TRUE,2011,inside,-5.14781494140625,TRUE,TRUE
94535,1,-5.3851650390625,inside,2017,440750,9032250,TRUE,2017,inside,-5.3851650390625,TRUE,TRUE
94965,1,2.5,outside,2004,432250,9031750,TRUE,2004,outside,2.5,TRUE,TRUE
94977,1,-3.5,inside,2013,438250,9031750,TRUE,2013,inside,-3.5,TRUE,TRUE
94978,1,-4,inside,2011,438750,9031750,TRUE,2011,inside,-4,TRUE,TRUE
94979,1,-4.5,inside,2017,439250,9031750,TRUE,2017,inside,-4.5,TRUE,TRUE
94980,1,-5,inside,2018,439750,9031750,TRUE,2018,inside,-5,TRUE,TRUE
94981,1,-5.5,inside,2018,440250,9031750,TRUE,2018,inside,-5.5,TRUE,TRUE
94983,1,-6.04152294921875,inside,2017,441250,9031750,TRUE,2017,inside,-6.04152294921875,TRUE,TRUE
94986,1,-6.8007353515625,inside,2013,442750,9031750,TRUE,2013,inside,-6.8007353515625,TRUE,TRUE
95316,1,49.62358203125,outside,2007,384250,9031250,FALSE,2007,outside,49.62358203125,FALSE,TRUE
95317,1,49.12483984375,outside,2007,384750,9031250,FALSE,2007,outside,49.12483984375,FALSE,TRUE
95425,1,-4.03112890625,inside,2017,438750,9031250,TRUE,2017,inside,-4.03112890625,TRUE,TRUE
95426,1,-4.5276923828125,inside,2017,439250,9031250,TRUE,2017,inside,-4.5276923828125,TRUE,TRUE
95429,1,-6.02079736328125,inside,2017,440750,9031250,TRUE,2017,inside,-6.02079736328125,TRUE,TRUE
95433,1,-7.2111025390625,inside,2013,442750,9031250,TRUE,2013,inside,-7.2111025390625,TRUE,TRUE
95762,1,50.08991796875,outside,2014,383750,9030750,FALSE,2014,outside,50.08991796875,FALSE,TRUE
95763,1,49.59082421875,outside,2014,384250,9030750,FALSE,2014,outside,49.59082421875,FALSE,TRUE
95871,1,-3.64005493164063,inside,2019,438250,9030750,TRUE,2019,inside,-3.64005493164063,TRUE,TRUE
95872,1,-4.12310546875,inside,2015,438750,9030750,TRUE,2015,inside,-4.12310546875,TRUE,TRUE
95873,1,-4.6097724609375,inside,2017,439250,9030750,TRUE,2017,inside,-4.6097724609375,TRUE,TRUE
96151,1,74.66759375,outside,2006,354750,9030250,FALSE,2006,outside,74.66759375,FALSE,TRUE
96209,1,50.0624609375,outside,2017,383750,9030250,FALSE,2017,outside,50.0624609375,FALSE,TRUE
96307,1,1.5,outside,2004,432750,9030250,TRUE,2004,outside,1.5,TRUE,TRUE
96323,1,-6.184658203125,inside,2017,440750,9030250,TRUE,2017,inside,-6.184658203125,TRUE,TRUE
96656,1,50.039984375,outside,2018,383750,9029750,FALSE,2018,outside,50.039984375,FALSE,TRUE
96754,1,1.58113879394531,outside,2012,432750,9029750,TRUE,2012,outside,1.58113879394531,TRUE,TRUE
96755,1,1.11803393554687,outside,2004,433250,9029750,TRUE,2004,outside,1.11803393554687,TRUE,TRUE
96756,1,0.707106811523437,outside,2018,433750,9029750,TRUE,2018,outside,0.707106811523437,TRUE,TRUE
97195,1,4.272001953125,outside,2013,429750,9029250,TRUE,2013,outside,4.272001953125,TRUE,TRUE
97197,1,3.35410205078125,outside,2008,430750,9029250,TRUE,2008,outside,3.35410205078125,TRUE,TRUE
97484,1,76.36753125,outside,2020,350750,9028750,FALSE,2020,outside,76.36753125,FALSE,TRUE
97549,1,50.5098984375,outside,2018,383250,9028750,FALSE,2018,outside,50.5098984375,FALSE,TRUE
97643,1,3.64005493164063,outside,2009,430250,9028750,TRUE,2009,outside,3.64005493164063,TRUE,TRUE
97930,1,76.3708046875,outside,2019,350250,9028250,FALSE,2019,outside,76.3708046875,FALSE,TRUE
97932,1,75.660421875,outside,2020,351250,9028250,FALSE,2020,outside,75.660421875,FALSE,TRUE
97941,1,72.5206875,outside,2018,355750,9028250,FALSE,2018,outside,72.5206875,FALSE,TRUE
97994,1,51.50242578125,outside,2016,382250,9028250,FALSE,2016,outside,51.50242578125,FALSE,TRUE
97995,1,51.00244921875,outside,2018,382750,9028250,FALSE,2018,outside,51.00244921875,FALSE,TRUE
98021,1,38.0032890625,outside,2007,395750,9028250,FALSE,2007,outside,38.0032890625,FALSE,TRUE
98088,1,4.5276923828125,outside,2004,429250,9028250,TRUE,2004,outside,4.5276923828125,TRUE,TRUE
98090,1,3.53553393554688,outside,2005,430250,9028250,TRUE,2005,outside,3.53553393554688,TRUE,TRUE
98092,1,2.549509765625,outside,2013,431250,9028250,TRUE,2013,outside,2.549509765625,TRUE,TRUE
98376,1,76.380625,outside,2018,349750,9027750,FALSE,2018,outside,76.380625,FALSE,TRUE
98377,1,76.021375,outside,2020,350250,9027750,FALSE,2020,outside,76.021375,FALSE,TRUE
98378,1,75.6637265625,outside,2018,350750,9027750,FALSE,2018,outside,75.6637265625,FALSE,TRUE
98389,1,71.8139921875,outside,2020,356250,9027750,FALSE,2020,outside,71.8139921875,FALSE,TRUE
98444,1,50,outside,2018,383750,9027750,FALSE,2018,outside,50,FALSE,TRUE
98537,1,3.5,outside,2013,430250,9027750,TRUE,2013,outside,3.5,TRUE,TRUE
98538,1,3,outside,2020,430750,9027750,TRUE,2020,outside,3,TRUE,TRUE
98539,1,2.5,outside,2013,431250,9027750,TRUE,2013,outside,2.5,TRUE,TRUE
98540,1,2,outside,2013,431750,9027750,TRUE,2013,outside,2,TRUE,TRUE
98541,1,1.5,outside,2017,432250,9027750,TRUE,2017,outside,1.5,TRUE,TRUE
98823,1,76.03453125,outside,2018,349750,9027250,FALSE,2018,outside,76.03453125,FALSE,TRUE
98836,1,71.44928125,outside,2021,356250,9027250,FALSE,2021,outside,71.44928125,FALSE,TRUE
98893,1,49.00255078125,outside,2003,384750,9027250,FALSE,2003,outside,49.00255078125,FALSE,TRUE
98910,1,40.5030859375,outside,2008,393250,9027250,FALSE,2008,outside,40.5030859375,FALSE,TRUE
98913,1,39.003203125,outside,2019,394750,9027250,FALSE,2019,outside,39.003203125,FALSE,TRUE
98976,1,7.51664794921875,outside,2021,426250,9027250,TRUE,2021,outside,7.51664794921875,TRUE,TRUE
98984,1,3.53553393554688,outside,2015,430250,9027250,TRUE,2015,outside,3.53553393554688,TRUE,TRUE
98985,1,3.04138134765625,outside,2017,430750,9027250,TRUE,2017,outside,3.04138134765625,TRUE,TRUE
99270,1,75.69015625,outside,2020,349750,9026750,FALSE,2020,outside,75.69015625,FALSE,TRUE
99271,1,75.3276171875,outside,2018,350250,9026750,FALSE,2018,outside,75.3276171875,FALSE,TRUE
99692,3,84.9028828125,outside,2020,337250,9026250,FALSE,2020,outside,84.9028828125,FALSE,TRUE
99713,1,76.81959375,outside,2022,347750,9026250,FALSE,2022,outside,76.81959375,FALSE,TRUE
99718,1,74.983328125,outside,2020,350250,9026250,FALSE,2020,outside,74.983328125,FALSE,TRUE
99778,1,53.387734375,outside,2014,380250,9026250,FALSE,2014,outside,53.387734375,FALSE,TRUE
99787,1,49.022953125,outside,2003,384750,9026250,FALSE,2003,outside,49.022953125,FALSE,TRUE
99790,1,47.5236796875,outside,2021,386250,9026250,FALSE,2021,outside,47.5236796875,FALSE,TRUE
100139,3,84.60053125,outside,2019,337250,9025750,FALSE,2019,outside,84.60053125,FALSE,TRUE
100228,1,51.97355078125,outside,2021,381750,9025750,FALSE,2021,outside,51.97355078125,FALSE,TRUE
100234,1,49.04080078125,outside,2003,384750,9025750,FALSE,2003,outside,49.04080078125,FALSE,TRUE
100585,3,84.7009453125,outside,2020,336750,9025250,FALSE,2020,outside,84.7009453125,FALSE,TRUE
100586,3,84.3000625,outside,2020,337250,9025250,FALSE,2020,outside,84.3000625,FALSE,TRUE
100681,1,49.063734375,outside,2019,384750,9025250,FALSE,2019,outside,49.063734375,FALSE,TRUE
101218,1,5,outside,2001,429750,9024750,TRUE,2001,outside,5,TRUE,TRUE
101220,1,4.242640625,outside,2009,430750,9024750,TRUE,2009,outside,4.242640625,TRUE,TRUE
101575,1,48.810859375,outside,2016,384750,9024250,FALSE,2016,outside,48.810859375,FALSE,TRUE
101666,1,4.9244287109375,outside,2005,430250,9024250,TRUE,2005,outside,4.9244287109375,TRUE,TRUE
101667,1,4.4721357421875,outside,2017,430750,9024250,TRUE,2017,outside,4.4721357421875,TRUE,TRUE
101926,1,83.8152734375,outside,2021,336750,9023750,FALSE,2021,outside,83.8152734375,FALSE,TRUE
102021,1,48.7954921875,outside,2017,384250,9023750,FALSE,2017,outside,48.7954921875,FALSE,TRUE
102022,1,48.44842578125,outside,2020,384750,9023750,FALSE,2020,outside,48.44842578125,FALSE,TRUE
102113,1,5.14781494140625,outside,2014,430250,9023750,TRUE,2014,outside,5.14781494140625,TRUE,TRUE
102114,1,4.71699072265625,outside,2015,430750,9023750,TRUE,2015,outside,4.71699072265625,TRUE,TRUE
102115,1,4.30116259765625,outside,2018,431250,9023750,TRUE,2018,outside,4.30116259765625,TRUE,TRUE
102116,1,3.90512475585938,outside,2017,431750,9023750,TRUE,2017,outside,3.90512475585938,TRUE,TRUE
102117,1,3.53553393554688,outside,2017,432250,9023750,TRUE,2017,outside,3.53553393554688,TRUE,TRUE
102408,1,70.0178515625,outside,2005,354250,9023250,FALSE,2005,outside,70.0178515625,FALSE,TRUE
102559,1,5.83095166015625,outside,2019,429750,9023250,TRUE,2019,outside,5.83095166015625,TRUE,TRUE
102560,1,5.4083271484375,outside,2013,430250,9023250,TRUE,2013,outside,5.4083271484375,TRUE,TRUE
102561,1,5,outside,2013,430750,9023250,TRUE,2013,outside,5,TRUE,TRUE
102562,1,4.6097724609375,outside,2016,431250,9023250,TRUE,2016,outside,4.6097724609375,TRUE,TRUE
102564,1,3.90512475585938,outside,2020,432250,9023250,TRUE,2020,outside,3.90512475585938,TRUE,TRUE
102565,1,3.53553393554688,outside,2020,432750,9023250,TRUE,2020,outside,3.53553393554688,TRUE,TRUE
102907,1,50.931328125,outside,2016,380250,9022750,FALSE,2016,outside,50.931328125,FALSE,TRUE
102914,1,48.43810546875,outside,2017,383750,9022750,FALSE,2017,outside,48.43810546875,FALSE,TRUE
103010,1,4.6097724609375,outside,2017,431750,9022750,TRUE,2017,outside,4.6097724609375,TRUE,TRUE
103011,1,4.242640625,outside,2017,432250,9022750,TRUE,2017,outside,4.242640625,TRUE,TRUE
103266,1,83.3576640625,outside,2020,336250,9022250,FALSE,2020,outside,83.3576640625,FALSE,TRUE
103354,1,50.58903125,outside,2019,380250,9022250,FALSE,2019,outside,50.58903125,FALSE,TRUE
103355,1,50.22449609375,outside,2021,380750,9022250,FALSE,2021,outside,50.22449609375,FALSE,TRUE
103454,1,6.02079736328125,outside,2007,430250,9022250,TRUE,2007,outside,6.02079736328125,TRUE,TRUE
103455,1,5.6568544921875,outside,2017,430750,9022250,TRUE,2017,outside,5.6568544921875,TRUE,TRUE
103456,1,5.31507275390625,outside,2013,431250,9022250,TRUE,2013,outside,5.31507275390625,TRUE,TRUE
103457,1,4.94974755859375,outside,2021,431750,9022250,TRUE,2021,outside,4.94974755859375,TRUE,TRUE
103458,1,4.6097724609375,outside,2021,432250,9022250,TRUE,2021,outside,4.6097724609375,TRUE,TRUE
103697,3,18.821529296875,outside,2015,551750,9022250,FALSE,2015,outside,18.821529296875,FALSE,TRUE
103712,1,83.4865234375,outside,2019,335750,9021750,FALSE,2019,outside,83.4865234375,FALSE,TRUE
103780,1,58.34594921875,outside,2016,369750,9021750,FALSE,2016,outside,58.34594921875,FALSE,TRUE
103801,1,50.24937890625,outside,2009,380250,9021750,FALSE,2009,outside,50.24937890625,FALSE,TRUE
103802,1,49.88236328125,outside,2020,380750,9021750,FALSE,2020,outside,49.88236328125,FALSE,TRUE
103803,1,49.517671875,outside,2020,381250,9021750,FALSE,2020,outside,49.517671875,FALSE,TRUE
103804,1,49.1553671875,outside,2021,381750,9021750,FALSE,2021,outside,49.1553671875,FALSE,TRUE
103901,1,6.3639609375,outside,2011,430250,9021750,TRUE,2011,outside,6.3639609375,TRUE,TRUE
103902,1,6.02079736328125,outside,2013,430750,9021750,TRUE,2013,outside,6.02079736328125,TRUE,TRUE
103904,1,5.31507275390625,outside,2013,431750,9021750,TRUE,2013,outside,5.31507275390625,TRUE,TRUE
104179,1,75.1215703125,outside,2021,345750,9021250,FALSE,2021,outside,75.1215703125,FALSE,TRUE
104248,1,49.912421875,outside,2013,380250,9021250,FALSE,2013,outside,49.912421875,FALSE,TRUE
104249,1,49.54291015625,outside,2019,380750,9021250,FALSE,2019,outside,49.54291015625,FALSE,TRUE
104250,1,49.17570703125,outside,2021,381250,9021250,FALSE,2021,outside,49.17570703125,FALSE,TRUE
104251,1,48.810859375,outside,2016,381750,9021250,FALSE,2016,outside,48.810859375,FALSE,TRUE
104252,1,48.44842578125,outside,2015,382250,9021250,FALSE,2015,outside,48.44842578125,FALSE,TRUE
104257,1,46.669046875,outside,2017,384750,9021250,FALSE,2017,outside,46.669046875,FALSE,TRUE
104258,1,46.31684375,outside,2009,385250,9021250,FALSE,2009,outside,46.31684375,FALSE,TRUE
104259,1,45.96194140625,outside,2002,385750,9021250,FALSE,2002,outside,45.96194140625,FALSE,TRUE
104340,1,9.861541015625,outside,2010,426250,9021250,TRUE,2010,outside,9.861541015625,TRUE,TRUE
104349,1,6.3639609375,outside,2008,430750,9021250,TRUE,2008,outside,6.3639609375,TRUE,TRUE
104694,1,49.9524765625,outside,2008,379750,9020750,FALSE,2008,outside,49.9524765625,FALSE,TRUE
104696,1,49.20619921875,outside,2021,380750,9020750,FALSE,2021,outside,49.20619921875,FALSE,TRUE
104697,1,48.8364609375,outside,2020,381250,9020750,FALSE,2020,outside,48.8364609375,FALSE,TRUE
104698,1,48.4690625,outside,2021,381750,9020750,FALSE,2021,outside,48.4690625,FALSE,TRUE
104699,1,48.1040546875,outside,2021,382250,9020750,FALSE,2021,outside,48.1040546875,FALSE,TRUE
104700,1,47.7414921875,outside,2021,382750,9020750,FALSE,2021,outside,47.7414921875,FALSE,TRUE
104775,1,15.20690625,outside,2017,420250,9020750,FALSE,2017,outside,15.20690625,FALSE,TRUE
104782,1,12.2065556640625,outside,2001,423750,9020750,FALSE,2001,outside,12.2065556640625,FALSE,TRUE
104801,1,5,outside,2021,433250,9020750,TRUE,2021,outside,5,TRUE,TRUE
105142,1,49.246828125,outside,2014,380250,9020250,FALSE,2014,outside,49.246828125,FALSE,TRUE
105144,1,48.5,outside,2021,381250,9020250,FALSE,2021,outside,48.5,FALSE,TRUE
105145,1,48.13003125,outside,2021,381750,9020250,FALSE,2021,outside,48.13003125,FALSE,TRUE
105151,1,45.96194140625,outside,2009,384750,9020250,FALSE,2009,outside,45.96194140625,FALSE,TRUE
105222,1,15.4434453125,outside,2007,420250,9020250,FALSE,2007,outside,15.4434453125,FALSE,TRUE
105238,1,8.8459033203125,outside,2015,428250,9020250,TRUE,2015,outside,8.8459033203125,TRUE,TRUE
105258,1,3.90512475585938,outside,2017,438250,9020250,TRUE,2017,outside,3.90512475585938,TRUE,TRUE
105588,1,49.29756640625,outside,2013,379750,9019750,FALSE,2013,outside,49.29756640625,FALSE,TRUE
105591,1,48.16637890625,outside,2021,381250,9019750,FALSE,2021,outside,48.16637890625,FALSE,TRUE
105682,1,10.307763671875,outside,2017,426750,9019750,FALSE,2017,outside,10.307763671875,FALSE,TRUE
105683,1,9.924716796875,outside,2017,427250,9019750,TRUE,2017,outside,9.924716796875,TRUE,TRUE
105697,1,5.3851650390625,outside,2021,434250,9019750,TRUE,2021,outside,5.3851650390625,TRUE,TRUE
105705,1,4.30116259765625,outside,2013,438250,9019750,TRUE,2013,outside,4.30116259765625,TRUE,TRUE
105706,1,4.03112890625,outside,2014,438750,9019750,TRUE,2014,outside,4.03112890625,TRUE,TRUE
106043,1,45.98369140625,outside,2011,383750,9019250,FALSE,2011,outside,45.98369140625,FALSE,TRUE
106118,1,15.116216796875,outside,2018,421250,9019250,FALSE,2018,outside,15.116216796875,FALSE,TRUE
106129,1,10.6301455078125,outside,2017,426750,9019250,FALSE,2017,outside,10.6301455078125,FALSE,TRUE
106153,1,4.4721357421875,outside,2013,438750,9019250,TRUE,2013,outside,4.4721357421875,TRUE,TRUE
106154,1,4.242640625,outside,2012,439250,9019250,TRUE,2012,outside,4.242640625,TRUE,TRUE
106600,1,4.9244287109375,outside,2017,438750,9018750,TRUE,2017,outside,4.9244287109375,TRUE,TRUE
106601,1,4.6097724609375,outside,2013,439250,9018750,TRUE,2013,outside,4.6097724609375,TRUE,TRUE
106928,1,48.72627734375,outside,2020,379250,9018250,FALSE,2020,outside,48.72627734375,FALSE,TRUE
106932,1,47.18315234375,outside,2014,381250,9018250,FALSE,2014,outside,47.18315234375,FALSE,TRUE
107431,1,28.324017578125,outside,2021,407250,9017750,FALSE,2021,outside,28.324017578125,FALSE,TRUE
107432,1,27.85677734375,outside,2021,407750,9017750,FALSE,2021,outside,27.85677734375,FALSE,TRUE
107460,1,15.532224609375,outside,2017,421750,9017750,FALSE,2017,outside,15.532224609375,FALSE,TRUE
107910,1,14.60308203125,outside,2017,423250,9017250,FALSE,2017,outside,14.60308203125,FALSE,TRUE
107915,1,12.727921875,outside,2020,425750,9017250,FALSE,2020,outside,12.727921875,FALSE,TRUE
107935,1,7.51664794921875,outside,2017,435750,9017250,TRUE,2017,outside,7.51664794921875,TRUE,TRUE
108260,1,51.2762109375,outside,2017,374750,9016750,FALSE,2017,outside,51.2762109375,FALSE,TRUE
108363,1,12.727921875,outside,2004,426250,9016750,FALSE,2004,outside,12.727921875,FALSE,TRUE
108378,1,8.38152734375,outside,2021,433750,9016750,TRUE,2021,outside,8.38152734375,TRUE,TRUE
108379,1,8.2462109375,outside,2017,434250,9016750,TRUE,2017,outside,8.2462109375,TRUE,TRUE
108380,1,8.13941015625,outside,2021,434750,9016750,TRUE,2021,outside,8.13941015625,TRUE,TRUE
108382,1,8.01560986328125,outside,2004,435750,9016750,TRUE,2004,outside,8.01560986328125,TRUE,TRUE
108383,1,7.9056943359375,outside,2007,436250,9016750,TRUE,2007,outside,7.9056943359375,TRUE,TRUE
108386,1,7.1063349609375,outside,2006,437750,9016750,TRUE,2006,outside,7.1063349609375,TRUE,TRUE
108387,1,6.8007353515625,outside,2009,438250,9016750,TRUE,2009,outside,6.8007353515625,TRUE,TRUE
108390,1,6.04152294921875,outside,2021,439750,9016750,TRUE,2021,outside,6.04152294921875,TRUE,TRUE
108666,1,65.36436328125,outside,2021,354250,9016250,FALSE,2021,outside,65.36436328125,FALSE,TRUE
108800,1,16.800296875,outside,2006,421250,9016250,FALSE,2006,outside,16.800296875,FALSE,TRUE
108801,1,16.40121875,outside,2017,421750,9016250,FALSE,2017,outside,16.40121875,FALSE,TRUE
108803,1,15.6204990234375,outside,2017,422750,9016250,FALSE,2017,outside,15.6204990234375,FALSE,TRUE
108807,1,14.1421357421875,outside,2009,424750,9016250,FALSE,2009,outside,14.1421357421875,FALSE,TRUE
108808,1,13.7931142578125,outside,2013,425250,9016250,FALSE,2013,outside,13.7931142578125,FALSE,TRUE
108832,1,7.4330341796875,outside,2014,437250,9016250,TRUE,2014,outside,7.4330341796875,TRUE,TRUE
108833,1,7.28010986328125,outside,2004,437750,9016250,TRUE,2004,outside,7.28010986328125,TRUE,TRUE
108834,1,7.15891064453125,outside,2014,438250,9016250,TRUE,2014,outside,7.15891064453125,TRUE,TRUE
108835,1,6.94622216796875,outside,2019,438750,9016250,TRUE,2019,outside,6.94622216796875,TRUE,TRUE
108836,1,6.7082041015625,outside,2018,439250,9016250,TRUE,2018,outside,6.7082041015625,TRUE,TRUE
108838,1,6.32455517578125,outside,2020,440250,9016250,TRUE,2020,outside,6.32455517578125,TRUE,TRUE
108839,1,6.10327783203125,outside,2020,440750,9016250,TRUE,2020,outside,6.10327783203125,TRUE,TRUE
108840,1,5.83095166015625,outside,2020,441250,9016250,TRUE,2020,outside,5.83095166015625,TRUE,TRUE
109109,1,66.6126875,outside,2019,352250,9015750,FALSE,2019,outside,66.6126875,FALSE,TRUE
109268,1,10.0623056640625,outside,2018,431750,9015750,FALSE,2018,outside,10.0623056640625,FALSE,TRUE
109271,1,9.1923876953125,outside,2018,433250,9015750,TRUE,2018,outside,9.1923876953125,TRUE,TRUE
109723,1,7.2111025390625,outside,2018,435750,9015250,TRUE,2018,outside,7.2111025390625,TRUE,TRUE
109728,1,6.184658203125,outside,2014,438250,9015250,TRUE,2014,outside,6.184658203125,TRUE,TRUE
109730,1,6.02079736328125,outside,2020,439250,9015250,TRUE,2020,outside,6.02079736328125,TRUE,TRUE
110002,1,66.4003046875,outside,2018,351750,9014750,FALSE,2018,outside,66.4003046875,FALSE,TRUE
110008,1,64.0312421875,outside,2018,354750,9014750,FALSE,2018,outside,64.0312421875,FALSE,TRUE
110168,1,7.4330341796875,outside,2017,434750,9014750,TRUE,2017,outside,7.4330341796875,TRUE,TRUE
110170,1,6.8007353515625,outside,2018,435750,9014750,TRUE,2018,outside,6.8007353515625,TRUE,TRUE
110172,1,6.26498193359375,outside,2016,436750,9014750,TRUE,2016,outside,6.26498193359375,TRUE,TRUE
110174,1,5.85235009765625,outside,2004,437750,9014750,TRUE,2004,outside,5.85235009765625,TRUE,TRUE
110446,1,67.3089921875,outside,2021,350250,9014250,FALSE,2021,outside,67.3089921875,FALSE,TRUE
110450,1,65.700078125,outside,2013,352250,9014250,FALSE,2013,outside,65.700078125,FALSE,TRUE
110452,1,64.9037734375,outside,2018,353250,9014250,FALSE,2018,outside,64.9037734375,FALSE,TRUE
110454,1,64.1131796875,outside,2018,354250,9014250,FALSE,2018,outside,64.1131796875,FALSE,TRUE
110611,1,8.514693359375,outside,2014,432750,9014250,TRUE,2014,outside,8.514693359375,TRUE,TRUE
110616,1,6.72681201171875,outside,2021,435250,9014250,TRUE,2021,outside,6.72681201171875,TRUE,TRUE
110620,1,5.590169921875,outside,2016,437250,9014250,TRUE,2016,outside,5.590169921875,TRUE,TRUE
110623,1,5.09901953125,outside,2021,438750,9014250,TRUE,2021,outside,5.09901953125,TRUE,TRUE
110898,1,65,outside,2017,352750,9013750,FALSE,2017,outside,65,FALSE,TRUE
110899,1,64.6006953125,outside,2015,353250,9013750,FALSE,2015,outside,64.6006953125,FALSE,TRUE
110900,1,64.2028046875,outside,2008,353750,9013750,FALSE,2008,outside,64.2028046875,FALSE,TRUE
111058,1,8.200609375,outside,2019,432750,9013750,TRUE,2019,outside,8.200609375,TRUE,TRUE
111059,1,7.81024951171875,outside,2014,433250,9013750,TRUE,2014,outside,7.81024951171875,TRUE,TRUE
111066,1,5.4083271484375,outside,2014,436750,9013750,TRUE,2014,outside,5.4083271484375,TRUE,TRUE
111505,1,7.9056943359375,outside,2020,432750,9013250,TRUE,2020,outside,7.9056943359375,TRUE,TRUE
111507,1,7.1063349609375,outside,2014,433750,9013250,TRUE,2014,outside,7.1063349609375,TRUE,TRUE
111512,1,5.31507275390625,outside,2018,436250,9013250,TRUE,2018,outside,5.31507275390625,TRUE,TRUE
111947,1,9.708244140625,outside,2002,430250,9012750,TRUE,2002,outside,9.708244140625,TRUE,TRUE
111952,1,7.6321689453125,outside,2018,432750,9012750,TRUE,2018,outside,7.6321689453125,TRUE,TRUE
111954,1,6.8007353515625,outside,2019,433750,9012750,TRUE,2019,outside,6.8007353515625,TRUE,TRUE
111956,1,6.02079736328125,outside,2006,434750,9012750,TRUE,2006,outside,6.02079736328125,TRUE,TRUE
112170,3,8.2462109375,outside,2011,541750,9012750,TRUE,2011,outside,8.2462109375,TRUE,TRUE
112171,3,8.732125,outside,2017,542250,9012750,TRUE,2017,outside,8.732125,TRUE,TRUE
112387,1,12.3490888671875,outside,2017,426750,9012250,FALSE,2017,outside,12.3490888671875,FALSE,TRUE
112388,1,11.9268603515625,outside,2021,427250,9012250,FALSE,2021,outside,11.9268603515625,FALSE,TRUE
112392,1,10.2956298828125,outside,2013,429250,9012250,FALSE,2013,outside,10.2956298828125,FALSE,TRUE
112395,1,9.0138779296875,outside,2006,430750,9012250,TRUE,2006,outside,9.0138779296875,TRUE,TRUE
112835,1,11.6619033203125,outside,2008,427250,9011750,FALSE,2008,outside,11.6619033203125,FALSE,TRUE
112836,1,11.2361025390625,outside,2019,427750,9011750,FALSE,2019,outside,11.2361025390625,FALSE,TRUE
112844,1,7.9056943359375,outside,2022,431750,9011750,TRUE,2022,outside,7.9056943359375,TRUE,TRUE
112846,1,7.1063349609375,outside,2016,432750,9011750,TRUE,2016,outside,7.1063349609375,TRUE,TRUE
112847,1,6.7082041015625,outside,2018,433250,9011750,TRUE,2018,outside,6.7082041015625,TRUE,TRUE
112854,1,3.90512475585938,outside,2006,436750,9011750,TRUE,2006,outside,3.90512475585938,TRUE,TRUE
112856,1,3.20156201171875,outside,2015,437750,9011750,TRUE,2015,outside,3.20156201171875,TRUE,TRUE
113134,1,63.12289453125,outside,2018,353250,9011250,FALSE,2018,outside,63.12289453125,FALSE,TRUE
113280,1,12.10371875,outside,2016,426250,9011250,FALSE,2016,outside,12.10371875,FALSE,TRUE
113281,1,11.715375,outside,2017,426750,9011250,FALSE,2017,outside,11.715375,FALSE,TRUE
113285,1,10.124228515625,outside,2010,428750,9011250,FALSE,2010,outside,10.124228515625,FALSE,TRUE
113291,1,7.6321689453125,outside,2004,431750,9011250,TRUE,2004,outside,7.6321689453125,TRUE,TRUE
113299,1,4.30116259765625,outside,2017,435750,9011250,TRUE,2017,outside,4.30116259765625,TRUE,TRUE
113723,1,13.462912109375,outside,2021,424250,9010750,FALSE,2021,outside,13.462912109375,FALSE,TRUE
113737,1,7.81024951171875,outside,2004,431250,9010750,TRUE,2004,outside,7.81024951171875,TRUE,TRUE
113738,1,7.38241162109375,outside,2007,431750,9010750,TRUE,2007,outside,7.38241162109375,TRUE,TRUE
113753,1,1.58113879394531,outside,2006,439250,9010750,TRUE,2006,outside,1.58113879394531,TRUE,TRUE
114182,1,8.321658203125,outside,2006,430250,9010250,TRUE,2006,outside,8.321658203125,TRUE,TRUE
114183,1,7.9056943359375,outside,2005,430750,9010250,TRUE,2005,outside,7.9056943359375,TRUE,TRUE
114185,1,7.1063349609375,outside,2017,431750,9010250,TRUE,2017,outside,7.1063349609375,TRUE,TRUE
114475,1,62.26756640625,outside,2021,353250,9009750,FALSE,2021,outside,62.26756640625,FALSE,TRUE
114629,1,8.0622578125,outside,2018,430250,9009750,TRUE,2018,outside,8.0622578125,TRUE,TRUE
114631,1,7.2111025390625,outside,2016,431250,9009750,TRUE,2016,outside,7.2111025390625,TRUE,TRUE
114632,1,6.8007353515625,outside,2014,431750,9009750,TRUE,2014,outside,6.8007353515625,TRUE,TRUE
114634,1,6.02079736328125,outside,2004,432750,9009750,TRUE,2004,outside,6.02079736328125,TRUE,TRUE
114635,1,5.590169921875,outside,2004,433250,9009750,TRUE,2004,outside,5.590169921875,TRUE,TRUE
114637,1,4.71699072265625,outside,2017,434250,9009750,TRUE,2017,outside,4.71699072265625,TRUE,TRUE
114648,1,0.5,outside,2022,439750,9009750,TRUE,2022,outside,0.5,TRUE,TRUE
114649,1,0.5,outside,2018,440250,9009750,TRUE,2018,outside,0.5,TRUE,TRUE
114960,1,47.3814296875,outside,2018,372250,9009250,FALSE,2018,outside,47.3814296875,FALSE,TRUE
115077,1,7.38241162109375,outside,2015,430750,9009250,TRUE,2015,outside,7.38241162109375,TRUE,TRUE
115078,1,6.94622216796875,outside,2014,431250,9009250,TRUE,2014,outside,6.94622216796875,TRUE,TRUE
115079,1,6.51920263671875,outside,2010,431750,9009250,TRUE,2010,outside,6.51920263671875,TRUE,TRUE
115080,1,6.10327783203125,outside,2008,432250,9009250,TRUE,2008,outside,6.10327783203125,TRUE,TRUE
115081,1,5.700876953125,outside,2001,432750,9009250,TRUE,2001,outside,5.700876953125,TRUE,TRUE
115082,1,5.31507275390625,outside,2006,433250,9009250,TRUE,2006,outside,5.31507275390625,TRUE,TRUE
115083,1,4.9244287109375,outside,2009,433750,9009250,TRUE,2009,outside,4.9244287109375,TRUE,TRUE
115084,1,4.4721357421875,outside,2017,434250,9009250,TRUE,2017,outside,4.4721357421875,TRUE,TRUE
115085,1,4.03112890625,outside,2006,434750,9009250,TRUE,2006,outside,4.03112890625,TRUE,TRUE
115090,1,2.061552734375,outside,2001,437250,9009250,TRUE,2001,outside,2.061552734375,TRUE,TRUE
115095,1,-0.5,inside,2020,439750,9009250,TRUE,2020,inside,-0.5,TRUE,TRUE
115096,1,-0.5,inside,2016,440250,9009250,TRUE,2016,inside,-0.5,TRUE,TRUE
115461,1,27.586228515625,outside,2021,399250,9008750,FALSE,2021,outside,27.586228515625,FALSE,TRUE
115525,1,6.7082041015625,outside,2014,431250,9008750,TRUE,2014,outside,6.7082041015625,TRUE,TRUE
115526,1,6.26498193359375,outside,2006,431750,9008750,TRUE,2006,outside,6.26498193359375,TRUE,TRUE
115527,1,5.83095166015625,outside,2009,432250,9008750,TRUE,2009,outside,5.83095166015625,TRUE,TRUE
115528,1,5.4083271484375,outside,2013,432750,9008750,TRUE,2013,outside,5.4083271484375,TRUE,TRUE
115529,1,5,outside,2015,433250,9008750,TRUE,2015,outside,5,TRUE,TRUE
115542,1,-0.707106811523437,inside,2016,439750,9008750,TRUE,2016,inside,-0.707106811523437,TRUE,TRUE
115972,1,6.3639609375,outside,2016,431250,9008250,TRUE,2016,outside,6.3639609375,TRUE,TRUE
115973,1,6.02079736328125,outside,2022,431750,9008250,TRUE,2022,outside,6.02079736328125,TRUE,TRUE
115978,1,3.90512475585938,outside,2017,434250,9008250,TRUE,2017,outside,3.90512475585938,TRUE,TRUE
115989,1,-1,inside,2020,439750,9008250,TRUE,2020,inside,-1,TRUE,TRUE
116424,1,4.03112890625,outside,2017,433750,9007750,TRUE,2017,outside,4.03112890625,TRUE,TRUE
116435,1,-0.707106811523437,inside,2015,439250,9007750,TRUE,2015,inside,-0.707106811523437,TRUE,TRUE
116436,1,-1.11803393554687,inside,2011,439750,9007750,TRUE,2011,inside,-1.11803393554687,TRUE,TRUE
116883,1,-1.41421362304688,inside,2018,439750,9007250,TRUE,2018,inside,-1.41421362304688,TRUE,TRUE
117313,1,5.4083271484375,outside,2019,431250,9006750,TRUE,2019,outside,5.4083271484375,TRUE,TRUE
117331,1,-2.1213203125,inside,2017,440250,9006750,TRUE,2017,inside,-2.1213203125,TRUE,TRUE
117333,1,-2.5,inside,2022,441250,9006750,TRUE,2022,inside,-2.5,TRUE,TRUE
117777,1,-2.061552734375,inside,2020,439750,9006250,TRUE,2020,inside,-2.061552734375,TRUE,TRUE
118058,1,57.1401796875,outside,2018,356750,9005750,FALSE,2018,outside,57.1401796875,FALSE,TRUE
118115,1,36.06937890625,outside,2012,385250,9005750,FALSE,2012,outside,36.06937890625,FALSE,TRUE
118207,1,4.9244287109375,outside,2022,431250,9005750,TRUE,2022,outside,4.9244287109375,TRUE,TRUE
118217,1,1,outside,2017,436250,9005750,TRUE,2017,outside,1,TRUE,TRUE
118218,1,0.5,outside,2018,436750,9005750,TRUE,2018,outside,0.5,TRUE,TRUE
118224,1,-2.23606787109375,inside,2019,439750,9005750,TRUE,2019,inside,-2.23606787109375,TRUE,TRUE
118225,1,-2.69258251953125,inside,2020,440250,9005750,TRUE,2020,inside,-2.69258251953125,TRUE,TRUE
118520,1,50.70009765625,outside,2017,364250,9005250,FALSE,2017,outside,50.70009765625,FALSE,TRUE
118634,1,13.0384052734375,outside,2019,421250,9005250,FALSE,2019,outside,13.0384052734375,FALSE,TRUE
121987,3,10.124228515625,outside,2002,533250,9001750,FALSE,2002,outside,10.124228515625,FALSE,TRUE
122669,1,5.590169921875,outside,2017,427250,9000750,TRUE,2017,outside,5.590169921875,TRUE,TRUE
122672,1,4.30116259765625,outside,2022,428750,9000750,TRUE,2022,outside,4.30116259765625,TRUE,TRUE
123118,1,4.4721357421875,outside,2022,428250,9000250,TRUE,2022,outside,4.4721357421875,TRUE,TRUE
126481,1,21.360009765625,outside,2015,545250,8996750,FALSE,2015,outside,21.360009765625,FALSE,TRUE
128734,1,28.99137890625,outside,2013,554250,8994250,FALSE,2013,outside,28.99137890625,FALSE,TRUE
129577,1,15,outside,2009,528750,8993250,FALSE,2009,outside,15,FALSE,TRUE
129625,1,28.692333984375,outside,2006,552750,8993250,FALSE,2006,outside,28.692333984375,FALSE,TRUE
131958,1,30.700162109375,outside,2020,378250,8990250,FALSE,2020,outside,30.700162109375,FALSE,TRUE
131959,1,30.26962109375,outside,2021,378750,8990250,FALSE,2021,outside,30.26962109375,FALSE,TRUE
131960,1,29.84124609375,outside,2022,379250,8990250,FALSE,2022,outside,29.84124609375,FALSE,TRUE
132028,1,4.71699072265625,outside,2018,413250,8990250,TRUE,2018,outside,4.71699072265625,TRUE,TRUE
132406,1,30.016662109375,outside,2017,378750,8989750,FALSE,2017,outside,30.016662109375,FALSE,TRUE
132408,1,29.154759765625,outside,2021,379750,8989750,FALSE,2021,outside,29.154759765625,FALSE,TRUE
132474,1,4.9244287109375,outside,2017,412750,8989750,TRUE,2017,outside,4.9244287109375,TRUE,TRUE
132855,1,28.90069140625,outside,2021,379750,8989250,FALSE,2021,outside,28.90069140625,FALSE,TRUE
132921,1,4.6097724609375,outside,2017,412750,8989250,TRUE,2017,outside,4.6097724609375,TRUE,TRUE
134084,1,29.39812890625,outside,2016,547250,8988250,FALSE,2016,outside,29.39812890625,FALSE,TRUE
134085,1,29.73213671875,outside,2015,547750,8988250,FALSE,2015,outside,29.73213671875,FALSE,TRUE
135422,1,29.60151953125,outside,2005,545750,8986750,FALSE,2005,outside,29.60151953125,FALSE,TRUE
136270,1,17.677669921875,outside,2005,522750,8985750,FALSE,2005,outside,17.677669921875,FALSE,TRUE
136717,1,18.034689453125,outside,2012,522750,8985250,FALSE,2012,outside,18.034689453125,FALSE,TRUE
137159,1,16.62076953125,outside,2002,520250,8984750,FALSE,2002,outside,16.62076953125,FALSE,TRUE
138707,1,9.0138779296875,outside,2018,400250,8982750,TRUE,2018,outside,9.0138779296875,TRUE,TRUE
138921,3,9.1923876953125,outside,2017,507250,8982750,TRUE,2017,outside,9.1923876953125,TRUE,TRUE
139398,1,19.798990234375,outside,2007,522250,8982250,FALSE,2007,outside,19.798990234375,FALSE,TRUE
142528,1,22.671568359375,outside,2021,522750,8978750,FALSE,2021,outside,22.671568359375,FALSE,TRUE
143024,1,37.47332421875,outside,2016,547250,8978250,FALSE,2016,outside,37.47332421875,FALSE,TRUE
143471,1,37.9011875,outside,2016,547250,8977750,FALSE,2016,outside,37.9011875,FALSE,TRUE
143472,1,38.16084375,outside,2015,547750,8977750,FALSE,2015,outside,38.16084375,FALSE,TRUE
143919,1,38.5875625,outside,2007,547750,8977250,FALSE,2007,outside,38.5875625,FALSE,TRUE
144491,1,17.846568359375,outside,2022,386750,8976250,FALSE,2022,outside,17.846568359375,FALSE,TRUE
145395,1,12.747548828125,outside,2017,391750,8975250,FALSE,2017,outside,12.747548828125,FALSE,TRUE
145841,1,13.1529462890625,outside,2021,391250,8974750,FALSE,2021,outside,13.1529462890625,FALSE,TRUE
145845,1,11.18033984375,outside,2018,393250,8974750,FALSE,2018,outside,11.18033984375,FALSE,TRUE
145867,1,0.5,outside,2010,404250,8974750,TRUE,2010,outside,0.5,TRUE,TRUE
146288,1,13.086251953125,outside,2021,391250,8974250,FALSE,2021,outside,13.086251953125,FALSE,TRUE
146289,1,12.5896787109375,outside,2018,391750,8974250,FALSE,2018,outside,12.5896787109375,FALSE,TRUE
146291,1,11.5974130859375,outside,2018,392750,8974250,FALSE,2018,outside,11.5974130859375,FALSE,TRUE
146736,1,12.5399365234375,outside,2021,391750,8973750,FALSE,2021,outside,12.5399365234375,FALSE,TRUE
146738,1,11.543396484375,outside,2016,392750,8973750,FALSE,2016,outside,11.543396484375,FALSE,TRUE
147184,1,12.010412109375,outside,2021,392250,8973250,FALSE,2021,outside,12.010412109375,FALSE,TRUE
151893,1,18.848076171875,outside,2022,511750,8968250,FALSE,2022,outside,18.848076171875,FALSE,TRUE
154646,1,48.502578125,outside,2013,547250,8965250,FALSE,2013,outside,48.502578125,FALSE,TRUE
160895,1,48.5926953125,outside,2019,542750,8958250,FALSE,2019,outside,48.5926953125,FALSE,TRUE
165364,1,48.6621015625,outside,2008,542250,8953250,FALSE,2008,outside,48.6621015625,FALSE,TRUE
165808,1,47.2705,outside,2021,540750,8952750,FALSE,2021,outside,47.2705,FALSE,TRUE
166410,1,13.124404296875,outside,2021,394750,8951750,FALSE,2021,outside,13.124404296875,FALSE,TRUE
191300,1,64.23589453125,outside,2018,547250,8924250,FALSE,2018,outside,64.23589453125,FALSE,TRUE
191748,1,64.92495703125,outside,2013,547750,8923750,FALSE,2013,outside,64.92495703125,FALSE,TRUE
221706,1,88.7426015625,outside,2016,552250,8890250,FALSE,2016,outside,88.7426015625,FALSE,TRUE
