cell,event_year,SESU_ID,landscape_group,park_side,signed_distance_km,governance_profile_at_event,postevent_class,classification_reason,side,cropland_fraction_year_minus1,cropland_fraction_year0,cropland_fraction_year_plus1,cropland_fraction_year_plus2,cropland_fraction_year_plus3,right_censored_by_calendar,in_5km,in_10km,in_20km
758,2001,1,Depression,outside,73.669875,Neither actor dominant,missing/uncertain,annual AFCD cropland-fraction source unavailable; event-year raster alone is insufficient,outside,,,,,,FALSE,FALSE,FALSE,FALSE
2955,2001,1,Depression,outside,71.01584375,Neither actor dominant,missing/uncertain,annual AFCD cropland-fraction source unavailable; event-year raster alone is insufficient,outside,,,,,,FALSE,FALSE,FALSE,FALSE
4783,2001,1,Depression,outside,69.11584375,Neither actor dominant,missing/uncertain,annual AFCD cropland-fraction source unavailable; event-year raster alone is insufficient,outside,,,,,,FALSE,FALSE,FALSE,FALSE
5230,2001,1,Depression,outside,68.6166875,Neither actor dominant,missing/uncertain,annual AFCD cropland-fraction source unavailable; event-year raster alone is insufficient,outside,,,,,,FALSE,FALSE,FALSE,FALSE
5238,2001,1,Depression,outside,68.5,Neither actor dominant,missing/uncertain,annual AFCD cropland-fraction source unavailable; event-year raster alone is insufficient,outside,,,,,,FALSE,FALSE,FALSE,FALSE
5239,2001,1,Depression,outside,68.5,Neither actor dominant,missing/uncertain,annual AFCD cropland-fraction source unavailable; event-year raster alone is insufficient,outside,,,,,,FALSE,FALSE,FALSE,FALSE
6574,2001,1,Depression,outside,67.046625,Neither actor dominant,missing/uncertain,annual AFCD cropland-fraction source unavailable; event-year raster alone is insufficient,outside,,,,,,FALSE,FALSE,FALSE,FALSE
6788,2001,1,Depression,outside,101.4149921875,Neither actor dominant,missing/uncertain,annual AFCD cropland-fraction source unavailable; event-year raster alone is insufficient,outside,,,,,,FALSE,FALSE,FALSE,FALSE
7027,2001,1,Depression,outside,66.5,Neither actor dominant,missing/uncertain,annual AFCD cropland-fraction source unavailable; event-year raster alone is insufficient,outside,,,,,,FALSE,FALSE,FALSE,FALSE
7875,2001,1,Depression,outside,65.5686640625,Neither actor dominant,missing/uncertain,annual AFCD cropland-fraction source unavailable; event-year raster alone is insufficient,outside,,,,,,FALSE,FALSE,FALSE,FALSE
7919,2001,1,Depression,outside,65.50191015625,Neither actor dominant,missing/uncertain,annual AFCD cropland-fraction source unavailable; event-year raster alone is insufficient,outside,,,,,,FALSE,FALSE,FALSE,FALSE
8373,2001,1,Depression,outside,65.02499609375,Neither actor dominant,missing/uncertain,annual AFCD cropland-fraction source unavailable; event-year raster alone is insufficient,outside,,,,,,FALSE,FALSE,FALSE,FALSE
13256,2001,1,Depression,outside,60.60115625,Neither actor dominant,missing/uncertain,annual AFCD cropland-fraction source unavailable; event-year raster alone is insufficient,outside,,,,,,FALSE,FALSE,FALSE,FALSE
15479,2001,1,Depression,outside,57.264734375,Neither actor dominant,missing/uncertain,annual AFCD cropland-fraction source unavailable; event-year raster alone is insufficient,outside,,,,,,FALSE,FALSE,FALSE,FALSE
16815,2001,1,Depression,outside,55.5810234375,Neither actor dominant,missing/uncertain,annual AFCD cropland-fraction source unavailable; event-year raster alone is insufficient,outside,,,,,,FALSE,FALSE,FALSE,FALSE
19142,2001,1,Depression,outside,51.79285546875,Neither actor dominant,missing/uncertain,annual AFCD cropland-fraction source unavailable; event-year raster alone is insufficient,outside,,,,,,FALSE,FALSE,FALSE,FALSE
19591,2001,1,Depression,outside,51.412546875,Neither actor dominant,missing/uncertain,annual AFCD cropland-fraction source unavailable; event-year raster alone is insufficient,outside,,,,,,FALSE,FALSE,FALSE,FALSE
19947,2001,1,Depression,outside,52.19434765625,Neither actor dominant,missing/uncertain,annual AFCD cropland-fraction source unavailable; event-year raster alone is insufficient,outside,,,,,,FALSE,FALSE,FALSE,FALSE
20037,2001,1,Depression,outside,50.8551875,Neither actor dominant,missing/uncertain,annual AFCD cropland-fraction source unavailable; event-year raster alone is insufficient,outside,,,,,,FALSE,FALSE,FALSE,FALSE
21738,2001,1,Depression,outside,50.35871484375,Neither actor dominant,missing/uncertain,annual AFCD cropland-fraction source unavailable; event-year raster alone is insufficient,outside,,,,,,FALSE,FALSE,FALSE,FALSE
22171,2001,1,Depression,outside,49.5,Neither actor dominant,missing/uncertain,annual AFCD cropland-fraction source unavailable; event-year raster alone is insufficient,outside,,,,,,FALSE,FALSE,FALSE,FALSE
22265,2001,1,Depression,outside,48.06505859375,Neither actor dominant,missing/uncertain,annual AFCD cropland-fraction source unavailable; event-year raster alone is insufficient,outside,,,,,,FALSE,FALSE,FALSE,FALSE
23161,2001,1,Depression,outside,47.130140625,Neither actor dominant,missing/uncertain,annual AFCD cropland-fraction source unavailable; event-year raster alone is insufficient,outside,,,,,,FALSE,FALSE,FALSE,FALSE
24060,2001,1,Depression,outside,46.38965234375,Neither actor dominant,missing/uncertain,annual AFCD cropland-fraction source unavailable; event-year raster alone is insufficient,outside,,,,,,FALSE,FALSE,FALSE,FALSE
25843,2001,1,Depression,outside,44.138984375,Neither actor dominant,missing/uncertain,annual AFCD cropland-fraction source unavailable; event-year raster alone is insufficient,outside,,,,,,FALSE,FALSE,FALSE,FALSE
27180,2001,1,Depression,outside,42.5264609375,Neither actor dominant,missing/uncertain,annual AFCD cropland-fraction source unavailable; event-year raster alone is insufficient,outside,,,,,,FALSE,FALSE,FALSE,FALSE
27188,2001,1,Depression,outside,42.85440625,Neither actor dominant,missing/uncertain,annual AFCD cropland-fraction source unavailable; event-year raster alone is insufficient,outside,,,,,,FALSE,FALSE,FALSE,FALSE
27628,2001,1,Depression,outside,42.04759375,Neither actor dominant,missing/uncertain,annual AFCD cropland-fraction source unavailable; event-year raster alone is insufficient,outside,,,,,,FALSE,FALSE,FALSE,FALSE
30305,2001,1,Depression,outside,39,Neither actor dominant,missing/uncertain,annual AFCD cropland-fraction source unavailable; event-year raster alone is insufficient,outside,,,,,,FALSE,FALSE,FALSE,FALSE
31503,2001,1,Depression,outside,40.3267890625,Neither actor dominant,missing/uncertain,annual AFCD cropland-fraction source unavailable; event-year raster alone is insufficient,outside,,,,,,FALSE,FALSE,FALSE,FALSE
31645,2001,1,Depression,outside,37.5,Neither actor dominant,missing/uncertain,annual AFCD cropland-fraction source unavailable; event-year raster alone is insufficient,outside,,,,,,FALSE,FALSE,FALSE,FALSE
31646,2001,1,Depression,outside,37.5,Neither actor dominant,missing/uncertain,annual AFCD cropland-fraction source unavailable; event-year raster alone is insufficient,outside,,,,,,FALSE,FALSE,FALSE,FALSE
31963,2001,1,Depression,outside,38.39596484375,Neither actor dominant,missing/uncertain,annual AFCD cropland-fraction source unavailable; event-year raster alone is insufficient,outside,,,,,,FALSE,FALSE,FALSE,FALSE
33296,2001,1,Depression,outside,37.71604296875,Neither actor dominant,missing/uncertain,annual AFCD cropland-fraction source unavailable; event-year raster alone is insufficient,outside,,,,,,FALSE,FALSE,FALSE,FALSE
35083,2001,1,Depression,outside,35.92005078125,Neither actor dominant,missing/uncertain,annual AFCD cropland-fraction source unavailable; event-year raster alone is insufficient,outside,,,,,,FALSE,FALSE,FALSE,FALSE
35955,2001,1,Depression,outside,39.53795703125,Neither actor dominant,missing/uncertain,annual AFCD cropland-fraction source unavailable; event-year raster alone is insufficient,outside,,,,,,FALSE,FALSE,FALSE,FALSE
37298,2001,1,Depression,outside,37.73592578125,Neither actor dominant,missing/uncertain,annual AFCD cropland-fraction source unavailable; event-year raster alone is insufficient,outside,,,,,,FALSE,FALSE,FALSE,FALSE
37312,2001,1,Depression,outside,34.53983203125,Neither actor dominant,missing/uncertain,annual AFCD cropland-fraction source unavailable; event-year raster alone is insufficient,outside,,,,,,FALSE,FALSE,FALSE,FALSE
37760,2001,1,Depression,outside,33.88952734375,Neither actor dominant,missing/uncertain,annual AFCD cropland-fraction source unavailable; event-year raster alone is insufficient,outside,,,,,,FALSE,FALSE,FALSE,FALSE
38629,2001,1,Depression,outside,39.43665625,Neither actor dominant,missing/uncertain,annual AFCD cropland-fraction source unavailable; event-year raster alone is insufficient,outside,,,,,,FALSE,FALSE,FALSE,FALSE
39528,2001,1,Depression,outside,37.10121484375,Neither actor dominant,missing/uncertain,annual AFCD cropland-fraction source unavailable; event-year raster alone is insufficient,outside,,,,,,FALSE,FALSE,FALSE,FALSE
39958,2001,1,Depression,outside,42.44996875,Neither actor dominant,missing/uncertain,annual AFCD cropland-fraction source unavailable; event-year raster alone is insufficient,outside,,,,,,FALSE,FALSE,FALSE,FALSE
40850,2001,1,Depression,outside,42.52058203125,Neither actor dominant,missing/uncertain,annual AFCD cropland-fraction source unavailable; event-year raster alone is insufficient,outside,,,,,,FALSE,FALSE,FALSE,FALSE
40852,2001,1,Depression,outside,41.7731953125,Neither actor dominant,missing/uncertain,annual AFCD cropland-fraction source unavailable; event-year raster alone is insufficient,outside,,,,,,FALSE,FALSE,FALSE,FALSE
42215,2001,1,Depression,outside,33.20015234375,Neither actor dominant,missing/uncertain,annual AFCD cropland-fraction source unavailable; event-year raster alone is insufficient,outside,,,,,,FALSE,FALSE,FALSE,FALSE
43110,2001,1,Depression,outside,32.10140234375,Neither actor dominant,missing/uncertain,annual AFCD cropland-fraction source unavailable; event-year raster alone is insufficient,outside,,,,,,FALSE,FALSE,FALSE,FALSE
49340,2001,1,Depression,outside,38.26878515625,Neither actor dominant,missing/uncertain,annual AFCD cropland-fraction source unavailable; event-year raster alone is insufficient,outside,,,,,,FALSE,FALSE,FALSE,FALSE
54709,2001,1,Depression,outside,33.4252890625,Neither actor dominant,missing/uncertain,annual AFCD cropland-fraction source unavailable; event-year raster alone is insufficient,outside,,,,,,FALSE,FALSE,FALSE,FALSE
55152,2001,1,Depression,outside,35.1141015625,Neither actor dominant,missing/uncertain,annual AFCD cropland-fraction source unavailable; event-year raster alone is insufficient,outside,,,,,,FALSE,FALSE,FALSE,FALSE
57389,2001,1,Depression,outside,33.3803828125,Neither actor dominant,missing/uncertain,annual AFCD cropland-fraction source unavailable; event-year raster alone is insufficient,outside,,,,,,FALSE,FALSE,FALSE,FALSE
72573,2001,1,Depression,outside,32.17530078125,Neither actor dominant,missing/uncertain,annual AFCD cropland-fraction source unavailable; event-year raster alone is insufficient,outside,,,,,,FALSE,FALSE,FALSE,FALSE
80258,2001,1,Depression,inside,-2.5,Neither actor dominant,missing/uncertain,annual AFCD cropland-fraction source unavailable; event-year raster alone is insufficient,inside,,,,,,FALSE,TRUE,TRUE,TRUE
81482,2001,1,Depression,outside,40.478390625,Neither actor dominant,missing/uncertain,annual AFCD cropland-fraction source unavailable; event-year raster alone is insufficient,outside,,,,,,FALSE,FALSE,FALSE,FALSE
81594,2001,1,Depression,inside,-0.5,Neither actor dominant,missing/uncertain,annual AFCD cropland-fraction source unavailable; event-year raster alone is insufficient,inside,,,,,,FALSE,TRUE,TRUE,TRUE
82930,2001,1,Depression,outside,2.5,Neither actor dominant,missing/uncertain,annual AFCD cropland-fraction source unavailable; event-year raster alone is insufficient,outside,,,,,,FALSE,TRUE,TRUE,TRUE
82935,2001,1,Depression,inside,-0.5,Neither actor dominant,missing/uncertain,annual AFCD cropland-fraction source unavailable; event-year raster alone is insufficient,inside,,,,,,FALSE,TRUE,TRUE,TRUE
92303,2001,1,Depression,inside,-4,Neither actor dominant,missing/uncertain,annual AFCD cropland-fraction source unavailable; event-year raster alone is insufficient,inside,,,,,,FALSE,TRUE,TRUE,TRUE
101218,2001,1,Depression,outside,5,Neither actor dominant,missing/uncertain,annual AFCD cropland-fraction source unavailable; event-year raster alone is insufficient,outside,,,,,,FALSE,TRUE,TRUE,TRUE
104782,2001,1,Depression,outside,12.2065556640625,Neither actor dominant,missing/uncertain,annual AFCD cropland-fraction source unavailable; event-year raster alone is insufficient,outside,,,,,,FALSE,FALSE,FALSE,TRUE
115081,2001,1,Depression,outside,5.700876953125,Neither actor dominant,missing/uncertain,annual AFCD cropland-fraction source unavailable; event-year raster alone is insufficient,outside,,,,,,FALSE,FALSE,TRUE,TRUE
115090,2001,1,Depression,outside,2.061552734375,Neither actor dominant,missing/uncertain,annual AFCD cropland-fraction source unavailable; event-year raster alone is insufficient,outside,,,,,,FALSE,TRUE,TRUE,TRUE
792,2002,1,Depression,outside,72.1733984375,Neither actor dominant,missing/uncertain,annual AFCD cropland-fraction source unavailable; event-year raster alone is insufficient,outside,,,,,,FALSE,FALSE,FALSE,FALSE
7921,2002,1,Depression,outside,65.5,Neither actor dominant,missing/uncertain,annual AFCD cropland-fraction source unavailable; event-year raster alone is insufficient,outside,,,,,,FALSE,FALSE,FALSE,FALSE
11107,2002,1,Depression,outside,61.49187109375,Neither actor dominant,missing/uncertain,annual AFCD cropland-fraction source unavailable; event-year raster alone is insufficient,outside,,,,,,FALSE,FALSE,FALSE,FALSE
12454,2002,1,Depression,outside,60.6382734375,Neither actor dominant,missing/uncertain,annual AFCD cropland-fraction source unavailable; event-year raster alone is insufficient,outside,,,,,,FALSE,FALSE,FALSE,FALSE
12806,2002,1,Depression,outside,60.827625,Neither actor dominant,missing/uncertain,annual AFCD cropland-fraction source unavailable; event-year raster alone is insufficient,outside,,,,,,FALSE,FALSE,FALSE,FALSE
13257,2002,1,Depression,outside,60.6980234375,Neither actor dominant,missing/uncertain,annual AFCD cropland-fraction source unavailable; event-year raster alone is insufficient,outside,,,,,,FALSE,FALSE,FALSE,FALSE
13800,2002,1,Depression,outside,59.82056640625,Neither actor dominant,missing/uncertain,annual AFCD cropland-fraction source unavailable; event-year raster alone is insufficient,outside,,,,,,FALSE,FALSE,FALSE,FALSE
27970,2002,1,Depression,outside,43.3416640625,Neither actor dominant,missing/uncertain,annual AFCD cropland-fraction source unavailable; event-year raster alone is insufficient,outside,,,,,,FALSE,FALSE,FALSE,FALSE
28518,2002,1,Depression,outside,41,Neither actor dominant,missing/uncertain,annual AFCD cropland-fraction source unavailable; event-year raster alone is insufficient,outside,,,,,,FALSE,FALSE,FALSE,FALSE
30130,2002,1,Depression,outside,48.82622265625,Neither actor dominant,missing/uncertain,annual AFCD cropland-fraction source unavailable; event-year raster alone is insufficient,outside,,,,,,FALSE,FALSE,FALSE,FALSE
34620,2002,1,Depression,outside,39.3573359375,Neither actor dominant,missing/uncertain,annual AFCD cropland-fraction source unavailable; event-year raster alone is insufficient,outside,,,,,,FALSE,FALSE,FALSE,FALSE
38643,2002,1,Depression,outside,35.415390625,Neither actor dominant,missing/uncertain,annual AFCD cropland-fraction source unavailable; event-year raster alone is insufficient,outside,,,,,,FALSE,FALSE,FALSE,FALSE
47999,2002,1,Depression,outside,39.0160234375,Neither actor dominant,missing/uncertain,annual AFCD cropland-fraction source unavailable; event-year raster alone is insufficient,outside,,,,,,FALSE,FALSE,FALSE,FALSE
52924,2002,1,Depression,outside,32.8709609375,Neither actor dominant,missing/uncertain,annual AFCD cropland-fraction source unavailable; event-year raster alone is insufficient,outside,,,,,,FALSE,FALSE,FALSE,FALSE
55601,2002,1,Depression,outside,34.00367578125,Neither actor dominant,missing/uncertain,annual AFCD cropland-fraction source unavailable; event-year raster alone is insufficient,outside,,,,,,FALSE,FALSE,FALSE,FALSE
67776,2002,1,Depression,outside,1.41421362304688,Neither actor dominant,missing/uncertain,annual AFCD cropland-fraction source unavailable; event-year raster alone is insufficient,outside,,,,,,FALSE,TRUE,TRUE,TRUE
67777,2002,1,Depression,outside,1.80277563476563,Neither actor dominant,missing/uncertain,annual AFCD cropland-fraction source unavailable; event-year raster alone is insufficient,outside,,,,,,FALSE,TRUE,TRUE,TRUE
68223,2002,1,Depression,outside,1.11803393554687,Neither actor dominant,missing/uncertain,annual AFCD cropland-fraction source unavailable; event-year raster alone is insufficient,outside,,,,,,FALSE,TRUE,TRUE,TRUE
69562,2002,1,Depression,inside,-1,Neither actor dominant,missing/uncertain,annual AFCD cropland-fraction source unavailable; event-year raster alone is insufficient,inside,,,,,,FALSE,TRUE,TRUE,TRUE
76235,2002,1,Depression,outside,1.11803393554687,Neither actor dominant,missing/uncertain,annual AFCD cropland-fraction source unavailable; event-year raster alone is insufficient,outside,,,,,,FALSE,TRUE,TRUE,TRUE
78008,2002,1,Depression,outside,5.3851650390625,Neither actor dominant,missing/uncertain,annual AFCD cropland-fraction source unavailable; event-year raster alone is insufficient,outside,,,,,,FALSE,FALSE,TRUE,TRUE
78909,2002,1,Depression,outside,1.80277563476563,Neither actor dominant,missing/uncertain,annual AFCD cropland-fraction source unavailable; event-year raster alone is insufficient,outside,,,,,,FALSE,TRUE,TRUE,TRUE
79266,2002,1,Depression,outside,32.64965625,Neither actor dominant,missing/uncertain,annual AFCD cropland-fraction source unavailable; event-year raster alone is insufficient,outside,,,,,,FALSE,FALSE,FALSE,FALSE
80248,2002,1,Depression,outside,2.061552734375,Neither actor dominant,missing/uncertain,annual AFCD cropland-fraction source unavailable; event-year raster alone is insufficient,outside,,,,,,FALSE,TRUE,TRUE,TRUE
82038,2002,1,Depression,outside,1.5,Neither actor dominant,missing/uncertain,annual AFCD cropland-fraction source unavailable; event-year raster alone is insufficient,outside,,,,,,FALSE,TRUE,TRUE,TRUE
82479,2002,1,Depression,outside,4.4721357421875,Neither actor dominant,missing/uncertain,annual AFCD cropland-fraction source unavailable; event-year raster alone is insufficient,outside,,,,,,FALSE,TRUE,TRUE,TRUE
82925,2002,1,Depression,outside,4.03112890625,Neither actor dominant,missing/uncertain,annual AFCD cropland-fraction source unavailable; event-year raster alone is insufficient,outside,,,,,,FALSE,TRUE,TRUE,TRUE
83372,2002,1,Depression,outside,3.60555126953125,Neither actor dominant,missing/uncertain,annual AFCD cropland-fraction source unavailable; event-year raster alone is insufficient,outside,,,,,,FALSE,TRUE,TRUE,TRUE
83383,2002,1,Depression,inside,-1,Neither actor dominant,missing/uncertain,annual AFCD cropland-fraction source unavailable; event-year raster alone is insufficient,inside,,,,,,FALSE,TRUE,TRUE,TRUE
83820,2002,1,Depression,outside,3.35410205078125,Neither actor dominant,missing/uncertain,annual AFCD cropland-fraction source unavailable; event-year raster alone is insufficient,outside,,,,,,FALSE,TRUE,TRUE,TRUE
88731,2002,1,Depression,inside,-1.41421362304688,Neither actor dominant,missing/uncertain,annual AFCD cropland-fraction source unavailable; event-year raster alone is insufficient,inside,,,,,,FALSE,TRUE,TRUE,TRUE
90074,2002,1,Depression,inside,-3.20156201171875,Neither actor dominant,missing/uncertain,annual AFCD cropland-fraction source unavailable; event-year raster alone is insufficient,inside,,,,,,FALSE,TRUE,TRUE,TRUE
90962,2002,1,Depression,inside,-2.5,Neither actor dominant,missing/uncertain,annual AFCD cropland-fraction source unavailable; event-year raster alone is insufficient,inside,,,,,,FALSE,TRUE,TRUE,TRUE
90966,2002,1,Depression,inside,-3.20156201171875,Neither actor dominant,missing/uncertain,annual AFCD cropland-fraction source unavailable; event-year raster alone is insufficient,inside,,,,,,FALSE,TRUE,TRUE,TRUE
93088,2002,1,Depression,outside,46.38965234375,Neither actor dominant,missing/uncertain,annual AFCD cropland-fraction source unavailable; event-year raster alone is insufficient,outside,,,,,,FALSE,FALSE,FALSE,FALSE
104259,2002,1,Depression,outside,45.96194140625,Neither actor dominant,missing/uncertain,annual AFCD cropland-fraction source unavailable; event-year raster alone is insufficient,outside,,,,,,FALSE,FALSE,FALSE,FALSE
111947,2002,1,Depression,outside,9.708244140625,Neither actor dominant,missing/uncertain,annual AFCD cropland-fraction source unavailable; event-year raster alone is insufficient,outside,,,,,,FALSE,FALSE,TRUE,TRUE
137159,2002,1,Depression,outside,16.62076953125,Neither actor dominant,missing/uncertain,annual AFCD cropland-fraction source unavailable; event-year raster alone is insufficient,outside,,,,,,FALSE,FALSE,FALSE,TRUE
2129,2003,1,Depression,outside,70.8466640625,Neither actor dominant,missing/uncertain,annual AFCD cropland-fraction source unavailable; event-year raster alone is insufficient,outside,,,,,,FALSE,FALSE,FALSE,FALSE
2566,2003,1,Depression,outside,71.021125,Neither actor dominant,missing/uncertain,annual AFCD cropland-fraction source unavailable; event-year raster alone is insufficient,outside,,,,,,FALSE,FALSE,FALSE,FALSE
10563,2003,1,Depression,outside,62.78733984375,Neither actor dominant,missing/uncertain,annual AFCD cropland-fraction source unavailable; event-year raster alone is insufficient,outside,,,,,,FALSE,FALSE,FALSE,FALSE
10662,2003,1,Depression,outside,62.169125,Neither actor dominant,missing/uncertain,annual AFCD cropland-fraction source unavailable; event-year raster alone is insufficient,outside,,,,,,FALSE,FALSE,FALSE,FALSE
11559,2003,1,Depression,outside,61.5,Neither actor dominant,missing/uncertain,annual AFCD cropland-fraction source unavailable; event-year raster alone is insufficient,outside,,,,,,FALSE,FALSE,FALSE,FALSE
17728,2003,1,Depression,outside,55.91511328125,Neither actor dominant,missing/uncertain,annual AFCD cropland-fraction source unavailable; event-year raster alone is insufficient,outside,,,,,,FALSE,FALSE,FALSE,FALSE
19144,2003,1,Depression,outside,51.90857421875,Neither actor dominant,missing/uncertain,annual AFCD cropland-fraction source unavailable; event-year raster alone is insufficient,outside,,,,,,FALSE,FALSE,FALSE,FALSE
19600,2003,1,Depression,outside,52.1727890625,Neither actor dominant,missing/uncertain,annual AFCD cropland-fraction source unavailable; event-year raster alone is insufficient,outside,,,,,,FALSE,FALSE,FALSE,FALSE
21289,2003,1,Depression,outside,50.746921875,Neither actor dominant,missing/uncertain,annual AFCD cropland-fraction source unavailable; event-year raster alone is insufficient,outside,,,,,,FALSE,FALSE,FALSE,FALSE
22273,2003,1,Depression,outside,48.43810546875,Neither actor dominant,missing/uncertain,annual AFCD cropland-fraction source unavailable; event-year raster alone is insufficient,outside,,,,,,FALSE,FALSE,FALSE,FALSE
23941,2003,1,Depression,outside,47.32071484375,Neither actor dominant,missing/uncertain,annual AFCD cropland-fraction source unavailable; event-year raster alone is insufficient,outside,,,,,,FALSE,FALSE,FALSE,FALSE
24865,2003,1,Depression,outside,46.76804296875,Neither actor dominant,missing/uncertain,annual AFCD cropland-fraction source unavailable; event-year raster alone is insufficient,outside,,,,,,FALSE,FALSE,FALSE,FALSE
25323,2003,1,Depression,outside,47.18315234375,Neither actor dominant,missing/uncertain,annual AFCD cropland-fraction source unavailable; event-year raster alone is insufficient,outside,,,,,,FALSE,FALSE,FALSE,FALSE
25741,2003,1,Depression,outside,45.59879296875,Neither actor dominant,missing/uncertain,annual AFCD cropland-fraction source unavailable; event-year raster alone is insufficient,outside,,,,,,FALSE,FALSE,FALSE,FALSE
26608,2003,1,Depression,outside,44.01136328125,Neither actor dominant,missing/uncertain,annual AFCD cropland-fraction source unavailable; event-year raster alone is insufficient,outside,,,,,,FALSE,FALSE,FALSE,FALSE
26651,2003,1,Depression,outside,44.6794140625,Neither actor dominant,missing/uncertain,annual AFCD cropland-fraction source unavailable; event-year raster alone is insufficient,outside,,,,,,FALSE,FALSE,FALSE,FALSE
28072,2003,1,Depression,outside,41.50301171875,Neither actor dominant,missing/uncertain,annual AFCD cropland-fraction source unavailable; event-year raster alone is insufficient,outside,,,,,,FALSE,FALSE,FALSE,FALSE
31535,2003,1,Depression,outside,38.61670703125,Neither actor dominant,missing/uncertain,annual AFCD cropland-fraction source unavailable; event-year raster alone is insufficient,outside,,,,,,FALSE,FALSE,FALSE,FALSE
32405,2003,1,Depression,outside,38.34383984375,Neither actor dominant,missing/uncertain,annual AFCD cropland-fraction source unavailable; event-year raster alone is insufficient,outside,,,,,,FALSE,FALSE,FALSE,FALSE
35511,2003,1,Depression,outside,39.1950234375,Neither actor dominant,missing/uncertain,annual AFCD cropland-fraction source unavailable; event-year raster alone is insufficient,outside,,,,,,FALSE,FALSE,FALSE,FALSE
39959,2003,1,Depression,outside,42.08622265625,Neither actor dominant,missing/uncertain,annual AFCD cropland-fraction source unavailable; event-year raster alone is insufficient,outside,,,,,,FALSE,FALSE,FALSE,FALSE
42213,2003,1,Depression,outside,33.81198046875,Neither actor dominant,missing/uncertain,annual AFCD cropland-fraction source unavailable; event-year raster alone is insufficient,outside,,,,,,FALSE,FALSE,FALSE,FALSE
43523,2003,1,Depression,outside,44.24081640625,Neither actor dominant,missing/uncertain,annual AFCD cropland-fraction source unavailable; event-year raster alone is insufficient,outside,,,,,,FALSE,FALSE,FALSE,FALSE
50243,2003,1,Depression,outside,33.871078125,Neither actor dominant,missing/uncertain,annual AFCD cropland-fraction source unavailable; event-year raster alone is insufficient,outside,,,,,,FALSE,FALSE,FALSE,FALSE
76241,2003,1,Depression,inside,-1.41421362304688,Neither actor dominant,missing/uncertain,annual AFCD cropland-fraction source unavailable; event-year raster alone is insufficient,inside,,,,,,FALSE,TRUE,TRUE,TRUE
76685,2003,1,Depression,inside,-0.707106811523437,Neither actor dominant,missing/uncertain,annual AFCD cropland-fraction source unavailable; event-year raster alone is insufficient,inside,,,,,,FALSE,TRUE,TRUE,TRUE
78469,2003,1,Depression,inside,-0.707106811523437,Neither actor dominant,missing/uncertain,annual AFCD cropland-fraction source unavailable; event-year raster alone is insufficient,inside,,,,,,FALSE,TRUE,TRUE,TRUE
79805,2003,1,Depression,outside,0.5,Neither actor dominant,missing/uncertain,annual AFCD cropland-fraction source unavailable; event-year raster alone is insufficient,outside,,,,,,FALSE,TRUE,TRUE,TRUE
83824,2003,1,Depression,outside,2.5,Neither actor dominant,missing/uncertain,annual AFCD cropland-fraction source unavailable; event-year raster alone is insufficient,outside,,,,,,FALSE,TRUE,TRUE,TRUE
86057,2003,1,Depression,outside,1.80277563476563,Neither actor dominant,missing/uncertain,annual AFCD cropland-fraction source unavailable; event-year raster alone is insufficient,outside,,,,,,FALSE,TRUE,TRUE,TRUE
86950,2003,1,Depression,outside,0.707106811523437,Neither actor dominant,missing/uncertain,annual AFCD cropland-fraction source unavailable; event-year raster alone is insufficient,outside,,,,,,FALSE,TRUE,TRUE,TRUE
87841,2003,1,Depression,inside,-1.11803393554687,Neither actor dominant,missing/uncertain,annual AFCD cropland-fraction source unavailable; event-year raster alone is insufficient,inside,,,,,,FALSE,TRUE,TRUE,TRUE
98893,2003,1,Depression,outside,49.00255078125,Neither actor dominant,missing/uncertain,annual AFCD cropland-fraction source unavailable; event-year raster alone is insufficient,outside,,,,,,FALSE,FALSE,FALSE,FALSE
99787,2003,1,Depression,outside,49.022953125,Neither actor dominant,missing/uncertain,annual AFCD cropland-fraction source unavailable; event-year raster alone is insufficient,outside,,,,,,FALSE,FALSE,FALSE,FALSE
100234,2003,1,Depression,outside,49.04080078125,Neither actor dominant,missing/uncertain,annual AFCD cropland-fraction source unavailable; event-year raster alone is insufficient,outside,,,,,,FALSE,FALSE,FALSE,FALSE
783,2004,1,Depression,outside,72.62403125,Militia dominant,missing/uncertain,annual AFCD cropland-fraction source unavailable; event-year raster alone is insufficient,outside,,,,,,FALSE,FALSE,FALSE,FALSE
1232,2004,1,Depression,outside,72.00346875,Militia dominant,missing/uncertain,annual AFCD cropland-fraction source unavailable; event-year raster alone is insufficient,outside,,,,,,FALSE,FALSE,FALSE,FALSE
2178,2004,1,Depression,outside,72.405109375,Militia dominant,missing/uncertain,annual AFCD cropland-fraction source unavailable; event-year raster alone is insufficient,outside,,,,,,FALSE,FALSE,FALSE,FALSE
3015,2004,1,Depression,outside,70.3651171875,Militia dominant,missing/uncertain,annual AFCD cropland-fraction source unavailable; event-year raster alone is insufficient,outside,,,,,,FALSE,FALSE,FALSE,FALSE
3443,2004,1,Depression,outside,70.586828125,Militia dominant,missing/uncertain,annual AFCD cropland-fraction source unavailable; event-year raster alone is insufficient,outside,,,,,,FALSE,FALSE,FALSE,FALSE
3891,2004,1,Depression,outside,70.0642578125,Militia dominant,missing/uncertain,annual AFCD cropland-fraction source unavailable; event-year raster alone is insufficient,outside,,,,,,FALSE,FALSE,FALSE,FALSE
3908,2004,1,Depression,outside,69.4586171875,Militia dominant,missing/uncertain,annual AFCD cropland-fraction source unavailable; event-year raster alone is insufficient,outside,,,,,,FALSE,FALSE,FALSE,FALSE
3914,2004,1,Depression,outside,69.025359375,Militia dominant,missing/uncertain,annual AFCD cropland-fraction source unavailable; event-year raster alone is insufficient,outside,,,,,,FALSE,FALSE,FALSE,FALSE
4344,2004,1,Depression,outside,69.5,Militia dominant,missing/uncertain,annual AFCD cropland-fraction source unavailable; event-year raster alone is insufficient,outside,,,,,,FALSE,FALSE,FALSE,FALSE
5176,2004,1,Depression,outside,68.6476484375,Militia dominant,missing/uncertain,annual AFCD cropland-fraction source unavailable; event-year raster alone is insufficient,outside,,,,,,FALSE,FALSE,FALSE,FALSE
5241,2004,1,Depression,outside,68.507296875,Militia dominant,missing/uncertain,annual AFCD cropland-fraction source unavailable; event-year raster alone is insufficient,outside,,,,,,FALSE,FALSE,FALSE,FALSE
5686,2004,1,Depression,outside,68,Militia dominant,missing/uncertain,annual AFCD cropland-fraction source unavailable; event-year raster alone is insufficient,outside,,,,,,FALSE,FALSE,FALSE,FALSE
6082,2004,1,Depression,outside,67.5018515625,Militia dominant,missing/uncertain,annual AFCD cropland-fraction source unavailable; event-year raster alone is insufficient,outside,,,,,,FALSE,FALSE,FALSE,FALSE
7029,2004,1,Depression,outside,66.507515625,Militia dominant,missing/uncertain,annual AFCD cropland-fraction source unavailable; event-year raster alone is insufficient,outside,,,,,,FALSE,FALSE,FALSE,FALSE
8364,2004,1,Depression,outside,65.0173046875,Militia dominant,missing/uncertain,annual AFCD cropland-fraction source unavailable; event-year raster alone is insufficient,outside,,,,,,FALSE,FALSE,FALSE,FALSE
8812,2004,1,Depression,outside,64.50775,Militia dominant,missing/uncertain,annual AFCD cropland-fraction source unavailable; event-year raster alone is insufficient,outside,,,,,,FALSE,FALSE,FALSE,FALSE
10213,2004,1,Depression,outside,62.47599609375,Militia dominant,missing/uncertain,annual AFCD cropland-fraction source unavailable; event-year raster alone is insufficient,outside,,,,,,FALSE,FALSE,FALSE,FALSE
10223,2004,1,Depression,outside,63.5472265625,Militia dominant,missing/uncertain,annual AFCD cropland-fraction source unavailable; event-year raster alone is insufficient,outside,,,,,,FALSE,FALSE,FALSE,FALSE
12449,2004,1,Depression,outside,60.11031640625,Militia dominant,missing/uncertain,annual AFCD cropland-fraction source unavailable; event-year raster alone is insufficient,outside,,,,,,FALSE,FALSE,FALSE,FALSE
12799,2004,1,Depression,outside,60.3510546875,Militia dominant,missing/uncertain,annual AFCD cropland-fraction source unavailable; event-year raster alone is insufficient,outside,,,,,,FALSE,FALSE,FALSE,FALSE
14675,2004,1,Depression,outside,56.9319765625,Militia dominant,missing/uncertain,annual AFCD cropland-fraction source unavailable; event-year raster alone is insufficient,outside,,,,,,FALSE,FALSE,FALSE,FALSE
14676,2004,1,Depression,outside,56.99561328125,Militia dominant,missing/uncertain,annual AFCD cropland-fraction source unavailable; event-year raster alone is insufficient,outside,,,,,,FALSE,FALSE,FALSE,FALSE
17288,2004,1,Depression,outside,55.81442578125,Militia dominant,missing/uncertain,annual AFCD cropland-fraction source unavailable; event-year raster alone is insufficient,outside,,,,,,FALSE,FALSE,FALSE,FALSE
17726,2004,1,Depression,outside,55.70008984375,Militia dominant,missing/uncertain,annual AFCD cropland-fraction source unavailable; event-year raster alone is insufficient,outside,,,,,,FALSE,FALSE,FALSE,FALSE
18614,2004,1,Depression,outside,54.17102734375,Militia dominant,missing/uncertain,annual AFCD cropland-fraction source unavailable; event-year raster alone is insufficient,outside,,,,,,FALSE,FALSE,FALSE,FALSE
19067,2004,1,Depression,outside,54.23329296875,Militia dominant,missing/uncertain,annual AFCD cropland-fraction source unavailable; event-year raster alone is insufficient,outside,,,,,,FALSE,FALSE,FALSE,FALSE
19145,2004,1,Depression,outside,51.97355078125,Militia dominant,missing/uncertain,annual AFCD cropland-fraction source unavailable; event-year raster alone is insufficient,outside,,,,,,FALSE,FALSE,FALSE,FALSE
19502,2004,1,Depression,outside,52.78730859375,Militia dominant,missing/uncertain,annual AFCD cropland-fraction source unavailable; event-year raster alone is insufficient,outside,,,,,,FALSE,FALSE,FALSE,FALSE
19596,2004,1,Depression,outside,51.78803125,Militia dominant,missing/uncertain,annual AFCD cropland-fraction source unavailable; event-year raster alone is insufficient,outside,,,,,,FALSE,FALSE,FALSE,FALSE
19599,2004,1,Depression,outside,52.0696640625,Militia dominant,missing/uncertain,annual AFCD cropland-fraction source unavailable; event-year raster alone is insufficient,outside,,,,,,FALSE,FALSE,FALSE,FALSE
19934,2004,1,Depression,outside,52.00961328125,Militia dominant,missing/uncertain,annual AFCD cropland-fraction source unavailable; event-year raster alone is insufficient,outside,,,,,,FALSE,FALSE,FALSE,FALSE
19960,2004,1,Depression,outside,53.15073046875,Militia dominant,missing/uncertain,annual AFCD cropland-fraction source unavailable; event-year raster alone is insufficient,outside,,,,,,FALSE,FALSE,FALSE,FALSE
20381,2004,1,Depression,outside,51.50970703125,Militia dominant,missing/uncertain,annual AFCD cropland-fraction source unavailable; event-year raster alone is insufficient,outside,,,,,,FALSE,FALSE,FALSE,FALSE
20383,2004,1,Depression,outside,51.5,Militia dominant,missing/uncertain,annual AFCD cropland-fraction source unavailable; event-year raster alone is insufficient,outside,,,,,,FALSE,FALSE,FALSE,FALSE
20831,2004,1,Depression,outside,51,Militia dominant,missing/uncertain,annual AFCD cropland-fraction source unavailable; event-year raster alone is insufficient,outside,,,,,,FALSE,FALSE,FALSE,FALSE
20860,2004,1,Depression,outside,52.2804921875,Militia dominant,missing/uncertain,annual AFCD cropland-fraction source unavailable; event-year raster alone is insufficient,outside,,,,,,FALSE,FALSE,FALSE,FALSE
20930,2004,1,Depression,outside,49.8046171875,Militia dominant,missing/uncertain,annual AFCD cropland-fraction source unavailable; event-year raster alone is insufficient,outside,,,,,,FALSE,FALSE,FALSE,FALSE
20936,2004,1,Depression,outside,50.22449609375,Militia dominant,missing/uncertain,annual AFCD cropland-fraction source unavailable; event-year raster alone is insufficient,outside,,,,,,FALSE,FALSE,FALSE,FALSE
21276,2004,1,Depression,outside,50.5024765625,Militia dominant,missing/uncertain,annual AFCD cropland-fraction source unavailable; event-year raster alone is insufficient,outside,,,,,,FALSE,FALSE,FALSE,FALSE
21279,2004,1,Depression,outside,50.5,Militia dominant,missing/uncertain,annual AFCD cropland-fraction source unavailable; event-year raster alone is insufficient,outside,,,,,,FALSE,FALSE,FALSE,FALSE
21732,2004,1,Depression,outside,50.08991796875,Militia dominant,missing/uncertain,annual AFCD cropland-fraction source unavailable; event-year raster alone is insufficient,outside,,,,,,FALSE,FALSE,FALSE,FALSE
22179,2004,1,Depression,outside,49.59082421875,Militia dominant,missing/uncertain,annual AFCD cropland-fraction source unavailable; event-year raster alone is insufficient,outside,,,,,,FALSE,FALSE,FALSE,FALSE
22607,2004,1,Depression,outside,49.30770703125,Militia dominant,missing/uncertain,annual AFCD cropland-fraction source unavailable; event-year raster alone is insufficient,outside,,,,,,FALSE,FALSE,FALSE,FALSE
22618,2004,1,Depression,outside,49,Militia dominant,missing/uncertain,annual AFCD cropland-fraction source unavailable; event-year raster alone is insufficient,outside,,,,,,FALSE,FALSE,FALSE,FALSE
22633,2004,1,Depression,outside,49.4292421875,Militia dominant,missing/uncertain,annual AFCD cropland-fraction source unavailable; event-year raster alone is insufficient,outside,,,,,,FALSE,FALSE,FALSE,FALSE
23026,2004,1,Depression,outside,48.16637890625,Militia dominant,missing/uncertain,annual AFCD cropland-fraction source unavailable; event-year raster alone is insufficient,outside,,,,,,FALSE,FALSE,FALSE,FALSE
23527,2004,1,Depression,outside,48.43810546875,Militia dominant,missing/uncertain,annual AFCD cropland-fraction source unavailable; event-year raster alone is insufficient,outside,,,,,,FALSE,FALSE,FALSE,FALSE
23922,2004,1,Depression,outside,47.0956484375,Militia dominant,missing/uncertain,annual AFCD cropland-fraction source unavailable; event-year raster alone is insufficient,outside,,,,,,FALSE,FALSE,FALSE,FALSE
23956,2004,1,Depression,outside,47.5236796875,Militia dominant,missing/uncertain,annual AFCD cropland-fraction source unavailable; event-year raster alone is insufficient,outside,,,,,,FALSE,FALSE,FALSE,FALSE
23966,2004,1,Depression,outside,47.5657421875,Militia dominant,missing/uncertain,annual AFCD cropland-fraction source unavailable; event-year raster alone is insufficient,outside,,,,,,FALSE,FALSE,FALSE,FALSE
24411,2004,1,Depression,outside,47.0239296875,Militia dominant,missing/uncertain,annual AFCD cropland-fraction source unavailable; event-year raster alone is insufficient,outside,,,,,,FALSE,FALSE,FALSE,FALSE
24414,2004,1,Depression,outside,47.0956484375,Militia dominant,missing/uncertain,annual AFCD cropland-fraction source unavailable; event-year raster alone is insufficient,outside,,,,,,FALSE,FALSE,FALSE,FALSE
24499,2004,1,Depression,outside,45.54393359375,Militia dominant,missing/uncertain,annual AFCD cropland-fraction source unavailable; event-year raster alone is insufficient,outside,,,,,,FALSE,FALSE,FALSE,FALSE
24818,2004,1,Depression,outside,46.04345703125,Militia dominant,missing/uncertain,annual AFCD cropland-fraction source unavailable; event-year raster alone is insufficient,outside,,,,,,FALSE,FALSE,FALSE,FALSE
24819,2004,1,Depression,outside,46.02444921875,Militia dominant,missing/uncertain,annual AFCD cropland-fraction source unavailable; event-year raster alone is insufficient,outside,,,,,,FALSE,FALSE,FALSE,FALSE
24821,2004,1,Depression,outside,46.00271875,Militia dominant,missing/uncertain,annual AFCD cropland-fraction source unavailable; event-year raster alone is insufficient,outside,,,,,,FALSE,FALSE,FALSE,FALSE
25308,2004,1,Depression,outside,46.09772265625,Militia dominant,missing/uncertain,annual AFCD cropland-fraction source unavailable; event-year raster alone is insufficient,outside,,,,,,FALSE,FALSE,FALSE,FALSE
25744,2004,1,Depression,outside,45.52471875,Militia dominant,missing/uncertain,annual AFCD cropland-fraction source unavailable; event-year raster alone is insufficient,outside,,,,,,FALSE,FALSE,FALSE,FALSE
26189,2004,1,Depression,outside,45.069390625,Militia dominant,missing/uncertain,annual AFCD cropland-fraction source unavailable; event-year raster alone is insufficient,outside,,,,,,FALSE,FALSE,FALSE,FALSE
26289,2004,1,Depression,outside,43.60332421875,Militia dominant,missing/uncertain,annual AFCD cropland-fraction source unavailable; event-year raster alone is insufficient,outside,,,,,,FALSE,FALSE,FALSE,FALSE
26653,2004,1,Depression,outside,44.78001953125,Militia dominant,missing/uncertain,annual AFCD cropland-fraction source unavailable; event-year raster alone is insufficient,outside,,,,,,FALSE,FALSE,FALSE,FALSE
26743,2004,1,Depression,outside,43.48850390625,Militia dominant,missing/uncertain,annual AFCD cropland-fraction source unavailable; event-year raster alone is insufficient,outside,,,,,,FALSE,FALSE,FALSE,FALSE
27081,2004,1,Depression,outside,44.138984375,Militia dominant,missing/uncertain,annual AFCD cropland-fraction source unavailable; event-year raster alone is insufficient,outside,,,,,,FALSE,FALSE,FALSE,FALSE
27097,2004,1,Depression,outside,44.138984375,Militia dominant,missing/uncertain,annual AFCD cropland-fraction source unavailable; event-year raster alone is insufficient,outside,,,,,,FALSE,FALSE,FALSE,FALSE
28418,2004,1,Depression,outside,42.85440625,Militia dominant,missing/uncertain,annual AFCD cropland-fraction source unavailable; event-year raster alone is insufficient,outside,,,,,,FALSE,FALSE,FALSE,FALSE
28419,2004,1,Depression,outside,42.79310546875,Militia dominant,missing/uncertain,annual AFCD cropland-fraction source unavailable; event-year raster alone is insufficient,outside,,,,,,FALSE,FALSE,FALSE,FALSE
29312,2004,1,Depression,outside,41.86287109375,Militia dominant,missing/uncertain,annual AFCD cropland-fraction source unavailable; event-year raster alone is insufficient,outside,,,,,,FALSE,FALSE,FALSE,FALSE
30639,2004,1,Depression,outside,39.5506015625,Militia dominant,missing/uncertain,annual AFCD cropland-fraction source unavailable; event-year raster alone is insufficient,outside,,,,,,FALSE,FALSE,FALSE,FALSE
31983,2004,1,Depression,outside,38.16084375,Militia dominant,missing/uncertain,annual AFCD cropland-fraction source unavailable; event-year raster alone is insufficient,outside,,,,,,FALSE,FALSE,FALSE,FALSE
32097,2004,1,Depression,outside,37.03039453125,Militia dominant,missing/uncertain,annual AFCD cropland-fraction source unavailable; event-year raster alone is insufficient,outside,,,,,,FALSE,FALSE,FALSE,FALSE
33302,2004,1,Depression,outside,37.07425,Militia dominant,missing/uncertain,annual AFCD cropland-fraction source unavailable; event-year raster alone is insufficient,outside,,,,,,FALSE,FALSE,FALSE,FALSE
33745,2004,1,Depression,outside,36.98986328125,Militia dominant,missing/uncertain,annual AFCD cropland-fraction source unavailable; event-year raster alone is insufficient,outside,,,,,,FALSE,FALSE,FALSE,FALSE
33747,2004,1,Depression,outside,36.772953125,Militia dominant,missing/uncertain,annual AFCD cropland-fraction source unavailable; event-year raster alone is insufficient,outside,,,,,,FALSE,FALSE,FALSE,FALSE
33876,2004,1,Depression,outside,35.05709765625,Militia dominant,missing/uncertain,annual AFCD cropland-fraction source unavailable; event-year raster alone is insufficient,outside,,,,,,FALSE,FALSE,FALSE,FALSE
34631,2004,1,Depression,outside,37.165171875,Militia dominant,missing/uncertain,annual AFCD cropland-fraction source unavailable; event-year raster alone is insufficient,outside,,,,,,FALSE,FALSE,FALSE,FALSE
34797,2004,1,Depression,outside,35.58440625,Militia dominant,missing/uncertain,annual AFCD cropland-fraction source unavailable; event-year raster alone is insufficient,outside,,,,,,FALSE,FALSE,FALSE,FALSE
35079,2004,1,Depression,outside,36.52738671875,Militia dominant,missing/uncertain,annual AFCD cropland-fraction source unavailable; event-year raster alone is insufficient,outside,,,,,,FALSE,FALSE,FALSE,FALSE
35516,2004,1,Depression,outside,38.01315625,Militia dominant,missing/uncertain,annual AFCD cropland-fraction source unavailable; event-year raster alone is insufficient,outside,,,,,,FALSE,FALSE,FALSE,FALSE
35981,2004,1,Depression,outside,34.44198046875,Militia dominant,missing/uncertain,annual AFCD cropland-fraction source unavailable; event-year raster alone is insufficient,outside,,,,,,FALSE,FALSE,FALSE,FALSE
35983,2004,1,Depression,outside,34.22353125,Militia dominant,missing/uncertain,annual AFCD cropland-fraction source unavailable; event-year raster alone is insufficient,outside,,,,,,FALSE,FALSE,FALSE,FALSE
36429,2004,1,Depression,outside,33.84154296875,Militia dominant,missing/uncertain,annual AFCD cropland-fraction source unavailable; event-year raster alone is insufficient,outside,,,,,,FALSE,FALSE,FALSE,FALSE
36878,2004,1,Depression,outside,33.143625,Militia dominant,missing/uncertain,annual AFCD cropland-fraction source unavailable; event-year raster alone is insufficient,outside,,,,,,FALSE,FALSE,FALSE,FALSE
36879,2004,1,Depression,outside,33.04920703125,Militia dominant,missing/uncertain,annual AFCD cropland-fraction source unavailable; event-year raster alone is insufficient,outside,,,,,,FALSE,FALSE,FALSE,FALSE
37307,2004,1,Depression,outside,35.55629296875,Militia dominant,missing/uncertain,annual AFCD cropland-fraction source unavailable; event-year raster alone is insufficient,outside,,,,,,FALSE,FALSE,FALSE,FALSE
37319,2004,1,Depression,outside,33.3803828125,Militia dominant,missing/uncertain,annual AFCD cropland-fraction source unavailable; event-year raster alone is insufficient,outside,,,,,,FALSE,FALSE,FALSE,FALSE
37765,2004,1,Depression,outside,33.04920703125,Militia dominant,missing/uncertain,annual AFCD cropland-fraction source unavailable; event-year raster alone is insufficient,outside,,,,,,FALSE,FALSE,FALSE,FALSE
38187,2004,1,Depression,outside,38.30469921875,Militia dominant,missing/uncertain,annual AFCD cropland-fraction source unavailable; event-year raster alone is insufficient,outside,,,,,,FALSE,FALSE,FALSE,FALSE
38191,2004,1,Depression,outside,37.165171875,Militia dominant,missing/uncertain,annual AFCD cropland-fraction source unavailable; event-year raster alone is insufficient,outside,,,,,,FALSE,FALSE,FALSE,FALSE
38207,2004,1,Depression,outside,33.4252890625,Militia dominant,missing/uncertain,annual AFCD cropland-fraction source unavailable; event-year raster alone is insufficient,outside,,,,,,FALSE,FALSE,FALSE,FALSE
38631,2004,1,Depression,outside,38.8104375,Militia dominant,missing/uncertain,annual AFCD cropland-fraction source unavailable; event-year raster alone is insufficient,outside,,,,,,FALSE,FALSE,FALSE,FALSE
38649,2004,1,Depression,outside,33.98896875,Militia dominant,missing/uncertain,annual AFCD cropland-fraction source unavailable; event-year raster alone is insufficient,outside,,,,,,FALSE,FALSE,FALSE,FALSE
39081,2004,1,Depression,outside,37.5,Militia dominant,missing/uncertain,annual AFCD cropland-fraction source unavailable; event-year raster alone is insufficient,outside,,,,,,FALSE,FALSE,FALSE,FALSE
39534,2004,1,Depression,outside,35.36241015625,Militia dominant,missing/uncertain,annual AFCD cropland-fraction source unavailable; event-year raster alone is insufficient,outside,,,,,,FALSE,FALSE,FALSE,FALSE
39535,2004,1,Depression,outside,35.089171875,Militia dominant,missing/uncertain,annual AFCD cropland-fraction source unavailable; event-year raster alone is insufficient,outside,,,,,,FALSE,FALSE,FALSE,FALSE
39547,2004,1,Depression,outside,32.237400390625,Militia dominant,missing/uncertain,annual AFCD cropland-fraction source unavailable; event-year raster alone is insufficient,outside,,,,,,FALSE,FALSE,FALSE,FALSE
39659,2004,1,Depression,outside,30.004166015625,Militia dominant,missing/uncertain,annual AFCD cropland-fraction source unavailable; event-year raster alone is insufficient,outside,,,,,,FALSE,FALSE,FALSE,FALSE
40882,2004,1,Depression,outside,32.24903125,Militia dominant,missing/uncertain,annual AFCD cropland-fraction source unavailable; event-year raster alone is insufficient,outside,,,,,,FALSE,FALSE,FALSE,FALSE
40994,2004,1,Depression,outside,28.57008984375,Militia dominant,missing/uncertain,annual AFCD cropland-fraction source unavailable; event-year raster alone is insufficient,outside,,,,,,FALSE,FALSE,FALSE,FALSE
41760,2004,1,Depression,outside,36.12478515625,Militia dominant,missing/uncertain,annual AFCD cropland-fraction source unavailable; event-year raster alone is insufficient,outside,,,,,,FALSE,FALSE,FALSE,FALSE
43112,2004,1,Depression,outside,31.50396875,Militia dominant,missing/uncertain,annual AFCD cropland-fraction source unavailable; event-year raster alone is insufficient,outside,,,,,,FALSE,FALSE,FALSE,FALSE
46666,2004,1,Depression,outside,36.50342578125,Militia dominant,missing/uncertain,annual AFCD cropland-fraction source unavailable; event-year raster alone is insufficient,outside,,,,,,FALSE,FALSE,FALSE,FALSE
48014,2004,1,Depression,outside,32.8024375,Militia dominant,missing/uncertain,annual AFCD cropland-fraction source unavailable; event-year raster alone is insufficient,outside,,,,,,FALSE,FALSE,FALSE,FALSE
48453,2004,1,Depression,outside,35.78058203125,Militia dominant,missing/uncertain,annual AFCD cropland-fraction source unavailable; event-year raster alone is insufficient,outside,,,,,,FALSE,FALSE,FALSE,FALSE
48900,2004,1,Depression,outside,35.5105625,Militia dominant,missing/uncertain,annual AFCD cropland-fraction source unavailable; event-year raster alone is insufficient,outside,,,,,,FALSE,FALSE,FALSE,FALSE
52929,2004,1,Depression,outside,30.647185546875,Militia dominant,missing/uncertain,annual AFCD cropland-fraction source unavailable; event-year raster alone is insufficient,outside,,,,,,FALSE,FALSE,FALSE,FALSE
53812,2004,1,Depression,outside,35.192328125,Militia dominant,missing/uncertain,annual AFCD cropland-fraction source unavailable; event-year raster alone is insufficient,outside,,,,,,FALSE,FALSE,FALSE,FALSE
54258,2004,1,Depression,outside,35.468296875,Militia dominant,missing/uncertain,annual AFCD cropland-fraction source unavailable; event-year raster alone is insufficient,outside,,,,,,FALSE,FALSE,FALSE,FALSE
54260,2004,1,Depression,outside,34.53983203125,Militia dominant,missing/uncertain,annual AFCD cropland-fraction source unavailable; event-year raster alone is insufficient,outside,,,,,,FALSE,FALSE,FALSE,FALSE
55599,2004,1,Depression,outside,34.94638671875,Militia dominant,missing/uncertain,annual AFCD cropland-fraction source unavailable; event-year raster alone is insufficient,outside,,,,,,FALSE,FALSE,FALSE,FALSE
57391,2004,1,Depression,outside,32.422986328125,Militia dominant,missing/uncertain,annual AFCD cropland-fraction source unavailable; event-year raster alone is insufficient,outside,,,,,,FALSE,FALSE,FALSE,FALSE
58283,2004,1,Depression,outside,33.10966796875,Militia dominant,missing/uncertain,annual AFCD cropland-fraction source unavailable; event-year raster alone is insufficient,outside,,,,,,FALSE,FALSE,FALSE,FALSE
58285,2004,1,Depression,outside,32.14420703125,Militia dominant,missing/uncertain,annual AFCD cropland-fraction source unavailable; event-year raster alone is insufficient,outside,,,,,,FALSE,FALSE,FALSE,FALSE
64082,2004,1,Depression,outside,38.05259375,Militia dominant,missing/uncertain,annual AFCD cropland-fraction source unavailable; event-year raster alone is insufficient,outside,,,,,,FALSE,FALSE,FALSE,FALSE
68102,2004,1,Depression,outside,36.0624453125,Militia dominant,missing/uncertain,annual AFCD cropland-fraction source unavailable; event-year raster alone is insufficient,outside,,,,,,FALSE,FALSE,FALSE,FALSE
68670,2004,1,Depression,outside,0.707106811523437,Militia dominant,missing/uncertain,annual AFCD cropland-fraction source unavailable; event-year raster alone is insufficient,outside,,,,,,FALSE,TRUE,TRUE,TRUE
69120,2004,1,Depression,outside,1.80277563476563,Militia dominant,missing/uncertain,annual AFCD cropland-fraction source unavailable; event-year raster alone is insufficient,outside,,,,,,FALSE,TRUE,TRUE,TRUE
71339,2004,1,Depression,inside,-5.14781494140625,Militia dominant,missing/uncertain,annual AFCD cropland-fraction source unavailable; event-year raster alone is insufficient,inside,,,,,,FALSE,FALSE,TRUE,TRUE
74012,2004,1,Depression,inside,-3.5,Militia dominant,missing/uncertain,annual AFCD cropland-fraction source unavailable; event-year raster alone is insufficient,inside,,,,,,FALSE,TRUE,TRUE,TRUE
75789,2004,1,Depression,outside,1.11803393554687,Militia dominant,missing/uncertain,annual AFCD cropland-fraction source unavailable; event-year raster alone is insufficient,outside,,,,,,FALSE,TRUE,TRUE,TRUE
76240,2004,1,Depression,inside,-1.11803393554687,Militia dominant,missing/uncertain,annual AFCD cropland-fraction source unavailable; event-year raster alone is insufficient,inside,,,,,,FALSE,TRUE,TRUE,TRUE
78468,2004,1,Depression,inside,-0.5,Militia dominant,missing/uncertain,annual AFCD cropland-fraction source unavailable; event-year raster alone is insufficient,inside,,,,,,FALSE,TRUE,TRUE,TRUE
78908,2004,1,Depression,outside,2.23606787109375,Militia dominant,missing/uncertain,annual AFCD cropland-fraction source unavailable; event-year raster alone is insufficient,outside,,,,,,FALSE,TRUE,TRUE,TRUE
78912,2004,1,Depression,outside,0.707106811523437,Militia dominant,missing/uncertain,annual AFCD cropland-fraction source unavailable; event-year raster alone is insufficient,outside,,,,,,FALSE,TRUE,TRUE,TRUE
81149,2004,1,Depression,inside,-1.5,Militia dominant,missing/uncertain,annual AFCD cropland-fraction source unavailable; event-year raster alone is insufficient,inside,,,,,,FALSE,TRUE,TRUE,TRUE
82043,2004,1,Depression,inside,-1.5,Militia dominant,missing/uncertain,annual AFCD cropland-fraction source unavailable; event-year raster alone is insufficient,inside,,,,,,FALSE,TRUE,TRUE,TRUE
82488,2004,1,Depression,inside,-0.5,Militia dominant,missing/uncertain,annual AFCD cropland-fraction source unavailable; event-year raster alone is insufficient,inside,,,,,,FALSE,TRUE,TRUE,TRUE
83373,2004,1,Depression,outside,3.80788647460938,Militia dominant,missing/uncertain,annual AFCD cropland-fraction source unavailable; event-year raster alone is insufficient,outside,,,,,,FALSE,TRUE,TRUE,TRUE
83374,2004,1,Depression,outside,4,Militia dominant,missing/uncertain,annual AFCD cropland-fraction source unavailable; event-year raster alone is insufficient,outside,,,,,,FALSE,TRUE,TRUE,TRUE
83825,2004,1,Depression,outside,2,Militia dominant,missing/uncertain,annual AFCD cropland-fraction source unavailable; event-year raster alone is insufficient,outside,,,,,,FALSE,TRUE,TRUE,TRUE
84271,2004,1,Depression,outside,2.23606787109375,Militia dominant,missing/uncertain,annual AFCD cropland-fraction source unavailable; event-year raster alone is insufficient,outside,,,,,,FALSE,TRUE,TRUE,TRUE
85158,2004,1,Depression,outside,1.41421362304688,Militia dominant,missing/uncertain,annual AFCD cropland-fraction source unavailable; event-year raster alone is insufficient,outside,,,,,,FALSE,TRUE,TRUE,TRUE
86497,2004,1,Depression,inside,-0.707106811523437,Militia dominant,missing/uncertain,annual AFCD cropland-fraction source unavailable; event-year raster alone is insufficient,inside,,,,,,FALSE,TRUE,TRUE,TRUE
86945,2004,1,Depression,inside,-1,Militia dominant,missing/uncertain,annual AFCD cropland-fraction source unavailable; event-year raster alone is insufficient,inside,,,,,,FALSE,TRUE,TRUE,TRUE
86947,2004,1,Depression,inside,-0.5,Militia dominant,missing/uncertain,annual AFCD cropland-fraction source unavailable; event-year raster alone is insufficient,inside,,,,,,FALSE,TRUE,TRUE,TRUE
87840,2004,1,Depression,inside,-1.41421362304688,Militia dominant,missing/uncertain,annual AFCD cropland-fraction source unavailable; event-year raster alone is insufficient,inside,,,,,,FALSE,TRUE,TRUE,TRUE
88287,2004,1,Depression,inside,-1.80277563476563,Militia dominant,missing/uncertain,annual AFCD cropland-fraction source unavailable; event-year raster alone is insufficient,inside,,,,,,FALSE,TRUE,TRUE,TRUE
89621,2004,1,Depression,inside,-1,Militia dominant,missing/uncertain,annual AFCD cropland-fraction source unavailable; event-year raster alone is insufficient,inside,,,,,,FALSE,TRUE,TRUE,TRUE
90521,2004,1,Depression,inside,-3.53553393554688,Militia dominant,missing/uncertain,annual AFCD cropland-fraction source unavailable; event-year raster alone is insufficient,inside,,,,,,FALSE,TRUE,TRUE,TRUE
91408,2004,1,Depression,inside,-2.91547583007813,Militia dominant,missing/uncertain,annual AFCD cropland-fraction source unavailable; event-year raster alone is insufficient,inside,,,,,,FALSE,TRUE,TRUE,TRUE
91410,2004,1,Depression,inside,-3.04138134765625,Militia dominant,missing/uncertain,annual AFCD cropland-fraction source unavailable; event-year raster alone is insufficient,inside,,,,,,FALSE,TRUE,TRUE,TRUE
91857,2004,1,Depression,inside,-3.53553393554688,Militia dominant,missing/uncertain,annual AFCD cropland-fraction source unavailable; event-year raster alone is insufficient,inside,,,,,,FALSE,TRUE,TRUE,TRUE
92290,2004,1,Depression,inside,-0.707106811523437,Militia dominant,missing/uncertain,annual AFCD cropland-fraction source unavailable; event-year raster alone is insufficient,inside,,,,,,FALSE,TRUE,TRUE,TRUE
92304,2004,1,Depression,inside,-4.03112890625,Militia dominant,missing/uncertain,annual AFCD cropland-fraction source unavailable; event-year raster alone is insufficient,inside,,,,,,FALSE,TRUE,TRUE,TRUE
92745,2004,1,Depression,inside,-3.16227758789063,Militia dominant,missing/uncertain,annual AFCD cropland-fraction source unavailable; event-year raster alone is insufficient,inside,,,,,,FALSE,TRUE,TRUE,TRUE
94965,2004,1,Depression,outside,2.5,Militia dominant,missing/uncertain,annual AFCD cropland-fraction source unavailable; event-year raster alone is insufficient,outside,,,,,,FALSE,TRUE,TRUE,TRUE
96307,2004,1,Depression,outside,1.5,Militia dominant,missing/uncertain,annual AFCD cropland-fraction source unavailable; event-year raster alone is insufficient,outside,,,,,,FALSE,TRUE,TRUE,TRUE
96755,2004,1,Depression,outside,1.11803393554687,Militia dominant,missing/uncertain,annual AFCD cropland-fraction source unavailable; event-year raster alone is insufficient,outside,,,,,,FALSE,TRUE,TRUE,TRUE
98088,2004,1,Depression,outside,4.5276923828125,Militia dominant,missing/uncertain,annual AFCD cropland-fraction source unavailable; event-year raster alone is insufficient,outside,,,,,,FALSE,TRUE,TRUE,TRUE
108363,2004,1,Depression,outside,12.727921875,Militia dominant,missing/uncertain,annual AFCD cropland-fraction source unavailable; event-year raster alone is insufficient,outside,,,,,,FALSE,FALSE,FALSE,TRUE
108382,2004,1,Depression,outside,8.01560986328125,Militia dominant,missing/uncertain,annual AFCD cropland-fraction source unavailable; event-year raster alone is insufficient,outside,,,,,,FALSE,FALSE,TRUE,TRUE
108833,2004,1,Depression,outside,7.28010986328125,Militia dominant,missing/uncertain,annual AFCD cropland-fraction source unavailable; event-year raster alone is insufficient,outside,,,,,,FALSE,FALSE,TRUE,TRUE
110174,2004,1,Depression,outside,5.85235009765625,Militia dominant,missing/uncertain,annual AFCD cropland-fraction source unavailable; event-year raster alone is insufficient,outside,,,,,,FALSE,FALSE,TRUE,TRUE
113291,2004,1,Depression,outside,7.6321689453125,Militia dominant,missing/uncertain,annual AFCD cropland-fraction source unavailable; event-year raster alone is insufficient,outside,,,,,,FALSE,FALSE,TRUE,TRUE
113737,2004,1,Depression,outside,7.81024951171875,Militia dominant,missing/uncertain,annual AFCD cropland-fraction source unavailable; event-year raster alone is insufficient,outside,,,,,,FALSE,FALSE,TRUE,TRUE
114634,2004,1,Depression,outside,6.02079736328125,Militia dominant,missing/uncertain,annual AFCD cropland-fraction source unavailable; event-year raster alone is insufficient,outside,,,,,,FALSE,FALSE,TRUE,TRUE
114635,2004,1,Depression,outside,5.590169921875,Militia dominant,missing/uncertain,annual AFCD cropland-fraction source unavailable; event-year raster alone is insufficient,outside,,,,,,FALSE,FALSE,TRUE,TRUE
784,2005,1,Depression,outside,72.5603203125,Militia dominant,missing/uncertain,annual AFCD cropland-fraction source unavailable; event-year raster alone is insufficient,outside,,,,,,FALSE,FALSE,FALSE,FALSE
1677,2005,1,Depression,outside,71.6327421875,Militia dominant,missing/uncertain,annual AFCD cropland-fraction source unavailable; event-year raster alone is insufficient,outside,,,,,,FALSE,FALSE,FALSE,FALSE
2119,2005,1,Depression,outside,71.513984375,Militia dominant,missing/uncertain,annual AFCD cropland-fraction source unavailable; event-year raster alone is insufficient,outside,,,,,,FALSE,FALSE,FALSE,FALSE
2122,2005,1,Depression,outside,71.277625,Militia dominant,missing/uncertain,annual AFCD cropland-fraction source unavailable; event-year raster alone is insufficient,outside,,,,,,FALSE,FALSE,FALSE,FALSE
2998,2005,1,Depression,outside,71.044,Militia dominant,missing/uncertain,annual AFCD cropland-fraction source unavailable; event-year raster alone is insufficient,outside,,,,,,FALSE,FALSE,FALSE,FALSE
3011,2005,1,Depression,outside,70.705375,Militia dominant,missing/uncertain,annual AFCD cropland-fraction source unavailable; event-year raster alone is insufficient,outside,,,,,,FALSE,FALSE,FALSE,FALSE
3012,2005,1,Depression,outside,70.61515625,Militia dominant,missing/uncertain,annual AFCD cropland-fraction source unavailable; event-year raster alone is insufficient,outside,,,,,,FALSE,FALSE,FALSE,FALSE
3756,2005,1,Depression,outside,75.116578125,Militia dominant,missing/uncertain,annual AFCD cropland-fraction source unavailable; event-year raster alone is insufficient,outside,,,,,,FALSE,FALSE,FALSE,FALSE
3894,2005,1,Depression,outside,70.0160703125,Militia dominant,missing/uncertain,annual AFCD cropland-fraction source unavailable; event-year raster alone is insufficient,outside,,,,,,FALSE,FALSE,FALSE,FALSE
5240,2005,1,Depression,outside,68.501828125,Militia dominant,missing/uncertain,annual AFCD cropland-fraction source unavailable; event-year raster alone is insufficient,outside,,,,,,FALSE,FALSE,FALSE,FALSE
6578,2005,1,Depression,outside,67.0018671875,Militia dominant,missing/uncertain,annual AFCD cropland-fraction source unavailable; event-year raster alone is insufficient,outside,,,,,,FALSE,FALSE,FALSE,FALSE
7471,2005,1,Depression,outside,66.007578125,Militia dominant,missing/uncertain,annual AFCD cropland-fraction source unavailable; event-year raster alone is insufficient,outside,,,,,,FALSE,FALSE,FALSE,FALSE
7479,2005,1,Depression,outside,66.001890625,Militia dominant,missing/uncertain,annual AFCD cropland-fraction source unavailable; event-year raster alone is insufficient,outside,,,,,,FALSE,FALSE,FALSE,FALSE
8367,2005,1,Depression,outside,65,Militia dominant,missing/uncertain,annual AFCD cropland-fraction source unavailable; event-year raster alone is insufficient,outside,,,,,,FALSE,FALSE,FALSE,FALSE
9260,2005,1,Depression,outside,64.001953125,Militia dominant,missing/uncertain,annual AFCD cropland-fraction source unavailable; event-year raster alone is insufficient,outside,,,,,,FALSE,FALSE,FALSE,FALSE
11109,2005,1,Depression,outside,61.6786015625,Militia dominant,missing/uncertain,annual AFCD cropland-fraction source unavailable; event-year raster alone is insufficient,outside,,,,,,FALSE,FALSE,FALSE,FALSE
12780,2005,1,Depression,outside,60.03332421875,Militia dominant,missing/uncertain,annual AFCD cropland-fraction source unavailable; event-year raster alone is insufficient,outside,,,,,,FALSE,FALSE,FALSE,FALSE
14608,2005,1,Depression,outside,58.61953515625,Militia dominant,missing/uncertain,annual AFCD cropland-fraction source unavailable; event-year raster alone is insufficient,outside,,,,,,FALSE,FALSE,FALSE,FALSE
17254,2005,1,Depression,outside,55,Militia dominant,missing/uncertain,annual AFCD cropland-fraction source unavailable; event-year raster alone is insufficient,outside,,,,,,FALSE,FALSE,FALSE,FALSE
18161,2005,1,Depression,outside,54.27937109375,Militia dominant,missing/uncertain,annual AFCD cropland-fraction source unavailable; event-year raster alone is insufficient,outside,,,,,,FALSE,FALSE,FALSE,FALSE
18700,2005,1,Depression,outside,52.61178515625,Militia dominant,missing/uncertain,annual AFCD cropland-fraction source unavailable; event-year raster alone is insufficient,outside,,,,,,FALSE,FALSE,FALSE,FALSE
19058,2005,1,Depression,outside,53.460265625,Militia dominant,missing/uncertain,annual AFCD cropland-fraction source unavailable; event-year raster alone is insufficient,outside,,,,,,FALSE,FALSE,FALSE,FALSE
19065,2005,1,Depression,outside,54.0300859375,Militia dominant,missing/uncertain,annual AFCD cropland-fraction source unavailable; event-year raster alone is insufficient,outside,,,,,,FALSE,FALSE,FALSE,FALSE
19508,2005,1,Depression,outside,53.18364453125,Militia dominant,missing/uncertain,annual AFCD cropland-fraction source unavailable; event-year raster alone is insufficient,outside,,,,,,FALSE,FALSE,FALSE,FALSE
19941,2005,1,Depression,outside,52.02162890625,Militia dominant,missing/uncertain,annual AFCD cropland-fraction source unavailable; event-year raster alone is insufficient,outside,,,,,,FALSE,FALSE,FALSE,FALSE
20355,2005,1,Depression,outside,51.00244921875,Militia dominant,missing/uncertain,annual AFCD cropland-fraction source unavailable; event-year raster alone is insufficient,outside,,,,,,FALSE,FALSE,FALSE,FALSE
20392,2005,1,Depression,outside,51.618796875,Militia dominant,missing/uncertain,annual AFCD cropland-fraction source unavailable; event-year raster alone is insufficient,outside,,,,,,FALSE,FALSE,FALSE,FALSE
20408,2005,1,Depression,outside,52.76836328125,Militia dominant,missing/uncertain,annual AFCD cropland-fraction source unavailable; event-year raster alone is insufficient,outside,,,,,,FALSE,FALSE,FALSE,FALSE
20834,2005,1,Depression,outside,51.0098046875,Militia dominant,missing/uncertain,annual AFCD cropland-fraction source unavailable; event-year raster alone is insufficient,outside,,,,,,FALSE,FALSE,FALSE,FALSE
20846,2005,1,Depression,outside,51.47815234375,Militia dominant,missing/uncertain,annual AFCD cropland-fraction source unavailable; event-year raster alone is insufficient,outside,,,,,,FALSE,FALSE,FALSE,FALSE
20934,2005,1,Depression,outside,50.06495703125,Militia dominant,missing/uncertain,annual AFCD cropland-fraction source unavailable; event-year raster alone is insufficient,outside,,,,,,FALSE,FALSE,FALSE,FALSE
21307,2005,1,Depression,outside,51.79285546875,Militia dominant,missing/uncertain,annual AFCD cropland-fraction source unavailable; event-year raster alone is insufficient,outside,,,,,,FALSE,FALSE,FALSE,FALSE
21308,2005,1,Depression,outside,51.68413671875,Militia dominant,missing/uncertain,annual AFCD cropland-fraction source unavailable; event-year raster alone is insufficient,outside,,,,,,FALSE,FALSE,FALSE,FALSE
21374,2005,1,Depression,outside,49.16299609375,Militia dominant,missing/uncertain,annual AFCD cropland-fraction source unavailable; event-year raster alone is insufficient,outside,,,,,,FALSE,FALSE,FALSE,FALSE
21755,2005,1,Depression,outside,51.195703125,Militia dominant,missing/uncertain,annual AFCD cropland-fraction source unavailable; event-year raster alone is insufficient,outside,,,,,,FALSE,FALSE,FALSE,FALSE
22580,2005,1,Depression,outside,48.626125,Militia dominant,missing/uncertain,annual AFCD cropland-fraction source unavailable; event-year raster alone is insufficient,outside,,,,,,FALSE,FALSE,FALSE,FALSE
22626,2005,1,Depression,outside,49.09175,Militia dominant,missing/uncertain,annual AFCD cropland-fraction source unavailable; event-year raster alone is insufficient,outside,,,,,,FALSE,FALSE,FALSE,FALSE
22635,2005,1,Depression,outside,49.57065625,Militia dominant,missing/uncertain,annual AFCD cropland-fraction source unavailable; event-year raster alone is insufficient,outside,,,,,,FALSE,FALSE,FALSE,FALSE
23069,2005,1,Depression,outside,48.51030859375,Militia dominant,missing/uncertain,annual AFCD cropland-fraction source unavailable; event-year raster alone is insufficient,outside,,,,,,FALSE,FALSE,FALSE,FALSE
23070,2005,1,Depression,outside,48.52319140625,Militia dominant,missing/uncertain,annual AFCD cropland-fraction source unavailable; event-year raster alone is insufficient,outside,,,,,,FALSE,FALSE,FALSE,FALSE
23074,2005,1,Depression,outside,48.626125,Militia dominant,missing/uncertain,annual AFCD cropland-fraction source unavailable; event-year raster alone is insufficient,outside,,,,,,FALSE,FALSE,FALSE,FALSE
23077,2005,1,Depression,outside,48.75705078125,Militia dominant,missing/uncertain,annual AFCD cropland-fraction source unavailable; event-year raster alone is insufficient,outside,,,,,,FALSE,FALSE,FALSE,FALSE
23477,2005,1,Depression,outside,47.5420859375,Militia dominant,missing/uncertain,annual AFCD cropland-fraction source unavailable; event-year raster alone is insufficient,outside,,,,,,FALSE,FALSE,FALSE,FALSE
23517,2005,1,Depression,outside,48.02343359375,Militia dominant,missing/uncertain,annual AFCD cropland-fraction source unavailable; event-year raster alone is insufficient,outside,,,,,,FALSE,FALSE,FALSE,FALSE
23519,2005,1,Depression,outside,48.06505859375,Militia dominant,missing/uncertain,annual AFCD cropland-fraction source unavailable; event-year raster alone is insufficient,outside,,,,,,FALSE,FALSE,FALSE,FALSE
23925,2005,1,Depression,outside,47.0239296875,Militia dominant,missing/uncertain,annual AFCD cropland-fraction source unavailable; event-year raster alone is insufficient,outside,,,,,,FALSE,FALSE,FALSE,FALSE
25266,2005,1,Depression,outside,45.52471875,Militia dominant,missing/uncertain,annual AFCD cropland-fraction source unavailable; event-year raster alone is insufficient,outside,,,,,,FALSE,FALSE,FALSE,FALSE
25305,2005,1,Depression,outside,46.02444921875,Militia dominant,missing/uncertain,annual AFCD cropland-fraction source unavailable; event-year raster alone is insufficient,outside,,,,,,FALSE,FALSE,FALSE,FALSE
25757,2005,1,Depression,outside,45.675484375,Militia dominant,missing/uncertain,annual AFCD cropland-fraction source unavailable; event-year raster alone is insufficient,outside,,,,,,FALSE,FALSE,FALSE,FALSE
26192,2005,1,Depression,outside,45.011109375,Militia dominant,missing/uncertain,annual AFCD cropland-fraction source unavailable; event-year raster alone is insufficient,outside,,,,,,FALSE,FALSE,FALSE,FALSE
26652,2005,1,Depression,outside,44.72694921875,Militia dominant,missing/uncertain,annual AFCD cropland-fraction source unavailable; event-year raster alone is insufficient,outside,,,,,,FALSE,FALSE,FALSE,FALSE
27522,2005,1,Depression,outside,43.73785546875,Militia dominant,missing/uncertain,annual AFCD cropland-fraction source unavailable; event-year raster alone is insufficient,outside,,,,,,FALSE,FALSE,FALSE,FALSE
30192,2005,1,Depression,outside,40.04996875,Militia dominant,missing/uncertain,annual AFCD cropland-fraction source unavailable; event-year raster alone is insufficient,outside,,,,,,FALSE,FALSE,FALSE,FALSE
30630,2005,1,Depression,outside,39.52847265625,Militia dominant,missing/uncertain,annual AFCD cropland-fraction source unavailable; event-year raster alone is insufficient,outside,,,,,,FALSE,FALSE,FALSE,FALSE
30632,2005,1,Depression,outside,39.5031640625,Militia dominant,missing/uncertain,annual AFCD cropland-fraction source unavailable; event-year raster alone is insufficient,outside,,,,,,FALSE,FALSE,FALSE,FALSE
31234,2005,1,Depression,outside,41.62931640625,Militia dominant,missing/uncertain,annual AFCD cropland-fraction source unavailable; event-year raster alone is insufficient,outside,,,,,,FALSE,FALSE,FALSE,FALSE
31962,2005,1,Depression,outside,38.47076953125,Militia dominant,missing/uncertain,annual AFCD cropland-fraction source unavailable; event-year raster alone is insufficient,outside,,,,,,FALSE,FALSE,FALSE,FALSE
32859,2005,1,Depression,outside,37.27264453125,Militia dominant,missing/uncertain,annual AFCD cropland-fraction source unavailable; event-year raster alone is insufficient,outside,,,,,,FALSE,FALSE,FALSE,FALSE
33303,2005,1,Depression,outside,36.98986328125,Militia dominant,missing/uncertain,annual AFCD cropland-fraction source unavailable; event-year raster alone is insufficient,outside,,,,,,FALSE,FALSE,FALSE,FALSE
33723,2005,1,Depression,outside,40.94203125,Militia dominant,missing/uncertain,annual AFCD cropland-fraction source unavailable; event-year raster alone is insufficient,outside,,,,,,FALSE,FALSE,FALSE,FALSE
33730,2005,1,Depression,outside,39.3954296875,Militia dominant,missing/uncertain,annual AFCD cropland-fraction source unavailable; event-year raster alone is insufficient,outside,,,,,,FALSE,FALSE,FALSE,FALSE
33739,2005,1,Depression,outside,37.7921953125,Militia dominant,missing/uncertain,annual AFCD cropland-fraction source unavailable; event-year raster alone is insufficient,outside,,,,,,FALSE,FALSE,FALSE,FALSE
34167,2005,1,Depression,outside,41.2462109375,Militia dominant,missing/uncertain,annual AFCD cropland-fraction source unavailable; event-year raster alone is insufficient,outside,,,,,,FALSE,FALSE,FALSE,FALSE
34633,2005,1,Depression,outside,36.840875,Militia dominant,missing/uncertain,annual AFCD cropland-fraction source unavailable; event-year raster alone is insufficient,outside,,,,,,FALSE,FALSE,FALSE,FALSE
34651,2005,1,Depression,outside,35.089171875,Militia dominant,missing/uncertain,annual AFCD cropland-fraction source unavailable; event-year raster alone is insufficient,outside,,,,,,FALSE,FALSE,FALSE,FALSE
35066,2005,1,Depression,outside,39.14716015625,Militia dominant,missing/uncertain,annual AFCD cropland-fraction source unavailable; event-year raster alone is insufficient,outside,,,,,,FALSE,FALSE,FALSE,FALSE
35514,2005,1,Depression,outside,38.47076953125,Militia dominant,missing/uncertain,annual AFCD cropland-fraction source unavailable; event-year raster alone is insufficient,outside,,,,,,FALSE,FALSE,FALSE,FALSE
35515,2005,1,Depression,outside,38.23937890625,Militia dominant,missing/uncertain,annual AFCD cropland-fraction source unavailable; event-year raster alone is insufficient,outside,,,,,,FALSE,FALSE,FALSE,FALSE
35523,2005,1,Depression,outside,36.58209765625,Militia dominant,missing/uncertain,annual AFCD cropland-fraction source unavailable; event-year raster alone is insufficient,outside,,,,,,FALSE,FALSE,FALSE,FALSE
35961,2005,1,Depression,outside,38.02959375,Militia dominant,missing/uncertain,annual AFCD cropland-fraction source unavailable; event-year raster alone is insufficient,outside,,,,,,FALSE,FALSE,FALSE,FALSE
35982,2005,1,Depression,outside,34.3292890625,Militia dominant,missing/uncertain,annual AFCD cropland-fraction source unavailable; event-year raster alone is insufficient,outside,,,,,,FALSE,FALSE,FALSE,FALSE
38641,2005,1,Depression,outside,35.93396875,Militia dominant,missing/uncertain,annual AFCD cropland-fraction source unavailable; event-year raster alone is insufficient,outside,,,,,,FALSE,FALSE,FALSE,FALSE
39085,2005,1,Depression,outside,36.33524609375,Militia dominant,missing/uncertain,annual AFCD cropland-fraction source unavailable; event-year raster alone is insufficient,outside,,,,,,FALSE,FALSE,FALSE,FALSE
39548,2005,1,Depression,outside,32.0390390625,Militia dominant,missing/uncertain,annual AFCD cropland-fraction source unavailable; event-year raster alone is insufficient,outside,,,,,,FALSE,FALSE,FALSE,FALSE
40429,2005,1,Depression,outside,34.25273828125,Militia dominant,missing/uncertain,annual AFCD cropland-fraction source unavailable; event-year raster alone is insufficient,outside,,,,,,FALSE,FALSE,FALSE,FALSE
40878,2005,1,Depression,outside,33.2866328125,Militia dominant,missing/uncertain,annual AFCD cropland-fraction source unavailable; event-year raster alone is insufficient,outside,,,,,,FALSE,FALSE,FALSE,FALSE
40995,2005,1,Depression,outside,28.539447265625,Militia dominant,missing/uncertain,annual AFCD cropland-fraction source unavailable; event-year raster alone is insufficient,outside,,,,,,FALSE,FALSE,FALSE,FALSE
41325,2005,1,Depression,outside,32.86715625,Militia dominant,missing/uncertain,annual AFCD cropland-fraction source unavailable; event-year raster alone is insufficient,outside,,,,,,FALSE,FALSE,FALSE,FALSE
42665,2005,1,Depression,outside,31.910029296875,Militia dominant,missing/uncertain,annual AFCD cropland-fraction source unavailable; event-year raster alone is insufficient,outside,,,,,,FALSE,FALSE,FALSE,FALSE
44449,2005,1,Depression,outside,31.563427734375,Militia dominant,missing/uncertain,annual AFCD cropland-fraction source unavailable; event-year raster alone is insufficient,outside,,,,,,FALSE,FALSE,FALSE,FALSE
44867,2005,1,Depression,outside,42.15744140625,Militia dominant,missing/uncertain,annual AFCD cropland-fraction source unavailable; event-year raster alone is insufficient,outside,,,,,,FALSE,FALSE,FALSE,FALSE
44894,2005,1,Depression,outside,31.851216796875,Militia dominant,missing/uncertain,annual AFCD cropland-fraction source unavailable; event-year raster alone is insufficient,outside,,,,,,FALSE,FALSE,FALSE,FALSE
49354,2005,1,Depression,outside,32.318724609375,Militia dominant,missing/uncertain,annual AFCD cropland-fraction source unavailable; event-year raster alone is insufficient,outside,,,,,,FALSE,FALSE,FALSE,FALSE
53367,2005,1,Depression,outside,34.47100390625,Militia dominant,missing/uncertain,annual AFCD cropland-fraction source unavailable; event-year raster alone is insufficient,outside,,,,,,FALSE,FALSE,FALSE,FALSE
54270,2005,1,Depression,outside,29.9666484375,Militia dominant,missing/uncertain,annual AFCD cropland-fraction source unavailable; event-year raster alone is insufficient,outside,,,,,,FALSE,FALSE,FALSE,FALSE
57835,2005,1,Depression,outside,33.72313671875,Militia dominant,missing/uncertain,annual AFCD cropland-fraction source unavailable; event-year raster alone is insufficient,outside,,,,,,FALSE,FALSE,FALSE,FALSE
70692,2005,1,Depression,outside,73.6919296875,Militia dominant,missing/uncertain,annual AFCD cropland-fraction source unavailable; event-year raster alone is insufficient,outside,,,,,,FALSE,FALSE,FALSE,FALSE
74449,2005,1,Depression,outside,1,Militia dominant,missing/uncertain,annual AFCD cropland-fraction source unavailable; event-year raster alone is insufficient,outside,,,,,,FALSE,TRUE,TRUE,TRUE
79210,2005,1,Depression,outside,58.9406484375,Militia dominant,missing/uncertain,annual AFCD cropland-fraction source unavailable; event-year raster alone is insufficient,outside,,,,,,FALSE,FALSE,FALSE,FALSE
80607,2005,1,Depression,outside,31.988279296875,Militia dominant,missing/uncertain,annual AFCD cropland-fraction source unavailable; event-year raster alone is insufficient,outside,,,,,,FALSE,FALSE,FALSE,FALSE
81596,2005,1,Depression,inside,-1.5,Militia dominant,missing/uncertain,annual AFCD cropland-fraction source unavailable; event-year raster alone is insufficient,inside,,,,,,FALSE,TRUE,TRUE,TRUE
82927,2005,1,Depression,outside,4,Militia dominant,missing/uncertain,annual AFCD cropland-fraction source unavailable; event-year raster alone is insufficient,outside,,,,,,FALSE,TRUE,TRUE,TRUE
83289,2005,1,Depression,outside,30.842341796875,Militia dominant,missing/uncertain,annual AFCD cropland-fraction source unavailable; event-year raster alone is insufficient,outside,,,,,,FALSE,FALSE,FALSE,FALSE
87394,2005,1,Depression,inside,-0.707106811523437,Militia dominant,missing/uncertain,annual AFCD cropland-fraction source unavailable; event-year raster alone is insufficient,inside,,,,,,FALSE,TRUE,TRUE,TRUE
93193,2005,1,Depression,inside,-3.80788647460938,Militia dominant,missing/uncertain,annual AFCD cropland-fraction source unavailable; event-year raster alone is insufficient,inside,,,,,,FALSE,TRUE,TRUE,TRUE
98090,2005,1,Depression,outside,3.53553393554688,Militia dominant,missing/uncertain,annual AFCD cropland-fraction source unavailable; event-year raster alone is insufficient,outside,,,,,,FALSE,TRUE,TRUE,TRUE
101666,2005,1,Depression,outside,4.9244287109375,Militia dominant,missing/uncertain,annual AFCD cropland-fraction source unavailable; event-year raster alone is insufficient,outside,,,,,,FALSE,TRUE,TRUE,TRUE
102408,2005,1,Depression,outside,70.0178515625,Militia dominant,missing/uncertain,annual AFCD cropland-fraction source unavailable; event-year raster alone is insufficient,outside,,,,,,FALSE,FALSE,FALSE,FALSE
114183,2005,1,Depression,outside,7.9056943359375,Militia dominant,missing/uncertain,annual AFCD cropland-fraction source unavailable; event-year raster alone is insufficient,outside,,,,,,FALSE,FALSE,TRUE,TRUE
135422,2005,1,Depression,outside,29.60151953125,Militia dominant,missing/uncertain,annual AFCD cropland-fraction source unavailable; event-year raster alone is insufficient,outside,,,,,,FALSE,FALSE,FALSE,FALSE
136270,2005,1,Depression,outside,17.677669921875,Militia dominant,missing/uncertain,annual AFCD cropland-fraction source unavailable; event-year raster alone is insufficient,outside,,,,,,FALSE,FALSE,FALSE,TRUE
1670,2006,1,Depression,outside,72.180328125,Militia dominant,missing/uncertain,annual AFCD cropland-fraction source unavailable; event-year raster alone is insufficient,outside,,,,,,FALSE,FALSE,FALSE,FALSE
5582,2006,1,Depression,outside,68.1652421875,Militia dominant,missing/uncertain,annual AFCD cropland-fraction source unavailable; event-year raster alone is insufficient,outside,,,,,,FALSE,FALSE,FALSE,FALSE
7916,2006,1,Depression,outside,65.53052734375,Militia dominant,missing/uncertain,annual AFCD cropland-fraction source unavailable; event-year raster alone is insufficient,outside,,,,,,FALSE,FALSE,FALSE,FALSE
8778,2006,1,Depression,outside,64.93458203125,Militia dominant,missing/uncertain,annual AFCD cropland-fraction source unavailable; event-year raster alone is insufficient,outside,,,,,,FALSE,FALSE,FALSE,FALSE
8813,2006,1,Depression,outside,64.5019375,Militia dominant,missing/uncertain,annual AFCD cropland-fraction source unavailable; event-year raster alone is insufficient,outside,,,,,,FALSE,FALSE,FALSE,FALSE
9768,2006,1,Depression,outside,63.15061328125,Militia dominant,missing/uncertain,annual AFCD cropland-fraction source unavailable; event-year raster alone is insufficient,outside,,,,,,FALSE,FALSE,FALSE,FALSE
10156,2006,1,Depression,outside,63,Militia dominant,missing/uncertain,annual AFCD cropland-fraction source unavailable; event-year raster alone is insufficient,outside,,,,,,FALSE,FALSE,FALSE,FALSE
12907,2006,1,Depression,outside,60.92003125,Militia dominant,missing/uncertain,annual AFCD cropland-fraction source unavailable; event-year raster alone is insufficient,outside,,,,,,FALSE,FALSE,FALSE,FALSE
14606,2006,1,Depression,outside,58.7728671875,Militia dominant,missing/uncertain,annual AFCD cropland-fraction source unavailable; event-year raster alone is insufficient,outside,,,,,,FALSE,FALSE,FALSE,FALSE
15123,2006,1,Depression,outside,56.5,Militia dominant,missing/uncertain,annual AFCD cropland-fraction source unavailable; event-year raster alone is insufficient,outside,,,,,,FALSE,FALSE,FALSE,FALSE
15476,2006,1,Depression,outside,57.1401796875,Militia dominant,missing/uncertain,annual AFCD cropland-fraction source unavailable; event-year raster alone is insufficient,outside,,,,,,FALSE,FALSE,FALSE,FALSE
15950,2006,1,Depression,outside,57.0635625,Militia dominant,missing/uncertain,annual AFCD cropland-fraction source unavailable; event-year raster alone is insufficient,outside,,,,,,FALSE,FALSE,FALSE,FALSE
16362,2006,1,Depression,outside,56,Militia dominant,missing/uncertain,annual AFCD cropland-fraction source unavailable; event-year raster alone is insufficient,outside,,,,,,FALSE,FALSE,FALSE,FALSE
16809,2006,1,Depression,outside,55.5,Militia dominant,missing/uncertain,annual AFCD cropland-fraction source unavailable; event-year raster alone is insufficient,outside,,,,,,FALSE,FALSE,FALSE,FALSE
16820,2006,1,Depression,outside,55.77185546875,Militia dominant,missing/uncertain,annual AFCD cropland-fraction source unavailable; event-year raster alone is insufficient,outside,,,,,,FALSE,FALSE,FALSE,FALSE
18176,2006,1,Depression,outside,55.4278828125,Militia dominant,missing/uncertain,annual AFCD cropland-fraction source unavailable; event-year raster alone is insufficient,outside,,,,,,FALSE,FALSE,FALSE,FALSE
18625,2006,1,Depression,outside,54.7220234375,Militia dominant,missing/uncertain,annual AFCD cropland-fraction source unavailable; event-year raster alone is insufficient,outside,,,,,,FALSE,FALSE,FALSE,FALSE
19055,2006,1,Depression,outside,53.28461328125,Militia dominant,missing/uncertain,annual AFCD cropland-fraction source unavailable; event-year raster alone is insufficient,outside,,,,,,FALSE,FALSE,FALSE,FALSE
19500,2006,1,Depression,outside,52.69250390625,Militia dominant,missing/uncertain,annual AFCD cropland-fraction source unavailable; event-year raster alone is insufficient,outside,,,,,,FALSE,FALSE,FALSE,FALSE
19939,2006,1,Depression,outside,52.00240234375,Militia dominant,missing/uncertain,annual AFCD cropland-fraction source unavailable; event-year raster alone is insufficient,outside,,,,,,FALSE,FALSE,FALSE,FALSE
20829,2006,1,Depression,outside,51.00244921875,Militia dominant,missing/uncertain,annual AFCD cropland-fraction source unavailable; event-year raster alone is insufficient,outside,,,,,,FALSE,FALSE,FALSE,FALSE
21185,2006,1,Depression,outside,58.5683359375,Militia dominant,missing/uncertain,annual AFCD cropland-fraction source unavailable; event-year raster alone is insufficient,outside,,,,,,FALSE,FALSE,FALSE,FALSE
21298,2006,1,Depression,outside,51.385796875,Militia dominant,missing/uncertain,annual AFCD cropland-fraction source unavailable; event-year raster alone is insufficient,outside,,,,,,FALSE,FALSE,FALSE,FALSE
21376,2006,1,Depression,outside,49.25444140625,Militia dominant,missing/uncertain,annual AFCD cropland-fraction source unavailable; event-year raster alone is insufficient,outside,,,,,,FALSE,FALSE,FALSE,FALSE
21751,2006,1,Depression,outside,51.5388203125,Militia dominant,missing/uncertain,annual AFCD cropland-fraction source unavailable; event-year raster alone is insufficient,outside,,,,,,FALSE,FALSE,FALSE,FALSE
22202,2006,1,Depression,outside,50.70749609375,Militia dominant,missing/uncertain,annual AFCD cropland-fraction source unavailable; event-year raster alone is insufficient,outside,,,,,,FALSE,FALSE,FALSE,FALSE
22648,2006,1,Depression,outside,50.33140234375,Militia dominant,missing/uncertain,annual AFCD cropland-fraction source unavailable; event-year raster alone is insufficient,outside,,,,,,FALSE,FALSE,FALSE,FALSE
22719,2006,1,Depression,outside,47.87744921875,Militia dominant,missing/uncertain,annual AFCD cropland-fraction source unavailable; event-year raster alone is insufficient,outside,,,,,,FALSE,FALSE,FALSE,FALSE
23515,2006,1,Depression,outside,48.00260546875,Militia dominant,missing/uncertain,annual AFCD cropland-fraction source unavailable; event-year raster alone is insufficient,outside,,,,,,FALSE,FALSE,FALSE,FALSE
23525,2006,1,Depression,outside,48.314078125,Militia dominant,missing/uncertain,annual AFCD cropland-fraction source unavailable; event-year raster alone is insufficient,outside,,,,,,FALSE,FALSE,FALSE,FALSE
24052,2006,1,Depression,outside,46.04345703125,Militia dominant,missing/uncertain,annual AFCD cropland-fraction source unavailable; event-year raster alone is insufficient,outside,,,,,,FALSE,FALSE,FALSE,FALSE
24410,2006,1,Depression,outside,47.01063671875,Militia dominant,missing/uncertain,annual AFCD cropland-fraction source unavailable; event-year raster alone is insufficient,outside,,,,,,FALSE,FALSE,FALSE,FALSE
25300,2006,1,Depression,outside,46,Militia dominant,missing/uncertain,annual AFCD cropland-fraction source unavailable; event-year raster alone is insufficient,outside,,,,,,FALSE,FALSE,FALSE,FALSE
26160,2006,1,Depression,outside,44.5252734375,Militia dominant,missing/uncertain,annual AFCD cropland-fraction source unavailable; event-year raster alone is insufficient,outside,,,,,,FALSE,FALSE,FALSE,FALSE
27083,2006,1,Depression,outside,44.07096484375,Militia dominant,missing/uncertain,annual AFCD cropland-fraction source unavailable; event-year raster alone is insufficient,outside,,,,,,FALSE,FALSE,FALSE,FALSE
28517,2006,1,Depression,outside,41,Militia dominant,missing/uncertain,annual AFCD cropland-fraction source unavailable; event-year raster alone is insufficient,outside,,,,,,FALSE,FALSE,FALSE,FALSE
29865,2006,1,Depression,outside,39.61376171875,Militia dominant,missing/uncertain,annual AFCD cropland-fraction source unavailable; event-year raster alone is insufficient,outside,,,,,,FALSE,FALSE,FALSE,FALSE
30202,2006,1,Depression,outside,40.6078828125,Militia dominant,missing/uncertain,annual AFCD cropland-fraction source unavailable; event-year raster alone is insufficient,outside,,,,,,FALSE,FALSE,FALSE,FALSE
30626,2006,1,Depression,outside,39.65476171875,Militia dominant,missing/uncertain,annual AFCD cropland-fraction source unavailable; event-year raster alone is insufficient,outside,,,,,,FALSE,FALSE,FALSE,FALSE
30650,2006,1,Depression,outside,40.20572265625,Militia dominant,missing/uncertain,annual AFCD cropland-fraction source unavailable; event-year raster alone is insufficient,outside,,,,,,FALSE,FALSE,FALSE,FALSE
31054,2006,1,Depression,outside,41.109609375,Militia dominant,missing/uncertain,annual AFCD cropland-fraction source unavailable; event-year raster alone is insufficient,outside,,,,,,FALSE,FALSE,FALSE,FALSE
31058,2006,1,Depression,outside,40.52159765625,Militia dominant,missing/uncertain,annual AFCD cropland-fraction source unavailable; event-year raster alone is insufficient,outside,,,,,,FALSE,FALSE,FALSE,FALSE
31064,2006,1,Depression,outside,39.81205859375,Militia dominant,missing/uncertain,annual AFCD cropland-fraction source unavailable; event-year raster alone is insufficient,outside,,,,,,FALSE,FALSE,FALSE,FALSE
31071,2006,1,Depression,outside,39.2587578125,Militia dominant,missing/uncertain,annual AFCD cropland-fraction source unavailable; event-year raster alone is insufficient,outside,,,,,,FALSE,FALSE,FALSE,FALSE
31500,2006,1,Depression,outside,40.79828515625,Militia dominant,missing/uncertain,annual AFCD cropland-fraction source unavailable; event-year raster alone is insufficient,outside,,,,,,FALSE,FALSE,FALSE,FALSE
31520,2006,1,Depression,outside,38.65876171875,Militia dominant,missing/uncertain,annual AFCD cropland-fraction source unavailable; event-year raster alone is insufficient,outside,,,,,,FALSE,FALSE,FALSE,FALSE
31957,2006,1,Depression,outside,38.9390546875,Militia dominant,missing/uncertain,annual AFCD cropland-fraction source unavailable; event-year raster alone is insufficient,outside,,,,,,FALSE,FALSE,FALSE,FALSE
32409,2006,1,Depression,outside,37.97696484375,Militia dominant,missing/uncertain,annual AFCD cropland-fraction source unavailable; event-year raster alone is insufficient,outside,,,,,,FALSE,FALSE,FALSE,FALSE
32535,2006,1,Depression,outside,36.55475390625,Militia dominant,missing/uncertain,annual AFCD cropland-fraction source unavailable; event-year raster alone is insufficient,outside,,,,,,FALSE,FALSE,FALSE,FALSE
33283,2006,1,Depression,outside,39.85285546875,Militia dominant,missing/uncertain,annual AFCD cropland-fraction source unavailable; event-year raster alone is insufficient,outside,,,,,,FALSE,FALSE,FALSE,FALSE
33430,2006,1,Depression,outside,35.53167578125,Militia dominant,missing/uncertain,annual AFCD cropland-fraction source unavailable; event-year raster alone is insufficient,outside,,,,,,FALSE,FALSE,FALSE,FALSE
33727,2006,1,Depression,outside,40.02811328125,Militia dominant,missing/uncertain,annual AFCD cropland-fraction source unavailable; event-year raster alone is insufficient,outside,,,,,,FALSE,FALSE,FALSE,FALSE
33758,2006,1,Depression,outside,36.05551171875,Militia dominant,missing/uncertain,annual AFCD cropland-fraction source unavailable; event-year raster alone is insufficient,outside,,,,,,FALSE,FALSE,FALSE,FALSE
33875,2006,1,Depression,outside,35.089171875,Militia dominant,missing/uncertain,annual AFCD cropland-fraction source unavailable; event-year raster alone is insufficient,outside,,,,,,FALSE,FALSE,FALSE,FALSE
34616,2006,1,Depression,outside,40.3112890625,Militia dominant,missing/uncertain,annual AFCD cropland-fraction source unavailable; event-year raster alone is insufficient,outside,,,,,,FALSE,FALSE,FALSE,FALSE
35065,2006,1,Depression,outside,39.38591015625,Militia dominant,missing/uncertain,annual AFCD cropland-fraction source unavailable; event-year raster alone is insufficient,outside,,,,,,FALSE,FALSE,FALSE,FALSE
35068,2006,1,Depression,outside,38.68462109375,Militia dominant,missing/uncertain,annual AFCD cropland-fraction source unavailable; event-year raster alone is insufficient,outside,,,,,,FALSE,FALSE,FALSE,FALSE
35512,2006,1,Depression,outside,38.94868359375,Militia dominant,missing/uncertain,annual AFCD cropland-fraction source unavailable; event-year raster alone is insufficient,outside,,,,,,FALSE,FALSE,FALSE,FALSE
35536,2006,1,Depression,outside,34.713109375,Militia dominant,missing/uncertain,annual AFCD cropland-fraction source unavailable; event-year raster alone is insufficient,outside,,,,,,FALSE,FALSE,FALSE,FALSE
36106,2006,1,Depression,outside,32.81005859375,Militia dominant,missing/uncertain,annual AFCD cropland-fraction source unavailable; event-year raster alone is insufficient,outside,,,,,,FALSE,FALSE,FALSE,FALSE
36407,2006,1,Depression,outside,37.83186328125,Militia dominant,missing/uncertain,annual AFCD cropland-fraction source unavailable; event-year raster alone is insufficient,outside,,,,,,FALSE,FALSE,FALSE,FALSE
36410,2006,1,Depression,outside,37.121421875,Militia dominant,missing/uncertain,annual AFCD cropland-fraction source unavailable; event-year raster alone is insufficient,outside,,,,,,FALSE,FALSE,FALSE,FALSE
36847,2006,1,Depression,outside,39.24601953125,Militia dominant,missing/uncertain,annual AFCD cropland-fraction source unavailable; event-year raster alone is insufficient,outside,,,,,,FALSE,FALSE,FALSE,FALSE
38653,2006,1,Depression,outside,33.1549375,Militia dominant,missing/uncertain,annual AFCD cropland-fraction source unavailable; event-year raster alone is insufficient,outside,,,,,,FALSE,FALSE,FALSE,FALSE
40874,2006,1,Depression,outside,34.40930078125,Militia dominant,missing/uncertain,annual AFCD cropland-fraction source unavailable; event-year raster alone is insufficient,outside,,,,,,FALSE,FALSE,FALSE,FALSE
42218,2006,1,Depression,outside,32.318724609375,Militia dominant,missing/uncertain,annual AFCD cropland-fraction source unavailable; event-year raster alone is insufficient,outside,,,,,,FALSE,FALSE,FALSE,FALSE
42344,2006,1,Depression,outside,27.07397265625,Militia dominant,missing/uncertain,annual AFCD cropland-fraction source unavailable; event-year raster alone is insufficient,outside,,,,,,FALSE,FALSE,FALSE,FALSE
42346,2006,1,Depression,outside,27.16615625,Militia dominant,missing/uncertain,annual AFCD cropland-fraction source unavailable; event-year raster alone is insufficient,outside,,,,,,FALSE,FALSE,FALSE,FALSE
42652,2006,1,Depression,outside,36.06937890625,Militia dominant,missing/uncertain,annual AFCD cropland-fraction source unavailable; event-year raster alone is insufficient,outside,,,,,,FALSE,FALSE,FALSE,FALSE
43111,2006,1,Depression,outside,31.800158203125,Militia dominant,missing/uncertain,annual AFCD cropland-fraction source unavailable; event-year raster alone is insufficient,outside,,,,,,FALSE,FALSE,FALSE,FALSE
43113,2006,1,Depression,outside,31.212978515625,Militia dominant,missing/uncertain,annual AFCD cropland-fraction source unavailable; event-year raster alone is insufficient,outside,,,,,,FALSE,FALSE,FALSE,FALSE
44892,2006,1,Depression,outside,32.53459765625,Militia dominant,missing/uncertain,annual AFCD cropland-fraction source unavailable; event-year raster alone is insufficient,outside,,,,,,FALSE,FALSE,FALSE,FALSE
45327,2006,1,Depression,outside,36.62308203125,Militia dominant,missing/uncertain,annual AFCD cropland-fraction source unavailable; event-year raster alone is insufficient,outside,,,,,,FALSE,FALSE,FALSE,FALSE
45775,2006,1,Depression,outside,35.92005078125,Militia dominant,missing/uncertain,annual AFCD cropland-fraction source unavailable; event-year raster alone is insufficient,outside,,,,,,FALSE,FALSE,FALSE,FALSE
48901,2006,1,Depression,outside,35.089171875,Militia dominant,missing/uncertain,annual AFCD cropland-fraction source unavailable; event-year raster alone is insufficient,outside,,,,,,FALSE,FALSE,FALSE,FALSE
48905,2006,1,Depression,outside,33.4252890625,Militia dominant,missing/uncertain,annual AFCD cropland-fraction source unavailable; event-year raster alone is insufficient,outside,,,,,,FALSE,FALSE,FALSE,FALSE
52031,2006,1,Depression,outside,32.8823671875,Militia dominant,missing/uncertain,annual AFCD cropland-fraction source unavailable; event-year raster alone is insufficient,outside,,,,,,FALSE,FALSE,FALSE,FALSE
52035,2006,1,Depression,outside,31.132779296875,Militia dominant,missing/uncertain,annual AFCD cropland-fraction source unavailable; event-year raster alone is insufficient,outside,,,,,,FALSE,FALSE,FALSE,FALSE
52482,2006,1,Depression,outside,30.886890625,Militia dominant,missing/uncertain,annual AFCD cropland-fraction source unavailable; event-year raster alone is insufficient,outside,,,,,,FALSE,FALSE,FALSE,FALSE
52922,2006,1,Depression,outside,33.7712890625,Militia dominant,missing/uncertain,annual AFCD cropland-fraction source unavailable; event-year raster alone is insufficient,outside,,,,,,FALSE,FALSE,FALSE,FALSE
58408,2006,1,Depression,outside,14.53444140625,Militia dominant,missing/uncertain,annual AFCD cropland-fraction source unavailable; event-year raster alone is insufficient,outside,,,,,,FALSE,FALSE,FALSE,TRUE
65107,2006,1,Depression,outside,7.15891064453125,Militia dominant,missing/uncertain,annual AFCD cropland-fraction source unavailable; event-year raster alone is insufficient,outside,,,,,,FALSE,FALSE,TRUE,TRUE
65999,2006,1,Depression,outside,5.85235009765625,Militia dominant,missing/uncertain,annual AFCD cropland-fraction source unavailable; event-year raster alone is insufficient,outside,,,,,,FALSE,FALSE,TRUE,TRUE
70303,2006,1,Depression,outside,47.594640625,Militia dominant,missing/uncertain,annual AFCD cropland-fraction source unavailable; event-year raster alone is insufficient,outside,,,,,,FALSE,FALSE,FALSE,FALSE
77419,2006,1,Depression,outside,60.92003125,Militia dominant,missing/uncertain,annual AFCD cropland-fraction source unavailable; event-year raster alone is insufficient,outside,,,,,,FALSE,FALSE,FALSE,FALSE
78465,2006,1,Depression,outside,1.11803393554687,Militia dominant,missing/uncertain,annual AFCD cropland-fraction source unavailable; event-year raster alone is insufficient,outside,,,,,,FALSE,TRUE,TRUE,TRUE
79691,2006,1,Depression,outside,42.54703125,Militia dominant,missing/uncertain,annual AFCD cropland-fraction source unavailable; event-year raster alone is insufficient,outside,,,,,,FALSE,FALSE,FALSE,FALSE
84182,2006,1,Depression,outside,30.99193359375,Militia dominant,missing/uncertain,annual AFCD cropland-fraction source unavailable; event-year raster alone is insufficient,outside,,,,,,FALSE,FALSE,FALSE,FALSE
85070,2006,1,Depression,outside,33.59315234375,Militia dominant,missing/uncertain,annual AFCD cropland-fraction source unavailable; event-year raster alone is insufficient,outside,,,,,,FALSE,FALSE,FALSE,FALSE
85515,2006,1,Depression,outside,34.44198046875,Militia dominant,missing/uncertain,annual AFCD cropland-fraction source unavailable; event-year raster alone is insufficient,outside,,,,,,FALSE,FALSE,FALSE,FALSE
86409,2006,1,Depression,outside,34.22353125,Militia dominant,missing/uncertain,annual AFCD cropland-fraction source unavailable; event-year raster alone is insufficient,outside,,,,,,FALSE,FALSE,FALSE,FALSE
86412,2006,1,Depression,outside,32.756677734375,Militia dominant,missing/uncertain,annual AFCD cropland-fraction source unavailable; event-year raster alone is insufficient,outside,,,,,,FALSE,FALSE,FALSE,FALSE
89973,2006,1,Depression,outside,39.61376171875,Militia dominant,missing/uncertain,annual AFCD cropland-fraction source unavailable; event-year raster alone is insufficient,outside,,,,,,FALSE,FALSE,FALSE,FALSE
96151,2006,1,Depression,outside,74.66759375,Militia dominant,missing/uncertain,annual AFCD cropland-fraction source unavailable; event-year raster alone is insufficient,outside,,,,,,FALSE,FALSE,FALSE,FALSE
108386,2006,1,Depression,outside,7.1063349609375,Militia dominant,missing/uncertain,annual AFCD cropland-fraction source unavailable; event-year raster alone is insufficient,outside,,,,,,FALSE,FALSE,TRUE,TRUE
108800,2006,1,Depression,outside,16.800296875,Militia dominant,missing/uncertain,annual AFCD cropland-fraction source unavailable; event-year raster alone is insufficient,outside,,,,,,FALSE,FALSE,FALSE,TRUE
111956,2006,1,Depression,outside,6.02079736328125,Militia dominant,missing/uncertain,annual AFCD cropland-fraction source unavailable; event-year raster alone is insufficient,outside,,,,,,FALSE,FALSE,TRUE,TRUE
112395,2006,1,Depression,outside,9.0138779296875,Militia dominant,missing/uncertain,annual AFCD cropland-fraction source unavailable; event-year raster alone is insufficient,outside,,,,,,FALSE,FALSE,TRUE,TRUE
112854,2006,1,Depression,outside,3.90512475585938,Militia dominant,missing/uncertain,annual AFCD cropland-fraction source unavailable; event-year raster alone is insufficient,outside,,,,,,FALSE,TRUE,TRUE,TRUE
113753,2006,1,Depression,outside,1.58113879394531,Militia dominant,missing/uncertain,annual AFCD cropland-fraction source unavailable; event-year raster alone is insufficient,outside,,,,,,FALSE,TRUE,TRUE,TRUE
114182,2006,1,Depression,outside,8.321658203125,Militia dominant,missing/uncertain,annual AFCD cropland-fraction source unavailable; event-year raster alone is insufficient,outside,,,,,,FALSE,FALSE,TRUE,TRUE
115082,2006,1,Depression,outside,5.31507275390625,Militia dominant,missing/uncertain,annual AFCD cropland-fraction source unavailable; event-year raster alone is insufficient,outside,,,,,,FALSE,FALSE,TRUE,TRUE
115085,2006,1,Depression,outside,4.03112890625,Militia dominant,missing/uncertain,annual AFCD cropland-fraction source unavailable; event-year raster alone is insufficient,outside,,,,,,FALSE,TRUE,TRUE,TRUE
115526,2006,1,Depression,outside,6.26498193359375,Militia dominant,missing/uncertain,annual AFCD cropland-fraction source unavailable; event-year raster alone is insufficient,outside,,,,,,FALSE,FALSE,TRUE,TRUE
129625,2006,1,Depression,outside,28.692333984375,Militia dominant,missing/uncertain,annual AFCD cropland-fraction source unavailable; event-year raster alone is insufficient,outside,,,,,,FALSE,FALSE,FALSE,FALSE
1681,2007,1,Depression,outside,71.39503125,Neither actor dominant,missing/uncertain,annual AFCD cropland-fraction source unavailable; event-year raster alone is insufficient,outside,,,,,,FALSE,FALSE,FALSE,FALSE
7927,2007,1,Depression,outside,65.40833203125,Neither actor dominant,missing/uncertain,annual AFCD cropland-fraction source unavailable; event-year raster alone is insufficient,outside,,,,,,FALSE,FALSE,FALSE,FALSE
8363,2007,1,Depression,outside,65.03076171875,Neither actor dominant,missing/uncertain,annual AFCD cropland-fraction source unavailable; event-year raster alone is insufficient,outside,,,,,,FALSE,FALSE,FALSE,FALSE
15041,2007,1,Depression,outside,58.3630859375,Neither actor dominant,missing/uncertain,annual AFCD cropland-fraction source unavailable; event-year raster alone is insufficient,outside,,,,,,FALSE,FALSE,FALSE,FALSE
19962,2007,1,Depression,outside,53.36665625,Neither actor dominant,missing/uncertain,annual AFCD cropland-fraction source unavailable; event-year raster alone is insufficient,outside,,,,,,FALSE,FALSE,FALSE,FALSE
21186,2007,1,Depression,outside,58.30951953125,Neither actor dominant,missing/uncertain,annual AFCD cropland-fraction source unavailable; event-year raster alone is insufficient,outside,,,,,,FALSE,FALSE,FALSE,FALSE
22131,2007,1,Depression,outside,49.20619921875,Neither actor dominant,missing/uncertain,annual AFCD cropland-fraction source unavailable; event-year raster alone is insufficient,outside,,,,,,FALSE,FALSE,FALSE,FALSE
24367,2007,1,Depression,outside,46.6717265625,Neither actor dominant,missing/uncertain,annual AFCD cropland-fraction source unavailable; event-year raster alone is insufficient,outside,,,,,,FALSE,FALSE,FALSE,FALSE
25847,2007,1,Depression,outside,44.34241796875,Neither actor dominant,missing/uncertain,annual AFCD cropland-fraction source unavailable; event-year raster alone is insufficient,outside,,,,,,FALSE,FALSE,FALSE,FALSE
29759,2007,1,Depression,outside,41.3672578125,Neither actor dominant,missing/uncertain,annual AFCD cropland-fraction source unavailable; event-year raster alone is insufficient,outside,,,,,,FALSE,FALSE,FALSE,FALSE
30184,2007,1,Depression,outside,40.0125,Neither actor dominant,missing/uncertain,annual AFCD cropland-fraction source unavailable; event-year raster alone is insufficient,outside,,,,,,FALSE,FALSE,FALSE,FALSE
30631,2007,1,Depression,outside,39.51265625,Neither actor dominant,missing/uncertain,annual AFCD cropland-fraction source unavailable; event-year raster alone is insufficient,outside,,,,,,FALSE,FALSE,FALSE,FALSE
31200,2007,1,Depression,outside,38,Neither actor dominant,missing/uncertain,annual AFCD cropland-fraction source unavailable; event-year raster alone is insufficient,outside,,,,,,FALSE,FALSE,FALSE,FALSE
31510,2007,1,Depression,outside,39.4271484375,Neither actor dominant,missing/uncertain,annual AFCD cropland-fraction source unavailable; event-year raster alone is insufficient,outside,,,,,,FALSE,FALSE,FALSE,FALSE
33426,2007,1,Depression,outside,35.6721171875,Neither actor dominant,missing/uncertain,annual AFCD cropland-fraction source unavailable; event-year raster alone is insufficient,outside,,,,,,FALSE,FALSE,FALSE,FALSE
34165,2007,1,Depression,outside,41.76421875,Neither actor dominant,missing/uncertain,annual AFCD cropland-fraction source unavailable; event-year raster alone is insufficient,outside,,,,,,FALSE,FALSE,FALSE,FALSE
34194,2007,1,Depression,outside,36.28360546875,Neither actor dominant,missing/uncertain,annual AFCD cropland-fraction source unavailable; event-year raster alone is insufficient,outside,,,,,,FALSE,FALSE,FALSE,FALSE
34322,2007,1,Depression,outside,34.5904609375,Neither actor dominant,missing/uncertain,annual AFCD cropland-fraction source unavailable; event-year raster alone is insufficient,outside,,,,,,FALSE,FALSE,FALSE,FALSE
34637,2007,1,Depression,outside,36.266375,Neither actor dominant,missing/uncertain,annual AFCD cropland-fraction source unavailable; event-year raster alone is insufficient,outside,,,,,,FALSE,FALSE,FALSE,FALSE
35058,2007,1,Depression,outside,41.18858984375,Neither actor dominant,missing/uncertain,annual AFCD cropland-fraction source unavailable; event-year raster alone is insufficient,outside,,,,,,FALSE,FALSE,FALSE,FALSE
35510,2007,1,Depression,outside,39.4461640625,Neither actor dominant,missing/uncertain,annual AFCD cropland-fraction source unavailable; event-year raster alone is insufficient,outside,,,,,,FALSE,FALSE,FALSE,FALSE
39536,2007,1,Depression,outside,34.82096875,Neither actor dominant,missing/uncertain,annual AFCD cropland-fraction source unavailable; event-year raster alone is insufficient,outside,,,,,,FALSE,FALSE,FALSE,FALSE
40405,2007,1,Depression,outside,42.1099765625,Neither actor dominant,missing/uncertain,annual AFCD cropland-fraction source unavailable; event-year raster alone is insufficient,outside,,,,,,FALSE,FALSE,FALSE,FALSE
40421,2007,1,Depression,outside,36.62308203125,Neither actor dominant,missing/uncertain,annual AFCD cropland-fraction source unavailable; event-year raster alone is insufficient,outside,,,,,,FALSE,FALSE,FALSE,FALSE
41767,2007,1,Depression,outside,33.90058984375,Neither actor dominant,missing/uncertain,annual AFCD cropland-fraction source unavailable; event-year raster alone is insufficient,outside,,,,,,FALSE,FALSE,FALSE,FALSE
41887,2007,1,Depression,outside,27.61340234375,Neither actor dominant,missing/uncertain,annual AFCD cropland-fraction source unavailable; event-year raster alone is insufficient,outside,,,,,,FALSE,FALSE,FALSE,FALSE
56493,2007,1,Depression,outside,34.6301875,Neither actor dominant,missing/uncertain,annual AFCD cropland-fraction source unavailable; event-year raster alone is insufficient,outside,,,,,,FALSE,FALSE,FALSE,FALSE
57382,2007,1,Depression,outside,36.7491484375,Neither actor dominant,missing/uncertain,annual AFCD cropland-fraction source unavailable; event-year raster alone is insufficient,outside,,,,,,FALSE,FALSE,FALSE,FALSE
58282,2007,1,Depression,outside,33.59315234375,Neither actor dominant,missing/uncertain,annual AFCD cropland-fraction source unavailable; event-year raster alone is insufficient,outside,,,,,,FALSE,FALSE,FALSE,FALSE
60512,2007,1,Depression,outside,35.5105625,Neither actor dominant,missing/uncertain,annual AFCD cropland-fraction source unavailable; event-year raster alone is insufficient,outside,,,,,,FALSE,FALSE,FALSE,FALSE
64975,2007,1,Depression,outside,37.8714921875,Neither actor dominant,missing/uncertain,annual AFCD cropland-fraction source unavailable; event-year raster alone is insufficient,outside,,,,,,FALSE,FALSE,FALSE,FALSE
67331,2007,1,Depression,outside,2.5,Neither actor dominant,missing/uncertain,annual AFCD cropland-fraction source unavailable; event-year raster alone is insufficient,outside,,,,,,FALSE,TRUE,TRUE,TRUE
67779,2007,1,Depression,outside,2.5,Neither actor dominant,missing/uncertain,annual AFCD cropland-fraction source unavailable; event-year raster alone is insufficient,outside,,,,,,FALSE,TRUE,TRUE,TRUE
79712,2007,1,Depression,outside,32.8709609375,Neither actor dominant,missing/uncertain,annual AFCD cropland-fraction source unavailable; event-year raster alone is insufficient,outside,,,,,,FALSE,FALSE,FALSE,FALSE
80606,2007,1,Depression,outside,32.442255859375,Neither actor dominant,missing/uncertain,annual AFCD cropland-fraction source unavailable; event-year raster alone is insufficient,outside,,,,,,FALSE,FALSE,FALSE,FALSE
81598,2007,1,Depression,inside,-2.5,Neither actor dominant,missing/uncertain,annual AFCD cropland-fraction source unavailable; event-year raster alone is insufficient,inside,,,,,,FALSE,TRUE,TRUE,TRUE
83381,2007,1,Depression,outside,0.5,Neither actor dominant,missing/uncertain,annual AFCD cropland-fraction source unavailable; event-year raster alone is insufficient,outside,,,,,,FALSE,TRUE,TRUE,TRUE
83735,2007,1,Depression,outside,31.1488359375,Neither actor dominant,missing/uncertain,annual AFCD cropland-fraction source unavailable; event-year raster alone is insufficient,outside,,,,,,FALSE,FALSE,FALSE,FALSE
84175,2007,1,Depression,outside,34.3402109375,Neither actor dominant,missing/uncertain,annual AFCD cropland-fraction source unavailable; event-year raster alone is insufficient,outside,,,,,,FALSE,FALSE,FALSE,FALSE
84620,2007,1,Depression,outside,35.17101171875,Neither actor dominant,missing/uncertain,annual AFCD cropland-fraction source unavailable; event-year raster alone is insufficient,outside,,,,,,FALSE,FALSE,FALSE,FALSE
84622,2007,1,Depression,outside,34.20526171875,Neither actor dominant,missing/uncertain,annual AFCD cropland-fraction source unavailable; event-year raster alone is insufficient,outside,,,,,,FALSE,FALSE,FALSE,FALSE
85516,2007,1,Depression,outside,33.95585546875,Neither actor dominant,missing/uncertain,annual AFCD cropland-fraction source unavailable; event-year raster alone is insufficient,outside,,,,,,FALSE,FALSE,FALSE,FALSE
85964,2007,1,Depression,outside,33.35416015625,Neither actor dominant,missing/uncertain,annual AFCD cropland-fraction source unavailable; event-year raster alone is insufficient,outside,,,,,,FALSE,FALSE,FALSE,FALSE
86502,2007,1,Depression,outside,1,Neither actor dominant,missing/uncertain,annual AFCD cropland-fraction source unavailable; event-year raster alone is insufficient,outside,,,,,,FALSE,TRUE,TRUE,TRUE
87393,2007,1,Depression,inside,-1.11803393554687,Neither actor dominant,missing/uncertain,annual AFCD cropland-fraction source unavailable; event-year raster alone is insufficient,inside,,,,,,FALSE,TRUE,TRUE,TRUE
92204,2007,1,Depression,outside,41.50301171875,Neither actor dominant,missing/uncertain,annual AFCD cropland-fraction source unavailable; event-year raster alone is insufficient,outside,,,,,,FALSE,FALSE,FALSE,FALSE
95316,2007,1,Depression,outside,49.62358203125,Neither actor dominant,missing/uncertain,annual AFCD cropland-fraction source unavailable; event-year raster alone is insufficient,outside,,,,,,FALSE,FALSE,FALSE,FALSE
95317,2007,1,Depression,outside,49.12483984375,Neither actor dominant,missing/uncertain,annual AFCD cropland-fraction source unavailable; event-year raster alone is insufficient,outside,,,,,,FALSE,FALSE,FALSE,FALSE
98021,2007,1,Depression,outside,38.0032890625,Neither actor dominant,missing/uncertain,annual AFCD cropland-fraction source unavailable; event-year raster alone is insufficient,outside,,,,,,FALSE,FALSE,FALSE,FALSE
103454,2007,1,Depression,outside,6.02079736328125,Neither actor dominant,missing/uncertain,annual AFCD cropland-fraction source unavailable; event-year raster alone is insufficient,outside,,,,,,FALSE,FALSE,TRUE,TRUE
105222,2007,1,Depression,outside,15.4434453125,Neither actor dominant,missing/uncertain,annual AFCD cropland-fraction source unavailable; event-year raster alone is insufficient,outside,,,,,,FALSE,FALSE,FALSE,TRUE
108383,2007,1,Depression,outside,7.9056943359375,Neither actor dominant,missing/uncertain,annual AFCD cropland-fraction source unavailable; event-year raster alone is insufficient,outside,,,,,,FALSE,FALSE,TRUE,TRUE
113738,2007,1,Depression,outside,7.38241162109375,Neither actor dominant,missing/uncertain,annual AFCD cropland-fraction source unavailable; event-year raster alone is insufficient,outside,,,,,,FALSE,FALSE,TRUE,TRUE
139398,2007,1,Depression,outside,19.798990234375,Neither actor dominant,missing/uncertain,annual AFCD cropland-fraction source unavailable; event-year raster alone is insufficient,outside,,,,,,FALSE,FALSE,FALSE,TRUE
143919,2007,1,Depression,outside,38.5875625,Neither actor dominant,missing/uncertain,annual AFCD cropland-fraction source unavailable; event-year raster alone is insufficient,outside,,,,,,FALSE,FALSE,FALSE,FALSE
778,2008,1,Depression,outside,72.9931484375,Neither actor dominant,missing/uncertain,annual AFCD cropland-fraction source unavailable; event-year raster alone is insufficient,outside,,,,,,FALSE,FALSE,FALSE,FALSE
2568,2008,1,Depression,outside,70.859015625,Neither actor dominant,missing/uncertain,annual AFCD cropland-fraction source unavailable; event-year raster alone is insufficient,outside,,,,,,FALSE,FALSE,FALSE,FALSE
2956,2008,1,Depression,outside,71.0281640625,Neither actor dominant,missing/uncertain,annual AFCD cropland-fraction source unavailable; event-year raster alone is insufficient,outside,,,,,,FALSE,FALSE,FALSE,FALSE
6582,2008,1,Depression,outside,67.0074609375,Neither actor dominant,missing/uncertain,annual AFCD cropland-fraction source unavailable; event-year raster alone is insufficient,outside,,,,,,FALSE,FALSE,FALSE,FALSE
8369,2008,1,Depression,outside,65.001921875,Neither actor dominant,missing/uncertain,annual AFCD cropland-fraction source unavailable; event-year raster alone is insufficient,outside,,,,,,FALSE,FALSE,FALSE,FALSE
9322,2008,1,Depression,outside,63.7377421875,Neither actor dominant,missing/uncertain,annual AFCD cropland-fraction source unavailable; event-year raster alone is insufficient,outside,,,,,,FALSE,FALSE,FALSE,FALSE
9769,2008,1,Depression,outside,63.24753125,Neither actor dominant,missing/uncertain,annual AFCD cropland-fraction source unavailable; event-year raster alone is insufficient,outside,,,,,,FALSE,FALSE,FALSE,FALSE
9775,2008,1,Depression,outside,63.90813671875,Neither actor dominant,missing/uncertain,annual AFCD cropland-fraction source unavailable; event-year raster alone is insufficient,outside,,,,,,FALSE,FALSE,FALSE,FALSE
9776,2008,1,Depression,outside,64.0312421875,Neither actor dominant,missing/uncertain,annual AFCD cropland-fraction source unavailable; event-year raster alone is insufficient,outside,,,,,,FALSE,FALSE,FALSE,FALSE
9777,2008,1,Depression,outside,64.1580078125,Neither actor dominant,missing/uncertain,annual AFCD cropland-fraction source unavailable; event-year raster alone is insufficient,outside,,,,,,FALSE,FALSE,FALSE,FALSE
10660,2008,1,Depression,outside,61.9838671875,Neither actor dominant,missing/uncertain,annual AFCD cropland-fraction source unavailable; event-year raster alone is insufficient,outside,,,,,,FALSE,FALSE,FALSE,FALSE
10666,2008,1,Depression,outside,62.58594140625,Neither actor dominant,missing/uncertain,annual AFCD cropland-fraction source unavailable; event-year raster alone is insufficient,outside,,,,,,FALSE,FALSE,FALSE,FALSE
13714,2008,1,Depression,outside,59.60914453125,Neither actor dominant,missing/uncertain,annual AFCD cropland-fraction source unavailable; event-year raster alone is insufficient,outside,,,,,,FALSE,FALSE,FALSE,FALSE
14231,2008,1,Depression,outside,57.6302890625,Neither actor dominant,missing/uncertain,annual AFCD cropland-fraction source unavailable; event-year raster alone is insufficient,outside,,,,,,FALSE,FALSE,FALSE,FALSE
16919,2008,1,Depression,outside,55.2109609375,Neither actor dominant,missing/uncertain,annual AFCD cropland-fraction source unavailable; event-year raster alone is insufficient,outside,,,,,,FALSE,FALSE,FALSE,FALSE
17272,2008,1,Depression,outside,55.5787734375,Neither actor dominant,missing/uncertain,annual AFCD cropland-fraction source unavailable; event-year raster alone is insufficient,outside,,,,,,FALSE,FALSE,FALSE,FALSE
17402,2008,1,Depression,outside,61.04506640625,Neither actor dominant,missing/uncertain,annual AFCD cropland-fraction source unavailable; event-year raster alone is insufficient,outside,,,,,,FALSE,FALSE,FALSE,FALSE
17849,2008,1,Depression,outside,60.5743359375,Neither actor dominant,missing/uncertain,annual AFCD cropland-fraction source unavailable; event-year raster alone is insufficient,outside,,,,,,FALSE,FALSE,FALSE,FALSE
18256,2008,1,Depression,outside,53.3526015625,Neither actor dominant,missing/uncertain,annual AFCD cropland-fraction source unavailable; event-year raster alone is insufficient,outside,,,,,,FALSE,FALSE,FALSE,FALSE
19069,2008,1,Depression,outside,54.454109375,Neither actor dominant,missing/uncertain,annual AFCD cropland-fraction source unavailable; event-year raster alone is insufficient,outside,,,,,,FALSE,FALSE,FALSE,FALSE
19487,2008,1,Depression,outside,52.5095234375,Neither actor dominant,missing/uncertain,annual AFCD cropland-fraction source unavailable; event-year raster alone is insufficient,outside,,,,,,FALSE,FALSE,FALSE,FALSE
19517,2008,1,Depression,outside,53.96758203125,Neither actor dominant,missing/uncertain,annual AFCD cropland-fraction source unavailable; event-year raster alone is insufficient,outside,,,,,,FALSE,FALSE,FALSE,FALSE
19597,2008,1,Depression,outside,51.8772578125,Neither actor dominant,missing/uncertain,annual AFCD cropland-fraction source unavailable; event-year raster alone is insufficient,outside,,,,,,FALSE,FALSE,FALSE,FALSE
20043,2008,1,Depression,outside,51.2957109375,Neither actor dominant,missing/uncertain,annual AFCD cropland-fraction source unavailable; event-year raster alone is insufficient,outside,,,,,,FALSE,FALSE,FALSE,FALSE
20933,2008,1,Depression,outside,49.9925,Neither actor dominant,missing/uncertain,annual AFCD cropland-fraction source unavailable; event-year raster alone is insufficient,outside,,,,,,FALSE,FALSE,FALSE,FALSE
20935,2008,1,Depression,outside,50.142296875,Neither actor dominant,missing/uncertain,annual AFCD cropland-fraction source unavailable; event-year raster alone is insufficient,outside,,,,,,FALSE,FALSE,FALSE,FALSE
21257,2008,1,Depression,outside,50.20208984375,Neither actor dominant,missing/uncertain,annual AFCD cropland-fraction source unavailable; event-year raster alone is insufficient,outside,,,,,,FALSE,FALSE,FALSE,FALSE
21824,2008,1,Depression,outside,48.810859375,Neither actor dominant,missing/uncertain,annual AFCD cropland-fraction source unavailable; event-year raster alone is insufficient,outside,,,,,,FALSE,FALSE,FALSE,FALSE
21826,2008,1,Depression,outside,48.93362890625,Neither actor dominant,missing/uncertain,annual AFCD cropland-fraction source unavailable; event-year raster alone is insufficient,outside,,,,,,FALSE,FALSE,FALSE,FALSE
22714,2008,1,Depression,outside,47.6287734375,Neither actor dominant,missing/uncertain,annual AFCD cropland-fraction source unavailable; event-year raster alone is insufficient,outside,,,,,,FALSE,FALSE,FALSE,FALSE
23164,2008,1,Depression,outside,47.2652109375,Neither actor dominant,missing/uncertain,annual AFCD cropland-fraction source unavailable; event-year raster alone is insufficient,outside,,,,,,FALSE,FALSE,FALSE,FALSE
24051,2008,1,Depression,outside,46.02444921875,Neither actor dominant,missing/uncertain,annual AFCD cropland-fraction source unavailable; event-year raster alone is insufficient,outside,,,,,,FALSE,FALSE,FALSE,FALSE
24857,2008,1,Depression,outside,46.51075,Neither actor dominant,missing/uncertain,annual AFCD cropland-fraction source unavailable; event-year raster alone is insufficient,outside,,,,,,FALSE,FALSE,FALSE,FALSE
25269,2008,1,Depression,outside,45.5,Neither actor dominant,missing/uncertain,annual AFCD cropland-fraction source unavailable; event-year raster alone is insufficient,outside,,,,,,FALSE,FALSE,FALSE,FALSE
26739,2008,1,Depression,outside,43.23482421875,Neither actor dominant,missing/uncertain,annual AFCD cropland-fraction source unavailable; event-year raster alone is insufficient,outside,,,,,,FALSE,FALSE,FALSE,FALSE
27529,2008,1,Depression,outside,43.60332421875,Neither actor dominant,missing/uncertain,annual AFCD cropland-fraction source unavailable; event-year raster alone is insufficient,outside,,,,,,FALSE,FALSE,FALSE,FALSE
28067,2008,1,Depression,outside,41.512046875,Neither actor dominant,missing/uncertain,annual AFCD cropland-fraction source unavailable; event-year raster alone is insufficient,outside,,,,,,FALSE,FALSE,FALSE,FALSE
28962,2008,1,Depression,outside,40.5030859375,Neither actor dominant,missing/uncertain,annual AFCD cropland-fraction source unavailable; event-year raster alone is insufficient,outside,,,,,,FALSE,FALSE,FALSE,FALSE
29861,2008,1,Depression,outside,39.51265625,Neither actor dominant,missing/uncertain,annual AFCD cropland-fraction source unavailable; event-year raster alone is insufficient,outside,,,,,,FALSE,FALSE,FALSE,FALSE
29864,2008,1,Depression,outside,39.57903515625,Neither actor dominant,missing/uncertain,annual AFCD cropland-fraction source unavailable; event-year raster alone is insufficient,outside,,,,,,FALSE,FALSE,FALSE,FALSE
31999,2008,1,Depression,outside,38.61670703125,Neither actor dominant,missing/uncertain,annual AFCD cropland-fraction source unavailable; event-year raster alone is insufficient,outside,,,,,,FALSE,FALSE,FALSE,FALSE
32088,2008,1,Depression,outside,37.054015625,Neither actor dominant,missing/uncertain,annual AFCD cropland-fraction source unavailable; event-year raster alone is insufficient,outside,,,,,,FALSE,FALSE,FALSE,FALSE
32398,2008,1,Depression,outside,39.22371875,Neither actor dominant,missing/uncertain,annual AFCD cropland-fraction source unavailable; event-year raster alone is insufficient,outside,,,,,,FALSE,FALSE,FALSE,FALSE
32539,2008,1,Depression,outside,36.5,Neither actor dominant,missing/uncertain,annual AFCD cropland-fraction source unavailable; event-year raster alone is insufficient,outside,,,,,,FALSE,FALSE,FALSE,FALSE
33293,2008,1,Depression,outside,38.121515625,Neither actor dominant,missing/uncertain,annual AFCD cropland-fraction source unavailable; event-year raster alone is insufficient,outside,,,,,,FALSE,FALSE,FALSE,FALSE
33729,2008,1,Depression,outside,39.60113671875,Neither actor dominant,missing/uncertain,annual AFCD cropland-fraction source unavailable; event-year raster alone is insufficient,outside,,,,,,FALSE,FALSE,FALSE,FALSE
34175,2008,1,Depression,outside,39.36051171875,Neither actor dominant,missing/uncertain,annual AFCD cropland-fraction source unavailable; event-year raster alone is insufficient,outside,,,,,,FALSE,FALSE,FALSE,FALSE
34622,2008,1,Depression,outside,38.91015234375,Neither actor dominant,missing/uncertain,annual AFCD cropland-fraction source unavailable; event-year raster alone is insufficient,outside,,,,,,FALSE,FALSE,FALSE,FALSE
34775,2008,1,Depression,outside,34,Neither actor dominant,missing/uncertain,annual AFCD cropland-fraction source unavailable; event-year raster alone is insufficient,outside,,,,,,FALSE,FALSE,FALSE,FALSE
34776,2008,1,Depression,outside,34,Neither actor dominant,missing/uncertain,annual AFCD cropland-fraction source unavailable; event-year raster alone is insufficient,outside,,,,,,FALSE,FALSE,FALSE,FALSE
35063,2008,1,Depression,outside,39.8779375,Neither actor dominant,missing/uncertain,annual AFCD cropland-fraction source unavailable; event-year raster alone is insufficient,outside,,,,,,FALSE,FALSE,FALSE,FALSE
35219,2008,1,Depression,outside,33.514921875,Neither actor dominant,missing/uncertain,annual AFCD cropland-fraction source unavailable; event-year raster alone is insufficient,outside,,,,,,FALSE,FALSE,FALSE,FALSE
35220,2008,1,Depression,outside,33.50373046875,Neither actor dominant,missing/uncertain,annual AFCD cropland-fraction source unavailable; event-year raster alone is insufficient,outside,,,,,,FALSE,FALSE,FALSE,FALSE
35667,2008,1,Depression,outside,33.0037890625,Neither actor dominant,missing/uncertain,annual AFCD cropland-fraction source unavailable; event-year raster alone is insufficient,outside,,,,,,FALSE,FALSE,FALSE,FALSE
37308,2008,1,Depression,outside,35.3411953125,Neither actor dominant,missing/uncertain,annual AFCD cropland-fraction source unavailable; event-year raster alone is insufficient,outside,,,,,,FALSE,FALSE,FALSE,FALSE
37311,2008,1,Depression,outside,34.731109375,Neither actor dominant,missing/uncertain,annual AFCD cropland-fraction source unavailable; event-year raster alone is insufficient,outside,,,,,,FALSE,FALSE,FALSE,FALSE
38652,2008,1,Depression,outside,33.35416015625,Neither actor dominant,missing/uncertain,annual AFCD cropland-fraction source unavailable; event-year raster alone is insufficient,outside,,,,,,FALSE,FALSE,FALSE,FALSE
40041,2008,1,Depression,outside,29.920728515625,Neither actor dominant,missing/uncertain,annual AFCD cropland-fraction source unavailable; event-year raster alone is insufficient,outside,,,,,,FALSE,FALSE,FALSE,FALSE
42783,2008,1,Depression,outside,26.54241796875,Neither actor dominant,missing/uncertain,annual AFCD cropland-fraction source unavailable; event-year raster alone is insufficient,outside,,,,,,FALSE,FALSE,FALSE,FALSE
47304,2008,1,Depression,outside,20.88061328125,Neither actor dominant,missing/uncertain,annual AFCD cropland-fraction source unavailable; event-year raster alone is insufficient,outside,,,,,,FALSE,FALSE,FALSE,FALSE
48005,2008,1,Depression,outside,36.47259375,Neither actor dominant,missing/uncertain,annual AFCD cropland-fraction source unavailable; event-year raster alone is insufficient,outside,,,,,,FALSE,FALSE,FALSE,FALSE
56007,2008,1,Depression,outside,53.64000390625,Neither actor dominant,missing/uncertain,annual AFCD cropland-fraction source unavailable; event-year raster alone is insufficient,outside,,,,,,FALSE,FALSE,FALSE,FALSE
57829,2008,1,Depression,outside,36.62308203125,Neither actor dominant,missing/uncertain,annual AFCD cropland-fraction source unavailable; event-year raster alone is insufficient,outside,,,,,,FALSE,FALSE,FALSE,FALSE
59305,2008,1,Depression,outside,12.747548828125,Neither actor dominant,missing/uncertain,annual AFCD cropland-fraction source unavailable; event-year raster alone is insufficient,outside,,,,,,FALSE,FALSE,FALSE,TRUE
60513,2008,1,Depression,outside,35.0178515625,Neither actor dominant,missing/uncertain,annual AFCD cropland-fraction source unavailable; event-year raster alone is insufficient,outside,,,,,,FALSE,FALSE,FALSE,FALSE
64085,2008,1,Depression,outside,36.55475390625,Neither actor dominant,missing/uncertain,annual AFCD cropland-fraction source unavailable; event-year raster alone is insufficient,outside,,,,,,FALSE,FALSE,FALSE,FALSE
69114,2008,1,Depression,inside,-1,Neither actor dominant,missing/uncertain,annual AFCD cropland-fraction source unavailable; event-year raster alone is insufficient,inside,,,,,,FALSE,TRUE,TRUE,TRUE
73563,2008,1,Depression,inside,-2.549509765625,Neither actor dominant,missing/uncertain,annual AFCD cropland-fraction source unavailable; event-year raster alone is insufficient,inside,,,,,,FALSE,TRUE,TRUE,TRUE
79264,2008,1,Depression,outside,33.54101953125,Neither actor dominant,missing/uncertain,annual AFCD cropland-fraction source unavailable; event-year raster alone is insufficient,outside,,,,,,FALSE,FALSE,FALSE,FALSE
79812,2008,1,Depression,inside,-2.5,Neither actor dominant,missing/uncertain,annual AFCD cropland-fraction source unavailable; event-year raster alone is insufficient,inside,,,,,,FALSE,TRUE,TRUE,TRUE
80704,2008,1,Depression,inside,-2.5,Neither actor dominant,missing/uncertain,annual AFCD cropland-fraction source unavailable; event-year raster alone is insufficient,inside,,,,,,FALSE,TRUE,TRUE,TRUE
81033,2008,1,Depression,outside,41.58425,Neither actor dominant,missing/uncertain,annual AFCD cropland-fraction source unavailable; event-year raster alone is insufficient,outside,,,,,,FALSE,FALSE,FALSE,FALSE
81152,2008,1,Depression,inside,-3,Neither actor dominant,missing/uncertain,annual AFCD cropland-fraction source unavailable; event-year raster alone is insufficient,inside,,,,,,FALSE,TRUE,TRUE,TRUE
81642,2008,1,Depression,inside,-10.0124921875,Neither actor dominant,missing/uncertain,annual AFCD cropland-fraction source unavailable; event-year raster alone is insufficient,inside,,,,,,FALSE,FALSE,FALSE,TRUE
97197,2008,1,Depression,outside,3.35410205078125,Neither actor dominant,missing/uncertain,annual AFCD cropland-fraction source unavailable; event-year raster alone is insufficient,outside,,,,,,FALSE,TRUE,TRUE,TRUE
98910,2008,1,Depression,outside,40.5030859375,Neither actor dominant,missing/uncertain,annual AFCD cropland-fraction source unavailable; event-year raster alone is insufficient,outside,,,,,,FALSE,FALSE,FALSE,FALSE
104349,2008,1,Depression,outside,6.3639609375,Neither actor dominant,missing/uncertain,annual AFCD cropland-fraction source unavailable; event-year raster alone is insufficient,outside,,,,,,FALSE,FALSE,TRUE,TRUE
104694,2008,1,Depression,outside,49.9524765625,Neither actor dominant,missing/uncertain,annual AFCD cropland-fraction source unavailable; event-year raster alone is insufficient,outside,,,,,,FALSE,FALSE,FALSE,FALSE
110900,2008,1,Depression,outside,64.2028046875,Neither actor dominant,missing/uncertain,annual AFCD cropland-fraction source unavailable; event-year raster alone is insufficient,outside,,,,,,FALSE,FALSE,FALSE,FALSE
112835,2008,1,Depression,outside,11.6619033203125,Neither actor dominant,missing/uncertain,annual AFCD cropland-fraction source unavailable; event-year raster alone is insufficient,outside,,,,,,FALSE,FALSE,FALSE,TRUE
115080,2008,1,Depression,outside,6.10327783203125,Neither actor dominant,missing/uncertain,annual AFCD cropland-fraction source unavailable; event-year raster alone is insufficient,outside,,,,,,FALSE,FALSE,TRUE,TRUE
165364,2008,1,Depression,outside,48.6621015625,Neither actor dominant,missing/uncertain,annual AFCD cropland-fraction source unavailable; event-year raster alone is insufficient,outside,,,,,,FALSE,FALSE,FALSE,FALSE
1228,2009,1,Depression,outside,72.2668671875,Neither actor dominant,missing/uncertain,annual AFCD cropland-fraction source unavailable; event-year raster alone is insufficient,outside,,,,,,FALSE,FALSE,FALSE,FALSE
1733,2009,1,Depression,outside,73.124890625,Neither actor dominant,missing/uncertain,annual AFCD cropland-fraction source unavailable; event-year raster alone is insufficient,outside,,,,,,FALSE,FALSE,FALSE,FALSE
3310,2009,1,Depression,outside,75.3923046875,Neither actor dominant,missing/uncertain,annual AFCD cropland-fraction source unavailable; event-year raster alone is insufficient,outside,,,,,,FALSE,FALSE,FALSE,FALSE
7928,2009,1,Depression,outside,65.30696875,Neither actor dominant,missing/uncertain,annual AFCD cropland-fraction source unavailable; event-year raster alone is insufficient,outside,,,,,,FALSE,FALSE,FALSE,FALSE
7992,2009,1,Depression,outside,66.483078125,Neither actor dominant,missing/uncertain,annual AFCD cropland-fraction source unavailable; event-year raster alone is insufficient,outside,,,,,,FALSE,FALSE,FALSE,FALSE
10222,2009,1,Depression,outside,63.42318359375,Neither actor dominant,missing/uncertain,annual AFCD cropland-fraction source unavailable; event-year raster alone is insufficient,outside,,,,,,FALSE,FALSE,FALSE,FALSE
12879,2009,1,Depression,outside,58.57687109375,Neither actor dominant,missing/uncertain,annual AFCD cropland-fraction source unavailable; event-year raster alone is insufficient,outside,,,,,,FALSE,FALSE,FALSE,FALSE
13168,2009,1,Depression,outside,61.1310078125,Neither actor dominant,missing/uncertain,annual AFCD cropland-fraction source unavailable; event-year raster alone is insufficient,outside,,,,,,FALSE,FALSE,FALSE,FALSE
13266,2009,1,Depression,outside,60.17682421875,Neither actor dominant,missing/uncertain,annual AFCD cropland-fraction source unavailable; event-year raster alone is insufficient,outside,,,,,,FALSE,FALSE,FALSE,FALSE
13784,2009,1,Depression,outside,58.1248671875,Neither actor dominant,missing/uncertain,annual AFCD cropland-fraction source unavailable; event-year raster alone is insufficient,outside,,,,,,FALSE,FALSE,FALSE,FALSE
18624,2009,1,Depression,outside,54.82928125,Neither actor dominant,missing/uncertain,annual AFCD cropland-fraction source unavailable; event-year raster alone is insufficient,outside,,,,,,FALSE,FALSE,FALSE,FALSE
19590,2009,1,Depression,outside,51.3517265625,Neither actor dominant,missing/uncertain,annual AFCD cropland-fraction source unavailable; event-year raster alone is insufficient,outside,,,,,,FALSE,FALSE,FALSE,FALSE
20039,2009,1,Depression,outside,50.98283984375,Neither actor dominant,missing/uncertain,annual AFCD cropland-fraction source unavailable; event-year raster alone is insufficient,outside,,,,,,FALSE,FALSE,FALSE,FALSE
21299,2009,1,Depression,outside,51.480578125,Neither actor dominant,missing/uncertain,annual AFCD cropland-fraction source unavailable; event-year raster alone is insufficient,outside,,,,,,FALSE,FALSE,FALSE,FALSE
22723,2009,1,Depression,outside,48.16897265625,Neither actor dominant,missing/uncertain,annual AFCD cropland-fraction source unavailable; event-year raster alone is insufficient,outside,,,,,,FALSE,FALSE,FALSE,FALSE
23162,2009,1,Depression,outside,47.16990625,Neither actor dominant,missing/uncertain,annual AFCD cropland-fraction source unavailable; event-year raster alone is insufficient,outside,,,,,,FALSE,FALSE,FALSE,FALSE
24056,2009,1,Depression,outside,46.1735859375,Neither actor dominant,missing/uncertain,annual AFCD cropland-fraction source unavailable; event-year raster alone is insufficient,outside,,,,,,FALSE,FALSE,FALSE,FALSE
24498,2009,1,Depression,outside,45.52471875,Neither actor dominant,missing/uncertain,annual AFCD cropland-fraction source unavailable; event-year raster alone is insufficient,outside,,,,,,FALSE,FALSE,FALSE,FALSE
24942,2009,1,Depression,outside,45,Neither actor dominant,missing/uncertain,annual AFCD cropland-fraction source unavailable; event-year raster alone is insufficient,outside,,,,,,FALSE,FALSE,FALSE,FALSE
24946,2009,1,Depression,outside,45.044421875,Neither actor dominant,missing/uncertain,annual AFCD cropland-fraction source unavailable; event-year raster alone is insufficient,outside,,,,,,FALSE,FALSE,FALSE,FALSE
25321,2009,1,Depression,outside,46.970734375,Neither actor dominant,missing/uncertain,annual AFCD cropland-fraction source unavailable; event-year raster alone is insufficient,outside,,,,,,FALSE,FALSE,FALSE,FALSE
25389,2009,1,Depression,outside,44.5,Neither actor dominant,missing/uncertain,annual AFCD cropland-fraction source unavailable; event-year raster alone is insufficient,outside,,,,,,FALSE,FALSE,FALSE,FALSE
25841,2009,1,Depression,outside,44.07096484375,Neither actor dominant,missing/uncertain,annual AFCD cropland-fraction source unavailable; event-year raster alone is insufficient,outside,,,,,,FALSE,FALSE,FALSE,FALSE
25842,2009,1,Depression,outside,44.10215234375,Neither actor dominant,missing/uncertain,annual AFCD cropland-fraction source unavailable; event-year raster alone is insufficient,outside,,,,,,FALSE,FALSE,FALSE,FALSE
27182,2009,1,Depression,outside,42.57346484375,Neither actor dominant,missing/uncertain,annual AFCD cropland-fraction source unavailable; event-year raster alone is insufficient,outside,,,,,,FALSE,FALSE,FALSE,FALSE
28066,2009,1,Depression,outside,41.52709765625,Neither actor dominant,missing/uncertain,annual AFCD cropland-fraction source unavailable; event-year raster alone is insufficient,outside,,,,,,FALSE,FALSE,FALSE,FALSE
28068,2009,1,Depression,outside,41.50301171875,Neither actor dominant,missing/uncertain,annual AFCD cropland-fraction source unavailable; event-year raster alone is insufficient,outside,,,,,,FALSE,FALSE,FALSE,FALSE
28514,2009,1,Depression,outside,41.01219140625,Neither actor dominant,missing/uncertain,annual AFCD cropland-fraction source unavailable; event-year raster alone is insufficient,outside,,,,,,FALSE,FALSE,FALSE,FALSE
31638,2009,1,Depression,outside,37.66298046875,Neither actor dominant,missing/uncertain,annual AFCD cropland-fraction source unavailable; event-year raster alone is insufficient,outside,,,,,,FALSE,FALSE,FALSE,FALSE
35223,2009,1,Depression,outside,33.5,Neither actor dominant,missing/uncertain,annual AFCD cropland-fraction source unavailable; event-year raster alone is insufficient,outside,,,,,,FALSE,FALSE,FALSE,FALSE
36863,2009,1,Depression,outside,35.38714453125,Neither actor dominant,missing/uncertain,annual AFCD cropland-fraction source unavailable; event-year raster alone is insufficient,outside,,,,,,FALSE,FALSE,FALSE,FALSE
37310,2009,1,Depression,outside,34.9285,Neither actor dominant,missing/uncertain,annual AFCD cropland-fraction source unavailable; event-year raster alone is insufficient,outside,,,,,,FALSE,FALSE,FALSE,FALSE
38212,2009,1,Depression,outside,32.572994140625,Neither actor dominant,missing/uncertain,annual AFCD cropland-fraction source unavailable; event-year raster alone is insufficient,outside,,,,,,FALSE,FALSE,FALSE,FALSE
38628,2009,1,Depression,outside,39.75550390625,Neither actor dominant,missing/uncertain,annual AFCD cropland-fraction source unavailable; event-year raster alone is insufficient,outside,,,,,,FALSE,FALSE,FALSE,FALSE
39089,2009,1,Depression,outside,35.24556640625,Neither actor dominant,missing/uncertain,annual AFCD cropland-fraction source unavailable; event-year raster alone is insufficient,outside,,,,,,FALSE,FALSE,FALSE,FALSE
41029,2009,1,Depression,outside,27.041634765625,Neither actor dominant,missing/uncertain,annual AFCD cropland-fraction source unavailable; event-year raster alone is insufficient,outside,,,,,,FALSE,FALSE,FALSE,FALSE
41763,2009,1,Depression,outside,35.146125,Neither actor dominant,missing/uncertain,annual AFCD cropland-fraction source unavailable; event-year raster alone is insufficient,outside,,,,,,FALSE,FALSE,FALSE,FALSE
45341,2009,1,Depression,outside,31.484123046875,Neither actor dominant,missing/uncertain,annual AFCD cropland-fraction source unavailable; event-year raster alone is insufficient,outside,,,,,,FALSE,FALSE,FALSE,FALSE
45773,2009,1,Depression,outside,36.70490625,Neither actor dominant,missing/uncertain,annual AFCD cropland-fraction source unavailable; event-year raster alone is insufficient,outside,,,,,,FALSE,FALSE,FALSE,FALSE
47123,2009,1,Depression,outside,32.26840625,Neither actor dominant,missing/uncertain,annual AFCD cropland-fraction source unavailable; event-year raster alone is insufficient,outside,,,,,,FALSE,FALSE,FALSE,FALSE
50248,2009,1,Depression,outside,31.756888671875,Neither actor dominant,missing/uncertain,annual AFCD cropland-fraction source unavailable; event-year raster alone is insufficient,outside,,,,,,FALSE,FALSE,FALSE,FALSE
52479,2009,1,Depression,outside,32.206365234375,Neither actor dominant,missing/uncertain,annual AFCD cropland-fraction source unavailable; event-year raster alone is insufficient,outside,,,,,,FALSE,FALSE,FALSE,FALSE
57381,2009,1,Depression,outside,37.23237890625,Neither actor dominant,missing/uncertain,annual AFCD cropland-fraction source unavailable; event-year raster alone is insufficient,outside,,,,,,FALSE,FALSE,FALSE,FALSE
66762,2009,1,Depression,outside,36.76955078125,Neither actor dominant,missing/uncertain,annual AFCD cropland-fraction source unavailable; event-year raster alone is insufficient,outside,,,,,,FALSE,FALSE,FALSE,FALSE
69888,2009,1,Depression,outside,35.36241015625,Neither actor dominant,missing/uncertain,annual AFCD cropland-fraction source unavailable; event-year raster alone is insufficient,outside,,,,,,FALSE,FALSE,FALSE,FALSE
71782,2009,1,Depression,inside,-5.02493798828125,Neither actor dominant,missing/uncertain,annual AFCD cropland-fraction source unavailable; event-year raster alone is insufficient,inside,,,,,,FALSE,FALSE,TRUE,TRUE
74458,2009,1,Depression,inside,-3,Neither actor dominant,missing/uncertain,annual AFCD cropland-fraction source unavailable; event-year raster alone is insufficient,inside,,,,,,FALSE,TRUE,TRUE,TRUE
75349,2009,1,Depression,inside,-1.80277563476563,Neither actor dominant,missing/uncertain,annual AFCD cropland-fraction source unavailable; event-year raster alone is insufficient,inside,,,,,,FALSE,TRUE,TRUE,TRUE
79364,2009,1,Depression,inside,-1.80277563476563,Neither actor dominant,missing/uncertain,annual AFCD cropland-fraction source unavailable; event-year raster alone is insufficient,inside,,,,,,FALSE,TRUE,TRUE,TRUE
80254,2009,1,Depression,inside,-1,Neither actor dominant,missing/uncertain,annual AFCD cropland-fraction source unavailable; event-year raster alone is insufficient,inside,,,,,,FALSE,TRUE,TRUE,TRUE
80256,2009,1,Depression,inside,-1.80277563476563,Neither actor dominant,missing/uncertain,annual AFCD cropland-fraction source unavailable; event-year raster alone is insufficient,inside,,,,,,FALSE,TRUE,TRUE,TRUE
80261,2009,1,Depression,inside,-3.35410205078125,Neither actor dominant,missing/uncertain,annual AFCD cropland-fraction source unavailable; event-year raster alone is insufficient,inside,,,,,,FALSE,TRUE,TRUE,TRUE
80705,2009,1,Depression,inside,-2.82842724609375,Neither actor dominant,missing/uncertain,annual AFCD cropland-fraction source unavailable; event-year raster alone is insufficient,inside,,,,,,FALSE,TRUE,TRUE,TRUE
80706,2009,1,Depression,inside,-3.20156201171875,Neither actor dominant,missing/uncertain,annual AFCD cropland-fraction source unavailable; event-year raster alone is insufficient,inside,,,,,,FALSE,TRUE,TRUE,TRUE
82803,2009,1,Depression,outside,49.73178125,Neither actor dominant,missing/uncertain,annual AFCD cropland-fraction source unavailable; event-year raster alone is insufficient,outside,,,,,,FALSE,FALSE,FALSE,FALSE
85167,2009,1,Depression,outside,1,Neither actor dominant,missing/uncertain,annual AFCD cropland-fraction source unavailable; event-year raster alone is insufficient,outside,,,,,,FALSE,TRUE,TRUE,TRUE
86948,2009,1,Depression,outside,0.5,Neither actor dominant,missing/uncertain,annual AFCD cropland-fraction source unavailable; event-year raster alone is insufficient,outside,,,,,,FALSE,TRUE,TRUE,TRUE
88286,2009,1,Depression,inside,-2.061552734375,Neither actor dominant,missing/uncertain,annual AFCD cropland-fraction source unavailable; event-year raster alone is insufficient,inside,,,,,,FALSE,TRUE,TRUE,TRUE
88733,2009,1,Depression,inside,-2.23606787109375,Neither actor dominant,missing/uncertain,annual AFCD cropland-fraction source unavailable; event-year raster alone is insufficient,inside,,,,,,FALSE,TRUE,TRUE,TRUE
97643,2009,1,Depression,outside,3.64005493164063,Neither actor dominant,missing/uncertain,annual AFCD cropland-fraction source unavailable; event-year raster alone is insufficient,outside,,,,,,FALSE,TRUE,TRUE,TRUE
101220,2009,1,Depression,outside,4.242640625,Neither actor dominant,missing/uncertain,annual AFCD cropland-fraction source unavailable; event-year raster alone is insufficient,outside,,,,,,FALSE,TRUE,TRUE,TRUE
103801,2009,1,Depression,outside,50.24937890625,Neither actor dominant,missing/uncertain,annual AFCD cropland-fraction source unavailable; event-year raster alone is insufficient,outside,,,,,,FALSE,FALSE,FALSE,FALSE
104258,2009,1,Depression,outside,46.31684375,Neither actor dominant,missing/uncertain,annual AFCD cropland-fraction source unavailable; event-year raster alone is insufficient,outside,,,,,,FALSE,FALSE,FALSE,FALSE
105151,2009,1,Depression,outside,45.96194140625,Neither actor dominant,missing/uncertain,annual AFCD cropland-fraction source unavailable; event-year raster alone is insufficient,outside,,,,,,FALSE,FALSE,FALSE,FALSE
108387,2009,1,Depression,outside,6.8007353515625,Neither actor dominant,missing/uncertain,annual AFCD cropland-fraction source unavailable; event-year raster alone is insufficient,outside,,,,,,FALSE,FALSE,TRUE,TRUE
108807,2009,1,Depression,outside,14.1421357421875,Neither actor dominant,missing/uncertain,annual AFCD cropland-fraction source unavailable; event-year raster alone is insufficient,outside,,,,,,FALSE,FALSE,FALSE,TRUE
115083,2009,1,Depression,outside,4.9244287109375,Neither actor dominant,missing/uncertain,annual AFCD cropland-fraction source unavailable; event-year raster alone is insufficient,outside,,,,,,FALSE,TRUE,TRUE,TRUE
115527,2009,1,Depression,outside,5.83095166015625,Neither actor dominant,missing/uncertain,annual AFCD cropland-fraction source unavailable; event-year raster alone is insufficient,outside,,,,,,FALSE,FALSE,TRUE,TRUE
129577,2009,1,Depression,outside,15,Neither actor dominant,missing/uncertain,annual AFCD cropland-fraction source unavailable; event-year raster alone is insufficient,outside,,,,,,FALSE,FALSE,FALSE,TRUE
1672,2010,1,Depression,outside,72.0069453125,Neither actor dominant,missing/uncertain,annual AFCD cropland-fraction source unavailable; event-year raster alone is insufficient,outside,,,,,,FALSE,FALSE,FALSE,FALSE
6528,2010,1,Depression,outside,67,Neither actor dominant,missing/uncertain,annual AFCD cropland-fraction source unavailable; event-year raster alone is insufficient,outside,,,,,,FALSE,FALSE,FALSE,FALSE
7918,2010,1,Depression,outside,65.5076328125,Neither actor dominant,missing/uncertain,annual AFCD cropland-fraction source unavailable; event-year raster alone is insufficient,outside,,,,,,FALSE,FALSE,FALSE,FALSE
12445,2010,1,Depression,outside,59.7599375,Neither actor dominant,missing/uncertain,annual AFCD cropland-fraction source unavailable; event-year raster alone is insufficient,outside,,,,,,FALSE,FALSE,FALSE,FALSE
12465,2010,1,Depression,outside,62.13895703125,Neither actor dominant,missing/uncertain,annual AFCD cropland-fraction source unavailable; event-year raster alone is insufficient,outside,,,,,,FALSE,FALSE,FALSE,FALSE
16905,2010,1,Depression,outside,54.18717578125,Neither actor dominant,missing/uncertain,annual AFCD cropland-fraction source unavailable; event-year raster alone is insufficient,outside,,,,,,FALSE,FALSE,FALSE,FALSE
18696,2010,1,Depression,outside,52.3450078125,Neither actor dominant,missing/uncertain,annual AFCD cropland-fraction source unavailable; event-year raster alone is insufficient,outside,,,,,,FALSE,FALSE,FALSE,FALSE
19472,2010,1,Depression,outside,52.3450078125,Neither actor dominant,missing/uncertain,annual AFCD cropland-fraction source unavailable; event-year raster alone is insufficient,outside,,,,,,FALSE,FALSE,FALSE,FALSE
20487,2010,1,Depression,outside,50.55937109375,Neither actor dominant,missing/uncertain,annual AFCD cropland-fraction source unavailable; event-year raster alone is insufficient,outside,,,,,,FALSE,FALSE,FALSE,FALSE
20489,2010,1,Depression,outside,50.71735546875,Neither actor dominant,missing/uncertain,annual AFCD cropland-fraction source unavailable; event-year raster alone is insufficient,outside,,,,,,FALSE,FALSE,FALSE,FALSE
23093,2010,1,Depression,outside,50.0849296875,Neither actor dominant,missing/uncertain,annual AFCD cropland-fraction source unavailable; event-year raster alone is insufficient,outside,,,,,,FALSE,FALSE,FALSE,FALSE
23502,2010,1,Depression,outside,48.25971484375,Neither actor dominant,missing/uncertain,annual AFCD cropland-fraction source unavailable; event-year raster alone is insufficient,outside,,,,,,FALSE,FALSE,FALSE,FALSE
23960,2010,1,Depression,outside,47.5,Neither actor dominant,missing/uncertain,annual AFCD cropland-fraction source unavailable; event-year raster alone is insufficient,outside,,,,,,FALSE,FALSE,FALSE,FALSE
23985,2010,1,Depression,outside,48.99234765625,Neither actor dominant,missing/uncertain,annual AFCD cropland-fraction source unavailable; event-year raster alone is insufficient,outside,,,,,,FALSE,FALSE,FALSE,FALSE
24496,2010,1,Depression,outside,45.50274609375,Neither actor dominant,missing/uncertain,annual AFCD cropland-fraction source unavailable; event-year raster alone is insufficient,outside,,,,,,FALSE,FALSE,FALSE,FALSE
27082,2010,1,Depression,outside,44.10215234375,Neither actor dominant,missing/uncertain,annual AFCD cropland-fraction source unavailable; event-year raster alone is insufficient,outside,,,,,,FALSE,FALSE,FALSE,FALSE
30578,2010,1,Depression,outside,48.13003125,Neither actor dominant,missing/uncertain,annual AFCD cropland-fraction source unavailable; event-year raster alone is insufficient,outside,,,,,,FALSE,FALSE,FALSE,FALSE
37470,2010,1,Depression,outside,31.575306640625,Neither actor dominant,missing/uncertain,annual AFCD cropland-fraction source unavailable; event-year raster alone is insufficient,outside,,,,,,FALSE,FALSE,FALSE,FALSE
39088,2010,1,Depression,outside,35.5105625,Neither actor dominant,missing/uncertain,annual AFCD cropland-fraction source unavailable; event-year raster alone is insufficient,outside,,,,,,FALSE,FALSE,FALSE,FALSE
40430,2010,1,Depression,outside,33.97793359375,Neither actor dominant,missing/uncertain,annual AFCD cropland-fraction source unavailable; event-year raster alone is insufficient,outside,,,,,,FALSE,FALSE,FALSE,FALSE
40488,2010,1,Depression,outside,29.42787890625,Neither actor dominant,missing/uncertain,annual AFCD cropland-fraction source unavailable; event-year raster alone is insufficient,outside,,,,,,FALSE,FALSE,FALSE,FALSE
40872,2010,1,Depression,outside,35,Neither actor dominant,missing/uncertain,annual AFCD cropland-fraction source unavailable; event-year raster alone is insufficient,outside,,,,,,FALSE,FALSE,FALSE,FALSE
41758,2010,1,Depression,outside,36.79673828125,Neither actor dominant,missing/uncertain,annual AFCD cropland-fraction source unavailable; event-year raster alone is insufficient,outside,,,,,,FALSE,FALSE,FALSE,FALSE
42214,2010,1,Depression,outside,33.50373046875,Neither actor dominant,missing/uncertain,annual AFCD cropland-fraction source unavailable; event-year raster alone is insufficient,outside,,,,,,FALSE,FALSE,FALSE,FALSE
42657,2010,1,Depression,outside,34.38386328125,Neither actor dominant,missing/uncertain,annual AFCD cropland-fraction source unavailable; event-year raster alone is insufficient,outside,,,,,,FALSE,FALSE,FALSE,FALSE
43103,2010,1,Depression,outside,34.3402109375,Neither actor dominant,missing/uncertain,annual AFCD cropland-fraction source unavailable; event-year raster alone is insufficient,outside,,,,,,FALSE,FALSE,FALSE,FALSE
43105,2010,1,Depression,outside,33.67862890625,Neither actor dominant,missing/uncertain,annual AFCD cropland-fraction source unavailable; event-year raster alone is insufficient,outside,,,,,,FALSE,FALSE,FALSE,FALSE
44443,2010,1,Depression,outside,33.58943359375,Neither actor dominant,missing/uncertain,annual AFCD cropland-fraction source unavailable; event-year raster alone is insufficient,outside,,,,,,FALSE,FALSE,FALSE,FALSE
44974,2010,1,Depression,outside,24.083189453125,Neither actor dominant,missing/uncertain,annual AFCD cropland-fraction source unavailable; event-year raster alone is insufficient,outside,,,,,,FALSE,FALSE,FALSE,FALSE
44975,2010,1,Depression,outside,24.129857421875,Neither actor dominant,missing/uncertain,annual AFCD cropland-fraction source unavailable; event-year raster alone is insufficient,outside,,,,,,FALSE,FALSE,FALSE,FALSE
47124,2010,1,Depression,outside,31.8904375,Neither actor dominant,missing/uncertain,annual AFCD cropland-fraction source unavailable; event-year raster alone is insufficient,outside,,,,,,FALSE,FALSE,FALSE,FALSE
49350,2010,1,Depression,outside,33.97793359375,Neither actor dominant,missing/uncertain,annual AFCD cropland-fraction source unavailable; event-year raster alone is insufficient,outside,,,,,,FALSE,FALSE,FALSE,FALSE
55609,2010,1,Depression,outside,30.26962109375,Neither actor dominant,missing/uncertain,annual AFCD cropland-fraction source unavailable; event-year raster alone is insufficient,outside,,,,,,FALSE,FALSE,FALSE,FALSE
64086,2010,1,Depression,outside,36.05551171875,Neither actor dominant,missing/uncertain,annual AFCD cropland-fraction source unavailable; event-year raster alone is insufficient,outside,,,,,,FALSE,FALSE,FALSE,FALSE
66319,2010,1,Depression,outside,35.75262109375,Neither actor dominant,missing/uncertain,annual AFCD cropland-fraction source unavailable; event-year raster alone is insufficient,outside,,,,,,FALSE,FALSE,FALSE,FALSE
70892,2010,1,Depression,inside,-4.71699072265625,Neither actor dominant,missing/uncertain,annual AFCD cropland-fraction source unavailable; event-year raster alone is insufficient,inside,,,,,,FALSE,TRUE,TRUE,TRUE
71336,2010,1,Depression,inside,-4.6097724609375,Neither actor dominant,missing/uncertain,annual AFCD cropland-fraction source unavailable; event-year raster alone is insufficient,inside,,,,,,FALSE,TRUE,TRUE,TRUE
71781,2010,1,Depression,inside,-5,Neither actor dominant,missing/uncertain,annual AFCD cropland-fraction source unavailable; event-year raster alone is insufficient,inside,,,,,,FALSE,TRUE,TRUE,TRUE
71783,2010,1,Depression,inside,-5.09901953125,Neither actor dominant,missing/uncertain,annual AFCD cropland-fraction source unavailable; event-year raster alone is insufficient,inside,,,,,,FALSE,FALSE,TRUE,TRUE
72230,2010,1,Depression,inside,-5.590169921875,Neither actor dominant,missing/uncertain,annual AFCD cropland-fraction source unavailable; event-year raster alone is insufficient,inside,,,,,,FALSE,FALSE,TRUE,TRUE
72676,2010,1,Depression,inside,-6.02079736328125,Neither actor dominant,missing/uncertain,annual AFCD cropland-fraction source unavailable; event-year raster alone is insufficient,inside,,,,,,FALSE,FALSE,TRUE,TRUE
73115,2010,1,Depression,inside,-2.23606787109375,Neither actor dominant,missing/uncertain,annual AFCD cropland-fraction source unavailable; event-year raster alone is insufficient,inside,,,,,,FALSE,TRUE,TRUE,TRUE
73568,2010,1,Depression,inside,-5.02493798828125,Neither actor dominant,missing/uncertain,annual AFCD cropland-fraction source unavailable; event-year raster alone is insufficient,inside,,,,,,FALSE,FALSE,TRUE,TRUE
76684,2010,1,Depression,inside,-0.5,Neither actor dominant,missing/uncertain,annual AFCD cropland-fraction source unavailable; event-year raster alone is insufficient,inside,,,,,,FALSE,TRUE,TRUE,TRUE
78923,2010,1,Depression,inside,-3.20156201171875,Neither actor dominant,missing/uncertain,annual AFCD cropland-fraction source unavailable; event-year raster alone is insufficient,inside,,,,,,FALSE,TRUE,TRUE,TRUE
79370,2010,1,Depression,inside,-3.53553393554688,Neither actor dominant,missing/uncertain,annual AFCD cropland-fraction source unavailable; event-year raster alone is insufficient,inside,,,,,,FALSE,TRUE,TRUE,TRUE
79811,2010,1,Depression,inside,-2.1213203125,Neither actor dominant,missing/uncertain,annual AFCD cropland-fraction source unavailable; event-year raster alone is insufficient,inside,,,,,,FALSE,TRUE,TRUE,TRUE
79813,2010,1,Depression,inside,-2.69258251953125,Neither actor dominant,missing/uncertain,annual AFCD cropland-fraction source unavailable; event-year raster alone is insufficient,inside,,,,,,FALSE,TRUE,TRUE,TRUE
81153,2010,1,Depression,inside,-3.5,Neither actor dominant,missing/uncertain,annual AFCD cropland-fraction source unavailable; event-year raster alone is insufficient,inside,,,,,,FALSE,TRUE,TRUE,TRUE
82037,2010,1,Depression,outside,2,Neither actor dominant,missing/uncertain,annual AFCD cropland-fraction source unavailable; event-year raster alone is insufficient,outside,,,,,,FALSE,TRUE,TRUE,TRUE
82373,2010,1,Depression,outside,41.62030859375,Neither actor dominant,missing/uncertain,annual AFCD cropland-fraction source unavailable; event-year raster alone is insufficient,outside,,,,,,FALSE,FALSE,FALSE,FALSE
82484,2010,1,Depression,outside,2,Neither actor dominant,missing/uncertain,annual AFCD cropland-fraction source unavailable; event-year raster alone is insufficient,outside,,,,,,FALSE,TRUE,TRUE,TRUE
83382,2010,1,Depression,inside,-0.5,Neither actor dominant,missing/uncertain,annual AFCD cropland-fraction source unavailable; event-year raster alone is insufficient,inside,,,,,,FALSE,TRUE,TRUE,TRUE
85164,2010,1,Depression,outside,2.5,Neither actor dominant,missing/uncertain,annual AFCD cropland-fraction source unavailable; event-year raster alone is insufficient,outside,,,,,,FALSE,TRUE,TRUE,TRUE
86058,2010,1,Depression,outside,1.80277563476563,Neither actor dominant,missing/uncertain,annual AFCD cropland-fraction source unavailable; event-year raster alone is insufficient,outside,,,,,,FALSE,TRUE,TRUE,TRUE
86505,2010,1,Depression,outside,1.41421362304688,Neither actor dominant,missing/uncertain,annual AFCD cropland-fraction source unavailable; event-year raster alone is insufficient,outside,,,,,,FALSE,TRUE,TRUE,TRUE
86951,2010,1,Depression,outside,1.11803393554687,Neither actor dominant,missing/uncertain,annual AFCD cropland-fraction source unavailable; event-year raster alone is insufficient,outside,,,,,,FALSE,TRUE,TRUE,TRUE
88635,2010,1,Depression,outside,38.26551953125,Neither actor dominant,missing/uncertain,annual AFCD cropland-fraction source unavailable; event-year raster alone is insufficient,outside,,,,,,FALSE,FALSE,FALSE,FALSE
90961,2010,1,Depression,inside,-2.5,Neither actor dominant,missing/uncertain,annual AFCD cropland-fraction source unavailable; event-year raster alone is insufficient,inside,,,,,,FALSE,TRUE,TRUE,TRUE
91397,2010,1,Depression,inside,-0.707106811523437,Neither actor dominant,missing/uncertain,annual AFCD cropland-fraction source unavailable; event-year raster alone is insufficient,inside,,,,,,FALSE,TRUE,TRUE,TRUE
91413,2010,1,Depression,inside,-3.60555126953125,Neither actor dominant,missing/uncertain,annual AFCD cropland-fraction source unavailable; event-year raster alone is insufficient,inside,,,,,,FALSE,TRUE,TRUE,TRUE
91756,2010,1,Depression,outside,42.01190234375,Neither actor dominant,missing/uncertain,annual AFCD cropland-fraction source unavailable; event-year raster alone is insufficient,outside,,,,,,FALSE,FALSE,FALSE,FALSE
94087,2010,1,Depression,inside,-4.71699072265625,Neither actor dominant,missing/uncertain,annual AFCD cropland-fraction source unavailable; event-year raster alone is insufficient,inside,,,,,,FALSE,TRUE,TRUE,TRUE
104340,2010,1,Depression,outside,9.861541015625,Neither actor dominant,missing/uncertain,annual AFCD cropland-fraction source unavailable; event-year raster alone is insufficient,outside,,,,,,FALSE,FALSE,TRUE,TRUE
113285,2010,1,Depression,outside,10.124228515625,Neither actor dominant,missing/uncertain,annual AFCD cropland-fraction source unavailable; event-year raster alone is insufficient,outside,,,,,,FALSE,FALSE,FALSE,TRUE
115079,2010,1,Depression,outside,6.51920263671875,Neither actor dominant,missing/uncertain,annual AFCD cropland-fraction source unavailable; event-year raster alone is insufficient,outside,,,,,,FALSE,FALSE,TRUE,TRUE
145867,2010,1,Depression,outside,0.5,Neither actor dominant,missing/uncertain,annual AFCD cropland-fraction source unavailable; event-year raster alone is insufficient,outside,,,,,,FALSE,TRUE,TRUE,TRUE
4788,2011,1,Depression,outside,69.0163046875,Neither actor dominant,missing/uncertain,annual AFCD cropland-fraction source unavailable; event-year raster alone is insufficient,outside,,,,,,FALSE,FALSE,FALSE,FALSE
11118,2011,1,Depression,outside,62.7096484375,Neither actor dominant,missing/uncertain,annual AFCD cropland-fraction source unavailable; event-year raster alone is insufficient,outside,,,,,,FALSE,FALSE,FALSE,FALSE
13682,2011,1,Depression,outside,59.00847265625,Neither actor dominant,missing/uncertain,annual AFCD cropland-fraction source unavailable; event-year raster alone is insufficient,outside,,,,,,FALSE,FALSE,FALSE,FALSE
18253,2011,1,Depression,outside,53.10602734375,Neither actor dominant,missing/uncertain,annual AFCD cropland-fraction source unavailable; event-year raster alone is insufficient,outside,,,,,,FALSE,FALSE,FALSE,FALSE
24858,2011,1,Depression,outside,46.5241875,Neither actor dominant,missing/uncertain,annual AFCD cropland-fraction source unavailable; event-year raster alone is insufficient,outside,,,,,,FALSE,FALSE,FALSE,FALSE
25263,2011,1,Depression,outside,45.59879296875,Neither actor dominant,missing/uncertain,annual AFCD cropland-fraction source unavailable; event-year raster alone is insufficient,outside,,,,,,FALSE,FALSE,FALSE,FALSE
25299,2011,1,Depression,outside,46.00271875,Neither actor dominant,missing/uncertain,annual AFCD cropland-fraction source unavailable; event-year raster alone is insufficient,outside,,,,,,FALSE,FALSE,FALSE,FALSE
27979,2011,1,Depression,outside,43.02615625,Neither actor dominant,missing/uncertain,annual AFCD cropland-fraction source unavailable; event-year raster alone is insufficient,outside,,,,,,FALSE,FALSE,FALSE,FALSE
38634,2011,1,Depression,outside,37.9011875,Neither actor dominant,missing/uncertain,annual AFCD cropland-fraction source unavailable; event-year raster alone is insufficient,outside,,,,,,FALSE,FALSE,FALSE,FALSE
41450,2011,1,Depression,outside,28.071337890625,Neither actor dominant,missing/uncertain,annual AFCD cropland-fraction source unavailable; event-year raster alone is insufficient,outside,,,,,,FALSE,FALSE,FALSE,FALSE
44897,2011,1,Depression,outside,30.858548828125,Neither actor dominant,missing/uncertain,annual AFCD cropland-fraction source unavailable; event-year raster alone is insufficient,outside,,,,,,FALSE,FALSE,FALSE,FALSE
46222,2011,1,Depression,outside,35.60898828125,Neither actor dominant,missing/uncertain,annual AFCD cropland-fraction source unavailable; event-year raster alone is insufficient,outside,,,,,,FALSE,FALSE,FALSE,FALSE
47111,2011,1,Depression,outside,37.03039453125,Neither actor dominant,missing/uncertain,annual AFCD cropland-fraction source unavailable; event-year raster alone is insufficient,outside,,,,,,FALSE,FALSE,FALSE,FALSE
49801,2011,1,Depression,outside,32.03513671875,Neither actor dominant,missing/uncertain,annual AFCD cropland-fraction source unavailable; event-year raster alone is insufficient,outside,,,,,,FALSE,FALSE,FALSE,FALSE
74905,2011,1,Depression,inside,-3.04138134765625,Neither actor dominant,missing/uncertain,annual AFCD cropland-fraction source unavailable; event-year raster alone is insufficient,inside,,,,,,FALSE,TRUE,TRUE,TRUE
81150,2011,1,Depression,inside,-2,Neither actor dominant,missing/uncertain,annual AFCD cropland-fraction source unavailable; event-year raster alone is insufficient,inside,,,,,,FALSE,TRUE,TRUE,TRUE
81597,2011,1,Depression,inside,-2,Neither actor dominant,missing/uncertain,annual AFCD cropland-fraction source unavailable; event-year raster alone is insufficient,inside,,,,,,FALSE,TRUE,TRUE,TRUE
83832,2011,1,Depression,inside,-2,Neither actor dominant,missing/uncertain,annual AFCD cropland-fraction source unavailable; event-year raster alone is insufficient,inside,,,,,,FALSE,TRUE,TRUE,TRUE
87398,2011,1,Depression,outside,0.707106811523437,Neither actor dominant,missing/uncertain,annual AFCD cropland-fraction source unavailable; event-year raster alone is insufficient,outside,,,,,,FALSE,TRUE,TRUE,TRUE
90970,2011,1,Depression,inside,-4.03112890625,Neither actor dominant,missing/uncertain,annual AFCD cropland-fraction source unavailable; event-year raster alone is insufficient,inside,,,,,,FALSE,TRUE,TRUE,TRUE
90975,2011,1,Depression,inside,-3.5,Neither actor dominant,missing/uncertain,annual AFCD cropland-fraction source unavailable; event-year raster alone is insufficient,inside,,,,,,FALSE,TRUE,TRUE,TRUE
94534,2011,1,Depression,inside,-5.14781494140625,Neither actor dominant,missing/uncertain,annual AFCD cropland-fraction source unavailable; event-year raster alone is insufficient,inside,,,,,,FALSE,FALSE,TRUE,TRUE
94978,2011,1,Depression,inside,-4,Neither actor dominant,missing/uncertain,annual AFCD cropland-fraction source unavailable; event-year raster alone is insufficient,inside,,,,,,FALSE,TRUE,TRUE,TRUE
103901,2011,1,Depression,outside,6.3639609375,Neither actor dominant,missing/uncertain,annual AFCD cropland-fraction source unavailable; event-year raster alone is insufficient,outside,,,,,,FALSE,FALSE,TRUE,TRUE
106043,2011,1,Depression,outside,45.98369140625,Neither actor dominant,missing/uncertain,annual AFCD cropland-fraction source unavailable; event-year raster alone is insufficient,outside,,,,,,FALSE,FALSE,FALSE,FALSE
116436,2011,1,Depression,inside,-1.11803393554687,Neither actor dominant,missing/uncertain,annual AFCD cropland-fraction source unavailable; event-year raster alone is insufficient,inside,,,,,,FALSE,TRUE,TRUE,TRUE
779,2012,1,Depression,outside,72.9126171875,Neither actor dominant,missing/uncertain,annual AFCD cropland-fraction source unavailable; event-year raster alone is insufficient,outside,,,,,,FALSE,FALSE,FALSE,FALSE
1667,2012,1,Depression,outside,72.4655078125,Neither actor dominant,missing/uncertain,annual AFCD cropland-fraction source unavailable; event-year raster alone is insufficient,outside,,,,,,FALSE,FALSE,FALSE,FALSE
1671,2012,1,Depression,outside,72.091953125,Neither actor dominant,missing/uncertain,annual AFCD cropland-fraction source unavailable; event-year raster alone is insufficient,outside,,,,,,FALSE,FALSE,FALSE,FALSE
6581,2012,1,Depression,outside,67.0018671875,Neither actor dominant,missing/uncertain,annual AFCD cropland-fraction source unavailable; event-year raster alone is insufficient,outside,,,,,,FALSE,FALSE,FALSE,FALSE
10214,2012,1,Depression,outside,62.56596484375,Neither actor dominant,missing/uncertain,annual AFCD cropland-fraction source unavailable; event-year raster alone is insufficient,outside,,,,,,FALSE,FALSE,FALSE,FALSE
11999,2012,1,Depression,outside,60.334484375,Neither actor dominant,missing/uncertain,annual AFCD cropland-fraction source unavailable; event-year raster alone is insufficient,outside,,,,,,FALSE,FALSE,FALSE,FALSE
13780,2012,1,Depression,outside,57.8662265625,Neither actor dominant,missing/uncertain,annual AFCD cropland-fraction source unavailable; event-year raster alone is insufficient,outside,,,,,,FALSE,FALSE,FALSE,FALSE
22156,2012,1,Depression,outside,49.4974765625,Neither actor dominant,missing/uncertain,annual AFCD cropland-fraction source unavailable; event-year raster alone is insufficient,outside,,,,,,FALSE,FALSE,FALSE,FALSE
24958,2012,1,Depression,outside,45.705578125,Neither actor dominant,missing/uncertain,annual AFCD cropland-fraction source unavailable; event-year raster alone is insufficient,outside,,,,,,FALSE,FALSE,FALSE,FALSE
30577,2012,1,Depression,outside,48.41745703125,Neither actor dominant,missing/uncertain,annual AFCD cropland-fraction source unavailable; event-year raster alone is insufficient,outside,,,,,,FALSE,FALSE,FALSE,FALSE
36103,2012,1,Depression,outside,33.04920703125,Neither actor dominant,missing/uncertain,annual AFCD cropland-fraction source unavailable; event-year raster alone is insufficient,outside,,,,,,FALSE,FALSE,FALSE,FALSE
39977,2012,1,Depression,outside,36.1005546875,Neither actor dominant,missing/uncertain,annual AFCD cropland-fraction source unavailable; event-year raster alone is insufficient,outside,,,,,,FALSE,FALSE,FALSE,FALSE
41003,2012,1,Depression,outside,28.57008984375,Neither actor dominant,missing/uncertain,annual AFCD cropland-fraction source unavailable; event-year raster alone is insufficient,outside,,,,,,FALSE,FALSE,FALSE,FALSE
51579,2012,1,Depression,outside,35.33058203125,Neither actor dominant,missing/uncertain,annual AFCD cropland-fraction source unavailable; event-year raster alone is insufficient,outside,,,,,,FALSE,FALSE,FALSE,FALSE
74459,2012,1,Depression,inside,-3.5,Neither actor dominant,missing/uncertain,annual AFCD cropland-fraction source unavailable; event-year raster alone is insufficient,inside,,,,,,FALSE,TRUE,TRUE,TRUE
76238,2012,1,Depression,inside,-0.5,Neither actor dominant,missing/uncertain,annual AFCD cropland-fraction source unavailable; event-year raster alone is insufficient,inside,,,,,,FALSE,TRUE,TRUE,TRUE
79372,2012,1,Depression,inside,-4.30116259765625,Neither actor dominant,missing/uncertain,annual AFCD cropland-fraction source unavailable; event-year raster alone is insufficient,inside,,,,,,FALSE,TRUE,TRUE,TRUE
79806,2012,1,Depression,inside,-0.5,Neither actor dominant,missing/uncertain,annual AFCD cropland-fraction source unavailable; event-year raster alone is insufficient,inside,,,,,,FALSE,TRUE,TRUE,TRUE
84273,2012,1,Depression,outside,1.41421362304688,Neither actor dominant,missing/uncertain,annual AFCD cropland-fraction source unavailable; event-year raster alone is insufficient,outside,,,,,,FALSE,TRUE,TRUE,TRUE
84280,2012,1,Depression,inside,-2.5,Neither actor dominant,missing/uncertain,annual AFCD cropland-fraction source unavailable; event-year raster alone is insufficient,inside,,,,,,FALSE,TRUE,TRUE,TRUE
88288,2012,1,Depression,inside,-1.58113879394531,Neither actor dominant,missing/uncertain,annual AFCD cropland-fraction source unavailable; event-year raster alone is insufficient,inside,,,,,,FALSE,TRUE,TRUE,TRUE
90076,2012,1,Depression,inside,-3.20156201171875,Neither actor dominant,missing/uncertain,annual AFCD cropland-fraction source unavailable; event-year raster alone is insufficient,inside,,,,,,FALSE,TRUE,TRUE,TRUE
90971,2012,1,Depression,inside,-3.80788647460938,Neither actor dominant,missing/uncertain,annual AFCD cropland-fraction source unavailable; event-year raster alone is insufficient,inside,,,,,,FALSE,TRUE,TRUE,TRUE
91859,2012,1,Depression,inside,-3.80788647460938,Neither actor dominant,missing/uncertain,annual AFCD cropland-fraction source unavailable; event-year raster alone is insufficient,inside,,,,,,FALSE,TRUE,TRUE,TRUE
91860,2012,1,Depression,inside,-4.03112890625,Neither actor dominant,missing/uncertain,annual AFCD cropland-fraction source unavailable; event-year raster alone is insufficient,inside,,,,,,FALSE,TRUE,TRUE,TRUE
96754,2012,1,Depression,outside,1.58113879394531,Neither actor dominant,missing/uncertain,annual AFCD cropland-fraction source unavailable; event-year raster alone is insufficient,outside,,,,,,FALSE,TRUE,TRUE,TRUE
106154,2012,1,Depression,outside,4.242640625,Neither actor dominant,missing/uncertain,annual AFCD cropland-fraction source unavailable; event-year raster alone is insufficient,outside,,,,,,FALSE,TRUE,TRUE,TRUE
118115,2012,1,Depression,outside,36.06937890625,Neither actor dominant,missing/uncertain,annual AFCD cropland-fraction source unavailable; event-year raster alone is insufficient,outside,,,,,,FALSE,FALSE,FALSE,FALSE
136717,2012,1,Depression,outside,18.034689453125,Neither actor dominant,missing/uncertain,annual AFCD cropland-fraction source unavailable; event-year raster alone is insufficient,outside,,,,,,FALSE,FALSE,FALSE,TRUE
1225,2013,1,Depression,outside,72.5,Militia dominant,missing/uncertain,annual AFCD cropland-fraction source unavailable; event-year raster alone is insufficient,outside,,,,,,FALSE,FALSE,FALSE,FALSE
1233,2013,1,Depression,outside,71.9461640625,Militia dominant,missing/uncertain,annual AFCD cropland-fraction source unavailable; event-year raster alone is insufficient,outside,,,,,,FALSE,FALSE,FALSE,FALSE
1234,2013,1,Depression,outside,71.89228125,Militia dominant,missing/uncertain,annual AFCD cropland-fraction source unavailable; event-year raster alone is insufficient,outside,,,,,,FALSE,FALSE,FALSE,FALSE
1673,2013,1,Depression,outside,71.9253046875,Militia dominant,missing/uncertain,annual AFCD cropland-fraction source unavailable; event-year raster alone is insufficient,outside,,,,,,FALSE,FALSE,FALSE,FALSE
2113,2013,1,Depression,outside,72.015625,Militia dominant,missing/uncertain,annual AFCD cropland-fraction source unavailable; event-year raster alone is insufficient,outside,,,,,,FALSE,FALSE,FALSE,FALSE
2571,2013,1,Depression,outside,70.641703125,Militia dominant,missing/uncertain,annual AFCD cropland-fraction source unavailable; event-year raster alone is insufficient,outside,,,,,,FALSE,FALSE,FALSE,FALSE
3402,2013,1,Depression,outside,70.515953125,Militia dominant,missing/uncertain,annual AFCD cropland-fraction source unavailable; event-year raster alone is insufficient,outside,,,,,,FALSE,FALSE,FALSE,FALSE
3896,2013,1,Depression,outside,70.0017890625,Militia dominant,missing/uncertain,annual AFCD cropland-fraction source unavailable; event-year raster alone is insufficient,outside,,,,,,FALSE,FALSE,FALSE,FALSE
3897,2013,1,Depression,outside,70,Militia dominant,missing/uncertain,annual AFCD cropland-fraction source unavailable; event-year raster alone is insufficient,outside,,,,,,FALSE,FALSE,FALSE,FALSE
4342,2013,1,Depression,outside,69.5071953125,Militia dominant,missing/uncertain,annual AFCD cropland-fraction source unavailable; event-year raster alone is insufficient,outside,,,,,,FALSE,FALSE,FALSE,FALSE
4791,2013,1,Depression,outside,69,Militia dominant,missing/uncertain,annual AFCD cropland-fraction source unavailable; event-year raster alone is insufficient,outside,,,,,,FALSE,FALSE,FALSE,FALSE
6134,2013,1,Depression,outside,67.5018515625,Militia dominant,missing/uncertain,annual AFCD cropland-fraction source unavailable; event-year raster alone is insufficient,outside,,,,,,FALSE,FALSE,FALSE,FALSE
8785,2013,1,Depression,outside,65.43126171875,Militia dominant,missing/uncertain,annual AFCD cropland-fraction source unavailable; event-year raster alone is insufficient,outside,,,,,,FALSE,FALSE,FALSE,FALSE
8786,2013,1,Depression,outside,65.517171875,Militia dominant,missing/uncertain,annual AFCD cropland-fraction source unavailable; event-year raster alone is insufficient,outside,,,,,,FALSE,FALSE,FALSE,FALSE
9232,2013,1,Depression,outside,64.93843359375,Militia dominant,missing/uncertain,annual AFCD cropland-fraction source unavailable; event-year raster alone is insufficient,outside,,,,,,FALSE,FALSE,FALSE,FALSE
9259,2013,1,Depression,outside,64.0078125,Militia dominant,missing/uncertain,annual AFCD cropland-fraction source unavailable; event-year raster alone is insufficient,outside,,,,,,FALSE,FALSE,FALSE,FALSE
11106,2013,1,Depression,outside,61.4043984375,Militia dominant,missing/uncertain,annual AFCD cropland-fraction source unavailable; event-year raster alone is insufficient,outside,,,,,,FALSE,FALSE,FALSE,FALSE
13325,2013,1,Depression,outside,58.05385546875,Militia dominant,missing/uncertain,annual AFCD cropland-fraction source unavailable; event-year raster alone is insufficient,outside,,,,,,FALSE,FALSE,FALSE,FALSE
13331,2013,1,Depression,outside,58.26019140625,Militia dominant,missing/uncertain,annual AFCD cropland-fraction source unavailable; event-year raster alone is insufficient,outside,,,,,,FALSE,FALSE,FALSE,FALSE
13778,2013,1,Depression,outside,57.7624453125,Militia dominant,missing/uncertain,annual AFCD cropland-fraction source unavailable; event-year raster alone is insufficient,outside,,,,,,FALSE,FALSE,FALSE,FALSE
14166,2013,1,Depression,outside,58.80688671875,Militia dominant,missing/uncertain,annual AFCD cropland-fraction source unavailable; event-year raster alone is insufficient,outside,,,,,,FALSE,FALSE,FALSE,FALSE
14590,2013,1,Depression,outside,58.549125,Militia dominant,missing/uncertain,annual AFCD cropland-fraction source unavailable; event-year raster alone is insufficient,outside,,,,,,FALSE,FALSE,FALSE,FALSE
14610,2013,1,Depression,outside,58.48290234375,Militia dominant,missing/uncertain,annual AFCD cropland-fraction source unavailable; event-year raster alone is insufficient,outside,,,,,,FALSE,FALSE,FALSE,FALSE
15058,2013,1,Depression,outside,57.92451953125,Militia dominant,missing/uncertain,annual AFCD cropland-fraction source unavailable; event-year raster alone is insufficient,outside,,,,,,FALSE,FALSE,FALSE,FALSE
15907,2013,1,Depression,outside,56.57958984375,Militia dominant,missing/uncertain,annual AFCD cropland-fraction source unavailable; event-year raster alone is insufficient,outside,,,,,,FALSE,FALSE,FALSE,FALSE
15925,2013,1,Depression,outside,56.72080859375,Militia dominant,missing/uncertain,annual AFCD cropland-fraction source unavailable; event-year raster alone is insufficient,outside,,,,,,FALSE,FALSE,FALSE,FALSE
16307,2013,1,Depression,outside,56.57958984375,Militia dominant,missing/uncertain,annual AFCD cropland-fraction source unavailable; event-year raster alone is insufficient,outside,,,,,,FALSE,FALSE,FALSE,FALSE
17290,2013,1,Depression,outside,55.65294140625,Militia dominant,missing/uncertain,annual AFCD cropland-fraction source unavailable; event-year raster alone is insufficient,outside,,,,,,FALSE,FALSE,FALSE,FALSE
17817,2013,1,Depression,outside,54.6923203125,Militia dominant,missing/uncertain,annual AFCD cropland-fraction source unavailable; event-year raster alone is insufficient,outside,,,,,,FALSE,FALSE,FALSE,FALSE
18254,2013,1,Depression,outside,53.18364453125,Militia dominant,missing/uncertain,annual AFCD cropland-fraction source unavailable; event-year raster alone is insufficient,outside,,,,,,FALSE,FALSE,FALSE,FALSE
18255,2013,1,Depression,outside,53.26584375,Militia dominant,missing/uncertain,annual AFCD cropland-fraction source unavailable; event-year raster alone is insufficient,outside,,,,,,FALSE,FALSE,FALSE,FALSE
18698,2013,1,Depression,outside,52.4690390625,Militia dominant,missing/uncertain,annual AFCD cropland-fraction source unavailable; event-year raster alone is insufficient,outside,,,,,,FALSE,FALSE,FALSE,FALSE
18699,2013,1,Depression,outside,52.53808203125,Militia dominant,missing/uncertain,annual AFCD cropland-fraction source unavailable; event-year raster alone is insufficient,outside,,,,,,FALSE,FALSE,FALSE,FALSE
20490,2013,1,Depression,outside,50.80354296875,Militia dominant,missing/uncertain,annual AFCD cropland-fraction source unavailable; event-year raster alone is insufficient,outside,,,,,,FALSE,FALSE,FALSE,FALSE
20818,2013,1,Depression,outside,51.2103515625,Militia dominant,missing/uncertain,annual AFCD cropland-fraction source unavailable; event-year raster alone is insufficient,outside,,,,,,FALSE,FALSE,FALSE,FALSE
21259,2013,1,Depression,outside,50.30158984375,Militia dominant,missing/uncertain,annual AFCD cropland-fraction source unavailable; event-year raster alone is insufficient,outside,,,,,,FALSE,FALSE,FALSE,FALSE
21380,2013,1,Depression,outside,49.4974765625,Militia dominant,missing/uncertain,annual AFCD cropland-fraction source unavailable; event-year raster alone is insufficient,outside,,,,,,FALSE,FALSE,FALSE,FALSE
21710,2013,1,Depression,outside,50.06495703125,Militia dominant,missing/uncertain,annual AFCD cropland-fraction source unavailable; event-year raster alone is insufficient,outside,,,,,,FALSE,FALSE,FALSE,FALSE
21746,2013,1,Depression,outside,50.9901953125,Militia dominant,missing/uncertain,annual AFCD cropland-fraction source unavailable; event-year raster alone is insufficient,outside,,,,,,FALSE,FALSE,FALSE,FALSE
22198,2013,1,Depression,outside,51.05389453125,Militia dominant,missing/uncertain,annual AFCD cropland-fraction source unavailable; event-year raster alone is insufficient,outside,,,,,,FALSE,FALSE,FALSE,FALSE
22272,2013,1,Depression,outside,48.373546875,Militia dominant,missing/uncertain,annual AFCD cropland-fraction source unavailable; event-year raster alone is insufficient,outside,,,,,,FALSE,FALSE,FALSE,FALSE
22579,2013,1,Depression,outside,48.66466796875,Militia dominant,missing/uncertain,annual AFCD cropland-fraction source unavailable; event-year raster alone is insufficient,outside,,,,,,FALSE,FALSE,FALSE,FALSE
23092,2013,1,Depression,outside,50.0849296875,Militia dominant,missing/uncertain,annual AFCD cropland-fraction source unavailable; event-year raster alone is insufficient,outside,,,,,,FALSE,FALSE,FALSE,FALSE
23501,2013,1,Depression,outside,48.314078125,Militia dominant,missing/uncertain,annual AFCD cropland-fraction source unavailable; event-year raster alone is insufficient,outside,,,,,,FALSE,FALSE,FALSE,FALSE
23511,2013,1,Depression,outside,48.00260546875,Militia dominant,missing/uncertain,annual AFCD cropland-fraction source unavailable; event-year raster alone is insufficient,outside,,,,,,FALSE,FALSE,FALSE,FALSE
23512,2013,1,Depression,outside,48,Militia dominant,missing/uncertain,annual AFCD cropland-fraction source unavailable; event-year raster alone is insufficient,outside,,,,,,FALSE,FALSE,FALSE,FALSE
24049,2013,1,Depression,outside,46.00271875,Militia dominant,missing/uncertain,annual AFCD cropland-fraction source unavailable; event-year raster alone is insufficient,outside,,,,,,FALSE,FALSE,FALSE,FALSE
24408,2013,1,Depression,outside,47,Militia dominant,missing/uncertain,annual AFCD cropland-fraction source unavailable; event-year raster alone is insufficient,outside,,,,,,FALSE,FALSE,FALSE,FALSE
24945,2013,1,Depression,outside,45.0249921875,Militia dominant,missing/uncertain,annual AFCD cropland-fraction source unavailable; event-year raster alone is insufficient,outside,,,,,,FALSE,FALSE,FALSE,FALSE
25320,2013,1,Depression,outside,46.87216796875,Militia dominant,missing/uncertain,annual AFCD cropland-fraction source unavailable; event-year raster alone is insufficient,outside,,,,,,FALSE,FALSE,FALSE,FALSE
25740,2013,1,Depression,outside,45.63441796875,Militia dominant,missing/uncertain,annual AFCD cropland-fraction source unavailable; event-year raster alone is insufficient,outside,,,,,,FALSE,FALSE,FALSE,FALSE
25762,2013,1,Depression,outside,45.96194140625,Militia dominant,missing/uncertain,annual AFCD cropland-fraction source unavailable; event-year raster alone is insufficient,outside,,,,,,FALSE,FALSE,FALSE,FALSE
25763,2013,1,Depression,outside,46.0353125,Militia dominant,missing/uncertain,annual AFCD cropland-fraction source unavailable; event-year raster alone is insufficient,outside,,,,,,FALSE,FALSE,FALSE,FALSE
25851,2013,1,Depression,outside,44.63462890625,Militia dominant,missing/uncertain,annual AFCD cropland-fraction source unavailable; event-year raster alone is insufficient,outside,,,,,,FALSE,FALSE,FALSE,FALSE
26632,2013,1,Depression,outside,44.72694921875,Militia dominant,missing/uncertain,annual AFCD cropland-fraction source unavailable; event-year raster alone is insufficient,outside,,,,,,FALSE,FALSE,FALSE,FALSE
26636,2013,1,Depression,outside,44.57016796875,Militia dominant,missing/uncertain,annual AFCD cropland-fraction source unavailable; event-year raster alone is insufficient,outside,,,,,,FALSE,FALSE,FALSE,FALSE
27052,2013,1,Depression,outside,43.57178125,Militia dominant,missing/uncertain,annual AFCD cropland-fraction source unavailable; event-year raster alone is insufficient,outside,,,,,,FALSE,FALSE,FALSE,FALSE
27969,2013,1,Depression,outside,43.24638671875,Militia dominant,missing/uncertain,annual AFCD cropland-fraction source unavailable; event-year raster alone is insufficient,outside,,,,,,FALSE,FALSE,FALSE,FALSE
28864,2013,1,Depression,outside,42.3615390625,Militia dominant,missing/uncertain,annual AFCD cropland-fraction source unavailable; event-year raster alone is insufficient,outside,,,,,,FALSE,FALSE,FALSE,FALSE
32092,2013,1,Depression,outside,37,Militia dominant,missing/uncertain,annual AFCD cropland-fraction source unavailable; event-year raster alone is insufficient,outside,,,,,,FALSE,FALSE,FALSE,FALSE
32426,2013,1,Depression,outside,37.52998828125,Militia dominant,missing/uncertain,annual AFCD cropland-fraction source unavailable; event-year raster alone is insufficient,outside,,,,,,FALSE,FALSE,FALSE,FALSE
32840,2013,1,Depression,outside,39.56008203125,Militia dominant,missing/uncertain,annual AFCD cropland-fraction source unavailable; event-year raster alone is insufficient,outside,,,,,,FALSE,FALSE,FALSE,FALSE
34630,2013,1,Depression,outside,37.33630859375,Militia dominant,missing/uncertain,annual AFCD cropland-fraction source unavailable; event-year raster alone is insufficient,outside,,,,,,FALSE,FALSE,FALSE,FALSE
34640,2013,1,Depression,outside,35.90264453125,Militia dominant,missing/uncertain,annual AFCD cropland-fraction source unavailable; event-year raster alone is insufficient,outside,,,,,,FALSE,FALSE,FALSE,FALSE
35087,2013,1,Depression,outside,35.415390625,Militia dominant,missing/uncertain,annual AFCD cropland-fraction source unavailable; event-year raster alone is insufficient,outside,,,,,,FALSE,FALSE,FALSE,FALSE
36424,2013,1,Depression,outside,34.48187890625,Militia dominant,missing/uncertain,annual AFCD cropland-fraction source unavailable; event-year raster alone is insufficient,outside,,,,,,FALSE,FALSE,FALSE,FALSE
36832,2013,1,Depression,outside,43.8919140625,Militia dominant,missing/uncertain,annual AFCD cropland-fraction source unavailable; event-year raster alone is insufficient,outside,,,,,,FALSE,FALSE,FALSE,FALSE
38324,2013,1,Depression,outside,31.69384765625,Militia dominant,missing/uncertain,annual AFCD cropland-fraction source unavailable; event-year raster alone is insufficient,outside,,,,,,FALSE,FALSE,FALSE,FALSE
39978,2013,1,Depression,outside,35.80502734375,Militia dominant,missing/uncertain,annual AFCD cropland-fraction source unavailable; event-year raster alone is insufficient,outside,,,,,,FALSE,FALSE,FALSE,FALSE
40431,2013,1,Depression,outside,33.70830859375,Militia dominant,missing/uncertain,annual AFCD cropland-fraction source unavailable; event-year raster alone is insufficient,outside,,,,,,FALSE,FALSE,FALSE,FALSE
41021,2013,1,Depression,outside,27.5544921875,Militia dominant,missing/uncertain,annual AFCD cropland-fraction source unavailable; event-year raster alone is insufficient,outside,,,,,,FALSE,FALSE,FALSE,FALSE
41319,2013,1,Depression,outside,34.60130078125,Militia dominant,missing/uncertain,annual AFCD cropland-fraction source unavailable; event-year raster alone is insufficient,outside,,,,,,FALSE,FALSE,FALSE,FALSE
41766,2013,1,Depression,outside,34.20526171875,Militia dominant,missing/uncertain,annual AFCD cropland-fraction source unavailable; event-year raster alone is insufficient,outside,,,,,,FALSE,FALSE,FALSE,FALSE
42660,2013,1,Depression,outside,33.42155078125,Militia dominant,missing/uncertain,annual AFCD cropland-fraction source unavailable; event-year raster alone is insufficient,outside,,,,,,FALSE,FALSE,FALSE,FALSE
42796,2013,1,Depression,outside,26.879359375,Militia dominant,missing/uncertain,annual AFCD cropland-fraction source unavailable; event-year raster alone is insufficient,outside,,,,,,FALSE,FALSE,FALSE,FALSE
43109,2013,1,Depression,outside,32.407560546875,Militia dominant,missing/uncertain,annual AFCD cropland-fraction source unavailable; event-year raster alone is insufficient,outside,,,,,,FALSE,FALSE,FALSE,FALSE
43555,2013,1,Depression,outside,32.330326171875,Militia dominant,missing/uncertain,annual AFCD cropland-fraction source unavailable; event-year raster alone is insufficient,outside,,,,,,FALSE,FALSE,FALSE,FALSE
48013,2013,1,Depression,outside,33.20015234375,Militia dominant,missing/uncertain,annual AFCD cropland-fraction source unavailable; event-year raster alone is insufficient,outside,,,,,,FALSE,FALSE,FALSE,FALSE
51140,2013,1,Depression,outside,32.070236328125,Militia dominant,missing/uncertain,annual AFCD cropland-fraction source unavailable; event-year raster alone is insufficient,outside,,,,,,FALSE,FALSE,FALSE,FALSE
54852,2013,1,Depression,outside,13.086251953125,Militia dominant,missing/uncertain,annual AFCD cropland-fraction source unavailable; event-year raster alone is insufficient,outside,,,,,,FALSE,FALSE,FALSE,TRUE
59309,2013,1,Depression,outside,11.313708984375,Militia dominant,missing/uncertain,annual AFCD cropland-fraction source unavailable; event-year raster alone is insufficient,outside,,,,,,FALSE,FALSE,FALSE,TRUE
63635,2013,1,Depression,outside,38.0821484375,Militia dominant,missing/uncertain,annual AFCD cropland-fraction source unavailable; event-year raster alone is insufficient,outside,,,,,,FALSE,FALSE,FALSE,FALSE
65423,2013,1,Depression,outside,37.165171875,Militia dominant,missing/uncertain,annual AFCD cropland-fraction source unavailable; event-year raster alone is insufficient,outside,,,,,,FALSE,FALSE,FALSE,FALSE
66318,2013,1,Depression,outside,36.0901640625,Militia dominant,missing/uncertain,annual AFCD cropland-fraction source unavailable; event-year raster alone is insufficient,outside,,,,,,FALSE,FALSE,FALSE,FALSE
66883,2013,1,Depression,outside,2.5,Militia dominant,missing/uncertain,annual AFCD cropland-fraction source unavailable; event-year raster alone is insufficient,outside,,,,,,FALSE,TRUE,TRUE,TRUE
71337,2013,1,Depression,inside,-4.74341650390625,Militia dominant,missing/uncertain,annual AFCD cropland-fraction source unavailable; event-year raster alone is insufficient,inside,,,,,,FALSE,TRUE,TRUE,TRUE
71797,2013,1,Depression,inside,-2.5,Militia dominant,missing/uncertain,annual AFCD cropland-fraction source unavailable; event-year raster alone is insufficient,inside,,,,,,FALSE,TRUE,TRUE,TRUE
77130,2013,1,Depression,outside,0.5,Militia dominant,missing/uncertain,annual AFCD cropland-fraction source unavailable; event-year raster alone is insufficient,outside,,,,,,FALSE,TRUE,TRUE,TRUE
78925,2013,1,Depression,inside,-4.03112890625,Militia dominant,missing/uncertain,annual AFCD cropland-fraction source unavailable; event-year raster alone is insufficient,inside,,,,,,FALSE,TRUE,TRUE,TRUE
79808,2013,1,Depression,inside,-1.11803393554687,Militia dominant,missing/uncertain,annual AFCD cropland-fraction source unavailable; event-year raster alone is insufficient,inside,,,,,,FALSE,TRUE,TRUE,TRUE
80590,2013,1,Depression,outside,39.8559921875,Militia dominant,missing/uncertain,annual AFCD cropland-fraction source unavailable; event-year raster alone is insufficient,outside,,,,,,FALSE,FALSE,FALSE,FALSE
81154,2013,1,Depression,inside,-3.90512475585938,Militia dominant,missing/uncertain,annual AFCD cropland-fraction source unavailable; event-year raster alone is insufficient,inside,,,,,,FALSE,TRUE,TRUE,TRUE
82486,2013,1,Depression,outside,1,Militia dominant,missing/uncertain,annual AFCD cropland-fraction source unavailable; event-year raster alone is insufficient,outside,,,,,,FALSE,TRUE,TRUE,TRUE
84278,2013,1,Depression,inside,-1.5,Militia dominant,missing/uncertain,annual AFCD cropland-fraction source unavailable; event-year raster alone is insufficient,inside,,,,,,FALSE,TRUE,TRUE,TRUE
84605,2013,1,Depression,outside,42.46469140625,Militia dominant,missing/uncertain,annual AFCD cropland-fraction source unavailable; event-year raster alone is insufficient,outside,,,,,,FALSE,FALSE,FALSE,FALSE
84720,2013,1,Depression,outside,1.11803393554687,Militia dominant,missing/uncertain,annual AFCD cropland-fraction source unavailable; event-year raster alone is insufficient,outside,,,,,,FALSE,TRUE,TRUE,TRUE
85056,2013,1,Depression,outside,40.40420703125,Militia dominant,missing/uncertain,annual AFCD cropland-fraction source unavailable; event-year raster alone is insufficient,outside,,,,,,FALSE,FALSE,FALSE,FALSE
85168,2013,1,Depression,outside,0.5,Militia dominant,missing/uncertain,annual AFCD cropland-fraction source unavailable; event-year raster alone is insufficient,outside,,,,,,FALSE,TRUE,TRUE,TRUE
85611,2013,1,Depression,outside,2.1213203125,Militia dominant,missing/uncertain,annual AFCD cropland-fraction source unavailable; event-year raster alone is insufficient,outside,,,,,,FALSE,TRUE,TRUE,TRUE
86949,2013,1,Depression,outside,0.5,Militia dominant,missing/uncertain,annual AFCD cropland-fraction source unavailable; event-year raster alone is insufficient,outside,,,,,,FALSE,TRUE,TRUE,TRUE
87395,2013,1,Depression,inside,-0.5,Militia dominant,missing/uncertain,annual AFCD cropland-fraction source unavailable; event-year raster alone is insufficient,inside,,,,,,FALSE,TRUE,TRUE,TRUE
87397,2013,1,Depression,outside,0.5,Militia dominant,missing/uncertain,annual AFCD cropland-fraction source unavailable; event-year raster alone is insufficient,outside,,,,,,FALSE,TRUE,TRUE,TRUE
88191,2013,1,Depression,outside,36.840875,Militia dominant,missing/uncertain,annual AFCD cropland-fraction source unavailable; event-year raster alone is insufficient,outside,,,,,,FALSE,FALSE,FALSE,FALSE
88631,2013,1,Depression,outside,40.252328125,Militia dominant,missing/uncertain,annual AFCD cropland-fraction source unavailable; event-year raster alone is insufficient,outside,,,,,,FALSE,FALSE,FALSE,FALSE
88735,2013,1,Depression,inside,-2.061552734375,Militia dominant,missing/uncertain,annual AFCD cropland-fraction source unavailable; event-year raster alone is insufficient,inside,,,,,,FALSE,TRUE,TRUE,TRUE
89182,2013,1,Depression,inside,-2.5,Militia dominant,missing/uncertain,annual AFCD cropland-fraction source unavailable; event-year raster alone is insufficient,inside,,,,,,FALSE,TRUE,TRUE,TRUE
90065,2013,1,Depression,inside,-1.11803393554687,Militia dominant,missing/uncertain,annual AFCD cropland-fraction source unavailable; event-year raster alone is insufficient,inside,,,,,,FALSE,TRUE,TRUE,TRUE
90077,2013,1,Depression,inside,-2.91547583007813,Militia dominant,missing/uncertain,annual AFCD cropland-fraction source unavailable; event-year raster alone is insufficient,inside,,,,,,FALSE,TRUE,TRUE,TRUE
90078,2013,1,Depression,inside,-2.69258251953125,Militia dominant,missing/uncertain,annual AFCD cropland-fraction source unavailable; event-year raster alone is insufficient,inside,,,,,,FALSE,TRUE,TRUE,TRUE
90416,2013,1,Depression,outside,41.575234375,Militia dominant,missing/uncertain,annual AFCD cropland-fraction source unavailable; event-year raster alone is insufficient,outside,,,,,,FALSE,FALSE,FALSE,FALSE
90523,2013,1,Depression,inside,-3.60555126953125,Militia dominant,missing/uncertain,annual AFCD cropland-fraction source unavailable; event-year raster alone is insufficient,inside,,,,,,FALSE,TRUE,TRUE,TRUE
90528,2013,1,Depression,inside,-3,Militia dominant,missing/uncertain,annual AFCD cropland-fraction source unavailable; event-year raster alone is insufficient,inside,,,,,,FALSE,TRUE,TRUE,TRUE
90529,2013,1,Depression,inside,-3.04138134765625,Militia dominant,missing/uncertain,annual AFCD cropland-fraction source unavailable; event-year raster alone is insufficient,inside,,,,,,FALSE,TRUE,TRUE,TRUE
90967,2013,1,Depression,inside,-3.53553393554688,Militia dominant,missing/uncertain,annual AFCD cropland-fraction source unavailable; event-year raster alone is insufficient,inside,,,,,,FALSE,TRUE,TRUE,TRUE
90972,2013,1,Depression,inside,-3.64005493164063,Militia dominant,missing/uncertain,annual AFCD cropland-fraction source unavailable; event-year raster alone is insufficient,inside,,,,,,FALSE,TRUE,TRUE,TRUE
90973,2013,1,Depression,inside,-3.53553393554688,Militia dominant,missing/uncertain,annual AFCD cropland-fraction source unavailable; event-year raster alone is insufficient,inside,,,,,,FALSE,TRUE,TRUE,TRUE
90974,2013,1,Depression,inside,-3.5,Militia dominant,missing/uncertain,annual AFCD cropland-fraction source unavailable; event-year raster alone is insufficient,inside,,,,,,FALSE,TRUE,TRUE,TRUE
92751,2013,1,Depression,inside,-4.5276923828125,Militia dominant,missing/uncertain,annual AFCD cropland-fraction source unavailable; event-year raster alone is insufficient,inside,,,,,,FALSE,TRUE,TRUE,TRUE
94088,2013,1,Depression,inside,-4.9244287109375,Militia dominant,missing/uncertain,annual AFCD cropland-fraction source unavailable; event-year raster alone is insufficient,inside,,,,,,FALSE,TRUE,TRUE,TRUE
94533,2013,1,Depression,inside,-4.9244287109375,Militia dominant,missing/uncertain,annual AFCD cropland-fraction source unavailable; event-year raster alone is insufficient,inside,,,,,,FALSE,TRUE,TRUE,TRUE
94977,2013,1,Depression,inside,-3.5,Militia dominant,missing/uncertain,annual AFCD cropland-fraction source unavailable; event-year raster alone is insufficient,inside,,,,,,FALSE,TRUE,TRUE,TRUE
94986,2013,1,Depression,inside,-6.8007353515625,Militia dominant,missing/uncertain,annual AFCD cropland-fraction source unavailable; event-year raster alone is insufficient,inside,,,,,,FALSE,FALSE,TRUE,TRUE
95433,2013,1,Depression,inside,-7.2111025390625,Militia dominant,missing/uncertain,annual AFCD cropland-fraction source unavailable; event-year raster alone is insufficient,inside,,,,,,FALSE,FALSE,TRUE,TRUE
97195,2013,1,Depression,outside,4.272001953125,Militia dominant,missing/uncertain,annual AFCD cropland-fraction source unavailable; event-year raster alone is insufficient,outside,,,,,,FALSE,TRUE,TRUE,TRUE
98092,2013,1,Depression,outside,2.549509765625,Militia dominant,missing/uncertain,annual AFCD cropland-fraction source unavailable; event-year raster alone is insufficient,outside,,,,,,FALSE,TRUE,TRUE,TRUE
98537,2013,1,Depression,outside,3.5,Militia dominant,missing/uncertain,annual AFCD cropland-fraction source unavailable; event-year raster alone is insufficient,outside,,,,,,FALSE,TRUE,TRUE,TRUE
98539,2013,1,Depression,outside,2.5,Militia dominant,missing/uncertain,annual AFCD cropland-fraction source unavailable; event-year raster alone is insufficient,outside,,,,,,FALSE,TRUE,TRUE,TRUE
98540,2013,1,Depression,outside,2,Militia dominant,missing/uncertain,annual AFCD cropland-fraction source unavailable; event-year raster alone is insufficient,outside,,,,,,FALSE,TRUE,TRUE,TRUE
102560,2013,1,Depression,outside,5.4083271484375,Militia dominant,missing/uncertain,annual AFCD cropland-fraction source unavailable; event-year raster alone is insufficient,outside,,,,,,FALSE,FALSE,TRUE,TRUE
102561,2013,1,Depression,outside,5,Militia dominant,missing/uncertain,annual AFCD cropland-fraction source unavailable; event-year raster alone is insufficient,outside,,,,,,FALSE,TRUE,TRUE,TRUE
103456,2013,1,Depression,outside,5.31507275390625,Militia dominant,missing/uncertain,annual AFCD cropland-fraction source unavailable; event-year raster alone is insufficient,outside,,,,,,FALSE,FALSE,TRUE,TRUE
103902,2013,1,Depression,outside,6.02079736328125,Militia dominant,missing/uncertain,annual AFCD cropland-fraction source unavailable; event-year raster alone is insufficient,outside,,,,,,FALSE,FALSE,TRUE,TRUE
103904,2013,1,Depression,outside,5.31507275390625,Militia dominant,missing/uncertain,annual AFCD cropland-fraction source unavailable; event-year raster alone is insufficient,outside,,,,,,FALSE,FALSE,TRUE,TRUE
104248,2013,1,Depression,outside,49.912421875,Militia dominant,missing/uncertain,annual AFCD cropland-fraction source unavailable; event-year raster alone is insufficient,outside,,,,,,FALSE,FALSE,FALSE,FALSE
105588,2013,1,Depression,outside,49.29756640625,Militia dominant,missing/uncertain,annual AFCD cropland-fraction source unavailable; event-year raster alone is insufficient,outside,,,,,,FALSE,FALSE,FALSE,FALSE
105705,2013,1,Depression,outside,4.30116259765625,Militia dominant,missing/uncertain,annual AFCD cropland-fraction source unavailable; event-year raster alone is insufficient,outside,,,,,,FALSE,TRUE,TRUE,TRUE
106153,2013,1,Depression,outside,4.4721357421875,Militia dominant,missing/uncertain,annual AFCD cropland-fraction source unavailable; event-year raster alone is insufficient,outside,,,,,,FALSE,TRUE,TRUE,TRUE
106601,2013,1,Depression,outside,4.6097724609375,Militia dominant,missing/uncertain,annual AFCD cropland-fraction source unavailable; event-year raster alone is insufficient,outside,,,,,,FALSE,TRUE,TRUE,TRUE
108808,2013,1,Depression,outside,13.7931142578125,Militia dominant,missing/uncertain,annual AFCD cropland-fraction source unavailable; event-year raster alone is insufficient,outside,,,,,,FALSE,FALSE,FALSE,TRUE
110450,2013,1,Depression,outside,65.700078125,Militia dominant,missing/uncertain,annual AFCD cropland-fraction source unavailable; event-year raster alone is insufficient,outside,,,,,,FALSE,FALSE,FALSE,FALSE
112392,2013,1,Depression,outside,10.2956298828125,Militia dominant,missing/uncertain,annual AFCD cropland-fraction source unavailable; event-year raster alone is insufficient,outside,,,,,,FALSE,FALSE,FALSE,TRUE
115528,2013,1,Depression,outside,5.4083271484375,Militia dominant,missing/uncertain,annual AFCD cropland-fraction source unavailable; event-year raster alone is insufficient,outside,,,,,,FALSE,FALSE,TRUE,TRUE
128734,2013,1,Depression,outside,28.99137890625,Militia dominant,missing/uncertain,annual AFCD cropland-fraction source unavailable; event-year raster alone is insufficient,outside,,,,,,FALSE,FALSE,FALSE,FALSE
154646,2013,1,Depression,outside,48.502578125,Militia dominant,missing/uncertain,annual AFCD cropland-fraction source unavailable; event-year raster alone is insufficient,outside,,,,,,FALSE,FALSE,FALSE,FALSE
191748,2013,1,Depression,outside,64.92495703125,Militia dominant,missing/uncertain,annual AFCD cropland-fraction source unavailable; event-year raster alone is insufficient,outside,,,,,,FALSE,FALSE,FALSE,FALSE
780,2014,1,Depression,outside,72.8354296875,Militia dominant,missing/uncertain,annual AFCD cropland-fraction source unavailable; event-year raster alone is insufficient,outside,,,,,,FALSE,FALSE,FALSE,FALSE
843,2014,1,Depression,outside,74.5938984375,Militia dominant,missing/uncertain,annual AFCD cropland-fraction source unavailable; event-year raster alone is insufficient,outside,,,,,,FALSE,FALSE,FALSE,FALSE
1224,2014,1,Depression,outside,72.5844296875,Militia dominant,missing/uncertain,annual AFCD cropland-fraction source unavailable; event-year raster alone is insufficient,outside,,,,,,FALSE,FALSE,FALSE,FALSE
2120,2014,1,Depression,outside,71.4317890625,Militia dominant,missing/uncertain,annual AFCD cropland-fraction source unavailable; event-year raster alone is insufficient,outside,,,,,,FALSE,FALSE,FALSE,FALSE
3014,2014,1,Depression,outside,70.445015625,Militia dominant,missing/uncertain,annual AFCD cropland-fraction source unavailable; event-year raster alone is insufficient,outside,,,,,,FALSE,FALSE,FALSE,FALSE
4345,2014,1,Depression,outside,69.5,Militia dominant,missing/uncertain,annual AFCD cropland-fraction source unavailable; event-year raster alone is insufficient,outside,,,,,,FALSE,FALSE,FALSE,FALSE
4356,2014,1,Depression,outside,68.8839609375,Militia dominant,missing/uncertain,annual AFCD cropland-fraction source unavailable; event-year raster alone is insufficient,outside,,,,,,FALSE,FALSE,FALSE,FALSE
4794,2014,1,Depression,outside,69.0072421875,Militia dominant,missing/uncertain,annual AFCD cropland-fraction source unavailable; event-year raster alone is insufficient,outside,,,,,,FALSE,FALSE,FALSE,FALSE
5687,2014,1,Depression,outside,68.0018359375,Militia dominant,missing/uncertain,annual AFCD cropland-fraction source unavailable; event-year raster alone is insufficient,outside,,,,,,FALSE,FALSE,FALSE,FALSE
6135,2014,1,Depression,outside,67.50740625,Militia dominant,missing/uncertain,annual AFCD cropland-fraction source unavailable; event-year raster alone is insufficient,outside,,,,,,FALSE,FALSE,FALSE,FALSE
6584,2014,1,Depression,outside,67.02984375,Militia dominant,missing/uncertain,annual AFCD cropland-fraction source unavailable; event-year raster alone is insufficient,outside,,,,,,FALSE,FALSE,FALSE,FALSE
7028,2014,1,Depression,outside,66.5018828125,Militia dominant,missing/uncertain,annual AFCD cropland-fraction source unavailable; event-year raster alone is insufficient,outside,,,,,,FALSE,FALSE,FALSE,FALSE
7032,2014,1,Depression,outside,66.4906015625,Militia dominant,missing/uncertain,annual AFCD cropland-fraction source unavailable; event-year raster alone is insufficient,outside,,,,,,FALSE,FALSE,FALSE,FALSE
8362,2014,1,Depression,outside,65.04805859375,Militia dominant,missing/uncertain,annual AFCD cropland-fraction source unavailable; event-year raster alone is insufficient,outside,,,,,,FALSE,FALSE,FALSE,FALSE
8368,2014,1,Depression,outside,65,Militia dominant,missing/uncertain,annual AFCD cropland-fraction source unavailable; event-year raster alone is insufficient,outside,,,,,,FALSE,FALSE,FALSE,FALSE
8814,2014,1,Depression,outside,64.5,Militia dominant,missing/uncertain,annual AFCD cropland-fraction source unavailable; event-year raster alone is insufficient,outside,,,,,,FALSE,FALSE,FALSE,FALSE
9308,2014,1,Depression,outside,62.74153515625,Militia dominant,missing/uncertain,annual AFCD cropland-fraction source unavailable; event-year raster alone is insufficient,outside,,,,,,FALSE,FALSE,FALSE,FALSE
10536,2014,1,Depression,outside,62.514,Militia dominant,missing/uncertain,annual AFCD cropland-fraction source unavailable; event-year raster alone is insufficient,outside,,,,,,FALSE,FALSE,FALSE,FALSE
11465,2014,1,Depression,outside,62.307703125,Militia dominant,missing/uncertain,annual AFCD cropland-fraction source unavailable; event-year raster alone is insufficient,outside,,,,,,FALSE,FALSE,FALSE,FALSE
12003,2014,1,Depression,outside,60.6980234375,Militia dominant,missing/uncertain,annual AFCD cropland-fraction source unavailable; event-year raster alone is insufficient,outside,,,,,,FALSE,FALSE,FALSE,FALSE
12458,2014,1,Depression,outside,61.1310078125,Militia dominant,missing/uncertain,annual AFCD cropland-fraction source unavailable; event-year raster alone is insufficient,outside,,,,,,FALSE,FALSE,FALSE,FALSE
12459,2014,1,Depression,outside,61.2637734375,Militia dominant,missing/uncertain,annual AFCD cropland-fraction source unavailable; event-year raster alone is insufficient,outside,,,,,,FALSE,FALSE,FALSE,FALSE
12819,2014,1,Depression,outside,60.67124609375,Militia dominant,missing/uncertain,annual AFCD cropland-fraction source unavailable; event-year raster alone is insufficient,outside,,,,,,FALSE,FALSE,FALSE,FALSE
13226,2014,1,Depression,outside,59.55249609375,Militia dominant,missing/uncertain,annual AFCD cropland-fraction source unavailable; event-year raster alone is insufficient,outside,,,,,,FALSE,FALSE,FALSE,FALSE
13251,2014,1,Depression,outside,60.17682421875,Militia dominant,missing/uncertain,annual AFCD cropland-fraction source unavailable; event-year raster alone is insufficient,outside,,,,,,FALSE,FALSE,FALSE,FALSE
13332,2014,1,Depression,outside,58.30951953125,Militia dominant,missing/uncertain,annual AFCD cropland-fraction source unavailable; event-year raster alone is insufficient,outside,,,,,,FALSE,FALSE,FALSE,FALSE
13700,2014,1,Depression,outside,59.84145703125,Militia dominant,missing/uncertain,annual AFCD cropland-fraction source unavailable; event-year raster alone is insufficient,outside,,,,,,FALSE,FALSE,FALSE,FALSE
13779,2014,1,Depression,outside,57.8121953125,Militia dominant,missing/uncertain,annual AFCD cropland-fraction source unavailable; event-year raster alone is insufficient,outside,,,,,,FALSE,FALSE,FALSE,FALSE
14038,2014,1,Depression,outside,64.40496875,Militia dominant,missing/uncertain,annual AFCD cropland-fraction source unavailable; event-year raster alone is insufficient,outside,,,,,,FALSE,FALSE,FALSE,FALSE
14227,2014,1,Depression,outside,57.36941796875,Militia dominant,missing/uncertain,annual AFCD cropland-fraction source unavailable; event-year raster alone is insufficient,outside,,,,,,FALSE,FALSE,FALSE,FALSE
14229,2014,1,Depression,outside,57.4913046875,Militia dominant,missing/uncertain,annual AFCD cropland-fraction source unavailable; event-year raster alone is insufficient,outside,,,,,,FALSE,FALSE,FALSE,FALSE
15251,2014,1,Depression,outside,107.9641171875,Militia dominant,missing/uncertain,annual AFCD cropland-fraction source unavailable; event-year raster alone is insufficient,outside,,,,,,FALSE,FALSE,FALSE,FALSE
15932,2014,1,Depression,outside,57.1358046875,Militia dominant,missing/uncertain,annual AFCD cropland-fraction source unavailable; event-year raster alone is insufficient,outside,,,,,,FALSE,FALSE,FALSE,FALSE
15936,2014,1,Depression,outside,57.4673828125,Militia dominant,missing/uncertain,annual AFCD cropland-fraction source unavailable; event-year raster alone is insufficient,outside,,,,,,FALSE,FALSE,FALSE,FALSE
16469,2014,1,Depression,outside,55.4098359375,Militia dominant,missing/uncertain,annual AFCD cropland-fraction source unavailable; event-year raster alone is insufficient,outside,,,,,,FALSE,FALSE,FALSE,FALSE
16816,2014,1,Depression,outside,55.61025,Militia dominant,missing/uncertain,annual AFCD cropland-fraction source unavailable; event-year raster alone is insufficient,outside,,,,,,FALSE,FALSE,FALSE,FALSE
16844,2014,1,Depression,outside,56.07361328125,Militia dominant,missing/uncertain,annual AFCD cropland-fraction source unavailable; event-year raster alone is insufficient,outside,,,,,,FALSE,FALSE,FALSE,FALSE
17271,2014,1,Depression,outside,55.5090078125,Militia dominant,missing/uncertain,annual AFCD cropland-fraction source unavailable; event-year raster alone is insufficient,outside,,,,,,FALSE,FALSE,FALSE,FALSE
17735,2014,1,Depression,outside,55.32178515625,Militia dominant,missing/uncertain,annual AFCD cropland-fraction source unavailable; event-year raster alone is insufficient,outside,,,,,,FALSE,FALSE,FALSE,FALSE
18056,2014,1,Depression,outside,61.58327734375,Militia dominant,missing/uncertain,annual AFCD cropland-fraction source unavailable; event-year raster alone is insufficient,outside,,,,,,FALSE,FALSE,FALSE,FALSE
18163,2014,1,Depression,outside,54.389796875,Militia dominant,missing/uncertain,annual AFCD cropland-fraction source unavailable; event-year raster alone is insufficient,outside,,,,,,FALSE,FALSE,FALSE,FALSE
19025,2014,1,Depression,outside,52.84174609375,Militia dominant,missing/uncertain,annual AFCD cropland-fraction source unavailable; event-year raster alone is insufficient,outside,,,,,,FALSE,FALSE,FALSE,FALSE
19075,2014,1,Depression,outside,53.93514453125,Militia dominant,missing/uncertain,annual AFCD cropland-fraction source unavailable; event-year raster alone is insufficient,outside,,,,,,FALSE,FALSE,FALSE,FALSE
19146,2014,1,Depression,outside,52.04325,Militia dominant,missing/uncertain,annual AFCD cropland-fraction source unavailable; event-year raster alone is insufficient,outside,,,,,,FALSE,FALSE,FALSE,FALSE
19506,2014,1,Depression,outside,53.0330078125,Militia dominant,missing/uncertain,annual AFCD cropland-fraction source unavailable; event-year raster alone is insufficient,outside,,,,,,FALSE,FALSE,FALSE,FALSE
19948,2014,1,Depression,outside,52.23983203125,Militia dominant,missing/uncertain,annual AFCD cropland-fraction source unavailable; event-year raster alone is insufficient,outside,,,,,,FALSE,FALSE,FALSE,FALSE
19949,2014,1,Depression,outside,52.2900546875,Militia dominant,missing/uncertain,annual AFCD cropland-fraction source unavailable; event-year raster alone is insufficient,outside,,,,,,FALSE,FALSE,FALSE,FALSE
20042,2014,1,Depression,outside,51.2103515625,Militia dominant,missing/uncertain,annual AFCD cropland-fraction source unavailable; event-year raster alone is insufficient,outside,,,,,,FALSE,FALSE,FALSE,FALSE
20044,2014,1,Depression,outside,51.385796875,Militia dominant,missing/uncertain,annual AFCD cropland-fraction source unavailable; event-year raster alone is insufficient,outside,,,,,,FALSE,FALSE,FALSE,FALSE
20414,2014,1,Depression,outside,52.66165625,Militia dominant,missing/uncertain,annual AFCD cropland-fraction source unavailable; event-year raster alone is insufficient,outside,,,,,,FALSE,FALSE,FALSE,FALSE
20488,2014,1,Depression,outside,50.63595703125,Militia dominant,missing/uncertain,annual AFCD cropland-fraction source unavailable; event-year raster alone is insufficient,outside,,,,,,FALSE,FALSE,FALSE,FALSE
20928,2014,1,Depression,outside,49.704125,Militia dominant,missing/uncertain,annual AFCD cropland-fraction source unavailable; event-year raster alone is insufficient,outside,,,,,,FALSE,FALSE,FALSE,FALSE
21238,2014,1,Depression,outside,50.15974609375,Militia dominant,missing/uncertain,annual AFCD cropland-fraction source unavailable; event-year raster alone is insufficient,outside,,,,,,FALSE,FALSE,FALSE,FALSE
21277,2014,1,Depression,outside,50.5,Militia dominant,missing/uncertain,annual AFCD cropland-fraction source unavailable; event-year raster alone is insufficient,outside,,,,,,FALSE,FALSE,FALSE,FALSE
21378,2014,1,Depression,outside,49.36598046875,Militia dominant,missing/uncertain,annual AFCD cropland-fraction source unavailable; event-year raster alone is insufficient,outside,,,,,,FALSE,FALSE,FALSE,FALSE
21685,2014,1,Depression,outside,49.6613515625,Militia dominant,missing/uncertain,annual AFCD cropland-fraction source unavailable; event-year raster alone is insufficient,outside,,,,,,FALSE,FALSE,FALSE,FALSE
21707,2014,1,Depression,outside,49.86230859375,Militia dominant,missing/uncertain,annual AFCD cropland-fraction source unavailable; event-year raster alone is insufficient,outside,,,,,,FALSE,FALSE,FALSE,FALSE
21708,2014,1,Depression,outside,49.9249453125,Militia dominant,missing/uncertain,annual AFCD cropland-fraction source unavailable; event-year raster alone is insufficient,outside,,,,,,FALSE,FALSE,FALSE,FALSE
21983,2014,1,Depression,outside,92.537828125,Militia dominant,missing/uncertain,annual AFCD cropland-fraction source unavailable; event-year raster alone is insufficient,outside,,,,,,FALSE,FALSE,FALSE,FALSE
22584,2014,1,Depression,outside,48.52319140625,Militia dominant,missing/uncertain,annual AFCD cropland-fraction source unavailable; event-year raster alone is insufficient,outside,,,,,,FALSE,FALSE,FALSE,FALSE
22613,2014,1,Depression,outside,49.063734375,Militia dominant,missing/uncertain,annual AFCD cropland-fraction source unavailable; event-year raster alone is insufficient,outside,,,,,,FALSE,FALSE,FALSE,FALSE
23051,2014,1,Depression,outside,48.58240234375,Militia dominant,missing/uncertain,annual AFCD cropland-fraction source unavailable; event-year raster alone is insufficient,outside,,,,,,FALSE,FALSE,FALSE,FALSE
23054,2014,1,Depression,outside,48.810859375,Militia dominant,missing/uncertain,annual AFCD cropland-fraction source unavailable; event-year raster alone is insufficient,outside,,,,,,FALSE,FALSE,FALSE,FALSE
23081,2014,1,Depression,outside,49.00255078125,Militia dominant,missing/uncertain,annual AFCD cropland-fraction source unavailable; event-year raster alone is insufficient,outside,,,,,,FALSE,FALSE,FALSE,FALSE
23510,2014,1,Depression,outside,48.0104140625,Militia dominant,missing/uncertain,annual AFCD cropland-fraction source unavailable; event-year raster alone is insufficient,outside,,,,,,FALSE,FALSE,FALSE,FALSE
23963,2014,1,Depression,outside,47.5105234375,Militia dominant,missing/uncertain,annual AFCD cropland-fraction source unavailable; event-year raster alone is insufficient,outside,,,,,,FALSE,FALSE,FALSE,FALSE
24409,2014,1,Depression,outside,47.00266015625,Militia dominant,missing/uncertain,annual AFCD cropland-fraction source unavailable; event-year raster alone is insufficient,outside,,,,,,FALSE,FALSE,FALSE,FALSE
24817,2014,1,Depression,outside,46.0678828125,Militia dominant,missing/uncertain,annual AFCD cropland-fraction source unavailable; event-year raster alone is insufficient,outside,,,,,,FALSE,FALSE,FALSE,FALSE
24855,2014,1,Depression,outside,46.5,Militia dominant,missing/uncertain,annual AFCD cropland-fraction source unavailable; event-year raster alone is insufficient,outside,,,,,,FALSE,FALSE,FALSE,FALSE
24870,2014,1,Depression,outside,47.10095703125,Militia dominant,missing/uncertain,annual AFCD cropland-fraction source unavailable; event-year raster alone is insufficient,outside,,,,,,FALSE,FALSE,FALSE,FALSE
24872,2014,1,Depression,outside,47.2705,Militia dominant,missing/uncertain,annual AFCD cropland-fraction source unavailable; event-year raster alone is insufficient,outside,,,,,,FALSE,FALSE,FALSE,FALSE
25264,2014,1,Depression,outside,45.56862890625,Militia dominant,missing/uncertain,annual AFCD cropland-fraction source unavailable; event-year raster alone is insufficient,outside,,,,,,FALSE,FALSE,FALSE,FALSE
25265,2014,1,Depression,outside,45.54393359375,Militia dominant,missing/uncertain,annual AFCD cropland-fraction source unavailable; event-year raster alone is insufficient,outside,,,,,,FALSE,FALSE,FALSE,FALSE
25293,2014,1,Depression,outside,46.1329609375,Militia dominant,missing/uncertain,annual AFCD cropland-fraction source unavailable; event-year raster alone is insufficient,outside,,,,,,FALSE,FALSE,FALSE,FALSE
25301,2014,1,Depression,outside,46,Militia dominant,missing/uncertain,annual AFCD cropland-fraction source unavailable; event-year raster alone is insufficient,outside,,,,,,FALSE,FALSE,FALSE,FALSE
25306,2014,1,Depression,outside,46.04345703125,Militia dominant,missing/uncertain,annual AFCD cropland-fraction source unavailable; event-year raster alone is insufficient,outside,,,,,,FALSE,FALSE,FALSE,FALSE
25650,2014,1,Depression,outside,55.8032265625,Militia dominant,missing/uncertain,annual AFCD cropland-fraction source unavailable; event-year raster alone is insufficient,outside,,,,,,FALSE,FALSE,FALSE,FALSE
25703,2014,1,Depression,outside,45.46701953125,Militia dominant,missing/uncertain,annual AFCD cropland-fraction source unavailable; event-year raster alone is insufficient,outside,,,,,,FALSE,FALSE,FALSE,FALSE
26209,2014,1,Depression,outside,45.46701953125,Militia dominant,missing/uncertain,annual AFCD cropland-fraction source unavailable; event-year raster alone is insufficient,outside,,,,,,FALSE,FALSE,FALSE,FALSE
26212,2014,1,Depression,outside,45.705578125,Militia dominant,missing/uncertain,annual AFCD cropland-fraction source unavailable; event-year raster alone is insufficient,outside,,,,,,FALSE,FALSE,FALSE,FALSE
26599,2014,1,Depression,outside,44.34241796875,Militia dominant,missing/uncertain,annual AFCD cropland-fraction source unavailable; event-year raster alone is insufficient,outside,,,,,,FALSE,FALSE,FALSE,FALSE
26633,2014,1,Depression,outside,44.6794140625,Militia dominant,missing/uncertain,annual AFCD cropland-fraction source unavailable; event-year raster alone is insufficient,outside,,,,,,FALSE,FALSE,FALSE,FALSE
27099,2014,1,Depression,outside,44.229515625,Militia dominant,missing/uncertain,annual AFCD cropland-fraction source unavailable; event-year raster alone is insufficient,outside,,,,,,FALSE,FALSE,FALSE,FALSE
27176,2014,1,Depression,outside,42.5,Militia dominant,missing/uncertain,annual AFCD cropland-fraction source unavailable; event-year raster alone is insufficient,outside,,,,,,FALSE,FALSE,FALSE,FALSE
27186,2014,1,Depression,outside,42.7375703125,Militia dominant,missing/uncertain,annual AFCD cropland-fraction source unavailable; event-year raster alone is insufficient,outside,,,,,,FALSE,FALSE,FALSE,FALSE
27469,2014,1,Depression,outside,46.424671875,Militia dominant,missing/uncertain,annual AFCD cropland-fraction source unavailable; event-year raster alone is insufficient,outside,,,,,,FALSE,FALSE,FALSE,FALSE
27623,2014,1,Depression,outside,42,Militia dominant,missing/uncertain,annual AFCD cropland-fraction source unavailable; event-year raster alone is insufficient,outside,,,,,,FALSE,FALSE,FALSE,FALSE
27967,2014,1,Depression,outside,43.07261328125,Militia dominant,missing/uncertain,annual AFCD cropland-fraction source unavailable; event-year raster alone is insufficient,outside,,,,,,FALSE,FALSE,FALSE,FALSE
28069,2014,1,Depression,outside,41.5,Militia dominant,missing/uncertain,annual AFCD cropland-fraction source unavailable; event-year raster alone is insufficient,outside,,,,,,FALSE,FALSE,FALSE,FALSE
28415,2014,1,Depression,outside,42.66438671875,Militia dominant,missing/uncertain,annual AFCD cropland-fraction source unavailable; event-year raster alone is insufficient,outside,,,,,,FALSE,FALSE,FALSE,FALSE
28417,2014,1,Depression,outside,42.85148828125,Militia dominant,missing/uncertain,annual AFCD cropland-fraction source unavailable; event-year raster alone is insufficient,outside,,,,,,FALSE,FALSE,FALSE,FALSE
28436,2014,1,Depression,outside,42.57346484375,Militia dominant,missing/uncertain,annual AFCD cropland-fraction source unavailable; event-year raster alone is insufficient,outside,,,,,,FALSE,FALSE,FALSE,FALSE
28863,2014,1,Depression,outside,42.26405078125,Militia dominant,missing/uncertain,annual AFCD cropland-fraction source unavailable; event-year raster alone is insufficient,outside,,,,,,FALSE,FALSE,FALSE,FALSE
28866,2014,1,Depression,outside,42.2965703125,Militia dominant,missing/uncertain,annual AFCD cropland-fraction source unavailable; event-year raster alone is insufficient,outside,,,,,,FALSE,FALSE,FALSE,FALSE
28958,2014,1,Depression,outside,40.5770859375,Militia dominant,missing/uncertain,annual AFCD cropland-fraction source unavailable; event-year raster alone is insufficient,outside,,,,,,FALSE,FALSE,FALSE,FALSE
28959,2014,1,Depression,outside,40.5493515625,Militia dominant,missing/uncertain,annual AFCD cropland-fraction source unavailable; event-year raster alone is insufficient,outside,,,,,,FALSE,FALSE,FALSE,FALSE
28960,2014,1,Depression,outside,40.52776953125,Militia dominant,missing/uncertain,annual AFCD cropland-fraction source unavailable; event-year raster alone is insufficient,outside,,,,,,FALSE,FALSE,FALSE,FALSE
30175,2014,1,Depression,outside,40.37635546875,Militia dominant,missing/uncertain,annual AFCD cropland-fraction source unavailable; event-year raster alone is insufficient,outside,,,,,,FALSE,FALSE,FALSE,FALSE
31629,2014,1,Depression,outside,38.34383984375,Militia dominant,missing/uncertain,annual AFCD cropland-fraction source unavailable; event-year raster alone is insufficient,outside,,,,,,FALSE,FALSE,FALSE,FALSE
31650,2014,1,Depression,outside,37.52998828125,Militia dominant,missing/uncertain,annual AFCD cropland-fraction source unavailable; event-year raster alone is insufficient,outside,,,,,,FALSE,FALSE,FALSE,FALSE
32086,2014,1,Depression,outside,37.121421875,Militia dominant,missing/uncertain,annual AFCD cropland-fraction source unavailable; event-year raster alone is insufficient,outside,,,,,,FALSE,FALSE,FALSE,FALSE
32093,2014,1,Depression,outside,37,Militia dominant,missing/uncertain,annual AFCD cropland-fraction source unavailable; event-year raster alone is insufficient,outside,,,,,,FALSE,FALSE,FALSE,FALSE
32096,2014,1,Depression,outside,37.01351171875,Militia dominant,missing/uncertain,annual AFCD cropland-fraction source unavailable; event-year raster alone is insufficient,outside,,,,,,FALSE,FALSE,FALSE,FALSE
32098,2014,1,Depression,outside,37.054015625,Militia dominant,missing/uncertain,annual AFCD cropland-fraction source unavailable; event-year raster alone is insufficient,outside,,,,,,FALSE,FALSE,FALSE,FALSE
32425,2014,1,Depression,outside,37.51333203125,Militia dominant,missing/uncertain,annual AFCD cropland-fraction source unavailable; event-year raster alone is insufficient,outside,,,,,,FALSE,FALSE,FALSE,FALSE
32428,2014,1,Depression,outside,37.5832421875,Militia dominant,missing/uncertain,annual AFCD cropland-fraction source unavailable; event-year raster alone is insufficient,outside,,,,,,FALSE,FALSE,FALSE,FALSE
32430,2014,1,Depression,outside,37.66298046875,Militia dominant,missing/uncertain,annual AFCD cropland-fraction source unavailable; event-year raster alone is insufficient,outside,,,,,,FALSE,FALSE,FALSE,FALSE
32871,2014,1,Depression,outside,37.00337890625,Militia dominant,missing/uncertain,annual AFCD cropland-fraction source unavailable; event-year raster alone is insufficient,outside,,,,,,FALSE,FALSE,FALSE,FALSE
33269,2014,1,Depression,outside,43.14220703125,Militia dominant,missing/uncertain,annual AFCD cropland-fraction source unavailable; event-year raster alone is insufficient,outside,,,,,,FALSE,FALSE,FALSE,FALSE
33272,2014,1,Depression,outside,42.3615390625,Militia dominant,missing/uncertain,annual AFCD cropland-fraction source unavailable; event-year raster alone is insufficient,outside,,,,,,FALSE,FALSE,FALSE,FALSE
33322,2014,1,Depression,outside,36.585515625,Militia dominant,missing/uncertain,annual AFCD cropland-fraction source unavailable; event-year raster alone is insufficient,outside,,,,,,FALSE,FALSE,FALSE,FALSE
33452,2014,1,Depression,outside,36.50342578125,Militia dominant,missing/uncertain,annual AFCD cropland-fraction source unavailable; event-year raster alone is insufficient,outside,,,,,,FALSE,FALSE,FALSE,FALSE
33719,2014,1,Depression,outside,41.9314921875,Militia dominant,missing/uncertain,annual AFCD cropland-fraction source unavailable; event-year raster alone is insufficient,outside,,,,,,FALSE,FALSE,FALSE,FALSE
33720,2014,1,Depression,outside,41.67733203125,Militia dominant,missing/uncertain,annual AFCD cropland-fraction source unavailable; event-year raster alone is insufficient,outside,,,,,,FALSE,FALSE,FALSE,FALSE
34192,2014,1,Depression,outside,36.50342578125,Militia dominant,missing/uncertain,annual AFCD cropland-fraction source unavailable; event-year raster alone is insufficient,outside,,,,,,FALSE,FALSE,FALSE,FALSE
34218,2014,1,Depression,outside,35.6721171875,Militia dominant,missing/uncertain,annual AFCD cropland-fraction source unavailable; event-year raster alone is insufficient,outside,,,,,,FALSE,FALSE,FALSE,FALSE
34219,2014,1,Depression,outside,35.724640625,Militia dominant,missing/uncertain,annual AFCD cropland-fraction source unavailable; event-year raster alone is insufficient,outside,,,,,,FALSE,FALSE,FALSE,FALSE
34332,2014,1,Depression,outside,34.53259375,Militia dominant,missing/uncertain,annual AFCD cropland-fraction source unavailable; event-year raster alone is insufficient,outside,,,,,,FALSE,FALSE,FALSE,FALSE
34351,2014,1,Depression,outside,36.2111875,Militia dominant,missing/uncertain,annual AFCD cropland-fraction source unavailable; event-year raster alone is insufficient,outside,,,,,,FALSE,FALSE,FALSE,FALSE
34550,2014,1,Depression,outside,63.51377734375,Militia dominant,missing/uncertain,annual AFCD cropland-fraction source unavailable; event-year raster alone is insufficient,outside,,,,,,FALSE,FALSE,FALSE,FALSE
34635,2014,1,Depression,outside,36.54107421875,Militia dominant,missing/uncertain,annual AFCD cropland-fraction source unavailable; event-year raster alone is insufficient,outside,,,,,,FALSE,FALSE,FALSE,FALSE
35067,2014,1,Depression,outside,38.9133671875,Militia dominant,missing/uncertain,annual AFCD cropland-fraction source unavailable; event-year raster alone is insufficient,outside,,,,,,FALSE,FALSE,FALSE,FALSE
35445,2014,1,Depression,outside,62.54798046875,Militia dominant,missing/uncertain,annual AFCD cropland-fraction source unavailable; event-year raster alone is insufficient,outside,,,,,,FALSE,FALSE,FALSE,FALSE
35976,2014,1,Depression,outside,35.10698046875,Militia dominant,missing/uncertain,annual AFCD cropland-fraction source unavailable; event-year raster alone is insufficient,outside,,,,,,FALSE,FALSE,FALSE,FALSE
36551,2014,1,Depression,outside,32.469216796875,Militia dominant,missing/uncertain,annual AFCD cropland-fraction source unavailable; event-year raster alone is insufficient,outside,,,,,,FALSE,FALSE,FALSE,FALSE
37007,2014,1,Depression,outside,31.515869140625,Militia dominant,missing/uncertain,annual AFCD cropland-fraction source unavailable; event-year raster alone is insufficient,outside,,,,,,FALSE,FALSE,FALSE,FALSE
37309,2014,1,Depression,outside,35.13189453125,Militia dominant,missing/uncertain,annual AFCD cropland-fraction source unavailable; event-year raster alone is insufficient,outside,,,,,,FALSE,FALSE,FALSE,FALSE
38342,2014,1,Depression,outside,30.2654921875,Militia dominant,missing/uncertain,annual AFCD cropland-fraction source unavailable; event-year raster alone is insufficient,outside,,,,,,FALSE,FALSE,FALSE,FALSE
38655,2014,1,Depression,outside,32.77575390625,Militia dominant,missing/uncertain,annual AFCD cropland-fraction source unavailable; event-year raster alone is insufficient,outside,,,,,,FALSE,FALSE,FALSE,FALSE
39070,2014,1,Depression,outside,41.0365703125,Militia dominant,missing/uncertain,annual AFCD cropland-fraction source unavailable; event-year raster alone is insufficient,outside,,,,,,FALSE,FALSE,FALSE,FALSE
39237,2014,1,Depression,outside,29.210443359375,Militia dominant,missing/uncertain,annual AFCD cropland-fraction source unavailable; event-year raster alone is insufficient,outside,,,,,,FALSE,FALSE,FALSE,FALSE
39524,2014,1,Depression,outside,38.34709765625,Militia dominant,missing/uncertain,annual AFCD cropland-fraction source unavailable; event-year raster alone is insufficient,outside,,,,,,FALSE,FALSE,FALSE,FALSE
39972,2014,1,Depression,outside,37.64305859375,Militia dominant,missing/uncertain,annual AFCD cropland-fraction source unavailable; event-year raster alone is insufficient,outside,,,,,,FALSE,FALSE,FALSE,FALSE
39981,2014,1,Depression,outside,34.94638671875,Militia dominant,missing/uncertain,annual AFCD cropland-fraction source unavailable; event-year raster alone is insufficient,outside,,,,,,FALSE,FALSE,FALSE,FALSE
40422,2014,1,Depression,outside,36.31115625,Militia dominant,missing/uncertain,annual AFCD cropland-fraction source unavailable; event-year raster alone is insufficient,outside,,,,,,FALSE,FALSE,FALSE,FALSE
40423,2014,1,Depression,outside,36.00347265625,Militia dominant,missing/uncertain,annual AFCD cropland-fraction source unavailable; event-year raster alone is insufficient,outside,,,,,,FALSE,FALSE,FALSE,FALSE
40428,2014,1,Depression,outside,34.53259375,Militia dominant,missing/uncertain,annual AFCD cropland-fraction source unavailable; event-year raster alone is insufficient,outside,,,,,,FALSE,FALSE,FALSE,FALSE
40546,2014,1,Depression,outside,29.10755859375,Militia dominant,missing/uncertain,annual AFCD cropland-fraction source unavailable; event-year raster alone is insufficient,outside,,,,,,FALSE,FALSE,FALSE,FALSE
40547,2014,1,Depression,outside,29.0688828125,Militia dominant,missing/uncertain,annual AFCD cropland-fraction source unavailable; event-year raster alone is insufficient,outside,,,,,,FALSE,FALSE,FALSE,FALSE
40869,2014,1,Depression,outside,35.92005078125,Militia dominant,missing/uncertain,annual AFCD cropland-fraction source unavailable; event-year raster alone is insufficient,outside,,,,,,FALSE,FALSE,FALSE,FALSE
40873,2014,1,Depression,outside,34.7023046875,Militia dominant,missing/uncertain,annual AFCD cropland-fraction source unavailable; event-year raster alone is insufficient,outside,,,,,,FALSE,FALSE,FALSE,FALSE
41322,2014,1,Depression,outside,33.712015625,Militia dominant,missing/uncertain,annual AFCD cropland-fraction source unavailable; event-year raster alone is insufficient,outside,,,,,,FALSE,FALSE,FALSE,FALSE
41440,2014,1,Depression,outside,28.111384765625,Militia dominant,missing/uncertain,annual AFCD cropland-fraction source unavailable; event-year raster alone is insufficient,outside,,,,,,FALSE,FALSE,FALSE,FALSE
41462,2014,1,Depression,outside,27.82983984375,Militia dominant,missing/uncertain,annual AFCD cropland-fraction source unavailable; event-year raster alone is insufficient,outside,,,,,,FALSE,FALSE,FALSE,FALSE
41764,2014,1,Depression,outside,34.8281484375,Militia dominant,missing/uncertain,annual AFCD cropland-fraction source unavailable; event-year raster alone is insufficient,outside,,,,,,FALSE,FALSE,FALSE,FALSE
42640,2014,1,Depression,outside,40.45985546875,Militia dominant,missing/uncertain,annual AFCD cropland-fraction source unavailable; event-year raster alone is insufficient,outside,,,,,,FALSE,FALSE,FALSE,FALSE
42661,2014,1,Depression,outside,33.10966796875,Militia dominant,missing/uncertain,annual AFCD cropland-fraction source unavailable; event-year raster alone is insufficient,outside,,,,,,FALSE,FALSE,FALSE,FALSE
43986,2014,1,Depression,outside,37.5832421875,Militia dominant,missing/uncertain,annual AFCD cropland-fraction source unavailable; event-year raster alone is insufficient,outside,,,,,,FALSE,FALSE,FALSE,FALSE
44422,2014,1,Depression,outside,41.6173046875,Militia dominant,missing/uncertain,annual AFCD cropland-fraction source unavailable; event-year raster alone is insufficient,outside,,,,,,FALSE,FALSE,FALSE,FALSE
45326,2014,1,Depression,outside,37.01351171875,Militia dominant,missing/uncertain,annual AFCD cropland-fraction source unavailable; event-year raster alone is insufficient,outside,,,,,,FALSE,FALSE,FALSE,FALSE
46661,2014,1,Depression,outside,38.5519140625,Militia dominant,missing/uncertain,annual AFCD cropland-fraction source unavailable; event-year raster alone is insufficient,outside,,,,,,FALSE,FALSE,FALSE,FALSE
47108,2014,1,Depression,outside,38.2753203125,Militia dominant,missing/uncertain,annual AFCD cropland-fraction source unavailable; event-year raster alone is insufficient,outside,,,,,,FALSE,FALSE,FALSE,FALSE
47559,2014,1,Depression,outside,36.33524609375,Militia dominant,missing/uncertain,annual AFCD cropland-fraction source unavailable; event-year raster alone is insufficient,outside,,,,,,FALSE,FALSE,FALSE,FALSE
48004,2014,1,Depression,outside,36.891734375,Militia dominant,missing/uncertain,annual AFCD cropland-fraction source unavailable; event-year raster alone is insufficient,outside,,,,,,FALSE,FALSE,FALSE,FALSE
48006,2014,1,Depression,outside,36.05551171875,Militia dominant,missing/uncertain,annual AFCD cropland-fraction source unavailable; event-year raster alone is insufficient,outside,,,,,,FALSE,FALSE,FALSE,FALSE
48007,2014,1,Depression,outside,35.64056640625,Militia dominant,missing/uncertain,annual AFCD cropland-fraction source unavailable; event-year raster alone is insufficient,outside,,,,,,FALSE,FALSE,FALSE,FALSE
48446,2014,1,Depression,outside,38.76209375,Militia dominant,missing/uncertain,annual AFCD cropland-fraction source unavailable; event-year raster alone is insufficient,outside,,,,,,FALSE,FALSE,FALSE,FALSE
48452,2014,1,Depression,outside,36.200828125,Militia dominant,missing/uncertain,annual AFCD cropland-fraction source unavailable; event-year raster alone is insufficient,outside,,,,,,FALSE,FALSE,FALSE,FALSE
48454,2014,1,Depression,outside,35.36241015625,Militia dominant,missing/uncertain,annual AFCD cropland-fraction source unavailable; event-year raster alone is insufficient,outside,,,,,,FALSE,FALSE,FALSE,FALSE
50697,2014,1,Depression,outside,30.647185546875,Militia dominant,missing/uncertain,annual AFCD cropland-fraction source unavailable; event-year raster alone is insufficient,outside,,,,,,FALSE,FALSE,FALSE,FALSE
52034,2014,1,Depression,outside,31.567388671875,Militia dominant,missing/uncertain,annual AFCD cropland-fraction source unavailable; event-year raster alone is insufficient,outside,,,,,,FALSE,FALSE,FALSE,FALSE
52165,2014,1,Depression,outside,16.492421875,Militia dominant,missing/uncertain,annual AFCD cropland-fraction source unavailable; event-year raster alone is insufficient,outside,,,,,,FALSE,FALSE,FALSE,TRUE
56047,2014,1,Depression,outside,34.311078125,Militia dominant,missing/uncertain,annual AFCD cropland-fraction source unavailable; event-year raster alone is insufficient,outside,,,,,,FALSE,FALSE,FALSE,FALSE
57394,2014,1,Depression,outside,30.99193359375,Militia dominant,missing/uncertain,annual AFCD cropland-fraction source unavailable; event-year raster alone is insufficient,outside,,,,,,FALSE,FALSE,FALSE,FALSE
60962,2014,1,Depression,outside,33.9484921875,Militia dominant,missing/uncertain,annual AFCD cropland-fraction source unavailable; event-year raster alone is insufficient,outside,,,,,,FALSE,FALSE,FALSE,FALSE
63634,2014,1,Depression,outside,38.58108203125,Militia dominant,missing/uncertain,annual AFCD cropland-fraction source unavailable; event-year raster alone is insufficient,outside,,,,,,FALSE,FALSE,FALSE,FALSE
64657,2014,1,Depression,outside,7.15891064453125,Militia dominant,missing/uncertain,annual AFCD cropland-fraction source unavailable; event-year raster alone is insufficient,outside,,,,,,FALSE,FALSE,TRUE,TRUE
66278,2014,1,Depression,outside,50.91659765625,Militia dominant,missing/uncertain,annual AFCD cropland-fraction source unavailable; event-year raster alone is insufficient,outside,,,,,,FALSE,FALSE,FALSE,FALSE
66315,2014,1,Depression,outside,37.1247890625,Militia dominant,missing/uncertain,annual AFCD cropland-fraction source unavailable; event-year raster alone is insufficient,outside,,,,,,FALSE,FALSE,FALSE,FALSE
66436,2014,1,Depression,outside,2.91547583007813,Militia dominant,missing/uncertain,annual AFCD cropland-fraction source unavailable; event-year raster alone is insufficient,outside,,,,,,FALSE,TRUE,TRUE,TRUE
68104,2014,1,Depression,outside,35.35533984375,Militia dominant,missing/uncertain,annual AFCD cropland-fraction source unavailable; event-year raster alone is insufficient,outside,,,,,,FALSE,FALSE,FALSE,FALSE
68222,2014,1,Depression,outside,0.707106811523437,Militia dominant,missing/uncertain,annual AFCD cropland-fraction source unavailable; event-year raster alone is insufficient,outside,,,,,,FALSE,TRUE,TRUE,TRUE
69118,2014,1,Depression,outside,1,Militia dominant,missing/uncertain,annual AFCD cropland-fraction source unavailable; event-year raster alone is insufficient,outside,,,,,,FALSE,TRUE,TRUE,TRUE
69856,2014,1,Depression,outside,47.85916796875,Militia dominant,missing/uncertain,annual AFCD cropland-fraction source unavailable; event-year raster alone is insufficient,outside,,,,,,FALSE,FALSE,FALSE,FALSE
70751,2014,1,Depression,outside,46.90682421875,Militia dominant,missing/uncertain,annual AFCD cropland-fraction source unavailable; event-year raster alone is insufficient,outside,,,,,,FALSE,FALSE,FALSE,FALSE
71200,2014,1,Depression,outside,45.79301171875,Militia dominant,missing/uncertain,annual AFCD cropland-fraction source unavailable; event-year raster alone is insufficient,outside,,,,,,FALSE,FALSE,FALSE,FALSE
71784,2014,1,Depression,inside,-5.2201533203125,Militia dominant,missing/uncertain,annual AFCD cropland-fraction source unavailable; event-year raster alone is insufficient,inside,,,,,,FALSE,FALSE,TRUE,TRUE
72231,2014,1,Depression,inside,-5.700876953125,Militia dominant,missing/uncertain,annual AFCD cropland-fraction source unavailable; event-year raster alone is insufficient,inside,,,,,,FALSE,FALSE,TRUE,TRUE
74013,2014,1,Depression,inside,-4,Militia dominant,missing/uncertain,annual AFCD cropland-fraction source unavailable; event-year raster alone is insufficient,inside,,,,,,FALSE,TRUE,TRUE,TRUE
74014,2014,1,Depression,inside,-4.5,Militia dominant,missing/uncertain,annual AFCD cropland-fraction source unavailable; event-year raster alone is insufficient,inside,,,,,,FALSE,TRUE,TRUE,TRUE
74456,2014,1,Depression,inside,-2,Militia dominant,missing/uncertain,annual AFCD cropland-fraction source unavailable; event-year raster alone is insufficient,inside,,,,,,FALSE,TRUE,TRUE,TRUE
74460,2014,1,Depression,inside,-4,Militia dominant,missing/uncertain,annual AFCD cropland-fraction source unavailable; event-year raster alone is insufficient,inside,,,,,,FALSE,TRUE,TRUE,TRUE
74777,2014,1,Depression,outside,43.38490625,Militia dominant,missing/uncertain,annual AFCD cropland-fraction source unavailable; event-year raster alone is insufficient,outside,,,,,,FALSE,FALSE,FALSE,FALSE
74902,2014,1,Depression,inside,-1.58113879394531,Militia dominant,missing/uncertain,annual AFCD cropland-fraction source unavailable; event-year raster alone is insufficient,inside,,,,,,FALSE,TRUE,TRUE,TRUE
75801,2014,1,Depression,inside,-4.272001953125,Militia dominant,missing/uncertain,annual AFCD cropland-fraction source unavailable; event-year raster alone is insufficient,inside,,,,,,FALSE,TRUE,TRUE,TRUE
76247,2014,1,Depression,inside,-4.03112890625,Militia dominant,missing/uncertain,annual AFCD cropland-fraction source unavailable; event-year raster alone is insufficient,inside,,,,,,FALSE,TRUE,TRUE,TRUE
77930,2014,1,Depression,outside,31.216982421875,Militia dominant,missing/uncertain,annual AFCD cropland-fraction source unavailable; event-year raster alone is insufficient,outside,,,,,,FALSE,FALSE,FALSE,FALSE
78819,2014,1,Depression,outside,32.8823671875,Militia dominant,missing/uncertain,annual AFCD cropland-fraction source unavailable; event-year raster alone is insufficient,outside,,,,,,FALSE,FALSE,FALSE,FALSE
79243,2014,1,Depression,outside,43.1885390625,Militia dominant,missing/uncertain,annual AFCD cropland-fraction source unavailable; event-year raster alone is insufficient,outside,,,,,,FALSE,FALSE,FALSE,FALSE
79693,2014,1,Depression,outside,41.60829296875,Militia dominant,missing/uncertain,annual AFCD cropland-fraction source unavailable; event-year raster alone is insufficient,outside,,,,,,FALSE,FALSE,FALSE,FALSE
82374,2014,1,Depression,outside,41.14000390625,Militia dominant,missing/uncertain,annual AFCD cropland-fraction source unavailable; event-year raster alone is insufficient,outside,,,,,,FALSE,FALSE,FALSE,FALSE
83378,2014,1,Depression,outside,2,Militia dominant,missing/uncertain,annual AFCD cropland-fraction source unavailable; event-year raster alone is insufficient,outside,,,,,,FALSE,TRUE,TRUE,TRUE
83827,2014,1,Depression,outside,1,Militia dominant,missing/uncertain,annual AFCD cropland-fraction source unavailable; event-year raster alone is insufficient,outside,,,,,,FALSE,TRUE,TRUE,TRUE
83831,2014,1,Depression,inside,-1.5,Militia dominant,missing/uncertain,annual AFCD cropland-fraction source unavailable; event-year raster alone is insufficient,inside,,,,,,FALSE,TRUE,TRUE,TRUE
84158,2014,1,Depression,outside,42.57346484375,Militia dominant,missing/uncertain,annual AFCD cropland-fraction source unavailable; event-year raster alone is insufficient,outside,,,,,,FALSE,FALSE,FALSE,FALSE
84159,2014,1,Depression,outside,42.08622265625,Militia dominant,missing/uncertain,annual AFCD cropland-fraction source unavailable; event-year raster alone is insufficient,outside,,,,,,FALSE,FALSE,FALSE,FALSE
84272,2014,1,Depression,outside,1.80277563476563,Militia dominant,missing/uncertain,annual AFCD cropland-fraction source unavailable; event-year raster alone is insufficient,outside,,,,,,FALSE,TRUE,TRUE,TRUE
84276,2014,1,Depression,inside,-0.5,Militia dominant,missing/uncertain,annual AFCD cropland-fraction source unavailable; event-year raster alone is insufficient,inside,,,,,,FALSE,TRUE,TRUE,TRUE
84279,2014,1,Depression,inside,-2,Militia dominant,missing/uncertain,annual AFCD cropland-fraction source unavailable; event-year raster alone is insufficient,inside,,,,,,FALSE,TRUE,TRUE,TRUE
84281,2014,1,Depression,inside,-3,Militia dominant,missing/uncertain,annual AFCD cropland-fraction source unavailable; event-year raster alone is insufficient,inside,,,,,,FALSE,TRUE,TRUE,TRUE
84727,2014,1,Depression,inside,-2.5,Militia dominant,missing/uncertain,annual AFCD cropland-fraction source unavailable; event-year raster alone is insufficient,inside,,,,,,FALSE,TRUE,TRUE,TRUE
85965,2014,1,Depression,outside,32.86715625,Militia dominant,missing/uncertain,annual AFCD cropland-fraction source unavailable; event-year raster alone is insufficient,outside,,,,,,FALSE,FALSE,FALSE,FALSE
86856,2014,1,Depression,outside,34.12476953125,Militia dominant,missing/uncertain,annual AFCD cropland-fraction source unavailable; event-year raster alone is insufficient,outside,,,,,,FALSE,FALSE,FALSE,FALSE
86946,2014,1,Depression,inside,-0.707106811523437,Militia dominant,missing/uncertain,annual AFCD cropland-fraction source unavailable; event-year raster alone is insufficient,inside,,,,,,FALSE,TRUE,TRUE,TRUE
86952,2014,1,Depression,outside,1.11803393554687,Militia dominant,missing/uncertain,annual AFCD cropland-fraction source unavailable; event-year raster alone is insufficient,outside,,,,,,FALSE,TRUE,TRUE,TRUE
87744,2014,1,Depression,outside,36.91205859375,Militia dominant,missing/uncertain,annual AFCD cropland-fraction source unavailable; event-year raster alone is insufficient,outside,,,,,,FALSE,FALSE,FALSE,FALSE
88190,2014,1,Depression,outside,37.33630859375,Militia dominant,missing/uncertain,annual AFCD cropland-fraction source unavailable; event-year raster alone is insufficient,outside,,,,,,FALSE,FALSE,FALSE,FALSE
88195,2014,1,Depression,outside,34.8604375,Militia dominant,missing/uncertain,annual AFCD cropland-fraction source unavailable; event-year raster alone is insufficient,outside,,,,,,FALSE,FALSE,FALSE,FALSE
88636,2014,1,Depression,outside,37.76903515625,Militia dominant,missing/uncertain,annual AFCD cropland-fraction source unavailable; event-year raster alone is insufficient,outside,,,,,,FALSE,FALSE,FALSE,FALSE
89183,2014,1,Depression,inside,-2.1213203125,Militia dominant,missing/uncertain,annual AFCD cropland-fraction source unavailable; event-year raster alone is insufficient,inside,,,,,,FALSE,TRUE,TRUE,TRUE
89628,2014,1,Depression,inside,-3.16227758789063,Militia dominant,missing/uncertain,annual AFCD cropland-fraction source unavailable; event-year raster alone is insufficient,inside,,,,,,FALSE,TRUE,TRUE,TRUE
90075,2014,1,Depression,inside,-3.53553393554688,Militia dominant,missing/uncertain,annual AFCD cropland-fraction source unavailable; event-year raster alone is insufficient,inside,,,,,,FALSE,TRUE,TRUE,TRUE
90522,2014,1,Depression,inside,-3.90512475585938,Militia dominant,missing/uncertain,annual AFCD cropland-fraction source unavailable; event-year raster alone is insufficient,inside,,,,,,FALSE,TRUE,TRUE,TRUE
90524,2014,1,Depression,inside,-3.35410205078125,Militia dominant,missing/uncertain,annual AFCD cropland-fraction source unavailable; event-year raster alone is insufficient,inside,,,,,,FALSE,TRUE,TRUE,TRUE
90525,2014,1,Depression,inside,-3.16227758789063,Militia dominant,missing/uncertain,annual AFCD cropland-fraction source unavailable; event-year raster alone is insufficient,inside,,,,,,FALSE,TRUE,TRUE,TRUE
91312,2014,1,Depression,outside,40.52776953125,Militia dominant,missing/uncertain,annual AFCD cropland-fraction source unavailable; event-year raster alone is insufficient,outside,,,,,,FALSE,FALSE,FALSE,FALSE
91412,2014,1,Depression,inside,-3.35410205078125,Militia dominant,missing/uncertain,annual AFCD cropland-fraction source unavailable; event-year raster alone is insufficient,inside,,,,,,FALSE,TRUE,TRUE,TRUE
91422,2014,1,Depression,inside,-4,Militia dominant,missing/uncertain,annual AFCD cropland-fraction source unavailable; event-year raster alone is insufficient,inside,,,,,,FALSE,TRUE,TRUE,TRUE
91855,2014,1,Depression,inside,-3.35410205078125,Militia dominant,missing/uncertain,annual AFCD cropland-fraction source unavailable; event-year raster alone is insufficient,inside,,,,,,FALSE,TRUE,TRUE,TRUE
92747,2014,1,Depression,inside,-3.60555126953125,Militia dominant,missing/uncertain,annual AFCD cropland-fraction source unavailable; event-year raster alone is insufficient,inside,,,,,,FALSE,TRUE,TRUE,TRUE
94089,2014,1,Depression,inside,-5.14781494140625,Militia dominant,missing/uncertain,annual AFCD cropland-fraction source unavailable; event-year raster alone is insufficient,inside,,,,,,FALSE,FALSE,TRUE,TRUE
94357,2014,1,Depression,outside,78.174484375,Militia dominant,missing/uncertain,annual AFCD cropland-fraction source unavailable; event-year raster alone is insufficient,outside,,,,,,FALSE,FALSE,FALSE,FALSE
95762,2014,1,Depression,outside,50.08991796875,Militia dominant,missing/uncertain,annual AFCD cropland-fraction source unavailable; event-year raster alone is insufficient,outside,,,,,,FALSE,FALSE,FALSE,FALSE
95763,2014,1,Depression,outside,49.59082421875,Militia dominant,missing/uncertain,annual AFCD cropland-fraction source unavailable; event-year raster alone is insufficient,outside,,,,,,FALSE,FALSE,FALSE,FALSE
99778,2014,1,Depression,outside,53.387734375,Militia dominant,missing/uncertain,annual AFCD cropland-fraction source unavailable; event-year raster alone is insufficient,outside,,,,,,FALSE,FALSE,FALSE,FALSE
102113,2014,1,Depression,outside,5.14781494140625,Militia dominant,missing/uncertain,annual AFCD cropland-fraction source unavailable; event-year raster alone is insufficient,outside,,,,,,FALSE,FALSE,TRUE,TRUE
105142,2014,1,Depression,outside,49.246828125,Militia dominant,missing/uncertain,annual AFCD cropland-fraction source unavailable; event-year raster alone is insufficient,outside,,,,,,FALSE,FALSE,FALSE,FALSE
105706,2014,1,Depression,outside,4.03112890625,Militia dominant,missing/uncertain,annual AFCD cropland-fraction source unavailable; event-year raster alone is insufficient,outside,,,,,,FALSE,TRUE,TRUE,TRUE
106932,2014,1,Depression,outside,47.18315234375,Militia dominant,missing/uncertain,annual AFCD cropland-fraction source unavailable; event-year raster alone is insufficient,outside,,,,,,FALSE,FALSE,FALSE,FALSE
108832,2014,1,Depression,outside,7.4330341796875,Militia dominant,missing/uncertain,annual AFCD cropland-fraction source unavailable; event-year raster alone is insufficient,outside,,,,,,FALSE,FALSE,TRUE,TRUE
108834,2014,1,Depression,outside,7.15891064453125,Militia dominant,missing/uncertain,annual AFCD cropland-fraction source unavailable; event-year raster alone is insufficient,outside,,,,,,FALSE,FALSE,TRUE,TRUE
109728,2014,1,Depression,outside,6.184658203125,Militia dominant,missing/uncertain,annual AFCD cropland-fraction source unavailable; event-year raster alone is insufficient,outside,,,,,,FALSE,FALSE,TRUE,TRUE
110611,2014,1,Depression,outside,8.514693359375,Militia dominant,missing/uncertain,annual AFCD cropland-fraction source unavailable; event-year raster alone is insufficient,outside,,,,,,FALSE,FALSE,TRUE,TRUE
111059,2014,1,Depression,outside,7.81024951171875,Militia dominant,missing/uncertain,annual AFCD cropland-fraction source unavailable; event-year raster alone is insufficient,outside,,,,,,FALSE,FALSE,TRUE,TRUE
111066,2014,1,Depression,outside,5.4083271484375,Militia dominant,missing/uncertain,annual AFCD cropland-fraction source unavailable; event-year raster alone is insufficient,outside,,,,,,FALSE,FALSE,TRUE,TRUE
111507,2014,1,Depression,outside,7.1063349609375,Militia dominant,missing/uncertain,annual AFCD cropland-fraction source unavailable; event-year raster alone is insufficient,outside,,,,,,FALSE,FALSE,TRUE,TRUE
114632,2014,1,Depression,outside,6.8007353515625,Militia dominant,missing/uncertain,annual AFCD cropland-fraction source unavailable; event-year raster alone is insufficient,outside,,,,,,FALSE,FALSE,TRUE,TRUE
115078,2014,1,Depression,outside,6.94622216796875,Militia dominant,missing/uncertain,annual AFCD cropland-fraction source unavailable; event-year raster alone is insufficient,outside,,,,,,FALSE,FALSE,TRUE,TRUE
115525,2014,1,Depression,outside,6.7082041015625,Militia dominant,missing/uncertain,annual AFCD cropland-fraction source unavailable; event-year raster alone is insufficient,outside,,,,,,FALSE,FALSE,TRUE,TRUE
1726,2015,1,Depression,outside,72.3671171875,Militia dominant,missing/uncertain,annual AFCD cropland-fraction source unavailable; event-year raster alone is insufficient,outside,,,,,,FALSE,FALSE,FALSE,FALSE
2551,2015,1,Depression,outside,71.5436953125,Militia dominant,missing/uncertain,annual AFCD cropland-fraction source unavailable; event-year raster alone is insufficient,outside,,,,,,FALSE,FALSE,FALSE,FALSE
3460,2015,1,Depression,outside,70.035703125,Militia dominant,missing/uncertain,annual AFCD cropland-fraction source unavailable; event-year raster alone is insufficient,outside,,,,,,FALSE,FALSE,FALSE,FALSE
4347,2015,1,Depression,outside,69.5071953125,Militia dominant,missing/uncertain,annual AFCD cropland-fraction source unavailable; event-year raster alone is insufficient,outside,,,,,,FALSE,FALSE,FALSE,FALSE
4793,2015,1,Depression,outside,69.0018125,Militia dominant,missing/uncertain,annual AFCD cropland-fraction source unavailable; event-year raster alone is insufficient,outside,,,,,,FALSE,FALSE,FALSE,FALSE
5685,2015,1,Depression,outside,68,Militia dominant,missing/uncertain,annual AFCD cropland-fraction source unavailable; event-year raster alone is insufficient,outside,,,,,,FALSE,FALSE,FALSE,FALSE
6583,2015,1,Depression,outside,67.0167890625,Militia dominant,missing/uncertain,annual AFCD cropland-fraction source unavailable; event-year raster alone is insufficient,outside,,,,,,FALSE,FALSE,FALSE,FALSE
8882,2015,1,Depression,outside,65,Militia dominant,missing/uncertain,annual AFCD cropland-fraction source unavailable; event-year raster alone is insufficient,outside,,,,,,FALSE,FALSE,FALSE,FALSE
9233,2015,1,Depression,outside,65.02499609375,Militia dominant,missing/uncertain,annual AFCD cropland-fraction source unavailable; event-year raster alone is insufficient,outside,,,,,,FALSE,FALSE,FALSE,FALSE
9321,2015,1,Depression,outside,63.64157421875,Militia dominant,missing/uncertain,annual AFCD cropland-fraction source unavailable; event-year raster alone is insufficient,outside,,,,,,FALSE,FALSE,FALSE,FALSE
9773,2015,1,Depression,outside,63.6729921875,Militia dominant,missing/uncertain,annual AFCD cropland-fraction source unavailable; event-year raster alone is insufficient,outside,,,,,,FALSE,FALSE,FALSE,FALSE
10212,2015,1,Depression,outside,62.38990234375,Militia dominant,missing/uncertain,annual AFCD cropland-fraction source unavailable; event-year raster alone is insufficient,outside,,,,,,FALSE,FALSE,FALSE,FALSE
10562,2015,1,Depression,outside,62.74153515625,Militia dominant,missing/uncertain,annual AFCD cropland-fraction source unavailable; event-year raster alone is insufficient,outside,,,,,,FALSE,FALSE,FALSE,FALSE
11567,2015,1,Depression,outside,62.5,Militia dominant,missing/uncertain,annual AFCD cropland-fraction source unavailable; event-year raster alone is insufficient,outside,,,,,,FALSE,FALSE,FALSE,FALSE
13352,2015,1,Depression,outside,60.1664375,Militia dominant,missing/uncertain,annual AFCD cropland-fraction source unavailable; event-year raster alone is insufficient,outside,,,,,,FALSE,FALSE,FALSE,FALSE
17371,2015,1,Depression,outside,55.3014453125,Militia dominant,missing/uncertain,annual AFCD cropland-fraction source unavailable; event-year raster alone is insufficient,outside,,,,,,FALSE,FALSE,FALSE,FALSE
18257,2015,1,Depression,outside,53.44389453125,Militia dominant,missing/uncertain,annual AFCD cropland-fraction source unavailable; event-year raster alone is insufficient,outside,,,,,,FALSE,FALSE,FALSE,FALSE
20218,2015,1,Depression,outside,84.202140625,Militia dominant,missing/uncertain,annual AFCD cropland-fraction source unavailable; event-year raster alone is insufficient,outside,,,,,,FALSE,FALSE,FALSE,FALSE
23163,2015,1,Depression,outside,47.21493359375,Militia dominant,missing/uncertain,annual AFCD cropland-fraction source unavailable; event-year raster alone is insufficient,outside,,,,,,FALSE,FALSE,FALSE,FALSE
23602,2015,1,Depression,outside,46.5026875,Militia dominant,missing/uncertain,annual AFCD cropland-fraction source unavailable; event-year raster alone is insufficient,outside,,,,,,FALSE,FALSE,FALSE,FALSE
23914,2015,1,Depression,outside,47.51841796875,Militia dominant,missing/uncertain,annual AFCD cropland-fraction source unavailable; event-year raster alone is insufficient,outside,,,,,,FALSE,FALSE,FALSE,FALSE
23948,2015,1,Depression,outside,47.817359375,Militia dominant,missing/uncertain,annual AFCD cropland-fraction source unavailable; event-year raster alone is insufficient,outside,,,,,,FALSE,FALSE,FALSE,FALSE
23971,2015,1,Depression,outside,47.76243359375,Militia dominant,missing/uncertain,annual AFCD cropland-fraction source unavailable; event-year raster alone is insufficient,outside,,,,,,FALSE,FALSE,FALSE,FALSE
24852,2015,1,Depression,outside,46.5026875,Militia dominant,missing/uncertain,annual AFCD cropland-fraction source unavailable; event-year raster alone is insufficient,outside,,,,,,FALSE,FALSE,FALSE,FALSE
24864,2015,1,Depression,outside,46.717234375,Militia dominant,missing/uncertain,annual AFCD cropland-fraction source unavailable; event-year raster alone is insufficient,outside,,,,,,FALSE,FALSE,FALSE,FALSE
25399,2015,1,Depression,outside,44.78001953125,Militia dominant,missing/uncertain,annual AFCD cropland-fraction source unavailable; event-year raster alone is insufficient,outside,,,,,,FALSE,FALSE,FALSE,FALSE
26190,2015,1,Depression,outside,45.044421875,Militia dominant,missing/uncertain,annual AFCD cropland-fraction source unavailable; event-year raster alone is insufficient,outside,,,,,,FALSE,FALSE,FALSE,FALSE
27191,2015,1,Depression,outside,43.07261328125,Militia dominant,missing/uncertain,annual AFCD cropland-fraction source unavailable; event-year raster alone is insufficient,outside,,,,,,FALSE,FALSE,FALSE,FALSE
28425,2015,1,Depression,outside,42.54703125,Militia dominant,missing/uncertain,annual AFCD cropland-fraction source unavailable; event-year raster alone is insufficient,outside,,,,,,FALSE,FALSE,FALSE,FALSE
28431,2015,1,Depression,outside,42.5,Militia dominant,missing/uncertain,annual AFCD cropland-fraction source unavailable; event-year raster alone is insufficient,outside,,,,,,FALSE,FALSE,FALSE,FALSE
30188,2015,1,Depression,outside,40,Militia dominant,missing/uncertain,annual AFCD cropland-fraction source unavailable; event-year raster alone is insufficient,outside,,,,,,FALSE,FALSE,FALSE,FALSE
33301,2015,1,Depression,outside,37.165171875,Militia dominant,missing/uncertain,annual AFCD cropland-fraction source unavailable; event-year raster alone is insufficient,outside,,,,,,FALSE,FALSE,FALSE,FALSE
34191,2015,1,Depression,outside,36.62308203125,Militia dominant,missing/uncertain,annual AFCD cropland-fraction source unavailable; event-year raster alone is insufficient,outside,,,,,,FALSE,FALSE,FALSE,FALSE
37737,2015,1,Depression,outside,39.60113671875,Militia dominant,missing/uncertain,annual AFCD cropland-fraction source unavailable; event-year raster alone is insufficient,outside,,,,,,FALSE,FALSE,FALSE,FALSE
40867,2015,1,Depression,outside,36.55475390625,Militia dominant,missing/uncertain,annual AFCD cropland-fraction source unavailable; event-year raster alone is insufficient,outside,,,,,,FALSE,FALSE,FALSE,FALSE
40868,2015,1,Depression,outside,36.23534375,Militia dominant,missing/uncertain,annual AFCD cropland-fraction source unavailable; event-year raster alone is insufficient,outside,,,,,,FALSE,FALSE,FALSE,FALSE
40875,2015,1,Depression,outside,34.121109375,Militia dominant,missing/uncertain,annual AFCD cropland-fraction source unavailable; event-year raster alone is insufficient,outside,,,,,,FALSE,FALSE,FALSE,FALSE
41320,2015,1,Depression,outside,34.30014453125,Militia dominant,missing/uncertain,annual AFCD cropland-fraction source unavailable; event-year raster alone is insufficient,outside,,,,,,FALSE,FALSE,FALSE,FALSE
42650,2015,1,Depression,outside,36.76955078125,Militia dominant,missing/uncertain,annual AFCD cropland-fraction source unavailable; event-year raster alone is insufficient,outside,,,,,,FALSE,FALSE,FALSE,FALSE
43089,2015,1,Depression,outside,39.37321484375,Militia dominant,missing/uncertain,annual AFCD cropland-fraction source unavailable; event-year raster alone is insufficient,outside,,,,,,FALSE,FALSE,FALSE,FALSE
44118,2015,1,Depression,outside,25.401771484375,Militia dominant,missing/uncertain,annual AFCD cropland-fraction source unavailable; event-year raster alone is insufficient,outside,,,,,,FALSE,FALSE,FALSE,FALSE
49796,2015,1,Depression,outside,34.13209765625,Militia dominant,missing/uncertain,annual AFCD cropland-fraction source unavailable; event-year raster alone is insufficient,outside,,,,,,FALSE,FALSE,FALSE,FALSE
54708,2015,1,Depression,outside,33.88952734375,Militia dominant,missing/uncertain,annual AFCD cropland-fraction source unavailable; event-year raster alone is insufficient,outside,,,,,,FALSE,FALSE,FALSE,FALSE
57510,2015,1,Depression,outside,15.116216796875,Militia dominant,missing/uncertain,annual AFCD cropland-fraction source unavailable; event-year raster alone is insufficient,outside,,,,,,FALSE,FALSE,FALSE,TRUE
63633,2015,1,Depression,outside,39.080046875,Militia dominant,missing/uncertain,annual AFCD cropland-fraction source unavailable; event-year raster alone is insufficient,outside,,,,,,FALSE,FALSE,FALSE,FALSE
66314,2015,1,Depression,outside,37.47666015625,Militia dominant,missing/uncertain,annual AFCD cropland-fraction source unavailable; event-year raster alone is insufficient,outside,,,,,,FALSE,FALSE,FALSE,FALSE
67654,2015,1,Depression,outside,36.76955078125,Militia dominant,missing/uncertain,annual AFCD cropland-fraction source unavailable; event-year raster alone is insufficient,outside,,,,,,FALSE,FALSE,FALSE,FALSE
69558,2015,1,Depression,inside,-1.80277563476563,Militia dominant,missing/uncertain,annual AFCD cropland-fraction source unavailable; event-year raster alone is insufficient,inside,,,,,,FALSE,TRUE,TRUE,TRUE
71335,2015,1,Depression,inside,-4.5276923828125,Militia dominant,missing/uncertain,annual AFCD cropland-fraction source unavailable; event-year raster alone is insufficient,inside,,,,,,FALSE,TRUE,TRUE,TRUE
72677,2015,1,Depression,inside,-6.0827626953125,Militia dominant,missing/uncertain,annual AFCD cropland-fraction source unavailable; event-year raster alone is insufficient,inside,,,,,,FALSE,FALSE,TRUE,TRUE
74462,2015,1,Depression,inside,-5,Militia dominant,missing/uncertain,annual AFCD cropland-fraction source unavailable; event-year raster alone is insufficient,inside,,,,,,FALSE,TRUE,TRUE,TRUE
75253,2015,1,Depression,outside,30.92329296875,Militia dominant,missing/uncertain,annual AFCD cropland-fraction source unavailable; event-year raster alone is insufficient,outside,,,,,,FALSE,FALSE,FALSE,FALSE
75353,2015,1,Depression,inside,-3.64005493164063,Militia dominant,missing/uncertain,annual AFCD cropland-fraction source unavailable; event-year raster alone is insufficient,inside,,,,,,FALSE,TRUE,TRUE,TRUE
83828,2015,1,Depression,outside,0.5,Militia dominant,missing/uncertain,annual AFCD cropland-fraction source unavailable; event-year raster alone is insufficient,outside,,,,,,FALSE,TRUE,TRUE,TRUE
84167,2015,1,Depression,outside,38.2001328125,Militia dominant,missing/uncertain,annual AFCD cropland-fraction source unavailable; event-year raster alone is insufficient,outside,,,,,,FALSE,FALSE,FALSE,FALSE
85617,2015,1,Depression,inside,-1,Militia dominant,missing/uncertain,annual AFCD cropland-fraction source unavailable; event-year raster alone is insufficient,inside,,,,,,FALSE,TRUE,TRUE,TRUE
86064,2015,1,Depression,inside,-1,Militia dominant,missing/uncertain,annual AFCD cropland-fraction source unavailable; event-year raster alone is insufficient,inside,,,,,,FALSE,TRUE,TRUE,TRUE
86506,2015,1,Depression,outside,1.11803393554687,Militia dominant,missing/uncertain,annual AFCD cropland-fraction source unavailable; event-year raster alone is insufficient,outside,,,,,,FALSE,TRUE,TRUE,TRUE
88637,2015,1,Depression,outside,37.27264453125,Militia dominant,missing/uncertain,annual AFCD cropland-fraction source unavailable; event-year raster alone is insufficient,outside,,,,,,FALSE,FALSE,FALSE,FALSE
88736,2015,1,Depression,inside,-1.80277563476563,Militia dominant,missing/uncertain,annual AFCD cropland-fraction source unavailable; event-year raster alone is insufficient,inside,,,,,,FALSE,TRUE,TRUE,TRUE
89525,2015,1,Depression,outside,40.15283203125,Militia dominant,missing/uncertain,annual AFCD cropland-fraction source unavailable; event-year raster alone is insufficient,outside,,,,,,FALSE,FALSE,FALSE,FALSE
91414,2015,1,Depression,inside,-3.90512475585938,Militia dominant,missing/uncertain,annual AFCD cropland-fraction source unavailable; event-year raster alone is insufficient,inside,,,,,,FALSE,TRUE,TRUE,TRUE
91421,2015,1,Depression,inside,-4,Militia dominant,missing/uncertain,annual AFCD cropland-fraction source unavailable; event-year raster alone is insufficient,inside,,,,,,FALSE,TRUE,TRUE,TRUE
92318,2015,1,Depression,inside,-5.09901953125,Militia dominant,missing/uncertain,annual AFCD cropland-fraction source unavailable; event-year raster alone is insufficient,inside,,,,,,FALSE,FALSE,TRUE,TRUE
94532,2015,1,Depression,inside,-4.5,Militia dominant,missing/uncertain,annual AFCD cropland-fraction source unavailable; event-year raster alone is insufficient,inside,,,,,,FALSE,TRUE,TRUE,TRUE
95872,2015,1,Depression,inside,-4.12310546875,Militia dominant,missing/uncertain,annual AFCD cropland-fraction source unavailable; event-year raster alone is insufficient,inside,,,,,,FALSE,TRUE,TRUE,TRUE
98984,2015,1,Depression,outside,3.53553393554688,Militia dominant,missing/uncertain,annual AFCD cropland-fraction source unavailable; event-year raster alone is insufficient,outside,,,,,,FALSE,TRUE,TRUE,TRUE
102114,2015,1,Depression,outside,4.71699072265625,Militia dominant,missing/uncertain,annual AFCD cropland-fraction source unavailable; event-year raster alone is insufficient,outside,,,,,,FALSE,TRUE,TRUE,TRUE
104252,2015,1,Depression,outside,48.44842578125,Militia dominant,missing/uncertain,annual AFCD cropland-fraction source unavailable; event-year raster alone is insufficient,outside,,,,,,FALSE,FALSE,FALSE,FALSE
105238,2015,1,Depression,outside,8.8459033203125,Militia dominant,missing/uncertain,annual AFCD cropland-fraction source unavailable; event-year raster alone is insufficient,outside,,,,,,FALSE,FALSE,TRUE,TRUE
110899,2015,1,Depression,outside,64.6006953125,Militia dominant,missing/uncertain,annual AFCD cropland-fraction source unavailable; event-year raster alone is insufficient,outside,,,,,,FALSE,FALSE,FALSE,FALSE
112856,2015,1,Depression,outside,3.20156201171875,Militia dominant,missing/uncertain,annual AFCD cropland-fraction source unavailable; event-year raster alone is insufficient,outside,,,,,,FALSE,TRUE,TRUE,TRUE
115077,2015,1,Depression,outside,7.38241162109375,Militia dominant,missing/uncertain,annual AFCD cropland-fraction source unavailable; event-year raster alone is insufficient,outside,,,,,,FALSE,FALSE,TRUE,TRUE
115529,2015,1,Depression,outside,5,Militia dominant,missing/uncertain,annual AFCD cropland-fraction source unavailable; event-year raster alone is insufficient,outside,,,,,,FALSE,TRUE,TRUE,TRUE
116435,2015,1,Depression,inside,-0.707106811523437,Militia dominant,missing/uncertain,annual AFCD cropland-fraction source unavailable; event-year raster alone is insufficient,inside,,,,,,FALSE,TRUE,TRUE,TRUE
126481,2015,1,Depression,outside,21.360009765625,Militia dominant,missing/uncertain,annual AFCD cropland-fraction source unavailable; event-year raster alone is insufficient,outside,,,,,,FALSE,FALSE,FALSE,FALSE
134085,2015,1,Depression,outside,29.73213671875,Militia dominant,missing/uncertain,annual AFCD cropland-fraction source unavailable; event-year raster alone is insufficient,outside,,,,,,FALSE,FALSE,FALSE,FALSE
143472,2015,1,Depression,outside,38.16084375,Militia dominant,missing/uncertain,annual AFCD cropland-fraction source unavailable; event-year raster alone is insufficient,outside,,,,,,FALSE,FALSE,FALSE,FALSE
787,2016,1,Depression,outside,72.3895703125,Militia dominant,missing/uncertain,annual AFCD cropland-fraction source unavailable; event-year raster alone is insufficient,outside,,,,,,FALSE,FALSE,FALSE,FALSE
1221,2016,1,Depression,outside,72.857734375,Militia dominant,missing/uncertain,annual AFCD cropland-fraction source unavailable; event-year raster alone is insufficient,outside,,,,,,FALSE,FALSE,FALSE,FALSE
1239,2016,1,Depression,outside,71.674609375,Militia dominant,missing/uncertain,annual AFCD cropland-fraction source unavailable; event-year raster alone is insufficient,outside,,,,,,FALSE,FALSE,FALSE,FALSE
1666,2016,1,Depression,outside,72.515515625,Militia dominant,missing/uncertain,annual AFCD cropland-fraction source unavailable; event-year raster alone is insufficient,outside,,,,,,FALSE,FALSE,FALSE,FALSE
1683,2016,1,Depression,outside,71.2969140625,Militia dominant,missing/uncertain,annual AFCD cropland-fraction source unavailable; event-year raster alone is insufficient,outside,,,,,,FALSE,FALSE,FALSE,FALSE
2374,2016,1,Depression,outside,86.2670234375,Militia dominant,missing/uncertain,annual AFCD cropland-fraction source unavailable; event-year raster alone is insufficient,outside,,,,,,FALSE,FALSE,FALSE,FALSE
2622,2016,1,Depression,outside,71.5891015625,Militia dominant,missing/uncertain,annual AFCD cropland-fraction source unavailable; event-year raster alone is insufficient,outside,,,,,,FALSE,FALSE,FALSE,FALSE
2995,2016,1,Depression,outside,71.1125859375,Militia dominant,missing/uncertain,annual AFCD cropland-fraction source unavailable; event-year raster alone is insufficient,outside,,,,,,FALSE,FALSE,FALSE,FALSE
2996,2016,1,Depression,outside,71.08621875,Militia dominant,missing/uncertain,annual AFCD cropland-fraction source unavailable; event-year raster alone is insufficient,outside,,,,,,FALSE,FALSE,FALSE,FALSE
3447,2016,1,Depression,outside,70.515953125,Militia dominant,missing/uncertain,annual AFCD cropland-fraction source unavailable; event-year raster alone is insufficient,outside,,,,,,FALSE,FALSE,FALSE,FALSE
3450,2016,1,Depression,outside,70.5,Militia dominant,missing/uncertain,annual AFCD cropland-fraction source unavailable; event-year raster alone is insufficient,outside,,,,,,FALSE,FALSE,FALSE,FALSE
4336,2016,1,Depression,outside,69.615015625,Militia dominant,missing/uncertain,annual AFCD cropland-fraction source unavailable; event-year raster alone is insufficient,outside,,,,,,FALSE,FALSE,FALSE,FALSE
4795,2016,1,Depression,outside,69.0163046875,Militia dominant,missing/uncertain,annual AFCD cropland-fraction source unavailable; event-year raster alone is insufficient,outside,,,,,,FALSE,FALSE,FALSE,FALSE
5623,2016,1,Depression,outside,68.148734375,Militia dominant,missing/uncertain,annual AFCD cropland-fraction source unavailable; event-year raster alone is insufficient,outside,,,,,,FALSE,FALSE,FALSE,FALSE
6137,2016,1,Depression,outside,67.529625,Militia dominant,missing/uncertain,annual AFCD cropland-fraction source unavailable; event-year raster alone is insufficient,outside,,,,,,FALSE,FALSE,FALSE,FALSE
6585,2016,1,Depression,outside,66.9794765625,Militia dominant,missing/uncertain,annual AFCD cropland-fraction source unavailable; event-year raster alone is insufficient,outside,,,,,,FALSE,FALSE,FALSE,FALSE
7033,2016,1,Depression,outside,66.387125,Militia dominant,missing/uncertain,annual AFCD cropland-fraction source unavailable; event-year raster alone is insufficient,outside,,,,,,FALSE,FALSE,FALSE,FALSE
8001,2016,1,Depression,outside,67.8398828125,Militia dominant,missing/uncertain,annual AFCD cropland-fraction source unavailable; event-year raster alone is insufficient,outside,,,,,,FALSE,FALSE,FALSE,FALSE
8198,2016,1,Depression,outside,77.243125,Militia dominant,missing/uncertain,annual AFCD cropland-fraction source unavailable; event-year raster alone is insufficient,outside,,,,,,FALSE,FALSE,FALSE,FALSE
8811,2016,1,Depression,outside,64.51744140625,Militia dominant,missing/uncertain,annual AFCD cropland-fraction source unavailable; event-year raster alone is insufficient,outside,,,,,,FALSE,FALSE,FALSE,FALSE
9055,2016,1,Depression,outside,88.0525390625,Militia dominant,missing/uncertain,annual AFCD cropland-fraction source unavailable; event-year raster alone is insufficient,outside,,,,,,FALSE,FALSE,FALSE,FALSE
9261,2016,1,Depression,outside,64,Militia dominant,missing/uncertain,annual AFCD cropland-fraction source unavailable; event-year raster alone is insufficient,outside,,,,,,FALSE,FALSE,FALSE,FALSE
10984,2016,1,Depression,outside,62.08462109375,Militia dominant,missing/uncertain,annual AFCD cropland-fraction source unavailable; event-year raster alone is insufficient,outside,,,,,,FALSE,FALSE,FALSE,FALSE
11556,2016,1,Depression,outside,61.188234375,Militia dominant,missing/uncertain,annual AFCD cropland-fraction source unavailable; event-year raster alone is insufficient,outside,,,,,,FALSE,FALSE,FALSE,FALSE
12006,2016,1,Depression,outside,61.01229296875,Militia dominant,missing/uncertain,annual AFCD cropland-fraction source unavailable; event-year raster alone is insufficient,outside,,,,,,FALSE,FALSE,FALSE,FALSE
12450,2016,1,Depression,outside,60.20797265625,Militia dominant,missing/uncertain,annual AFCD cropland-fraction source unavailable; event-year raster alone is insufficient,outside,,,,,,FALSE,FALSE,FALSE,FALSE
12460,2016,1,Depression,outside,61.40032421875,Militia dominant,missing/uncertain,annual AFCD cropland-fraction source unavailable; event-year raster alone is insufficient,outside,,,,,,FALSE,FALSE,FALSE,FALSE
13802,2016,1,Depression,outside,60.104078125,Militia dominant,missing/uncertain,annual AFCD cropland-fraction source unavailable; event-year raster alone is insufficient,outside,,,,,,FALSE,FALSE,FALSE,FALSE
15929,2016,1,Depression,outside,56.9319765625,Militia dominant,missing/uncertain,annual AFCD cropland-fraction source unavailable; event-year raster alone is insufficient,outside,,,,,,FALSE,FALSE,FALSE,FALSE
16132,2016,1,Depression,outside,113.05971875,Militia dominant,missing/uncertain,annual AFCD cropland-fraction source unavailable; event-year raster alone is insufficient,outside,,,,,,FALSE,FALSE,FALSE,FALSE
16808,2016,1,Depression,outside,55.5,Militia dominant,missing/uncertain,annual AFCD cropland-fraction source unavailable; event-year raster alone is insufficient,outside,,,,,,FALSE,FALSE,FALSE,FALSE
16817,2016,1,Depression,outside,55.64395703125,Militia dominant,missing/uncertain,annual AFCD cropland-fraction source unavailable; event-year raster alone is insufficient,outside,,,,,,FALSE,FALSE,FALSE,FALSE
16824,2016,1,Depression,outside,56.00446484375,Militia dominant,missing/uncertain,annual AFCD cropland-fraction source unavailable; event-year raster alone is insufficient,outside,,,,,,FALSE,FALSE,FALSE,FALSE
17401,2016,1,Depression,outside,60.8543359375,Militia dominant,missing/uncertain,annual AFCD cropland-fraction source unavailable; event-year raster alone is insufficient,outside,,,,,,FALSE,FALSE,FALSE,FALSE
18160,2016,1,Depression,outside,54.23098828125,Militia dominant,missing/uncertain,annual AFCD cropland-fraction source unavailable; event-year raster alone is insufficient,outside,,,,,,FALSE,FALSE,FALSE,FALSE
18615,2016,1,Depression,outside,54.2517265625,Militia dominant,missing/uncertain,annual AFCD cropland-fraction source unavailable; event-year raster alone is insufficient,outside,,,,,,FALSE,FALSE,FALSE,FALSE
18620,2016,1,Depression,outside,54.7220234375,Militia dominant,missing/uncertain,annual AFCD cropland-fraction source unavailable; event-year raster alone is insufficient,outside,,,,,,FALSE,FALSE,FALSE,FALSE
19061,2016,1,Depression,outside,53.67727734375,Militia dominant,missing/uncertain,annual AFCD cropland-fraction source unavailable; event-year raster alone is insufficient,outside,,,,,,FALSE,FALSE,FALSE,FALSE
19150,2016,1,Depression,outside,52.3688828125,Militia dominant,missing/uncertain,annual AFCD cropland-fraction source unavailable; event-year raster alone is insufficient,outside,,,,,,FALSE,FALSE,FALSE,FALSE
19956,2016,1,Depression,outside,52.77309765625,Militia dominant,missing/uncertain,annual AFCD cropland-fraction source unavailable; event-year raster alone is insufficient,outside,,,,,,FALSE,FALSE,FALSE,FALSE
21722,2016,1,Depression,outside,50.01,Militia dominant,missing/uncertain,annual AFCD cropland-fraction source unavailable; event-year raster alone is insufficient,outside,,,,,,FALSE,FALSE,FALSE,FALSE
21745,2016,1,Depression,outside,50.8945,Militia dominant,missing/uncertain,annual AFCD cropland-fraction source unavailable; event-year raster alone is insufficient,outside,,,,,,FALSE,FALSE,FALSE,FALSE
22132,2016,1,Depression,outside,49.16299609375,Militia dominant,missing/uncertain,annual AFCD cropland-fraction source unavailable; event-year raster alone is insufficient,outside,,,,,,FALSE,FALSE,FALSE,FALSE
22159,2016,1,Depression,outside,49.73178125,Militia dominant,missing/uncertain,annual AFCD cropland-fraction source unavailable; event-year raster alone is insufficient,outside,,,,,,FALSE,FALSE,FALSE,FALSE
22167,2016,1,Depression,outside,49.54038671875,Militia dominant,missing/uncertain,annual AFCD cropland-fraction source unavailable; event-year raster alone is insufficient,outside,,,,,,FALSE,FALSE,FALSE,FALSE
22182,2016,1,Depression,outside,49.704125,Militia dominant,missing/uncertain,annual AFCD cropland-fraction source unavailable; event-year raster alone is insufficient,outside,,,,,,FALSE,FALSE,FALSE,FALSE
22270,2016,1,Depression,outside,48.25971484375,Militia dominant,missing/uncertain,annual AFCD cropland-fraction source unavailable; event-year raster alone is insufficient,outside,,,,,,FALSE,FALSE,FALSE,FALSE
22274,2016,1,Depression,outside,48.50773046875,Militia dominant,missing/uncertain,annual AFCD cropland-fraction source unavailable; event-year raster alone is insufficient,outside,,,,,,FALSE,FALSE,FALSE,FALSE
22619,2016,1,Depression,outside,49,Militia dominant,missing/uncertain,annual AFCD cropland-fraction source unavailable; event-year raster alone is insufficient,outside,,,,,,FALSE,FALSE,FALSE,FALSE
22625,2016,1,Depression,outside,49.063734375,Militia dominant,missing/uncertain,annual AFCD cropland-fraction source unavailable; event-year raster alone is insufficient,outside,,,,,,FALSE,FALSE,FALSE,FALSE
23065,2016,1,Depression,outside,48.5,Militia dominant,missing/uncertain,annual AFCD cropland-fraction source unavailable; event-year raster alone is insufficient,outside,,,,,,FALSE,FALSE,FALSE,FALSE
23068,2016,1,Depression,outside,48.502578125,Militia dominant,missing/uncertain,annual AFCD cropland-fraction source unavailable; event-year raster alone is insufficient,outside,,,,,,FALSE,FALSE,FALSE,FALSE
23469,2016,1,Depression,outside,47.87744921875,Militia dominant,missing/uncertain,annual AFCD cropland-fraction source unavailable; event-year raster alone is insufficient,outside,,,,,,FALSE,FALSE,FALSE,FALSE
23500,2016,1,Depression,outside,48.25453515625,Militia dominant,missing/uncertain,annual AFCD cropland-fraction source unavailable; event-year raster alone is insufficient,outside,,,,,,FALSE,FALSE,FALSE,FALSE
23503,2016,1,Depression,outside,48.2104765625,Militia dominant,missing/uncertain,annual AFCD cropland-fraction source unavailable; event-year raster alone is insufficient,outside,,,,,,FALSE,FALSE,FALSE,FALSE
23513,2016,1,Depression,outside,48,Militia dominant,missing/uncertain,annual AFCD cropland-fraction source unavailable; event-year raster alone is insufficient,outside,,,,,,FALSE,FALSE,FALSE,FALSE
23523,2016,1,Depression,outside,48.2104765625,Militia dominant,missing/uncertain,annual AFCD cropland-fraction source unavailable; event-year raster alone is insufficient,outside,,,,,,FALSE,FALSE,FALSE,FALSE
23926,2016,1,Depression,outside,47.01063671875,Militia dominant,missing/uncertain,annual AFCD cropland-fraction source unavailable; event-year raster alone is insufficient,outside,,,,,,FALSE,FALSE,FALSE,FALSE
23962,2016,1,Depression,outside,47.5026328125,Militia dominant,missing/uncertain,annual AFCD cropland-fraction source unavailable; event-year raster alone is insufficient,outside,,,,,,FALSE,FALSE,FALSE,FALSE
24374,2016,1,Depression,outside,46.5026875,Militia dominant,missing/uncertain,annual AFCD cropland-fraction source unavailable; event-year raster alone is insufficient,outside,,,,,,FALSE,FALSE,FALSE,FALSE
24412,2016,1,Depression,outside,47.04253515625,Militia dominant,missing/uncertain,annual AFCD cropland-fraction source unavailable; event-year raster alone is insufficient,outside,,,,,,FALSE,FALSE,FALSE,FALSE
24814,2016,1,Depression,outside,46.1735859375,Militia dominant,missing/uncertain,annual AFCD cropland-fraction source unavailable; event-year raster alone is insufficient,outside,,,,,,FALSE,FALSE,FALSE,FALSE
24846,2016,1,Depression,outside,46.63153515625,Militia dominant,missing/uncertain,annual AFCD cropland-fraction source unavailable; event-year raster alone is insufficient,outside,,,,,,FALSE,FALSE,FALSE,FALSE
24848,2016,1,Depression,outside,46.56715625,Militia dominant,missing/uncertain,annual AFCD cropland-fraction source unavailable; event-year raster alone is insufficient,outside,,,,,,FALSE,FALSE,FALSE,FALSE
24849,2016,1,Depression,outside,46.5429921875,Militia dominant,missing/uncertain,annual AFCD cropland-fraction source unavailable; event-year raster alone is insufficient,outside,,,,,,FALSE,FALSE,FALSE,FALSE
25295,2016,1,Depression,outside,46.0678828125,Militia dominant,missing/uncertain,annual AFCD cropland-fraction source unavailable; event-year raster alone is insufficient,outside,,,,,,FALSE,FALSE,FALSE,FALSE
25297,2016,1,Depression,outside,46.02444921875,Militia dominant,missing/uncertain,annual AFCD cropland-fraction source unavailable; event-year raster alone is insufficient,outside,,,,,,FALSE,FALSE,FALSE,FALSE
25401,2016,1,Depression,outside,44.902671875,Militia dominant,missing/uncertain,annual AFCD cropland-fraction source unavailable; event-year raster alone is insufficient,outside,,,,,,FALSE,FALSE,FALSE,FALSE
25719,2016,1,Depression,outside,45.00277734375,Militia dominant,missing/uncertain,annual AFCD cropland-fraction source unavailable; event-year raster alone is insufficient,outside,,,,,,FALSE,FALSE,FALSE,FALSE
25739,2016,1,Depression,outside,45.675484375,Militia dominant,missing/uncertain,annual AFCD cropland-fraction source unavailable; event-year raster alone is insufficient,outside,,,,,,FALSE,FALSE,FALSE,FALSE
25747,2016,1,Depression,outside,45.5,Militia dominant,missing/uncertain,annual AFCD cropland-fraction source unavailable; event-year raster alone is insufficient,outside,,,,,,FALSE,FALSE,FALSE,FALSE
25838,2016,1,Depression,outside,44.01136328125,Militia dominant,missing/uncertain,annual AFCD cropland-fraction source unavailable; event-year raster alone is insufficient,outside,,,,,,FALSE,FALSE,FALSE,FALSE
25849,2016,1,Depression,outside,44.4775234375,Militia dominant,missing/uncertain,annual AFCD cropland-fraction source unavailable; event-year raster alone is insufficient,outside,,,,,,FALSE,FALSE,FALSE,FALSE
26637,2016,1,Depression,outside,44.544921875,Militia dominant,missing/uncertain,annual AFCD cropland-fraction source unavailable; event-year raster alone is insufficient,outside,,,,,,FALSE,FALSE,FALSE,FALSE
27190,2016,1,Depression,outside,42.9941875,Militia dominant,missing/uncertain,annual AFCD cropland-fraction source unavailable; event-year raster alone is insufficient,outside,,,,,,FALSE,FALSE,FALSE,FALSE
27411,2016,1,Depression,outside,63.3344296875,Militia dominant,missing/uncertain,annual AFCD cropland-fraction source unavailable; event-year raster alone is insufficient,outside,,,,,,FALSE,FALSE,FALSE,FALSE
28109,2016,1,Depression,outside,45.6426328125,Militia dominant,missing/uncertain,annual AFCD cropland-fraction source unavailable; event-year raster alone is insufficient,outside,,,,,,FALSE,FALSE,FALSE,FALSE
28399,2016,1,Depression,outside,42.0029765625,Militia dominant,missing/uncertain,annual AFCD cropland-fraction source unavailable; event-year raster alone is insufficient,outside,,,,,,FALSE,FALSE,FALSE,FALSE
28414,2016,1,Depression,outside,42.5793359375,Militia dominant,missing/uncertain,annual AFCD cropland-fraction source unavailable; event-year raster alone is insufficient,outside,,,,,,FALSE,FALSE,FALSE,FALSE
28862,2016,1,Depression,outside,42.172265625,Militia dominant,missing/uncertain,annual AFCD cropland-fraction source unavailable; event-year raster alone is insufficient,outside,,,,,,FALSE,FALSE,FALSE,FALSE
29741,2016,1,Depression,outside,40.5,Militia dominant,missing/uncertain,annual AFCD cropland-fraction source unavailable; event-year raster alone is insufficient,outside,,,,,,FALSE,FALSE,FALSE,FALSE
30187,2016,1,Depression,outside,40.003125,Militia dominant,missing/uncertain,annual AFCD cropland-fraction source unavailable; event-year raster alone is insufficient,outside,,,,,,FALSE,FALSE,FALSE,FALSE
30313,2016,1,Depression,outside,39.15673828125,Militia dominant,missing/uncertain,annual AFCD cropland-fraction source unavailable; event-year raster alone is insufficient,outside,,,,,,FALSE,FALSE,FALSE,FALSE
30512,2016,1,Depression,outside,72.25303125,Militia dominant,missing/uncertain,annual AFCD cropland-fraction source unavailable; event-year raster alone is insufficient,outside,,,,,,FALSE,FALSE,FALSE,FALSE
30636,2016,1,Depression,outside,39.5031640625,Militia dominant,missing/uncertain,annual AFCD cropland-fraction source unavailable; event-year raster alone is insufficient,outside,,,,,,FALSE,FALSE,FALSE,FALSE
30640,2016,1,Depression,outside,39.57903515625,Militia dominant,missing/uncertain,annual AFCD cropland-fraction source unavailable; event-year raster alone is insufficient,outside,,,,,,FALSE,FALSE,FALSE,FALSE
30761,2016,1,Depression,outside,38.707234375,Militia dominant,missing/uncertain,annual AFCD cropland-fraction source unavailable; event-year raster alone is insufficient,outside,,,,,,FALSE,FALSE,FALSE,FALSE
31070,2016,1,Depression,outside,39.31920703125,Militia dominant,missing/uncertain,annual AFCD cropland-fraction source unavailable; event-year raster alone is insufficient,outside,,,,,,FALSE,FALSE,FALSE,FALSE
31201,2016,1,Depression,outside,38.0032890625,Militia dominant,missing/uncertain,annual AFCD cropland-fraction source unavailable; event-year raster alone is insufficient,outside,,,,,,FALSE,FALSE,FALSE,FALSE
31406,2016,1,Depression,outside,71.7112265625,Militia dominant,missing/uncertain,annual AFCD cropland-fraction source unavailable; event-year raster alone is insufficient,outside,,,,,,FALSE,FALSE,FALSE,FALSE
31651,2016,1,Depression,outside,37.553296875,Militia dominant,missing/uncertain,annual AFCD cropland-fraction source unavailable; event-year raster alone is insufficient,outside,,,,,,FALSE,FALSE,FALSE,FALSE
33270,2016,1,Depression,outside,42.877734375,Militia dominant,missing/uncertain,annual AFCD cropland-fraction source unavailable; event-year raster alone is insufficient,outside,,,,,,FALSE,FALSE,FALSE,FALSE
33771,2016,1,Depression,outside,36.16973828125,Militia dominant,missing/uncertain,annual AFCD cropland-fraction source unavailable; event-year raster alone is insufficient,outside,,,,,,FALSE,FALSE,FALSE,FALSE
34323,2016,1,Depression,outside,34.557921875,Militia dominant,missing/uncertain,annual AFCD cropland-fraction source unavailable; event-year raster alone is insufficient,outside,,,,,,FALSE,FALSE,FALSE,FALSE
35690,2016,1,Depression,outside,34.48187890625,Militia dominant,missing/uncertain,annual AFCD cropland-fraction source unavailable; event-year raster alone is insufficient,outside,,,,,,FALSE,FALSE,FALSE,FALSE
36129,2016,1,Depression,outside,33.04920703125,Militia dominant,missing/uncertain,annual AFCD cropland-fraction source unavailable; event-year raster alone is insufficient,outside,,,,,,FALSE,FALSE,FALSE,FALSE
36130,2016,1,Depression,outside,33.143625,Militia dominant,missing/uncertain,annual AFCD cropland-fraction source unavailable; event-year raster alone is insufficient,outside,,,,,,FALSE,FALSE,FALSE,FALSE
36554,2016,1,Depression,outside,32.24903125,Militia dominant,missing/uncertain,annual AFCD cropland-fraction source unavailable; event-year raster alone is insufficient,outside,,,,,,FALSE,FALSE,FALSE,FALSE
36605,2016,1,Depression,outside,37.7921953125,Militia dominant,missing/uncertain,annual AFCD cropland-fraction source unavailable; event-year raster alone is insufficient,outside,,,,,,FALSE,FALSE,FALSE,FALSE
36848,2016,1,Depression,outside,38.96793359375,Militia dominant,missing/uncertain,annual AFCD cropland-fraction source unavailable; event-year raster alone is insufficient,outside,,,,,,FALSE,FALSE,FALSE,FALSE
37011,2016,1,Depression,outside,31.5,Militia dominant,missing/uncertain,annual AFCD cropland-fraction source unavailable; event-year raster alone is insufficient,outside,,,,,,FALSE,FALSE,FALSE,FALSE
37153,2016,1,Depression,outside,97.87875,Militia dominant,missing/uncertain,annual AFCD cropland-fraction source unavailable; event-year raster alone is insufficient,outside,,,,,,FALSE,FALSE,FALSE,FALSE
38183,2016,1,Depression,outside,39.51265625,Militia dominant,missing/uncertain,annual AFCD cropland-fraction source unavailable; event-year raster alone is insufficient,outside,,,,,,FALSE,FALSE,FALSE,FALSE
38345,2016,1,Depression,outside,30.103986328125,Militia dominant,missing/uncertain,annual AFCD cropland-fraction source unavailable; event-year raster alone is insufficient,outside,,,,,,FALSE,FALSE,FALSE,FALSE
38347,2016,1,Depression,outside,30.0374765625,Militia dominant,missing/uncertain,annual AFCD cropland-fraction source unavailable; event-year raster alone is insufficient,outside,,,,,,FALSE,FALSE,FALSE,FALSE
38630,2016,1,Depression,outside,39.12160546875,Militia dominant,missing/uncertain,annual AFCD cropland-fraction source unavailable; event-year raster alone is insufficient,outside,,,,,,FALSE,FALSE,FALSE,FALSE
38790,2016,1,Depression,outside,29.70690234375,Militia dominant,missing/uncertain,annual AFCD cropland-fraction source unavailable; event-year raster alone is insufficient,outside,,,,,,FALSE,FALSE,FALSE,FALSE
39084,2016,1,Depression,outside,36.61966796875,Militia dominant,missing/uncertain,annual AFCD cropland-fraction source unavailable; event-year raster alone is insufficient,outside,,,,,,FALSE,FALSE,FALSE,FALSE
39211,2016,1,Depression,outside,30.5,Militia dominant,missing/uncertain,annual AFCD cropland-fraction source unavailable; event-year raster alone is insufficient,outside,,,,,,FALSE,FALSE,FALSE,FALSE
40767,2016,1,Depression,outside,78.65271875,Militia dominant,missing/uncertain,annual AFCD cropland-fraction source unavailable; event-year raster alone is insufficient,outside,,,,,,FALSE,FALSE,FALSE,FALSE
41323,2016,1,Depression,outside,33.4252890625,Militia dominant,missing/uncertain,annual AFCD cropland-fraction source unavailable; event-year raster alone is insufficient,outside,,,,,,FALSE,FALSE,FALSE,FALSE
41757,2016,1,Depression,outside,37.13825390625,Militia dominant,missing/uncertain,annual AFCD cropland-fraction source unavailable; event-year raster alone is insufficient,outside,,,,,,FALSE,FALSE,FALSE,FALSE
44002,2016,1,Depression,outside,31.945265625,Militia dominant,missing/uncertain,annual AFCD cropland-fraction source unavailable; event-year raster alone is insufficient,outside,,,,,,FALSE,FALSE,FALSE,FALSE
47107,2016,1,Depression,outside,38.69431640625,Militia dominant,missing/uncertain,annual AFCD cropland-fraction source unavailable; event-year raster alone is insufficient,outside,,,,,,FALSE,FALSE,FALSE,FALSE
47552,2016,1,Depression,outside,39.274671875,Militia dominant,missing/uncertain,annual AFCD cropland-fraction source unavailable; event-year raster alone is insufficient,outside,,,,,,FALSE,FALSE,FALSE,FALSE
55560,2016,1,Depression,outside,53.744765625,Militia dominant,missing/uncertain,annual AFCD cropland-fraction source unavailable; event-year raster alone is insufficient,outside,,,,,,FALSE,FALSE,FALSE,FALSE
56934,2016,1,Depression,outside,37.36308203125,Militia dominant,missing/uncertain,annual AFCD cropland-fraction source unavailable; event-year raster alone is insufficient,outside,,,,,,FALSE,FALSE,FALSE,FALSE
57828,2016,1,Depression,outside,37.10794921875,Militia dominant,missing/uncertain,annual AFCD cropland-fraction source unavailable; event-year raster alone is insufficient,outside,,,,,,FALSE,FALSE,FALSE,FALSE
58729,2016,1,Depression,outside,33.47013671875,Militia dominant,missing/uncertain,annual AFCD cropland-fraction source unavailable; event-year raster alone is insufficient,outside,,,,,,FALSE,FALSE,FALSE,FALSE
58795,2016,1,Depression,outside,8.01560986328125,Militia dominant,missing/uncertain,annual AFCD cropland-fraction source unavailable; event-year raster alone is insufficient,outside,,,,,,FALSE,FALSE,TRUE,TRUE
59176,2016,1,Depression,outside,33.35416015625,Militia dominant,missing/uncertain,annual AFCD cropland-fraction source unavailable; event-year raster alone is insufficient,outside,,,,,,FALSE,FALSE,FALSE,FALSE
60960,2016,1,Depression,outside,34.93565625,Militia dominant,missing/uncertain,annual AFCD cropland-fraction source unavailable; event-year raster alone is insufficient,outside,,,,,,FALSE,FALSE,FALSE,FALSE
61373,2016,1,Depression,outside,49.85228125,Militia dominant,missing/uncertain,annual AFCD cropland-fraction source unavailable; event-year raster alone is insufficient,outside,,,,,,FALSE,FALSE,FALSE,FALSE
62292,2016,1,Depression,outside,39.20458984375,Militia dominant,missing/uncertain,annual AFCD cropland-fraction source unavailable; event-year raster alone is insufficient,outside,,,,,,FALSE,FALSE,FALSE,FALSE
66882,2016,1,Depression,outside,2.23606787109375,Militia dominant,missing/uncertain,annual AFCD cropland-fraction source unavailable; event-year raster alone is insufficient,outside,,,,,,FALSE,TRUE,TRUE,TRUE
67209,2016,1,Depression,outside,36.41771484375,Militia dominant,missing/uncertain,annual AFCD cropland-fraction source unavailable; event-year raster alone is insufficient,outside,,,,,,FALSE,FALSE,FALSE,FALSE
67785,2016,1,Depression,outside,3.64005493164063,Militia dominant,missing/uncertain,annual AFCD cropland-fraction source unavailable; event-year raster alone is insufficient,outside,,,,,,FALSE,TRUE,TRUE,TRUE
68106,2016,1,Depression,outside,34.64823046875,Militia dominant,missing/uncertain,annual AFCD cropland-fraction source unavailable; event-year raster alone is insufficient,outside,,,,,,FALSE,FALSE,FALSE,FALSE
73569,2016,1,Depression,inside,-5.5226806640625,Militia dominant,missing/uncertain,annual AFCD cropland-fraction source unavailable; event-year raster alone is insufficient,inside,,,,,,FALSE,FALSE,TRUE,TRUE
74329,2016,1,Depression,outside,44.0596171875,Militia dominant,missing/uncertain,annual AFCD cropland-fraction source unavailable; event-year raster alone is insufficient,outside,,,,,,FALSE,FALSE,FALSE,FALSE
74461,2016,1,Depression,inside,-4.5,Militia dominant,missing/uncertain,annual AFCD cropland-fraction source unavailable; event-year raster alone is insufficient,inside,,,,,,FALSE,TRUE,TRUE,TRUE
74907,2016,1,Depression,inside,-4.03112890625,Militia dominant,missing/uncertain,annual AFCD cropland-fraction source unavailable; event-year raster alone is insufficient,inside,,,,,,FALSE,TRUE,TRUE,TRUE
74908,2016,1,Depression,inside,-4.5276923828125,Militia dominant,missing/uncertain,annual AFCD cropland-fraction source unavailable; event-year raster alone is insufficient,inside,,,,,,FALSE,TRUE,TRUE,TRUE
75354,2016,1,Depression,inside,-4.12310546875,Militia dominant,missing/uncertain,annual AFCD cropland-fraction source unavailable; event-year raster alone is insufficient,inside,,,,,,FALSE,TRUE,TRUE,TRUE
75799,2016,1,Depression,inside,-3.35410205078125,Militia dominant,missing/uncertain,annual AFCD cropland-fraction source unavailable; event-year raster alone is insufficient,inside,,,,,,FALSE,TRUE,TRUE,TRUE
75800,2016,1,Depression,inside,-3.80788647460938,Militia dominant,missing/uncertain,annual AFCD cropland-fraction source unavailable; event-year raster alone is insufficient,inside,,,,,,FALSE,TRUE,TRUE,TRUE
76243,2016,1,Depression,inside,-2.23606787109375,Militia dominant,missing/uncertain,annual AFCD cropland-fraction source unavailable; event-year raster alone is insufficient,inside,,,,,,FALSE,TRUE,TRUE,TRUE
77584,2016,1,Depression,inside,-3.20156201171875,Militia dominant,missing/uncertain,annual AFCD cropland-fraction source unavailable; event-year raster alone is insufficient,inside,,,,,,FALSE,TRUE,TRUE,TRUE
80702,2016,1,Depression,inside,-1.58113879394531,Militia dominant,missing/uncertain,annual AFCD cropland-fraction source unavailable; event-year raster alone is insufficient,inside,,,,,,FALSE,TRUE,TRUE,TRUE
81155,2016,1,Depression,inside,-4.242640625,Militia dominant,missing/uncertain,annual AFCD cropland-fraction source unavailable; event-year raster alone is insufficient,inside,,,,,,FALSE,TRUE,TRUE,TRUE
82045,2016,1,Depression,inside,-2.5,Militia dominant,missing/uncertain,annual AFCD cropland-fraction source unavailable; event-year raster alone is insufficient,inside,,,,,,FALSE,TRUE,TRUE,TRUE
82936,2016,1,Depression,inside,-1,Militia dominant,missing/uncertain,annual AFCD cropland-fraction source unavailable; event-year raster alone is insufficient,inside,,,,,,FALSE,TRUE,TRUE,TRUE
83386,2016,1,Depression,inside,-2.5,Militia dominant,missing/uncertain,annual AFCD cropland-fraction source unavailable; event-year raster alone is insufficient,inside,,,,,,FALSE,TRUE,TRUE,TRUE
83712,2016,1,Depression,outside,42.20189453125,Militia dominant,missing/uncertain,annual AFCD cropland-fraction source unavailable; event-year raster alone is insufficient,outside,,,,,,FALSE,FALSE,FALSE,FALSE
83713,2016,1,Depression,outside,41.7163046875,Militia dominant,missing/uncertain,annual AFCD cropland-fraction source unavailable; event-year raster alone is insufficient,outside,,,,,,FALSE,FALSE,FALSE,FALSE
84606,2016,1,Depression,outside,41.97618359375,Militia dominant,missing/uncertain,annual AFCD cropland-fraction source unavailable; event-year raster alone is insufficient,outside,,,,,,FALSE,FALSE,FALSE,FALSE
84609,2016,1,Depression,outside,40.51234375,Militia dominant,missing/uncertain,annual AFCD cropland-fraction source unavailable; event-year raster alone is insufficient,outside,,,,,,FALSE,FALSE,FALSE,FALSE
84721,2016,1,Depression,outside,0.707106811523437,Militia dominant,missing/uncertain,annual AFCD cropland-fraction source unavailable; event-year raster alone is insufficient,outside,,,,,,FALSE,TRUE,TRUE,TRUE
84723,2016,1,Depression,inside,-0.5,Militia dominant,missing/uncertain,annual AFCD cropland-fraction source unavailable; event-year raster alone is insufficient,inside,,,,,,FALSE,TRUE,TRUE,TRUE
84724,2016,1,Depression,inside,-1,Militia dominant,missing/uncertain,annual AFCD cropland-fraction source unavailable; event-year raster alone is insufficient,inside,,,,,,FALSE,TRUE,TRUE,TRUE
85171,2016,1,Depression,inside,-1.11803393554687,Militia dominant,missing/uncertain,annual AFCD cropland-fraction source unavailable; event-year raster alone is insufficient,inside,,,,,,FALSE,TRUE,TRUE,TRUE
88737,2016,1,Depression,inside,-1.41421362304688,Militia dominant,missing/uncertain,annual AFCD cropland-fraction source unavailable; event-year raster alone is insufficient,inside,,,,,,FALSE,TRUE,TRUE,TRUE
91417,2016,1,Depression,inside,-4.4721357421875,Militia dominant,missing/uncertain,annual AFCD cropland-fraction source unavailable; event-year raster alone is insufficient,inside,,,,,,FALSE,TRUE,TRUE,TRUE
91420,2016,1,Depression,inside,-4.03112890625,Militia dominant,missing/uncertain,annual AFCD cropland-fraction source unavailable; event-year raster alone is insufficient,inside,,,,,,FALSE,TRUE,TRUE,TRUE
97994,2016,1,Depression,outside,51.50242578125,Militia dominant,missing/uncertain,annual AFCD cropland-fraction source unavailable; event-year raster alone is insufficient,outside,,,,,,FALSE,FALSE,FALSE,FALSE
101575,2016,1,Depression,outside,48.810859375,Militia dominant,missing/uncertain,annual AFCD cropland-fraction source unavailable; event-year raster alone is insufficient,outside,,,,,,FALSE,FALSE,FALSE,FALSE
102562,2016,1,Depression,outside,4.6097724609375,Militia dominant,missing/uncertain,annual AFCD cropland-fraction source unavailable; event-year raster alone is insufficient,outside,,,,,,FALSE,TRUE,TRUE,TRUE
102907,2016,1,Depression,outside,50.931328125,Militia dominant,missing/uncertain,annual AFCD cropland-fraction source unavailable; event-year raster alone is insufficient,outside,,,,,,FALSE,FALSE,FALSE,FALSE
103780,2016,1,Depression,outside,58.34594921875,Militia dominant,missing/uncertain,annual AFCD cropland-fraction source unavailable; event-year raster alone is insufficient,outside,,,,,,FALSE,FALSE,FALSE,FALSE
104251,2016,1,Depression,outside,48.810859375,Militia dominant,missing/uncertain,annual AFCD cropland-fraction source unavailable; event-year raster alone is insufficient,outside,,,,,,FALSE,FALSE,FALSE,FALSE
110172,2016,1,Depression,outside,6.26498193359375,Militia dominant,missing/uncertain,annual AFCD cropland-fraction source unavailable; event-year raster alone is insufficient,outside,,,,,,FALSE,FALSE,TRUE,TRUE
110620,2016,1,Depression,outside,5.590169921875,Militia dominant,missing/uncertain,annual AFCD cropland-fraction source unavailable; event-year raster alone is insufficient,outside,,,,,,FALSE,FALSE,TRUE,TRUE
112846,2016,1,Depression,outside,7.1063349609375,Militia dominant,missing/uncertain,annual AFCD cropland-fraction source unavailable; event-year raster alone is insufficient,outside,,,,,,FALSE,FALSE,TRUE,TRUE
113280,2016,1,Depression,outside,12.10371875,Militia dominant,missing/uncertain,annual AFCD cropland-fraction source unavailable; event-year raster alone is insufficient,outside,,,,,,FALSE,FALSE,FALSE,TRUE
114631,2016,1,Depression,outside,7.2111025390625,Militia dominant,missing/uncertain,annual AFCD cropland-fraction source unavailable; event-year raster alone is insufficient,outside,,,,,,FALSE,FALSE,TRUE,TRUE
115096,2016,1,Depression,inside,-0.5,Militia dominant,missing/uncertain,annual AFCD cropland-fraction source unavailable; event-year raster alone is insufficient,inside,,,,,,FALSE,TRUE,TRUE,TRUE
115542,2016,1,Depression,inside,-0.707106811523437,Militia dominant,missing/uncertain,annual AFCD cropland-fraction source unavailable; event-year raster alone is insufficient,inside,,,,,,FALSE,TRUE,TRUE,TRUE
115972,2016,1,Depression,outside,6.3639609375,Militia dominant,missing/uncertain,annual AFCD cropland-fraction source unavailable; event-year raster alone is insufficient,outside,,,,,,FALSE,FALSE,TRUE,TRUE
134084,2016,1,Depression,outside,29.39812890625,Militia dominant,missing/uncertain,annual AFCD cropland-fraction source unavailable; event-year raster alone is insufficient,outside,,,,,,FALSE,FALSE,FALSE,FALSE
143024,2016,1,Depression,outside,37.47332421875,Militia dominant,missing/uncertain,annual AFCD cropland-fraction source unavailable; event-year raster alone is insufficient,outside,,,,,,FALSE,FALSE,FALSE,FALSE
143471,2016,1,Depression,outside,37.9011875,Militia dominant,missing/uncertain,annual AFCD cropland-fraction source unavailable; event-year raster alone is insufficient,outside,,,,,,FALSE,FALSE,FALSE,FALSE
146738,2016,1,Depression,outside,11.543396484375,Militia dominant,missing/uncertain,annual AFCD cropland-fraction source unavailable; event-year raster alone is insufficient,outside,,,,,,FALSE,FALSE,FALSE,TRUE
221706,2016,1,Depression,outside,88.7426015625,Militia dominant,missing/uncertain,annual AFCD cropland-fraction source unavailable; event-year raster alone is insufficient,outside,,,,,,FALSE,FALSE,FALSE,FALSE
816,2017,1,Depression,outside,72.2495703125,Park dominant,missing/uncertain,annual AFCD cropland-fraction source unavailable; event-year raster alone is insufficient,outside,,,,,,FALSE,FALSE,FALSE,FALSE
1226,2017,1,Depression,outside,72.418921875,Park dominant,missing/uncertain,annual AFCD cropland-fraction source unavailable; event-year raster alone is insufficient,outside,,,,,,FALSE,FALSE,FALSE,FALSE
2123,2017,1,Depression,outside,71.2056875,Park dominant,missing/uncertain,annual AFCD cropland-fraction source unavailable; event-year raster alone is insufficient,outside,,,,,,FALSE,FALSE,FALSE,FALSE
2862,2017,1,Depression,outside,76.04275,Park dominant,missing/uncertain,annual AFCD cropland-fraction source unavailable; event-year raster alone is insufficient,outside,,,,,,FALSE,FALSE,FALSE,FALSE
2997,2017,1,Depression,outside,71.0633515625,Park dominant,missing/uncertain,annual AFCD cropland-fraction source unavailable; event-year raster alone is insufficient,outside,,,,,,FALSE,FALSE,FALSE,FALSE
2999,2017,1,Depression,outside,71.0281640625,Park dominant,missing/uncertain,annual AFCD cropland-fraction source unavailable; event-year raster alone is insufficient,outside,,,,,,FALSE,FALSE,FALSE,FALSE
3010,2017,1,Depression,outside,70.7990078125,Park dominant,missing/uncertain,annual AFCD cropland-fraction source unavailable; event-year raster alone is insufficient,outside,,,,,,FALSE,FALSE,FALSE,FALSE
3441,2017,1,Depression,outside,70.64346875,Park dominant,missing/uncertain,annual AFCD cropland-fraction source unavailable; event-year raster alone is insufficient,outside,,,,,,FALSE,FALSE,FALSE,FALSE
3448,2017,1,Depression,outside,70.50709375,Park dominant,missing/uncertain,annual AFCD cropland-fraction source unavailable; event-year raster alone is insufficient,outside,,,,,,FALSE,FALSE,FALSE,FALSE
5971,2017,1,Depression,outside,77.2738671875,Park dominant,missing/uncertain,annual AFCD cropland-fraction source unavailable; event-year raster alone is insufficient,outside,,,,,,FALSE,FALSE,FALSE,FALSE
7480,2017,1,Depression,outside,65.8976484375,Park dominant,missing/uncertain,annual AFCD cropland-fraction source unavailable; event-year raster alone is insufficient,outside,,,,,,FALSE,FALSE,FALSE,FALSE
8427,2017,1,Depression,outside,64.62391015625,Park dominant,missing/uncertain,annual AFCD cropland-fraction source unavailable; event-year raster alone is insufficient,outside,,,,,,FALSE,FALSE,FALSE,FALSE
8810,2017,1,Depression,outside,64.531,Park dominant,missing/uncertain,annual AFCD cropland-fraction source unavailable; event-year raster alone is insufficient,outside,,,,,,FALSE,FALSE,FALSE,FALSE
8875,2017,1,Depression,outside,64.228109375,Park dominant,missing/uncertain,annual AFCD cropland-fraction source unavailable; event-year raster alone is insufficient,outside,,,,,,FALSE,FALSE,FALSE,FALSE
8877,2017,1,Depression,outside,64.4301953125,Park dominant,missing/uncertain,annual AFCD cropland-fraction source unavailable; event-year raster alone is insufficient,outside,,,,,,FALSE,FALSE,FALSE,FALSE
9679,2017,1,Depression,outside,64.44571484375,Park dominant,missing/uncertain,annual AFCD cropland-fraction source unavailable; event-year raster alone is insufficient,outside,,,,,,FALSE,FALSE,FALSE,FALSE
10221,2017,1,Depression,outside,63.30284375,Park dominant,missing/uncertain,annual AFCD cropland-fraction source unavailable; event-year raster alone is insufficient,outside,,,,,,FALSE,FALSE,FALSE,FALSE
10564,2017,1,Depression,outside,62.83708984375,Park dominant,missing/uncertain,annual AFCD cropland-fraction source unavailable; event-year raster alone is insufficient,outside,,,,,,FALSE,FALSE,FALSE,FALSE
10665,2017,1,Depression,outside,62.47599609375,Park dominant,missing/uncertain,annual AFCD cropland-fraction source unavailable; event-year raster alone is insufficient,outside,,,,,,FALSE,FALSE,FALSE,FALSE
11492,2017,1,Depression,outside,61.53251171875,Park dominant,missing/uncertain,annual AFCD cropland-fraction source unavailable; event-year raster alone is insufficient,outside,,,,,,FALSE,FALSE,FALSE,FALSE
11805,2017,1,Depression,outside,66.2514140625,Park dominant,missing/uncertain,annual AFCD cropland-fraction source unavailable; event-year raster alone is insufficient,outside,,,,,,FALSE,FALSE,FALSE,FALSE
11911,2017,1,Depression,outside,61.7353203125,Park dominant,missing/uncertain,annual AFCD cropland-fraction source unavailable; event-year raster alone is insufficient,outside,,,,,,FALSE,FALSE,FALSE,FALSE
12029,2017,1,Depression,outside,64.53875,Park dominant,missing/uncertain,annual AFCD cropland-fraction source unavailable; event-year raster alone is insufficient,outside,,,,,,FALSE,FALSE,FALSE,FALSE
13272,2017,1,Depression,outside,59.80175390625,Park dominant,missing/uncertain,annual AFCD cropland-fraction source unavailable; event-year raster alone is insufficient,outside,,,,,,FALSE,FALSE,FALSE,FALSE
13333,2017,1,Depression,outside,58.3630859375,Park dominant,missing/uncertain,annual AFCD cropland-fraction source unavailable; event-year raster alone is insufficient,outside,,,,,,FALSE,FALSE,FALSE,FALSE
13717,2017,1,Depression,outside,59.4138046875,Park dominant,missing/uncertain,annual AFCD cropland-fraction source unavailable; event-year raster alone is insufficient,outside,,,,,,FALSE,FALSE,FALSE,FALSE
13781,2017,1,Depression,outside,57.92451953125,Park dominant,missing/uncertain,annual AFCD cropland-fraction source unavailable; event-year raster alone is insufficient,outside,,,,,,FALSE,FALSE,FALSE,FALSE
13911,2017,1,Depression,outside,108.3339765625,Park dominant,missing/uncertain,annual AFCD cropland-fraction source unavailable; event-year raster alone is insufficient,outside,,,,,,FALSE,FALSE,FALSE,FALSE
14163,2017,1,Depression,outside,58.97880859375,Park dominant,missing/uncertain,annual AFCD cropland-fraction source unavailable; event-year raster alone is insufficient,outside,,,,,,FALSE,FALSE,FALSE,FALSE
15057,2017,1,Depression,outside,57.98706640625,Park dominant,missing/uncertain,annual AFCD cropland-fraction source unavailable; event-year raster alone is insufficient,outside,,,,,,FALSE,FALSE,FALSE,FALSE
16022,2017,1,Depression,outside,55.90169921875,Park dominant,missing/uncertain,annual AFCD cropland-fraction source unavailable; event-year raster alone is insufficient,outside,,,,,,FALSE,FALSE,FALSE,FALSE
16365,2017,1,Depression,outside,56.0200859375,Park dominant,missing/uncertain,annual AFCD cropland-fraction source unavailable; event-year raster alone is insufficient,outside,,,,,,FALSE,FALSE,FALSE,FALSE
16825,2017,1,Depression,outside,56.07361328125,Park dominant,missing/uncertain,annual AFCD cropland-fraction source unavailable; event-year raster alone is insufficient,outside,,,,,,FALSE,FALSE,FALSE,FALSE
17273,2017,1,Depression,outside,55.65294140625,Park dominant,missing/uncertain,annual AFCD cropland-fraction source unavailable; event-year raster alone is insufficient,outside,,,,,,FALSE,FALSE,FALSE,FALSE
17282,2017,1,Depression,outside,56.4025703125,Park dominant,missing/uncertain,annual AFCD cropland-fraction source unavailable; event-year raster alone is insufficient,outside,,,,,,FALSE,FALSE,FALSE,FALSE
17806,2017,1,Depression,outside,53.600375,Park dominant,missing/uncertain,annual AFCD cropland-fraction source unavailable; event-year raster alone is insufficient,outside,,,,,,FALSE,FALSE,FALSE,FALSE
17848,2017,1,Depression,outside,60.406953125,Park dominant,missing/uncertain,annual AFCD cropland-fraction source unavailable; event-year raster alone is insufficient,outside,,,,,,FALSE,FALSE,FALSE,FALSE
18179,2017,1,Depression,outside,55.108984375,Park dominant,missing/uncertain,annual AFCD cropland-fraction source unavailable; event-year raster alone is insufficient,outside,,,,,,FALSE,FALSE,FALSE,FALSE
18623,2017,1,Depression,outside,54.94087890625,Park dominant,missing/uncertain,annual AFCD cropland-fraction source unavailable; event-year raster alone is insufficient,outside,,,,,,FALSE,FALSE,FALSE,FALSE
18629,2017,1,Depression,outside,54.33691015625,Park dominant,missing/uncertain,annual AFCD cropland-fraction source unavailable; event-year raster alone is insufficient,outside,,,,,,FALSE,FALSE,FALSE,FALSE
18630,2017,1,Depression,outside,54.2517265625,Park dominant,missing/uncertain,annual AFCD cropland-fraction source unavailable; event-year raster alone is insufficient,outside,,,,,,FALSE,FALSE,FALSE,FALSE
19493,2017,1,Depression,outside,52.5095234375,Park dominant,missing/uncertain,annual AFCD cropland-fraction source unavailable; event-year raster alone is insufficient,outside,,,,,,FALSE,FALSE,FALSE,FALSE
20371,2017,1,Depression,outside,51.70348046875,Park dominant,missing/uncertain,annual AFCD cropland-fraction source unavailable; event-year raster alone is insufficient,outside,,,,,,FALSE,FALSE,FALSE,FALSE
20385,2017,1,Depression,outside,51.5,Park dominant,missing/uncertain,annual AFCD cropland-fraction source unavailable; event-year raster alone is insufficient,outside,,,,,,FALSE,FALSE,FALSE,FALSE
20390,2017,1,Depression,outside,51.56064453125,Park dominant,missing/uncertain,annual AFCD cropland-fraction source unavailable; event-year raster alone is insufficient,outside,,,,,,FALSE,FALSE,FALSE,FALSE
20395,2017,1,Depression,outside,51.7421484375,Park dominant,missing/uncertain,annual AFCD cropland-fraction source unavailable; event-year raster alone is insufficient,outside,,,,,,FALSE,FALSE,FALSE,FALSE
20813,2017,1,Depression,outside,50.8551875,Park dominant,missing/uncertain,annual AFCD cropland-fraction source unavailable; event-year raster alone is insufficient,outside,,,,,,FALSE,FALSE,FALSE,FALSE
20832,2017,1,Depression,outside,51,Park dominant,missing/uncertain,annual AFCD cropland-fraction source unavailable; event-year raster alone is insufficient,outside,,,,,,FALSE,FALSE,FALSE,FALSE
20861,2017,1,Depression,outside,52.1727890625,Park dominant,missing/uncertain,annual AFCD cropland-fraction source unavailable; event-year raster alone is insufficient,outside,,,,,,FALSE,FALSE,FALSE,FALSE
20929,2017,1,Depression,outside,49.7518828125,Park dominant,missing/uncertain,annual AFCD cropland-fraction source unavailable; event-year raster alone is insufficient,outside,,,,,,FALSE,FALSE,FALSE,FALSE
21256,2017,1,Depression,outside,50.15974609375,Park dominant,missing/uncertain,annual AFCD cropland-fraction source unavailable; event-year raster alone is insufficient,outside,,,,,,FALSE,FALSE,FALSE,FALSE
21709,2017,1,Depression,outside,49.9925,Park dominant,missing/uncertain,annual AFCD cropland-fraction source unavailable; event-year raster alone is insufficient,outside,,,,,,FALSE,FALSE,FALSE,FALSE
21723,2017,1,Depression,outside,50.0025,Park dominant,missing/uncertain,annual AFCD cropland-fraction source unavailable; event-year raster alone is insufficient,outside,,,,,,FALSE,FALSE,FALSE,FALSE
21750,2017,1,Depression,outside,51.41983984375,Park dominant,missing/uncertain,annual AFCD cropland-fraction source unavailable; event-year raster alone is insufficient,outside,,,,,,FALSE,FALSE,FALSE,FALSE
22011,2017,1,Depression,outside,81.001546875,Park dominant,missing/uncertain,annual AFCD cropland-fraction source unavailable; event-year raster alone is insufficient,outside,,,,,,FALSE,FALSE,FALSE,FALSE
22133,2017,1,Depression,outside,49.12483984375,Park dominant,missing/uncertain,annual AFCD cropland-fraction source unavailable; event-year raster alone is insufficient,outside,,,,,,FALSE,FALSE,FALSE,FALSE
22153,2017,1,Depression,outside,49.30770703125,Park dominant,missing/uncertain,annual AFCD cropland-fraction source unavailable; event-year raster alone is insufficient,outside,,,,,,FALSE,FALSE,FALSE,FALSE
22154,2017,1,Depression,outside,49.36598046875,Park dominant,missing/uncertain,annual AFCD cropland-fraction source unavailable; event-year raster alone is insufficient,outside,,,,,,FALSE,FALSE,FALSE,FALSE
22170,2017,1,Depression,outside,49.5025234375,Park dominant,missing/uncertain,annual AFCD cropland-fraction source unavailable; event-year raster alone is insufficient,outside,,,,,,FALSE,FALSE,FALSE,FALSE
22411,2017,1,Depression,outside,100.48009375,Park dominant,missing/uncertain,annual AFCD cropland-fraction source unavailable; event-year raster alone is insufficient,outside,,,,,,FALSE,FALSE,FALSE,FALSE
22595,2017,1,Depression,outside,48.5926953125,Park dominant,missing/uncertain,annual AFCD cropland-fraction source unavailable; event-year raster alone is insufficient,outside,,,,,,FALSE,FALSE,FALSE,FALSE
22597,2017,1,Depression,outside,48.66466796875,Park dominant,missing/uncertain,annual AFCD cropland-fraction source unavailable; event-year raster alone is insufficient,outside,,,,,,FALSE,FALSE,FALSE,FALSE
23023,2017,1,Depression,outside,48.314078125,Park dominant,missing/uncertain,annual AFCD cropland-fraction source unavailable; event-year raster alone is insufficient,outside,,,,,,FALSE,FALSE,FALSE,FALSE
23024,2017,1,Depression,outside,48.25971484375,Park dominant,missing/uncertain,annual AFCD cropland-fraction source unavailable; event-year raster alone is insufficient,outside,,,,,,FALSE,FALSE,FALSE,FALSE
23048,2017,1,Depression,outside,48.373546875,Park dominant,missing/uncertain,annual AFCD cropland-fraction source unavailable; event-year raster alone is insufficient,outside,,,,,,FALSE,FALSE,FALSE,FALSE
23049,2017,1,Depression,outside,48.43810546875,Park dominant,missing/uncertain,annual AFCD cropland-fraction source unavailable; event-year raster alone is insufficient,outside,,,,,,FALSE,FALSE,FALSE,FALSE
23050,2017,1,Depression,outside,48.50773046875,Park dominant,missing/uncertain,annual AFCD cropland-fraction source unavailable; event-year raster alone is insufficient,outside,,,,,,FALSE,FALSE,FALSE,FALSE
23063,2017,1,Depression,outside,48.51030859375,Park dominant,missing/uncertain,annual AFCD cropland-fraction source unavailable; event-year raster alone is insufficient,outside,,,,,,FALSE,FALSE,FALSE,FALSE
23499,2017,1,Depression,outside,48.16897265625,Park dominant,missing/uncertain,annual AFCD cropland-fraction source unavailable; event-year raster alone is insufficient,outside,,,,,,FALSE,FALSE,FALSE,FALSE
23942,2017,1,Depression,outside,47.3814296875,Park dominant,missing/uncertain,annual AFCD cropland-fraction source unavailable; event-year raster alone is insufficient,outside,,,,,,FALSE,FALSE,FALSE,FALSE
23949,2017,1,Depression,outside,47.76243359375,Park dominant,missing/uncertain,annual AFCD cropland-fraction source unavailable; event-year raster alone is insufficient,outside,,,,,,FALSE,FALSE,FALSE,FALSE
23952,2017,1,Depression,outside,47.6287734375,Park dominant,missing/uncertain,annual AFCD cropland-fraction source unavailable; event-year raster alone is insufficient,outside,,,,,,FALSE,FALSE,FALSE,FALSE
24061,2017,1,Depression,outside,46.45696875,Park dominant,missing/uncertain,annual AFCD cropland-fraction source unavailable; event-year raster alone is insufficient,outside,,,,,,FALSE,FALSE,FALSE,FALSE
24358,2017,1,Depression,outside,47.2705,Park dominant,missing/uncertain,annual AFCD cropland-fraction source unavailable; event-year raster alone is insufficient,outside,,,,,,FALSE,FALSE,FALSE,FALSE
24399,2017,1,Depression,outside,47.130140625,Park dominant,missing/uncertain,annual AFCD cropland-fraction source unavailable; event-year raster alone is insufficient,outside,,,,,,FALSE,FALSE,FALSE,FALSE
24403,2017,1,Depression,outside,47.0239296875,Park dominant,missing/uncertain,annual AFCD cropland-fraction source unavailable; event-year raster alone is insufficient,outside,,,,,,FALSE,FALSE,FALSE,FALSE
24850,2017,1,Depression,outside,46.5241875,Park dominant,missing/uncertain,annual AFCD cropland-fraction source unavailable; event-year raster alone is insufficient,outside,,,,,,FALSE,FALSE,FALSE,FALSE
24859,2017,1,Depression,outside,46.5429921875,Park dominant,missing/uncertain,annual AFCD cropland-fraction source unavailable; event-year raster alone is insufficient,outside,,,,,,FALSE,FALSE,FALSE,FALSE
25291,2017,1,Depression,outside,46.2195859375,Park dominant,missing/uncertain,annual AFCD cropland-fraction source unavailable; event-year raster alone is insufficient,outside,,,,,,FALSE,FALSE,FALSE,FALSE
25292,2017,1,Depression,outside,46.1735859375,Park dominant,missing/uncertain,annual AFCD cropland-fraction source unavailable; event-year raster alone is insufficient,outside,,,,,,FALSE,FALSE,FALSE,FALSE
25316,2017,1,Depression,outside,46.52955859375,Park dominant,missing/uncertain,annual AFCD cropland-fraction source unavailable; event-year raster alone is insufficient,outside,,,,,,FALSE,FALSE,FALSE,FALSE
25712,2017,1,Depression,outside,45.044421875,Park dominant,missing/uncertain,annual AFCD cropland-fraction source unavailable; event-year raster alone is insufficient,outside,,,,,,FALSE,FALSE,FALSE,FALSE
26185,2017,1,Depression,outside,45.22444140625,Park dominant,missing/uncertain,annual AFCD cropland-fraction source unavailable; event-year raster alone is insufficient,outside,,,,,,FALSE,FALSE,FALSE,FALSE
26187,2017,1,Depression,outside,45.13590625,Park dominant,missing/uncertain,annual AFCD cropland-fraction source unavailable; event-year raster alone is insufficient,outside,,,,,,FALSE,FALSE,FALSE,FALSE
26188,2017,1,Depression,outside,45.099890625,Park dominant,missing/uncertain,annual AFCD cropland-fraction source unavailable; event-year raster alone is insufficient,outside,,,,,,FALSE,FALSE,FALSE,FALSE
26588,2017,1,Depression,outside,45.35416015625,Park dominant,missing/uncertain,annual AFCD cropland-fraction source unavailable; event-year raster alone is insufficient,outside,,,,,,FALSE,FALSE,FALSE,FALSE
26634,2017,1,Depression,outside,44.6374296875,Park dominant,missing/uncertain,annual AFCD cropland-fraction source unavailable; event-year raster alone is insufficient,outside,,,,,,FALSE,FALSE,FALSE,FALSE
26635,2017,1,Depression,outside,44.6010078125,Park dominant,missing/uncertain,annual AFCD cropland-fraction source unavailable; event-year raster alone is insufficient,outside,,,,,,FALSE,FALSE,FALSE,FALSE
26639,2017,1,Depression,outside,44.511234375,Park dominant,missing/uncertain,annual AFCD cropland-fraction source unavailable; event-year raster alone is insufficient,outside,,,,,,FALSE,FALSE,FALSE,FALSE
26657,2017,1,Depression,outside,45.04719921875,Park dominant,missing/uncertain,annual AFCD cropland-fraction source unavailable; event-year raster alone is insufficient,outside,,,,,,FALSE,FALSE,FALSE,FALSE
26913,2017,1,Depression,outside,84.120453125,Park dominant,missing/uncertain,annual AFCD cropland-fraction source unavailable; event-year raster alone is insufficient,outside,,,,,,FALSE,FALSE,FALSE,FALSE
27025,2017,1,Depression,outside,46.34921875,Park dominant,missing/uncertain,annual AFCD cropland-fraction source unavailable; event-year raster alone is insufficient,outside,,,,,,FALSE,FALSE,FALSE,FALSE
27185,2017,1,Depression,outside,42.6878203125,Park dominant,missing/uncertain,annual AFCD cropland-fraction source unavailable; event-year raster alone is insufficient,outside,,,,,,FALSE,FALSE,FALSE,FALSE
27524,2017,1,Depression,outside,43.84632421875,Park dominant,missing/uncertain,annual AFCD cropland-fraction source unavailable; event-year raster alone is insufficient,outside,,,,,,FALSE,FALSE,FALSE,FALSE
28386,2017,1,Depression,outside,42.42640625,Park dominant,missing/uncertain,annual AFCD cropland-fraction source unavailable; event-year raster alone is insufficient,outside,,,,,,FALSE,FALSE,FALSE,FALSE
28416,2017,1,Depression,outside,42.7551171875,Park dominant,missing/uncertain,annual AFCD cropland-fraction source unavailable; event-year raster alone is insufficient,outside,,,,,,FALSE,FALSE,FALSE,FALSE
28700,2017,1,Depression,outside,83.5374140625,Park dominant,missing/uncertain,annual AFCD cropland-fraction source unavailable; event-year raster alone is insufficient,outside,,,,,,FALSE,FALSE,FALSE,FALSE
29297,2017,1,Depression,outside,41.0274296875,Park dominant,missing/uncertain,annual AFCD cropland-fraction source unavailable; event-year raster alone is insufficient,outside,,,,,,FALSE,FALSE,FALSE,FALSE
29301,2017,1,Depression,outside,41.1491171875,Park dominant,missing/uncertain,annual AFCD cropland-fraction source unavailable; event-year raster alone is insufficient,outside,,,,,,FALSE,FALSE,FALSE,FALSE
30135,2017,1,Depression,outside,47.43680078125,Park dominant,missing/uncertain,annual AFCD cropland-fraction source unavailable; event-year raster alone is insufficient,outside,,,,,,FALSE,FALSE,FALSE,FALSE
30183,2017,1,Depression,outside,40.02811328125,Park dominant,missing/uncertain,annual AFCD cropland-fraction source unavailable; event-year raster alone is insufficient,outside,,,,,,FALSE,FALSE,FALSE,FALSE
30191,2017,1,Depression,outside,40.02811328125,Park dominant,missing/uncertain,annual AFCD cropland-fraction source unavailable; event-year raster alone is insufficient,outside,,,,,,FALSE,FALSE,FALSE,FALSE
30299,2017,1,Depression,outside,39.080046875,Park dominant,missing/uncertain,annual AFCD cropland-fraction source unavailable; event-year raster alone is insufficient,outside,,,,,,FALSE,FALSE,FALSE,FALSE
31088,2017,1,Depression,outside,39.11521484375,Park dominant,missing/uncertain,annual AFCD cropland-fraction source unavailable; event-year raster alone is insufficient,outside,,,,,,FALSE,FALSE,FALSE,FALSE
31193,2017,1,Depression,outside,38.0821484375,Park dominant,missing/uncertain,annual AFCD cropland-fraction source unavailable; event-year raster alone is insufficient,outside,,,,,,FALSE,FALSE,FALSE,FALSE
31505,2017,1,Depression,outside,40.04060546875,Park dominant,missing/uncertain,annual AFCD cropland-fraction source unavailable; event-year raster alone is insufficient,outside,,,,,,FALSE,FALSE,FALSE,FALSE
31589,2017,1,Depression,outside,40.52159765625,Park dominant,missing/uncertain,annual AFCD cropland-fraction source unavailable; event-year raster alone is insufficient,outside,,,,,,FALSE,FALSE,FALSE,FALSE
32099,2017,1,Depression,outside,37.08436328125,Park dominant,missing/uncertain,annual AFCD cropland-fraction source unavailable; event-year raster alone is insufficient,outside,,,,,,FALSE,FALSE,FALSE,FALSE
32368,2017,1,Depression,outside,45.91840625,Park dominant,missing/uncertain,annual AFCD cropland-fraction source unavailable; event-year raster alone is insufficient,outside,,,,,,FALSE,FALSE,FALSE,FALSE
32374,2017,1,Depression,outside,44.25494140625,Park dominant,missing/uncertain,annual AFCD cropland-fraction source unavailable; event-year raster alone is insufficient,outside,,,,,,FALSE,FALSE,FALSE,FALSE
32838,2017,1,Depression,outside,39.9249296875,Park dominant,missing/uncertain,annual AFCD cropland-fraction source unavailable; event-year raster alone is insufficient,outside,,,,,,FALSE,FALSE,FALSE,FALSE
32842,2017,1,Depression,outside,39.21734375,Park dominant,missing/uncertain,annual AFCD cropland-fraction source unavailable; event-year raster alone is insufficient,outside,,,,,,FALSE,FALSE,FALSE,FALSE
32872,2017,1,Depression,outside,37.01351171875,Park dominant,missing/uncertain,annual AFCD cropland-fraction source unavailable; event-year raster alone is insufficient,outside,,,,,,FALSE,FALSE,FALSE,FALSE
33271,2017,1,Depression,outside,42.617484375,Park dominant,missing/uncertain,annual AFCD cropland-fraction source unavailable; event-year raster alone is insufficient,outside,,,,,,FALSE,FALSE,FALSE,FALSE
33291,2017,1,Depression,outside,38.422,Park dominant,missing/uncertain,annual AFCD cropland-fraction source unavailable; event-year raster alone is insufficient,outside,,,,,,FALSE,FALSE,FALSE,FALSE
33744,2017,1,Depression,outside,37.10794921875,Park dominant,missing/uncertain,annual AFCD cropland-fraction source unavailable; event-year raster alone is insufficient,outside,,,,,,FALSE,FALSE,FALSE,FALSE
33772,2017,1,Depression,outside,36.2215390625,Park dominant,missing/uncertain,annual AFCD cropland-fraction source unavailable; event-year raster alone is insufficient,outside,,,,,,FALSE,FALSE,FALSE,FALSE
34182,2017,1,Depression,outside,37.9802578125,Park dominant,missing/uncertain,annual AFCD cropland-fraction source unavailable; event-year raster alone is insufficient,outside,,,,,,FALSE,FALSE,FALSE,FALSE
34217,2017,1,Depression,outside,35.62653515625,Park dominant,missing/uncertain,annual AFCD cropland-fraction source unavailable; event-year raster alone is insufficient,outside,,,,,,FALSE,FALSE,FALSE,FALSE
34618,2017,1,Depression,outside,39.8246171875,Park dominant,missing/uncertain,annual AFCD cropland-fraction source unavailable; event-year raster alone is insufficient,outside,,,,,,FALSE,FALSE,FALSE,FALSE
34632,2017,1,Depression,outside,37,Park dominant,missing/uncertain,annual AFCD cropland-fraction source unavailable; event-year raster alone is insufficient,outside,,,,,,FALSE,FALSE,FALSE,FALSE
34638,2017,1,Depression,outside,36.13862109375,Park dominant,missing/uncertain,annual AFCD cropland-fraction source unavailable; event-year raster alone is insufficient,outside,,,,,,FALSE,FALSE,FALSE,FALSE
35057,2017,1,Depression,outside,41.46383984375,Park dominant,missing/uncertain,annual AFCD cropland-fraction source unavailable; event-year raster alone is insufficient,outside,,,,,,FALSE,FALSE,FALSE,FALSE
35081,2017,1,Depression,outside,36.2111875,Park dominant,missing/uncertain,annual AFCD cropland-fraction source unavailable; event-year raster alone is insufficient,outside,,,,,,FALSE,FALSE,FALSE,FALSE
35082,2017,1,Depression,outside,36.0624453125,Park dominant,missing/uncertain,annual AFCD cropland-fraction source unavailable; event-year raster alone is insufficient,outside,,,,,,FALSE,FALSE,FALSE,FALSE
35225,2017,1,Depression,outside,33.514921875,Park dominant,missing/uncertain,annual AFCD cropland-fraction source unavailable; event-year raster alone is insufficient,outside,,,,,,FALSE,FALSE,FALSE,FALSE
35508,2017,1,Depression,outside,39.96248046875,Park dominant,missing/uncertain,annual AFCD cropland-fraction source unavailable; event-year raster alone is insufficient,outside,,,,,,FALSE,FALSE,FALSE,FALSE
35526,2017,1,Depression,outside,36.05551171875,Park dominant,missing/uncertain,annual AFCD cropland-fraction source unavailable; event-year raster alone is insufficient,outside,,,,,,FALSE,FALSE,FALSE,FALSE
35559,2017,1,Depression,outside,34.179671875,Park dominant,missing/uncertain,annual AFCD cropland-fraction source unavailable; event-year raster alone is insufficient,outside,,,,,,FALSE,FALSE,FALSE,FALSE
35560,2017,1,Depression,outside,34.234484375,Park dominant,missing/uncertain,annual AFCD cropland-fraction source unavailable; event-year raster alone is insufficient,outside,,,,,,FALSE,FALSE,FALSE,FALSE
35671,2017,1,Depression,outside,33.0037890625,Park dominant,missing/uncertain,annual AFCD cropland-fraction source unavailable; event-year raster alone is insufficient,outside,,,,,,FALSE,FALSE,FALSE,FALSE
36125,2017,1,Depression,outside,32.745228515625,Park dominant,missing/uncertain,annual AFCD cropland-fraction source unavailable; event-year raster alone is insufficient,outside,,,,,,FALSE,FALSE,FALSE,FALSE
36126,2017,1,Depression,outside,32.81005859375,Park dominant,missing/uncertain,annual AFCD cropland-fraction source unavailable; event-year raster alone is insufficient,outside,,,,,,FALSE,FALSE,FALSE,FALSE
36427,2017,1,Depression,outside,34.0771171875,Park dominant,missing/uncertain,annual AFCD cropland-fraction source unavailable; event-year raster alone is insufficient,outside,,,,,,FALSE,FALSE,FALSE,FALSE
36564,2017,1,Depression,outside,32,Park dominant,missing/uncertain,annual AFCD cropland-fraction source unavailable; event-year raster alone is insufficient,outside,,,,,,FALSE,FALSE,FALSE,FALSE
36572,2017,1,Depression,outside,32.24903125,Park dominant,missing/uncertain,annual AFCD cropland-fraction source unavailable; event-year raster alone is insufficient,outside,,,,,,FALSE,FALSE,FALSE,FALSE
36573,2017,1,Depression,outside,32.314857421875,Park dominant,missing/uncertain,annual AFCD cropland-fraction source unavailable; event-year raster alone is insufficient,outside,,,,,,FALSE,FALSE,FALSE,FALSE
36859,2017,1,Depression,outside,36.2249921875,Park dominant,missing/uncertain,annual AFCD cropland-fraction source unavailable; event-year raster alone is insufficient,outside,,,,,,FALSE,FALSE,FALSE,FALSE
37020,2017,1,Depression,outside,31.8198046875,Park dominant,missing/uncertain,annual AFCD cropland-fraction source unavailable; event-year raster alone is insufficient,outside,,,,,,FALSE,FALSE,FALSE,FALSE
37053,2017,1,Depression,outside,37.47332421875,Park dominant,missing/uncertain,annual AFCD cropland-fraction source unavailable; event-year raster alone is insufficient,outside,,,,,,FALSE,FALSE,FALSE,FALSE
37467,2017,1,Depression,outside,31.32491015625,Park dominant,missing/uncertain,annual AFCD cropland-fraction source unavailable; event-year raster alone is insufficient,outside,,,,,,FALSE,FALSE,FALSE,FALSE
37472,2017,1,Depression,outside,31.780498046875,Park dominant,missing/uncertain,annual AFCD cropland-fraction source unavailable; event-year raster alone is insufficient,outside,,,,,,FALSE,FALSE,FALSE,FALSE
37721,2017,1,Depression,outside,44.902671875,Park dominant,missing/uncertain,annual AFCD cropland-fraction source unavailable; event-year raster alone is insufficient,outside,,,,,,FALSE,FALSE,FALSE,FALSE
37754,2017,1,Depression,outside,35.10698046875,Park dominant,missing/uncertain,annual AFCD cropland-fraction source unavailable; event-year raster alone is insufficient,outside,,,,,,FALSE,FALSE,FALSE,FALSE
37769,2017,1,Depression,outside,32.5,Park dominant,missing/uncertain,annual AFCD cropland-fraction source unavailable; event-year raster alone is insufficient,outside,,,,,,FALSE,FALSE,FALSE,FALSE
38184,2017,1,Depression,outside,39.20458984375,Park dominant,missing/uncertain,annual AFCD cropland-fraction source unavailable; event-year raster alone is insufficient,outside,,,,,,FALSE,FALSE,FALSE,FALSE
38319,2017,1,Depression,outside,31.515869140625,Park dominant,missing/uncertain,annual AFCD cropland-fraction source unavailable; event-year raster alone is insufficient,outside,,,,,,FALSE,FALSE,FALSE,FALSE
38763,2017,1,Depression,outside,31,Park dominant,missing/uncertain,annual AFCD cropland-fraction source unavailable; event-year raster alone is insufficient,outside,,,,,,FALSE,FALSE,FALSE,FALSE
38791,2017,1,Depression,outside,29.652150390625,Park dominant,missing/uncertain,annual AFCD cropland-fraction source unavailable; event-year raster alone is insufficient,outside,,,,,,FALSE,FALSE,FALSE,FALSE
39080,2017,1,Depression,outside,37.8021171875,Park dominant,missing/uncertain,annual AFCD cropland-fraction source unavailable; event-year raster alone is insufficient,outside,,,,,,FALSE,FALSE,FALSE,FALSE
39091,2017,1,Depression,outside,34.731109375,Park dominant,missing/uncertain,annual AFCD cropland-fraction source unavailable; event-year raster alone is insufficient,outside,,,,,,FALSE,FALSE,FALSE,FALSE
39242,2017,1,Depression,outside,29.017236328125,Park dominant,missing/uncertain,annual AFCD cropland-fraction source unavailable; event-year raster alone is insufficient,outside,,,,,,FALSE,FALSE,FALSE,FALSE
39250,2017,1,Depression,outside,29.0688828125,Park dominant,missing/uncertain,annual AFCD cropland-fraction source unavailable; event-year raster alone is insufficient,outside,,,,,,FALSE,FALSE,FALSE,FALSE
39594,2017,1,Depression,outside,30.4138125,Park dominant,missing/uncertain,annual AFCD cropland-fraction source unavailable; event-year raster alone is insufficient,outside,,,,,,FALSE,FALSE,FALSE,FALSE
39960,2017,1,Depression,outside,41.72529296875,Park dominant,missing/uncertain,annual AFCD cropland-fraction source unavailable; event-year raster alone is insufficient,outside,,,,,,FALSE,FALSE,FALSE,FALSE
39979,2017,1,Depression,outside,35.51408203125,Park dominant,missing/uncertain,annual AFCD cropland-fraction source unavailable; event-year raster alone is insufficient,outside,,,,,,FALSE,FALSE,FALSE,FALSE
39988,2017,1,Depression,outside,33.1209921875,Park dominant,missing/uncertain,annual AFCD cropland-fraction source unavailable; event-year raster alone is insufficient,outside,,,,,,FALSE,FALSE,FALSE,FALSE
40099,2017,1,Depression,outside,29.6057421875,Park dominant,missing/uncertain,annual AFCD cropland-fraction source unavailable; event-year raster alone is insufficient,outside,,,,,,FALSE,FALSE,FALSE,FALSE
40407,2017,1,Depression,outside,41.37934375,Park dominant,missing/uncertain,annual AFCD cropland-fraction source unavailable; event-year raster alone is insufficient,outside,,,,,,FALSE,FALSE,FALSE,FALSE
40415,2017,1,Depression,outside,38.57784375,Park dominant,missing/uncertain,annual AFCD cropland-fraction source unavailable; event-year raster alone is insufficient,outside,,,,,,FALSE,FALSE,FALSE,FALSE
40487,2017,1,Depression,outside,29.516943359375,Park dominant,missing/uncertain,annual AFCD cropland-fraction source unavailable; event-year raster alone is insufficient,outside,,,,,,FALSE,FALSE,FALSE,FALSE
40619,2017,1,Depression,outside,31.815876953125,Park dominant,missing/uncertain,annual AFCD cropland-fraction source unavailable; event-year raster alone is insufficient,outside,,,,,,FALSE,FALSE,FALSE,FALSE
40871,2017,1,Depression,outside,35.302265625,Park dominant,missing/uncertain,annual AFCD cropland-fraction source unavailable; event-year raster alone is insufficient,outside,,,,,,FALSE,FALSE,FALSE,FALSE
40934,2017,1,Depression,outside,29.025849609375,Park dominant,missing/uncertain,annual AFCD cropland-fraction source unavailable; event-year raster alone is insufficient,outside,,,,,,FALSE,FALSE,FALSE,FALSE
41000,2017,1,Depression,outside,28.504384765625,Park dominant,missing/uncertain,annual AFCD cropland-fraction source unavailable; event-year raster alone is insufficient,outside,,,,,,FALSE,FALSE,FALSE,FALSE
41015,2017,1,Depression,outside,28.306359375,Park dominant,missing/uncertain,annual AFCD cropland-fraction source unavailable; event-year raster alone is insufficient,outside,,,,,,FALSE,FALSE,FALSE,FALSE
41298,2017,1,Depression,outside,41.8150703125,Park dominant,missing/uncertain,annual AFCD cropland-fraction source unavailable; event-year raster alone is insufficient,outside,,,,,,FALSE,FALSE,FALSE,FALSE
41299,2017,1,Depression,outside,41.43971484375,Park dominant,missing/uncertain,annual AFCD cropland-fraction source unavailable; event-year raster alone is insufficient,outside,,,,,,FALSE,FALSE,FALSE,FALSE
41310,2017,1,Depression,outside,37.50333203125,Park dominant,missing/uncertain,annual AFCD cropland-fraction source unavailable; event-year raster alone is insufficient,outside,,,,,,FALSE,FALSE,FALSE,FALSE
41311,2017,1,Depression,outside,37.165171875,Park dominant,missing/uncertain,annual AFCD cropland-fraction source unavailable; event-year raster alone is insufficient,outside,,,,,,FALSE,FALSE,FALSE,FALSE
41451,2017,1,Depression,outside,28.111384765625,Park dominant,missing/uncertain,annual AFCD cropland-fraction source unavailable; event-year raster alone is insufficient,outside,,,,,,FALSE,FALSE,FALSE,FALSE
41453,2017,1,Depression,outside,28.21790234375,Park dominant,missing/uncertain,annual AFCD cropland-fraction source unavailable; event-year raster alone is insufficient,outside,,,,,,FALSE,FALSE,FALSE,FALSE
41464,2017,1,Depression,outside,27.54087890625,Park dominant,missing/uncertain,annual AFCD cropland-fraction source unavailable; event-year raster alone is insufficient,outside,,,,,,FALSE,FALSE,FALSE,FALSE
41742,2017,1,Depression,outside,42.63801171875,Park dominant,missing/uncertain,annual AFCD cropland-fraction source unavailable; event-year raster alone is insufficient,outside,,,,,,FALSE,FALSE,FALSE,FALSE
41744,2017,1,Depression,outside,41.86884375,Park dominant,missing/uncertain,annual AFCD cropland-fraction source unavailable; event-year raster alone is insufficient,outside,,,,,,FALSE,FALSE,FALSE,FALSE
41765,2017,1,Depression,outside,34.51448828125,Park dominant,missing/uncertain,annual AFCD cropland-fraction source unavailable; event-year raster alone is insufficient,outside,,,,,,FALSE,FALSE,FALSE,FALSE
41772,2017,1,Depression,outside,32.4499609375,Park dominant,missing/uncertain,annual AFCD cropland-fraction source unavailable; event-year raster alone is insufficient,outside,,,,,,FALSE,FALSE,FALSE,FALSE
42220,2017,1,Depression,outside,31.756888671875,Park dominant,missing/uncertain,annual AFCD cropland-fraction source unavailable; event-year raster alone is insufficient,outside,,,,,,FALSE,FALSE,FALSE,FALSE
42625,2017,1,Depression,outside,46.45696875,Park dominant,missing/uncertain,annual AFCD cropland-fraction source unavailable; event-year raster alone is insufficient,outside,,,,,,FALSE,FALSE,FALSE,FALSE
42651,2017,1,Depression,outside,36.41771484375,Park dominant,missing/uncertain,annual AFCD cropland-fraction source unavailable; event-year raster alone is insufficient,outside,,,,,,FALSE,FALSE,FALSE,FALSE
42662,2017,1,Depression,outside,32.8024375,Park dominant,missing/uncertain,annual AFCD cropland-fraction source unavailable; event-year raster alone is insufficient,outside,,,,,,FALSE,FALSE,FALSE,FALSE
43088,2017,1,Depression,outside,39.75550390625,Park dominant,missing/uncertain,annual AFCD cropland-fraction source unavailable; event-year raster alone is insufficient,outside,,,,,,FALSE,FALSE,FALSE,FALSE
43169,2017,1,Depression,outside,26.575365234375,Park dominant,missing/uncertain,annual AFCD cropland-fraction source unavailable; event-year raster alone is insufficient,outside,,,,,,FALSE,FALSE,FALSE,FALSE
43170,2017,1,Depression,outside,26.476404296875,Park dominant,missing/uncertain,annual AFCD cropland-fraction source unavailable; event-year raster alone is insufficient,outside,,,,,,FALSE,FALSE,FALSE,FALSE
43619,2017,1,Depression,outside,25.811818359375,Park dominant,missing/uncertain,annual AFCD cropland-fraction source unavailable; event-year raster alone is insufficient,outside,,,,,,FALSE,FALSE,FALSE,FALSE
43671,2017,1,Depression,outside,25.894015625,Park dominant,missing/uncertain,annual AFCD cropland-fraction source unavailable; event-year raster alone is insufficient,outside,,,,,,FALSE,FALSE,FALSE,FALSE
44131,2017,1,Depression,outside,25.044958984375,Park dominant,missing/uncertain,annual AFCD cropland-fraction source unavailable; event-year raster alone is insufficient,outside,,,,,,FALSE,FALSE,FALSE,FALSE
44430,2017,1,Depression,outside,38.41874609375,Park dominant,missing/uncertain,annual AFCD cropland-fraction source unavailable; event-year raster alone is insufficient,outside,,,,,,FALSE,FALSE,FALSE,FALSE
44565,2017,1,Depression,outside,24.909837890625,Park dominant,missing/uncertain,annual AFCD cropland-fraction source unavailable; event-year raster alone is insufficient,outside,,,,,,FALSE,FALSE,FALSE,FALSE
45716,2017,1,Depression,outside,61.7454453125,Park dominant,missing/uncertain,annual AFCD cropland-fraction source unavailable; event-year raster alone is insufficient,outside,,,,,,FALSE,FALSE,FALSE,FALSE
45717,2017,1,Depression,outside,61.28009375,Park dominant,missing/uncertain,annual AFCD cropland-fraction source unavailable; event-year raster alone is insufficient,outside,,,,,,FALSE,FALSE,FALSE,FALSE
45772,2017,1,Depression,outside,37.10121484375,Park dominant,missing/uncertain,annual AFCD cropland-fraction source unavailable; event-year raster alone is insufficient,outside,,,,,,FALSE,FALSE,FALSE,FALSE
46213,2017,1,Depression,outside,39.24601953125,Park dominant,missing/uncertain,annual AFCD cropland-fraction source unavailable; event-year raster alone is insufficient,outside,,,,,,FALSE,FALSE,FALSE,FALSE
46660,2017,1,Depression,outside,38.96793359375,Park dominant,missing/uncertain,annual AFCD cropland-fraction source unavailable; event-year raster alone is insufficient,outside,,,,,,FALSE,FALSE,FALSE,FALSE
47121,2017,1,Depression,outside,33.03407421875,Park dominant,missing/uncertain,annual AFCD cropland-fraction source unavailable; event-year raster alone is insufficient,outside,,,,,,FALSE,FALSE,FALSE,FALSE
47550,2017,1,Depression,outside,40.13103515625,Park dominant,missing/uncertain,annual AFCD cropland-fraction source unavailable; event-year raster alone is insufficient,outside,,,,,,FALSE,FALSE,FALSE,FALSE
47554,2017,1,Depression,outside,38.42525390625,Park dominant,missing/uncertain,annual AFCD cropland-fraction source unavailable; event-year raster alone is insufficient,outside,,,,,,FALSE,FALSE,FALSE,FALSE
47558,2017,1,Depression,outside,36.7491484375,Park dominant,missing/uncertain,annual AFCD cropland-fraction source unavailable; event-year raster alone is insufficient,outside,,,,,,FALSE,FALSE,FALSE,FALSE
47560,2017,1,Depression,outside,35.92353125,Park dominant,missing/uncertain,annual AFCD cropland-fraction source unavailable; event-year raster alone is insufficient,outside,,,,,,FALSE,FALSE,FALSE,FALSE
47989,2017,1,Depression,outside,43.38490625,Park dominant,missing/uncertain,annual AFCD cropland-fraction source unavailable; event-year raster alone is insufficient,outside,,,,,,FALSE,FALSE,FALSE,FALSE
47990,2017,1,Depression,outside,42.9418203125,Park dominant,missing/uncertain,annual AFCD cropland-fraction source unavailable; event-year raster alone is insufficient,outside,,,,,,FALSE,FALSE,FALSE,FALSE
48017,2017,1,Depression,outside,31.626728515625,Park dominant,missing/uncertain,annual AFCD cropland-fraction source unavailable; event-year raster alone is insufficient,outside,,,,,,FALSE,FALSE,FALSE,FALSE
48448,2017,1,Depression,outside,37.9011875,Park dominant,missing/uncertain,annual AFCD cropland-fraction source unavailable; event-year raster alone is insufficient,outside,,,,,,FALSE,FALSE,FALSE,FALSE
48909,2017,1,Depression,outside,31.800158203125,Park dominant,missing/uncertain,annual AFCD cropland-fraction source unavailable; event-year raster alone is insufficient,outside,,,,,,FALSE,FALSE,FALSE,FALSE
49800,2017,1,Depression,outside,32.4499609375,Park dominant,missing/uncertain,annual AFCD cropland-fraction source unavailable; event-year raster alone is insufficient,outside,,,,,,FALSE,FALSE,FALSE,FALSE
49804,2017,1,Depression,outside,30.80584375,Park dominant,missing/uncertain,annual AFCD cropland-fraction source unavailable; event-year raster alone is insufficient,outside,,,,,,FALSE,FALSE,FALSE,FALSE
50063,2017,1,Depression,outside,40.9176015625,Park dominant,missing/uncertain,annual AFCD cropland-fraction source unavailable; event-year raster alone is insufficient,outside,,,,,,FALSE,FALSE,FALSE,FALSE
50686,2017,1,Depression,outside,35.35533984375,Park dominant,missing/uncertain,annual AFCD cropland-fraction source unavailable; event-year raster alone is insufficient,outside,,,,,,FALSE,FALSE,FALSE,FALSE
51587,2017,1,Depression,outside,31.815876953125,Park dominant,missing/uncertain,annual AFCD cropland-fraction source unavailable; event-year raster alone is insufficient,outside,,,,,,FALSE,FALSE,FALSE,FALSE
52478,2017,1,Depression,outside,32.64965625,Park dominant,missing/uncertain,annual AFCD cropland-fraction source unavailable; event-year raster alone is insufficient,outside,,,,,,FALSE,FALSE,FALSE,FALSE
52912,2017,1,Depression,outside,38.34709765625,Park dominant,missing/uncertain,annual AFCD cropland-fraction source unavailable; event-year raster alone is insufficient,outside,,,,,,FALSE,FALSE,FALSE,FALSE
53773,2017,1,Depression,outside,53.72383203125,Park dominant,missing/uncertain,annual AFCD cropland-fraction source unavailable; event-year raster alone is insufficient,outside,,,,,,FALSE,FALSE,FALSE,FALSE
53802,2017,1,Depression,outside,39.8559921875,Park dominant,missing/uncertain,annual AFCD cropland-fraction source unavailable; event-year raster alone is insufficient,outside,,,,,,FALSE,FALSE,FALSE,FALSE
55112,2017,1,Depression,outside,54.34151171875,Park dominant,missing/uncertain,annual AFCD cropland-fraction source unavailable; event-year raster alone is insufficient,outside,,,,,,FALSE,FALSE,FALSE,FALSE
56454,2017,1,Depression,outside,53.539703125,Park dominant,missing/uncertain,annual AFCD cropland-fraction source unavailable; event-year raster alone is insufficient,outside,,,,,,FALSE,FALSE,FALSE,FALSE
56933,2017,1,Depression,outside,37.845078125,Park dominant,missing/uncertain,annual AFCD cropland-fraction source unavailable; event-year raster alone is insufficient,outside,,,,,,FALSE,FALSE,FALSE,FALSE
57350,2017,1,Depression,outside,52.3688828125,Park dominant,missing/uncertain,annual AFCD cropland-fraction source unavailable; event-year raster alone is insufficient,outside,,,,,,FALSE,FALSE,FALSE,FALSE
57380,2017,1,Depression,outside,37.71604296875,Park dominant,missing/uncertain,annual AFCD cropland-fraction source unavailable; event-year raster alone is insufficient,outside,,,,,,FALSE,FALSE,FALSE,FALSE
60509,2017,1,Depression,outside,36.98986328125,Park dominant,missing/uncertain,annual AFCD cropland-fraction source unavailable; event-year raster alone is insufficient,outside,,,,,,FALSE,FALSE,FALSE,FALSE
60927,2017,1,Depression,outside,49.85228125,Park dominant,missing/uncertain,annual AFCD cropland-fraction source unavailable; event-year raster alone is insufficient,outside,,,,,,FALSE,FALSE,FALSE,FALSE
60955,2017,1,Depression,outside,37.40655078125,Park dominant,missing/uncertain,annual AFCD cropland-fraction source unavailable; event-year raster alone is insufficient,outside,,,,,,FALSE,FALSE,FALSE,FALSE
60958,2017,1,Depression,outside,35.92353125,Park dominant,missing/uncertain,annual AFCD cropland-fraction source unavailable; event-year raster alone is insufficient,outside,,,,,,FALSE,FALSE,FALSE,FALSE
61404,2017,1,Depression,outside,36.3455625,Park dominant,missing/uncertain,annual AFCD cropland-fraction source unavailable; event-year raster alone is insufficient,outside,,,,,,FALSE,FALSE,FALSE,FALSE
62739,2017,1,Depression,outside,39.15673828125,Park dominant,missing/uncertain,annual AFCD cropland-fraction source unavailable; event-year raster alone is insufficient,outside,,,,,,FALSE,FALSE,FALSE,FALSE
63629,2017,1,Depression,outside,40.67247265625,Park dominant,missing/uncertain,annual AFCD cropland-fraction source unavailable; event-year raster alone is insufficient,outside,,,,,,FALSE,FALSE,FALSE,FALSE
64080,2017,1,Depression,outside,38.94868359375,Park dominant,missing/uncertain,annual AFCD cropland-fraction source unavailable; event-year raster alone is insufficient,outside,,,,,,FALSE,FALSE,FALSE,FALSE
64527,2017,1,Depression,outside,38.57784375,Park dominant,missing/uncertain,annual AFCD cropland-fraction source unavailable; event-year raster alone is insufficient,outside,,,,,,FALSE,FALSE,FALSE,FALSE
64973,2017,1,Depression,outside,38.5519140625,Park dominant,missing/uncertain,annual AFCD cropland-fraction source unavailable; event-year raster alone is insufficient,outside,,,,,,FALSE,FALSE,FALSE,FALSE
64979,2017,1,Depression,outside,36.5136953125,Park dominant,missing/uncertain,annual AFCD cropland-fraction source unavailable; event-year raster alone is insufficient,outside,,,,,,FALSE,FALSE,FALSE,FALSE
65425,2017,1,Depression,outside,36.5,Park dominant,missing/uncertain,annual AFCD cropland-fraction source unavailable; event-year raster alone is insufficient,outside,,,,,,FALSE,FALSE,FALSE,FALSE
65426,2017,1,Depression,outside,36.1731953125,Park dominant,missing/uncertain,annual AFCD cropland-fraction source unavailable; event-year raster alone is insufficient,outside,,,,,,FALSE,FALSE,FALSE,FALSE
66735,2017,1,Depression,outside,46.61812890625,Park dominant,missing/uncertain,annual AFCD cropland-fraction source unavailable; event-year raster alone is insufficient,outside,,,,,,FALSE,FALSE,FALSE,FALSE
67207,2017,1,Depression,outside,37.1247890625,Park dominant,missing/uncertain,annual AFCD cropland-fraction source unavailable; event-year raster alone is insufficient,outside,,,,,,FALSE,FALSE,FALSE,FALSE
67208,2017,1,Depression,outside,36.76955078125,Park dominant,missing/uncertain,annual AFCD cropland-fraction source unavailable; event-year raster alone is insufficient,outside,,,,,,FALSE,FALSE,FALSE,FALSE
67658,2017,1,Depression,outside,35.35533984375,Park dominant,missing/uncertain,annual AFCD cropland-fraction source unavailable; event-year raster alone is insufficient,outside,,,,,,FALSE,FALSE,FALSE,FALSE
67659,2017,1,Depression,outside,35.0035703125,Park dominant,missing/uncertain,annual AFCD cropland-fraction source unavailable; event-year raster alone is insufficient,outside,,,,,,FALSE,FALSE,FALSE,FALSE
68101,2017,1,Depression,outside,36.41771484375,Park dominant,missing/uncertain,annual AFCD cropland-fraction source unavailable; event-year raster alone is insufficient,outside,,,,,,FALSE,FALSE,FALSE,FALSE
68105,2017,1,Depression,outside,35.0035703125,Park dominant,missing/uncertain,annual AFCD cropland-fraction source unavailable; event-year raster alone is insufficient,outside,,,,,,FALSE,FALSE,FALSE,FALSE
68551,2017,1,Depression,outside,35.0035703125,Park dominant,missing/uncertain,annual AFCD cropland-fraction source unavailable; event-year raster alone is insufficient,outside,,,,,,FALSE,FALSE,FALSE,FALSE
68999,2017,1,Depression,outside,34.2965,Park dominant,missing/uncertain,annual AFCD cropland-fraction source unavailable; event-year raster alone is insufficient,outside,,,,,,FALSE,FALSE,FALSE,FALSE
69557,2017,1,Depression,inside,-2.1213203125,Park dominant,missing/uncertain,annual AFCD cropland-fraction source unavailable; event-year raster alone is insufficient,inside,,,,,,FALSE,TRUE,TRUE,TRUE
70306,2017,1,Depression,outside,46.3249375,Park dominant,missing/uncertain,annual AFCD cropland-fraction source unavailable; event-year raster alone is insufficient,outside,,,,,,FALSE,FALSE,FALSE,FALSE
70337,2017,1,Depression,outside,34.311078125,Park dominant,missing/uncertain,annual AFCD cropland-fraction source unavailable; event-year raster alone is insufficient,outside,,,,,,FALSE,FALSE,FALSE,FALSE
70339,2017,1,Depression,outside,33.58943359375,Park dominant,missing/uncertain,annual AFCD cropland-fraction source unavailable; event-year raster alone is insufficient,outside,,,,,,FALSE,FALSE,FALSE,FALSE
70786,2017,1,Depression,outside,33.2415390625,Park dominant,missing/uncertain,annual AFCD cropland-fraction source unavailable; event-year raster alone is insufficient,outside,,,,,,FALSE,FALSE,FALSE,FALSE
71338,2017,1,Depression,inside,-4.9244287109375,Park dominant,missing/uncertain,annual AFCD cropland-fraction source unavailable; event-year raster alone is insufficient,inside,,,,,,FALSE,TRUE,TRUE,TRUE
71351,2017,1,Depression,inside,-1.80277563476563,Park dominant,missing/uncertain,annual AFCD cropland-fraction source unavailable; event-year raster alone is insufficient,inside,,,,,,FALSE,TRUE,TRUE,TRUE
74015,2017,1,Depression,inside,-5,Park dominant,missing/uncertain,annual AFCD cropland-fraction source unavailable; event-year raster alone is insufficient,inside,,,,,,FALSE,TRUE,TRUE,TRUE
74891,2017,1,Depression,outside,2,Park dominant,missing/uncertain,annual AFCD cropland-fraction source unavailable; event-year raster alone is insufficient,outside,,,,,,FALSE,TRUE,TRUE,TRUE
74906,2017,1,Depression,inside,-3.53553393554688,Park dominant,missing/uncertain,annual AFCD cropland-fraction source unavailable; event-year raster alone is insufficient,inside,,,,,,FALSE,TRUE,TRUE,TRUE
75254,2017,1,Depression,outside,30.53686328125,Park dominant,missing/uncertain,annual AFCD cropland-fraction source unavailable; event-year raster alone is insufficient,outside,,,,,,FALSE,FALSE,FALSE,FALSE
75795,2017,1,Depression,inside,-1.58113879394531,Park dominant,missing/uncertain,annual AFCD cropland-fraction source unavailable; event-year raster alone is insufficient,inside,,,,,,FALSE,TRUE,TRUE,TRUE
76237,2017,1,Depression,outside,0.5,Park dominant,missing/uncertain,annual AFCD cropland-fraction source unavailable; event-year raster alone is insufficient,outside,,,,,,FALSE,TRUE,TRUE,TRUE
79244,2017,1,Depression,outside,42.72001953125,Park dominant,missing/uncertain,annual AFCD cropland-fraction source unavailable; event-year raster alone is insufficient,outside,,,,,,FALSE,FALSE,FALSE,FALSE
81479,2017,1,Depression,outside,41.90763671875,Park dominant,missing/uncertain,annual AFCD cropland-fraction source unavailable; event-year raster alone is insufficient,outside,,,,,,FALSE,FALSE,FALSE,FALSE
82044,2017,1,Depression,inside,-2,Park dominant,missing/uncertain,annual AFCD cropland-fraction source unavailable; event-year raster alone is insufficient,inside,,,,,,FALSE,TRUE,TRUE,TRUE
82386,2017,1,Depression,outside,35.418921875,Park dominant,missing/uncertain,annual AFCD cropland-fraction source unavailable; event-year raster alone is insufficient,outside,,,,,,FALSE,FALSE,FALSE,FALSE
83266,2017,1,Depression,outside,41.8389765625,Park dominant,missing/uncertain,annual AFCD cropland-fraction source unavailable; event-year raster alone is insufficient,outside,,,,,,FALSE,FALSE,FALSE,FALSE
84274,2017,1,Depression,outside,1,Park dominant,missing/uncertain,annual AFCD cropland-fraction source unavailable; event-year raster alone is insufficient,outside,,,,,,FALSE,TRUE,TRUE,TRUE
84725,2017,1,Depression,inside,-1.5,Park dominant,missing/uncertain,annual AFCD cropland-fraction source unavailable; event-year raster alone is insufficient,inside,,,,,,FALSE,TRUE,TRUE,TRUE
85051,2017,1,Depression,outside,42.85148828125,Park dominant,missing/uncertain,annual AFCD cropland-fraction source unavailable; event-year raster alone is insufficient,outside,,,,,,FALSE,FALSE,FALSE,FALSE
85508,2017,1,Depression,outside,37.85498828125,Park dominant,missing/uncertain,annual AFCD cropland-fraction source unavailable; event-year raster alone is insufficient,outside,,,,,,FALSE,FALSE,FALSE,FALSE
86507,2017,1,Depression,outside,0.707106811523437,Park dominant,missing/uncertain,annual AFCD cropland-fraction source unavailable; event-year raster alone is insufficient,outside,,,,,,FALSE,TRUE,TRUE,TRUE
88182,2017,1,Depression,outside,41.30375390625,Park dominant,missing/uncertain,annual AFCD cropland-fraction source unavailable; event-year raster alone is insufficient,outside,,,,,,FALSE,FALSE,FALSE,FALSE
88189,2017,1,Depression,outside,37.83186328125,Park dominant,missing/uncertain,annual AFCD cropland-fraction source unavailable; event-year raster alone is insufficient,outside,,,,,,FALSE,FALSE,FALSE,FALSE
88734,2017,1,Depression,inside,-2.23606787109375,Park dominant,missing/uncertain,annual AFCD cropland-fraction source unavailable; event-year raster alone is insufficient,inside,,,,,,FALSE,TRUE,TRUE,TRUE
90969,2017,1,Depression,inside,-4.242640625,Park dominant,missing/uncertain,annual AFCD cropland-fraction source unavailable; event-year raster alone is insufficient,inside,,,,,,FALSE,TRUE,TRUE,TRUE
91757,2017,1,Depression,outside,41.512046875,Park dominant,missing/uncertain,annual AFCD cropland-fraction source unavailable; event-year raster alone is insufficient,outside,,,,,,FALSE,FALSE,FALSE,FALSE
91861,2017,1,Depression,inside,-4.30116259765625,Park dominant,missing/uncertain,annual AFCD cropland-fraction source unavailable; event-year raster alone is insufficient,inside,,,,,,FALSE,TRUE,TRUE,TRUE
92205,2017,1,Depression,outside,41.003046875,Park dominant,missing/uncertain,annual AFCD cropland-fraction source unavailable; event-year raster alone is insufficient,outside,,,,,,FALSE,FALSE,FALSE,FALSE
92653,2017,1,Depression,outside,40.5,Park dominant,missing/uncertain,annual AFCD cropland-fraction source unavailable; event-year raster alone is insufficient,outside,,,,,,FALSE,FALSE,FALSE,FALSE
94085,2017,1,Depression,inside,-4.272001953125,Park dominant,missing/uncertain,annual AFCD cropland-fraction source unavailable; event-year raster alone is insufficient,inside,,,,,,FALSE,TRUE,TRUE,TRUE
94090,2017,1,Depression,inside,-5.4083271484375,Park dominant,missing/uncertain,annual AFCD cropland-fraction source unavailable; event-year raster alone is insufficient,inside,,,,,,FALSE,FALSE,TRUE,TRUE
94535,2017,1,Depression,inside,-5.3851650390625,Park dominant,missing/uncertain,annual AFCD cropland-fraction source unavailable; event-year raster alone is insufficient,inside,,,,,,FALSE,FALSE,TRUE,TRUE
94979,2017,1,Depression,inside,-4.5,Park dominant,missing/uncertain,annual AFCD cropland-fraction source unavailable; event-year raster alone is insufficient,inside,,,,,,FALSE,TRUE,TRUE,TRUE
94983,2017,1,Depression,inside,-6.04152294921875,Park dominant,missing/uncertain,annual AFCD cropland-fraction source unavailable; event-year raster alone is insufficient,inside,,,,,,FALSE,FALSE,TRUE,TRUE
95425,2017,1,Depression,inside,-4.03112890625,Park dominant,missing/uncertain,annual AFCD cropland-fraction source unavailable; event-year raster alone is insufficient,inside,,,,,,FALSE,TRUE,TRUE,TRUE
95426,2017,1,Depression,inside,-4.5276923828125,Park dominant,missing/uncertain,annual AFCD cropland-fraction source unavailable; event-year raster alone is insufficient,inside,,,,,,FALSE,TRUE,TRUE,TRUE
95429,2017,1,Depression,inside,-6.02079736328125,Park dominant,missing/uncertain,annual AFCD cropland-fraction source unavailable; event-year raster alone is insufficient,inside,,,,,,FALSE,FALSE,TRUE,TRUE
95873,2017,1,Depression,inside,-4.6097724609375,Park dominant,missing/uncertain,annual AFCD cropland-fraction source unavailable; event-year raster alone is insufficient,inside,,,,,,FALSE,TRUE,TRUE,TRUE
96209,2017,1,Depression,outside,50.0624609375,Park dominant,missing/uncertain,annual AFCD cropland-fraction source unavailable; event-year raster alone is insufficient,outside,,,,,,FALSE,FALSE,FALSE,FALSE
96323,2017,1,Depression,inside,-6.184658203125,Park dominant,missing/uncertain,annual AFCD cropland-fraction source unavailable; event-year raster alone is insufficient,inside,,,,,,FALSE,FALSE,TRUE,TRUE
98541,2017,1,Depression,outside,1.5,Park dominant,missing/uncertain,annual AFCD cropland-fraction source unavailable; event-year raster alone is insufficient,outside,,,,,,FALSE,TRUE,TRUE,TRUE
98985,2017,1,Depression,outside,3.04138134765625,Park dominant,missing/uncertain,annual AFCD cropland-fraction source unavailable; event-year raster alone is insufficient,outside,,,,,,FALSE,TRUE,TRUE,TRUE
101667,2017,1,Depression,outside,4.4721357421875,Park dominant,missing/uncertain,annual AFCD cropland-fraction source unavailable; event-year raster alone is insufficient,outside,,,,,,FALSE,TRUE,TRUE,TRUE
102021,2017,1,Depression,outside,48.7954921875,Park dominant,missing/uncertain,annual AFCD cropland-fraction source unavailable; event-year raster alone is insufficient,outside,,,,,,FALSE,FALSE,FALSE,FALSE
102116,2017,1,Depression,outside,3.90512475585938,Park dominant,missing/uncertain,annual AFCD cropland-fraction source unavailable; event-year raster alone is insufficient,outside,,,,,,FALSE,TRUE,TRUE,TRUE
102117,2017,1,Depression,outside,3.53553393554688,Park dominant,missing/uncertain,annual AFCD cropland-fraction source unavailable; event-year raster alone is insufficient,outside,,,,,,FALSE,TRUE,TRUE,TRUE
102914,2017,1,Depression,outside,48.43810546875,Park dominant,missing/uncertain,annual AFCD cropland-fraction source unavailable; event-year raster alone is insufficient,outside,,,,,,FALSE,FALSE,FALSE,FALSE
103010,2017,1,Depression,outside,4.6097724609375,Park dominant,missing/uncertain,annual AFCD cropland-fraction source unavailable; event-year raster alone is insufficient,outside,,,,,,FALSE,TRUE,TRUE,TRUE
103011,2017,1,Depression,outside,4.242640625,Park dominant,missing/uncertain,annual AFCD cropland-fraction source unavailable; event-year raster alone is insufficient,outside,,,,,,FALSE,TRUE,TRUE,TRUE
103455,2017,1,Depression,outside,5.6568544921875,Park dominant,missing/uncertain,annual AFCD cropland-fraction source unavailable; event-year raster alone is insufficient,outside,,,,,,FALSE,FALSE,TRUE,TRUE
104257,2017,1,Depression,outside,46.669046875,Park dominant,missing/uncertain,annual AFCD cropland-fraction source unavailable; event-year raster alone is insufficient,outside,,,,,,FALSE,FALSE,FALSE,FALSE
104775,2017,1,Depression,outside,15.20690625,Park dominant,missing/uncertain,annual AFCD cropland-fraction source unavailable; event-year raster alone is insufficient,outside,,,,,,FALSE,FALSE,FALSE,TRUE
105258,2017,1,Depression,outside,3.90512475585938,Park dominant,missing/uncertain,annual AFCD cropland-fraction source unavailable; event-year raster alone is insufficient,outside,,,,,,FALSE,TRUE,TRUE,TRUE
105682,2017,1,Depression,outside,10.307763671875,Park dominant,missing/uncertain,annual AFCD cropland-fraction source unavailable; event-year raster alone is insufficient,outside,,,,,,FALSE,FALSE,FALSE,TRUE
105683,2017,1,Depression,outside,9.924716796875,Park dominant,missing/uncertain,annual AFCD cropland-fraction source unavailable; event-year raster alone is insufficient,outside,,,,,,FALSE,FALSE,TRUE,TRUE
106129,2017,1,Depression,outside,10.6301455078125,Park dominant,missing/uncertain,annual AFCD cropland-fraction source unavailable; event-year raster alone is insufficient,outside,,,,,,FALSE,FALSE,FALSE,TRUE
106600,2017,1,Depression,outside,4.9244287109375,Park dominant,missing/uncertain,annual AFCD cropland-fraction source unavailable; event-year raster alone is insufficient,outside,,,,,,FALSE,TRUE,TRUE,TRUE
107460,2017,1,Depression,outside,15.532224609375,Park dominant,missing/uncertain,annual AFCD cropland-fraction source unavailable; event-year raster alone is insufficient,outside,,,,,,FALSE,FALSE,FALSE,TRUE
107910,2017,1,Depression,outside,14.60308203125,Park dominant,missing/uncertain,annual AFCD cropland-fraction source unavailable; event-year raster alone is insufficient,outside,,,,,,FALSE,FALSE,FALSE,TRUE
107935,2017,1,Depression,outside,7.51664794921875,Park dominant,missing/uncertain,annual AFCD cropland-fraction source unavailable; event-year raster alone is insufficient,outside,,,,,,FALSE,FALSE,TRUE,TRUE
108260,2017,1,Depression,outside,51.2762109375,Park dominant,missing/uncertain,annual AFCD cropland-fraction source unavailable; event-year raster alone is insufficient,outside,,,,,,FALSE,FALSE,FALSE,FALSE
108379,2017,1,Depression,outside,8.2462109375,Park dominant,missing/uncertain,annual AFCD cropland-fraction source unavailable; event-year raster alone is insufficient,outside,,,,,,FALSE,FALSE,TRUE,TRUE
108801,2017,1,Depression,outside,16.40121875,Park dominant,missing/uncertain,annual AFCD cropland-fraction source unavailable; event-year raster alone is insufficient,outside,,,,,,FALSE,FALSE,FALSE,TRUE
108803,2017,1,Depression,outside,15.6204990234375,Park dominant,missing/uncertain,annual AFCD cropland-fraction source unavailable; event-year raster alone is insufficient,outside,,,,,,FALSE,FALSE,FALSE,TRUE
110168,2017,1,Depression,outside,7.4330341796875,Park dominant,missing/uncertain,annual AFCD cropland-fraction source unavailable; event-year raster alone is insufficient,outside,,,,,,FALSE,FALSE,TRUE,TRUE
110898,2017,1,Depression,outside,65,Park dominant,missing/uncertain,annual AFCD cropland-fraction source unavailable; event-year raster alone is insufficient,outside,,,,,,FALSE,FALSE,FALSE,FALSE
112387,2017,1,Depression,outside,12.3490888671875,Park dominant,missing/uncertain,annual AFCD cropland-fraction source unavailable; event-year raster alone is insufficient,outside,,,,,,FALSE,FALSE,FALSE,TRUE
113281,2017,1,Depression,outside,11.715375,Park dominant,missing/uncertain,annual AFCD cropland-fraction source unavailable; event-year raster alone is insufficient,outside,,,,,,FALSE,FALSE,FALSE,TRUE
113299,2017,1,Depression,outside,4.30116259765625,Park dominant,missing/uncertain,annual AFCD cropland-fraction source unavailable; event-year raster alone is insufficient,outside,,,,,,FALSE,TRUE,TRUE,TRUE
114185,2017,1,Depression,outside,7.1063349609375,Park dominant,missing/uncertain,annual AFCD cropland-fraction source unavailable; event-year raster alone is insufficient,outside,,,,,,FALSE,FALSE,TRUE,TRUE
114637,2017,1,Depression,outside,4.71699072265625,Park dominant,missing/uncertain,annual AFCD cropland-fraction source unavailable; event-year raster alone is insufficient,outside,,,,,,FALSE,TRUE,TRUE,TRUE
115084,2017,1,Depression,outside,4.4721357421875,Park dominant,missing/uncertain,annual AFCD cropland-fraction source unavailable; event-year raster alone is insufficient,outside,,,,,,FALSE,TRUE,TRUE,TRUE
115978,2017,1,Depression,outside,3.90512475585938,Park dominant,missing/uncertain,annual AFCD cropland-fraction source unavailable; event-year raster alone is insufficient,outside,,,,,,FALSE,TRUE,TRUE,TRUE
116424,2017,1,Depression,outside,4.03112890625,Park dominant,missing/uncertain,annual AFCD cropland-fraction source unavailable; event-year raster alone is insufficient,outside,,,,,,FALSE,TRUE,TRUE,TRUE
117331,2017,1,Depression,inside,-2.1213203125,Park dominant,missing/uncertain,annual AFCD cropland-fraction source unavailable; event-year raster alone is insufficient,inside,,,,,,FALSE,TRUE,TRUE,TRUE
118217,2017,1,Depression,outside,1,Park dominant,missing/uncertain,annual AFCD cropland-fraction source unavailable; event-year raster alone is insufficient,outside,,,,,,FALSE,TRUE,TRUE,TRUE
118520,2017,1,Depression,outside,50.70009765625,Park dominant,missing/uncertain,annual AFCD cropland-fraction source unavailable; event-year raster alone is insufficient,outside,,,,,,FALSE,FALSE,FALSE,FALSE
122669,2017,1,Depression,outside,5.590169921875,Park dominant,missing/uncertain,annual AFCD cropland-fraction source unavailable; event-year raster alone is insufficient,outside,,,,,,FALSE,FALSE,TRUE,TRUE
132406,2017,1,Depression,outside,30.016662109375,Park dominant,missing/uncertain,annual AFCD cropland-fraction source unavailable; event-year raster alone is insufficient,outside,,,,,,FALSE,FALSE,FALSE,FALSE
132474,2017,1,Depression,outside,4.9244287109375,Park dominant,missing/uncertain,annual AFCD cropland-fraction source unavailable; event-year raster alone is insufficient,outside,,,,,,FALSE,TRUE,TRUE,TRUE
132921,2017,1,Depression,outside,4.6097724609375,Park dominant,missing/uncertain,annual AFCD cropland-fraction source unavailable; event-year raster alone is insufficient,outside,,,,,,FALSE,TRUE,TRUE,TRUE
145395,2017,1,Depression,outside,12.747548828125,Park dominant,missing/uncertain,annual AFCD cropland-fraction source unavailable; event-year raster alone is insufficient,outside,,,,,,FALSE,FALSE,FALSE,TRUE
672,2018,1,Depression,outside,73.2461640625,Park dominant,missing/uncertain,annual AFCD cropland-fraction source unavailable; event-year raster alone is insufficient,outside,,,,,,FALSE,FALSE,FALSE,FALSE
2520,2018,1,Depression,outside,71.89228125,Park dominant,missing/uncertain,annual AFCD cropland-fraction source unavailable; event-year raster alone is insufficient,outside,,,,,,FALSE,FALSE,FALSE,FALSE
2567,2018,1,Depression,outside,70.9383515625,Park dominant,missing/uncertain,annual AFCD cropland-fraction source unavailable; event-year raster alone is insufficient,outside,,,,,,FALSE,FALSE,FALSE,FALSE
3076,2018,1,Depression,outside,71.92009375,Park dominant,missing/uncertain,annual AFCD cropland-fraction source unavailable; event-year raster alone is insufficient,outside,,,,,,FALSE,FALSE,FALSE,FALSE
3309,2018,1,Depression,outside,75.5794296875,Park dominant,missing/uncertain,annual AFCD cropland-fraction source unavailable; event-year raster alone is insufficient,outside,,,,,,FALSE,FALSE,FALSE,FALSE
3445,2018,1,Depression,outside,70.5443125,Park dominant,missing/uncertain,annual AFCD cropland-fraction source unavailable; event-year raster alone is insufficient,outside,,,,,,FALSE,FALSE,FALSE,FALSE
4204,2018,1,Depression,outside,74.4647578125,Park dominant,missing/uncertain,annual AFCD cropland-fraction source unavailable; event-year raster alone is insufficient,outside,,,,,,FALSE,FALSE,FALSE,FALSE
5203,2018,1,Depression,outside,68.9655703125,Park dominant,missing/uncertain,annual AFCD cropland-fraction source unavailable; event-year raster alone is insufficient,outside,,,,,,FALSE,FALSE,FALSE,FALSE
5235,2018,1,Depression,outside,68.516421875,Park dominant,missing/uncertain,annual AFCD cropland-fraction source unavailable; event-year raster alone is insufficient,outside,,,,,,FALSE,FALSE,FALSE,FALSE
5624,2018,1,Depression,outside,68.117546875,Park dominant,missing/uncertain,annual AFCD cropland-fraction source unavailable; event-year raster alone is insufficient,outside,,,,,,FALSE,FALSE,FALSE,FALSE
6861,2018,1,Depression,outside,77.435453125,Park dominant,missing/uncertain,annual AFCD cropland-fraction source unavailable; event-year raster alone is insufficient,outside,,,,,,FALSE,FALSE,FALSE,FALSE
6862,2018,1,Depression,outside,77.175125,Park dominant,missing/uncertain,annual AFCD cropland-fraction source unavailable; event-year raster alone is insufficient,outside,,,,,,FALSE,FALSE,FALSE,FALSE
6999,2018,1,Depression,outside,67.57403125,Park dominant,missing/uncertain,annual AFCD cropland-fraction source unavailable; event-year raster alone is insufficient,outside,,,,,,FALSE,FALSE,FALSE,FALSE
8791,2018,1,Depression,outside,65.517171875,Park dominant,missing/uncertain,annual AFCD cropland-fraction source unavailable; event-year raster alone is insufficient,outside,,,,,,FALSE,FALSE,FALSE,FALSE
9231,2018,1,Depression,outside,64.855609375,Park dominant,missing/uncertain,annual AFCD cropland-fraction source unavailable; event-year raster alone is insufficient,outside,,,,,,FALSE,FALSE,FALSE,FALSE
9238,2018,1,Depression,outside,65.02499609375,Park dominant,missing/uncertain,annual AFCD cropland-fraction source unavailable; event-year raster alone is insufficient,outside,,,,,,FALSE,FALSE,FALSE,FALSE
9328,2018,1,Depression,outside,64.39332421875,Park dominant,missing/uncertain,annual AFCD cropland-fraction source unavailable; event-year raster alone is insufficient,outside,,,,,,FALSE,FALSE,FALSE,FALSE
9643,2018,1,Depression,outside,63.570828125,Park dominant,missing/uncertain,annual AFCD cropland-fraction source unavailable; event-year raster alone is insufficient,outside,,,,,,FALSE,FALSE,FALSE,FALSE
9680,2018,1,Depression,outside,64.5329375,Park dominant,missing/uncertain,annual AFCD cropland-fraction source unavailable; event-year raster alone is insufficient,outside,,,,,,FALSE,FALSE,FALSE,FALSE
10126,2018,1,Depression,outside,63.953109375,Park dominant,missing/uncertain,annual AFCD cropland-fraction source unavailable; event-year raster alone is insufficient,outside,,,,,,FALSE,FALSE,FALSE,FALSE
10127,2018,1,Depression,outside,64.04100390625,Park dominant,missing/uncertain,annual AFCD cropland-fraction source unavailable; event-year raster alone is insufficient,outside,,,,,,FALSE,FALSE,FALSE,FALSE
10129,2018,1,Depression,outside,64.228109375,Park dominant,missing/uncertain,annual AFCD cropland-fraction source unavailable; event-year raster alone is insufficient,outside,,,,,,FALSE,FALSE,FALSE,FALSE
10130,2018,1,Depression,outside,64.228109375,Park dominant,missing/uncertain,annual AFCD cropland-fraction source unavailable; event-year raster alone is insufficient,outside,,,,,,FALSE,FALSE,FALSE,FALSE
10537,2018,1,Depression,outside,62.57994921875,Park dominant,missing/uncertain,annual AFCD cropland-fraction source unavailable; event-year raster alone is insufficient,outside,,,,,,FALSE,FALSE,FALSE,FALSE
10568,2018,1,Depression,outside,63.0753515625,Park dominant,missing/uncertain,annual AFCD cropland-fraction source unavailable; event-year raster alone is insufficient,outside,,,,,,FALSE,FALSE,FALSE,FALSE
10572,2018,1,Depression,outside,63.37586328125,Park dominant,missing/uncertain,annual AFCD cropland-fraction source unavailable; event-year raster alone is insufficient,outside,,,,,,FALSE,FALSE,FALSE,FALSE
10905,2018,1,Depression,outside,68.42696875,Park dominant,missing/uncertain,annual AFCD cropland-fraction source unavailable; event-year raster alone is insufficient,outside,,,,,,FALSE,FALSE,FALSE,FALSE
10985,2018,1,Depression,outside,62.155046875,Park dominant,missing/uncertain,annual AFCD cropland-fraction source unavailable; event-year raster alone is insufficient,outside,,,,,,FALSE,FALSE,FALSE,FALSE
11011,2018,1,Depression,outside,62.33979296875,Park dominant,missing/uncertain,annual AFCD cropland-fraction source unavailable; event-year raster alone is insufficient,outside,,,,,,FALSE,FALSE,FALSE,FALSE
11019,2018,1,Depression,outside,62.882828125,Park dominant,missing/uncertain,annual AFCD cropland-fraction source unavailable; event-year raster alone is insufficient,outside,,,,,,FALSE,FALSE,FALSE,FALSE
11432,2018,1,Depression,outside,61.660359375,Park dominant,missing/uncertain,annual AFCD cropland-fraction source unavailable; event-year raster alone is insufficient,outside,,,,,,FALSE,FALSE,FALSE,FALSE
11466,2018,1,Depression,outside,62.38990234375,Park dominant,missing/uncertain,annual AFCD cropland-fraction source unavailable; event-year raster alone is insufficient,outside,,,,,,FALSE,FALSE,FALSE,FALSE
11568,2018,1,Depression,outside,62.64183984375,Park dominant,missing/uncertain,annual AFCD cropland-fraction source unavailable; event-year raster alone is insufficient,outside,,,,,,FALSE,FALSE,FALSE,FALSE
12448,2018,1,Depression,outside,60.0166640625,Park dominant,missing/uncertain,annual AFCD cropland-fraction source unavailable; event-year raster alone is insufficient,outside,,,,,,FALSE,FALSE,FALSE,FALSE
12800,2018,1,Depression,outside,60.406953125,Park dominant,missing/uncertain,annual AFCD cropland-fraction source unavailable; event-year raster alone is insufficient,outside,,,,,,FALSE,FALSE,FALSE,FALSE
12905,2018,1,Depression,outside,60.648578125,Park dominant,missing/uncertain,annual AFCD cropland-fraction source unavailable; event-year raster alone is insufficient,outside,,,,,,FALSE,FALSE,FALSE,FALSE
13134,2018,1,Depression,outside,67.6017734375,Park dominant,missing/uncertain,annual AFCD cropland-fraction source unavailable; event-year raster alone is insufficient,outside,,,,,,FALSE,FALSE,FALSE,FALSE
13227,2018,1,Depression,outside,59.53360546875,Park dominant,missing/uncertain,annual AFCD cropland-fraction source unavailable; event-year raster alone is insufficient,outside,,,,,,FALSE,FALSE,FALSE,FALSE
13631,2018,1,Depression,outside,59.0444765625,Park dominant,missing/uncertain,annual AFCD cropland-fraction source unavailable; event-year raster alone is insufficient,outside,,,,,,FALSE,FALSE,FALSE,FALSE
15029,2018,1,Depression,outside,57.6389609375,Park dominant,missing/uncertain,annual AFCD cropland-fraction source unavailable; event-year raster alone is insufficient,outside,,,,,,FALSE,FALSE,FALSE,FALSE
15465,2018,1,Depression,outside,57.00219140625,Park dominant,missing/uncertain,annual AFCD cropland-fraction source unavailable; event-year raster alone is insufficient,outside,,,,,,FALSE,FALSE,FALSE,FALSE
15484,2018,1,Depression,outside,57.5586640625,Park dominant,missing/uncertain,annual AFCD cropland-fraction source unavailable; event-year raster alone is insufficient,outside,,,,,,FALSE,FALSE,FALSE,FALSE
15501,2018,1,Depression,outside,57.70615234375,Park dominant,missing/uncertain,annual AFCD cropland-fraction source unavailable; event-year raster alone is insufficient,outside,,,,,,FALSE,FALSE,FALSE,FALSE
15502,2018,1,Depression,outside,57.6302890625,Park dominant,missing/uncertain,annual AFCD cropland-fraction source unavailable; event-year raster alone is insufficient,outside,,,,,,FALSE,FALSE,FALSE,FALSE
15928,2018,1,Depression,outside,56.8726640625,Park dominant,missing/uncertain,annual AFCD cropland-fraction source unavailable; event-year raster alone is insufficient,outside,,,,,,FALSE,FALSE,FALSE,FALSE
15930,2018,1,Depression,outside,56.99561328125,Park dominant,missing/uncertain,annual AFCD cropland-fraction source unavailable; event-year raster alone is insufficient,outside,,,,,,FALSE,FALSE,FALSE,FALSE
16017,2018,1,Depression,outside,55.5090078125,Park dominant,missing/uncertain,annual AFCD cropland-fraction source unavailable; event-year raster alone is insufficient,outside,,,,,,FALSE,FALSE,FALSE,FALSE
16148,2018,1,Depression,outside,106.162609375,Park dominant,missing/uncertain,annual AFCD cropland-fraction source unavailable; event-year raster alone is insufficient,outside,,,,,,FALSE,FALSE,FALSE,FALSE
16366,2018,1,Depression,outside,56.035703125,Park dominant,missing/uncertain,annual AFCD cropland-fraction source unavailable; event-year raster alone is insufficient,outside,,,,,,FALSE,FALSE,FALSE,FALSE
16369,2018,1,Depression,outside,56.10926953125,Park dominant,missing/uncertain,annual AFCD cropland-fraction source unavailable; event-year raster alone is insufficient,outside,,,,,,FALSE,FALSE,FALSE,FALSE
16370,2018,1,Depression,outside,56.14267578125,Park dominant,missing/uncertain,annual AFCD cropland-fraction source unavailable; event-year raster alone is insufficient,outside,,,,,,FALSE,FALSE,FALSE,FALSE
16371,2018,1,Depression,outside,56.18051171875,Park dominant,missing/uncertain,annual AFCD cropland-fraction source unavailable; event-year raster alone is insufficient,outside,,,,,,FALSE,FALSE,FALSE,FALSE
16391,2018,1,Depression,outside,57.0701328125,Park dominant,missing/uncertain,annual AFCD cropland-fraction source unavailable; event-year raster alone is insufficient,outside,,,,,,FALSE,FALSE,FALSE,FALSE
16807,2018,1,Depression,outside,55.5,Park dominant,missing/uncertain,annual AFCD cropland-fraction source unavailable; event-year raster alone is insufficient,outside,,,,,,FALSE,FALSE,FALSE,FALSE
16813,2018,1,Depression,outside,55.5360234375,Park dominant,missing/uncertain,annual AFCD cropland-fraction source unavailable; event-year raster alone is insufficient,outside,,,,,,FALSE,FALSE,FALSE,FALSE
16838,2018,1,Depression,outside,56.57958984375,Park dominant,missing/uncertain,annual AFCD cropland-fraction source unavailable; event-year raster alone is insufficient,outside,,,,,,FALSE,FALSE,FALSE,FALSE
16916,2018,1,Depression,outside,54.91812109375,Park dominant,missing/uncertain,annual AFCD cropland-fraction source unavailable; event-year raster alone is insufficient,outside,,,,,,FALSE,FALSE,FALSE,FALSE
17255,2018,1,Depression,outside,55,Park dominant,missing/uncertain,annual AFCD cropland-fraction source unavailable; event-year raster alone is insufficient,outside,,,,,,FALSE,FALSE,FALSE,FALSE
17285,2018,1,Depression,outside,56.08921484375,Park dominant,missing/uncertain,annual AFCD cropland-fraction source unavailable; event-year raster alone is insufficient,outside,,,,,,FALSE,FALSE,FALSE,FALSE
17720,2018,1,Depression,outside,55.15886328125,Park dominant,missing/uncertain,annual AFCD cropland-fraction source unavailable; event-year raster alone is insufficient,outside,,,,,,FALSE,FALSE,FALSE,FALSE
17731,2018,1,Depression,outside,55.70008984375,Park dominant,missing/uncertain,annual AFCD cropland-fraction source unavailable; event-year raster alone is insufficient,outside,,,,,,FALSE,FALSE,FALSE,FALSE
17736,2018,1,Depression,outside,55.23812109375,Park dominant,missing/uncertain,annual AFCD cropland-fraction source unavailable; event-year raster alone is insufficient,outside,,,,,,FALSE,FALSE,FALSE,FALSE
17805,2018,1,Depression,outside,53.52803125,Park dominant,missing/uncertain,annual AFCD cropland-fraction source unavailable; event-year raster alone is insufficient,outside,,,,,,FALSE,FALSE,FALSE,FALSE
18182,2018,1,Depression,outside,54.82928125,Park dominant,missing/uncertain,annual AFCD cropland-fraction source unavailable; event-year raster alone is insufficient,outside,,,,,,FALSE,FALSE,FALSE,FALSE
19068,2018,1,Depression,outside,54.34151171875,Park dominant,missing/uncertain,annual AFCD cropland-fraction source unavailable; event-year raster alone is insufficient,outside,,,,,,FALSE,FALSE,FALSE,FALSE
19070,2018,1,Depression,outside,54.454109375,Park dominant,missing/uncertain,annual AFCD cropland-fraction source unavailable; event-year raster alone is insufficient,outside,,,,,,FALSE,FALSE,FALSE,FALSE
19149,2018,1,Depression,outside,52.2804921875,Park dominant,missing/uncertain,annual AFCD cropland-fraction source unavailable; event-year raster alone is insufficient,outside,,,,,,FALSE,FALSE,FALSE,FALSE
19919,2018,1,Depression,outside,51.8483359375,Park dominant,missing/uncertain,annual AFCD cropland-fraction source unavailable; event-year raster alone is insufficient,outside,,,,,,FALSE,FALSE,FALSE,FALSE
20809,2018,1,Depression,outside,50.65816796875,Park dominant,missing/uncertain,annual AFCD cropland-fraction source unavailable; event-year raster alone is insufficient,outside,,,,,,FALSE,FALSE,FALSE,FALSE
20812,2018,1,Depression,outside,50.79862109375,Park dominant,missing/uncertain,annual AFCD cropland-fraction source unavailable; event-year raster alone is insufficient,outside,,,,,,FALSE,FALSE,FALSE,FALSE
20814,2018,1,Depression,outside,50.91659765625,Park dominant,missing/uncertain,annual AFCD cropland-fraction source unavailable; event-year raster alone is insufficient,outside,,,,,,FALSE,FALSE,FALSE,FALSE
20821,2018,1,Depression,outside,51.19814453125,Park dominant,missing/uncertain,annual AFCD cropland-fraction source unavailable; event-year raster alone is insufficient,outside,,,,,,FALSE,FALSE,FALSE,FALSE
20822,2018,1,Depression,outside,51.15662109375,Park dominant,missing/uncertain,annual AFCD cropland-fraction source unavailable; event-year raster alone is insufficient,outside,,,,,,FALSE,FALSE,FALSE,FALSE
20828,2018,1,Depression,outside,51.0098046875,Park dominant,missing/uncertain,annual AFCD cropland-fraction source unavailable; event-year raster alone is insufficient,outside,,,,,,FALSE,FALSE,FALSE,FALSE
20835,2018,1,Depression,outside,51.0220546875,Park dominant,missing/uncertain,annual AFCD cropland-fraction source unavailable; event-year raster alone is insufficient,outside,,,,,,FALSE,FALSE,FALSE,FALSE
21266,2018,1,Depression,outside,50.79862109375,Park dominant,missing/uncertain,annual AFCD cropland-fraction source unavailable; event-year raster alone is insufficient,outside,,,,,,FALSE,FALSE,FALSE,FALSE
21269,2018,1,Depression,outside,50.65816796875,Park dominant,missing/uncertain,annual AFCD cropland-fraction source unavailable; event-year raster alone is insufficient,outside,,,,,,FALSE,FALSE,FALSE,FALSE
21713,2018,1,Depression,outside,50.30158984375,Park dominant,missing/uncertain,annual AFCD cropland-fraction source unavailable; event-year raster alone is insufficient,outside,,,,,,FALSE,FALSE,FALSE,FALSE
22083,2018,1,Depression,outside,56.68553515625,Park dominant,missing/uncertain,annual AFCD cropland-fraction source unavailable; event-year raster alone is insufficient,outside,,,,,,FALSE,FALSE,FALSE,FALSE
22145,2018,1,Depression,outside,49.022953125,Park dominant,missing/uncertain,annual AFCD cropland-fraction source unavailable; event-year raster alone is insufficient,outside,,,,,,FALSE,FALSE,FALSE,FALSE
22166,2018,1,Depression,outside,49.56308984375,Park dominant,missing/uncertain,annual AFCD cropland-fraction source unavailable; event-year raster alone is insufficient,outside,,,,,,FALSE,FALSE,FALSE,FALSE
22407,2018,1,Depression,outside,102.2362421875,Park dominant,missing/uncertain,annual AFCD cropland-fraction source unavailable; event-year raster alone is insufficient,outside,,,,,,FALSE,FALSE,FALSE,FALSE
22588,2018,1,Depression,outside,48.502578125,Park dominant,missing/uncertain,annual AFCD cropland-fraction source unavailable; event-year raster alone is insufficient,outside,,,,,,FALSE,FALSE,FALSE,FALSE
22600,2018,1,Depression,outside,48.810859375,Park dominant,missing/uncertain,annual AFCD cropland-fraction source unavailable; event-year raster alone is insufficient,outside,,,,,,FALSE,FALSE,FALSE,FALSE
22617,2018,1,Depression,outside,49.00255078125,Park dominant,missing/uncertain,annual AFCD cropland-fraction source unavailable; event-year raster alone is insufficient,outside,,,,,,FALSE,FALSE,FALSE,FALSE
23472,2018,1,Depression,outside,47.71268359375,Park dominant,missing/uncertain,annual AFCD cropland-fraction source unavailable; event-year raster alone is insufficient,outside,,,,,,FALSE,FALSE,FALSE,FALSE
23498,2018,1,Depression,outside,48.0884609375,Park dominant,missing/uncertain,annual AFCD cropland-fraction source unavailable; event-year raster alone is insufficient,outside,,,,,,FALSE,FALSE,FALSE,FALSE
23509,2018,1,Depression,outside,48.02343359375,Park dominant,missing/uncertain,annual AFCD cropland-fraction source unavailable; event-year raster alone is insufficient,outside,,,,,,FALSE,FALSE,FALSE,FALSE
23616,2018,1,Depression,outside,47.10095703125,Park dominant,missing/uncertain,annual AFCD cropland-fraction source unavailable; event-year raster alone is insufficient,outside,,,,,,FALSE,FALSE,FALSE,FALSE
24375,2018,1,Depression,outside,46.5,Park dominant,missing/uncertain,annual AFCD cropland-fraction source unavailable; event-year raster alone is insufficient,outside,,,,,,FALSE,FALSE,FALSE,FALSE
24392,2018,1,Depression,outside,47.10095703125,Park dominant,missing/uncertain,annual AFCD cropland-fraction source unavailable; event-year raster alone is insufficient,outside,,,,,,FALSE,FALSE,FALSE,FALSE
24413,2018,1,Depression,outside,47.06644140625,Park dominant,missing/uncertain,annual AFCD cropland-fraction source unavailable; event-year raster alone is insufficient,outside,,,,,,FALSE,FALSE,FALSE,FALSE
24844,2018,1,Depression,outside,46.717234375,Park dominant,missing/uncertain,annual AFCD cropland-fraction source unavailable; event-year raster alone is insufficient,outside,,,,,,FALSE,FALSE,FALSE,FALSE
25258,2018,1,Depression,outside,45.8312109375,Park dominant,missing/uncertain,annual AFCD cropland-fraction source unavailable; event-year raster alone is insufficient,outside,,,,,,FALSE,FALSE,FALSE,FALSE
25405,2018,1,Depression,outside,45.2133828125,Park dominant,missing/uncertain,annual AFCD cropland-fraction source unavailable; event-year raster alone is insufficient,outside,,,,,,FALSE,FALSE,FALSE,FALSE
25711,2018,1,Depression,outside,45.069390625,Park dominant,missing/uncertain,annual AFCD cropland-fraction source unavailable; event-year raster alone is insufficient,outside,,,,,,FALSE,FALSE,FALSE,FALSE
26186,2018,1,Depression,outside,45.1774296875,Park dominant,missing/uncertain,annual AFCD cropland-fraction source unavailable; event-year raster alone is insufficient,outside,,,,,,FALSE,FALSE,FALSE,FALSE
26607,2018,1,Depression,outside,44.0255625,Park dominant,missing/uncertain,annual AFCD cropland-fraction source unavailable; event-year raster alone is insufficient,outside,,,,,,FALSE,FALSE,FALSE,FALSE
26741,2018,1,Depression,outside,43.35031640625,Park dominant,missing/uncertain,annual AFCD cropland-fraction source unavailable; event-year raster alone is insufficient,outside,,,,,,FALSE,FALSE,FALSE,FALSE
27054,2018,1,Depression,outside,43.52585546875,Park dominant,missing/uncertain,annual AFCD cropland-fraction source unavailable; event-year raster alone is insufficient,outside,,,,,,FALSE,FALSE,FALSE,FALSE
27633,2018,1,Depression,outside,42.2403828125,Park dominant,missing/uncertain,annual AFCD cropland-fraction source unavailable; event-year raster alone is insufficient,outside,,,,,,FALSE,FALSE,FALSE,FALSE
28793,2018,1,Depression,outside,48.9719296875,Park dominant,missing/uncertain,annual AFCD cropland-fraction source unavailable; event-year raster alone is insufficient,outside,,,,,,FALSE,FALSE,FALSE,FALSE
30065,2018,1,Depression,outside,72.527578125,Park dominant,missing/uncertain,annual AFCD cropland-fraction source unavailable; event-year raster alone is insufficient,outside,,,,,,FALSE,FALSE,FALSE,FALSE
30179,2018,1,Depression,outside,40.15283203125,Park dominant,missing/uncertain,annual AFCD cropland-fraction source unavailable; event-year raster alone is insufficient,outside,,,,,,FALSE,FALSE,FALSE,FALSE
30625,2018,1,Depression,outside,39.702015625,Park dominant,missing/uncertain,annual AFCD cropland-fraction source unavailable; event-year raster alone is insufficient,outside,,,,,,FALSE,FALSE,FALSE,FALSE
31641,2018,1,Depression,outside,37.553296875,Park dominant,missing/uncertain,annual AFCD cropland-fraction source unavailable; event-year raster alone is insufficient,outside,,,,,,FALSE,FALSE,FALSE,FALSE
31951,2018,1,Depression,outside,39.702015625,Park dominant,missing/uncertain,annual AFCD cropland-fraction source unavailable; event-year raster alone is insufficient,outside,,,,,,FALSE,FALSE,FALSE,FALSE
32546,2018,1,Depression,outside,36.585515625,Park dominant,missing/uncertain,annual AFCD cropland-fraction source unavailable; event-year raster alone is insufficient,outside,,,,,,FALSE,FALSE,FALSE,FALSE
32821,2018,1,Depression,outside,43.83206640625,Park dominant,missing/uncertain,annual AFCD cropland-fraction source unavailable; event-year raster alone is insufficient,outside,,,,,,FALSE,FALSE,FALSE,FALSE
33718,2018,1,Depression,outside,42.190046875,Park dominant,missing/uncertain,annual AFCD cropland-fraction source unavailable; event-year raster alone is insufficient,outside,,,,,,FALSE,FALSE,FALSE,FALSE
34166,2018,1,Depression,outside,41.50301171875,Park dominant,missing/uncertain,annual AFCD cropland-fraction source unavailable; event-year raster alone is insufficient,outside,,,,,,FALSE,FALSE,FALSE,FALSE
35036,2018,1,Depression,outside,48.0884609375,Park dominant,missing/uncertain,annual AFCD cropland-fraction source unavailable; event-year raster alone is insufficient,outside,,,,,,FALSE,FALSE,FALSE,FALSE
37318,2018,1,Depression,outside,33.526109375,Park dominant,missing/uncertain,annual AFCD cropland-fraction source unavailable; event-year raster alone is insufficient,outside,,,,,,FALSE,FALSE,FALSE,FALSE
37428,2018,1,Depression,outside,32.59601171875,Park dominant,missing/uncertain,annual AFCD cropland-fraction source unavailable; event-year raster alone is insufficient,outside,,,,,,FALSE,FALSE,FALSE,FALSE
39510,2018,1,Depression,outside,43.15669140625,Park dominant,missing/uncertain,annual AFCD cropland-fraction source unavailable; event-year raster alone is insufficient,outside,,,,,,FALSE,FALSE,FALSE,FALSE
39989,2018,1,Depression,outside,32.8823671875,Park dominant,missing/uncertain,annual AFCD cropland-fraction source unavailable; event-year raster alone is insufficient,outside,,,,,,FALSE,FALSE,FALSE,FALSE
40392,2018,1,Depression,outside,47.10095703125,Park dominant,missing/uncertain,annual AFCD cropland-fraction source unavailable; event-year raster alone is insufficient,outside,,,,,,FALSE,FALSE,FALSE,FALSE
41297,2018,1,Depression,outside,42.1930078125,Park dominant,missing/uncertain,annual AFCD cropland-fraction source unavailable; event-year raster alone is insufficient,outside,,,,,,FALSE,FALSE,FALSE,FALSE
41313,2018,1,Depression,outside,36.5,Park dominant,missing/uncertain,annual AFCD cropland-fraction source unavailable; event-year raster alone is insufficient,outside,,,,,,FALSE,FALSE,FALSE,FALSE
41318,2018,1,Depression,outside,34.90701953125,Park dominant,missing/uncertain,annual AFCD cropland-fraction source unavailable; event-year raster alone is insufficient,outside,,,,,,FALSE,FALSE,FALSE,FALSE
41735,2018,1,Depression,outside,45.4009921875,Park dominant,missing/uncertain,annual AFCD cropland-fraction source unavailable; event-year raster alone is insufficient,outside,,,,,,FALSE,FALSE,FALSE,FALSE
41747,2018,1,Depression,outside,40.733890625,Park dominant,missing/uncertain,annual AFCD cropland-fraction source unavailable; event-year raster alone is insufficient,outside,,,,,,FALSE,FALSE,FALSE,FALSE
42639,2018,1,Depression,outside,40.84421484375,Park dominant,missing/uncertain,annual AFCD cropland-fraction source unavailable; event-year raster alone is insufficient,outside,,,,,,FALSE,FALSE,FALSE,FALSE
42784,2018,1,Depression,outside,26.518861328125,Park dominant,missing/uncertain,annual AFCD cropland-fraction source unavailable; event-year raster alone is insufficient,outside,,,,,,FALSE,FALSE,FALSE,FALSE
43099,2018,1,Depression,outside,35.71064453125,Park dominant,missing/uncertain,annual AFCD cropland-fraction source unavailable; event-year raster alone is insufficient,outside,,,,,,FALSE,FALSE,FALSE,FALSE
43670,2018,1,Depression,outside,25.985572265625,Park dominant,missing/uncertain,annual AFCD cropland-fraction source unavailable; event-year raster alone is insufficient,outside,,,,,,FALSE,FALSE,FALSE,FALSE
44117,2018,1,Depression,outside,25.49509765625,Park dominant,missing/uncertain,annual AFCD cropland-fraction source unavailable; event-year raster alone is insufficient,outside,,,,,,FALSE,FALSE,FALSE,FALSE
44885,2018,1,Depression,outside,35.0463984375,Park dominant,missing/uncertain,annual AFCD cropland-fraction source unavailable; event-year raster alone is insufficient,outside,,,,,,FALSE,FALSE,FALSE,FALSE
44893,2018,1,Depression,outside,32.190837890625,Park dominant,missing/uncertain,annual AFCD cropland-fraction source unavailable; event-year raster alone is insufficient,outside,,,,,,FALSE,FALSE,FALSE,FALSE
46219,2018,1,Depression,outside,36.80013671875,Park dominant,missing/uncertain,annual AFCD cropland-fraction source unavailable; event-year raster alone is insufficient,outside,,,,,,FALSE,FALSE,FALSE,FALSE
47106,2018,1,Depression,outside,39.11521484375,Park dominant,missing/uncertain,annual AFCD cropland-fraction source unavailable; event-year raster alone is insufficient,outside,,,,,,FALSE,FALSE,FALSE,FALSE
47553,2018,1,Depression,outside,38.84906640625,Park dominant,missing/uncertain,annual AFCD cropland-fraction source unavailable; event-year raster alone is insufficient,outside,,,,,,FALSE,FALSE,FALSE,FALSE
48000,2018,1,Depression,outside,38.5875625,Park dominant,missing/uncertain,annual AFCD cropland-fraction source unavailable; event-year raster alone is insufficient,outside,,,,,,FALSE,FALSE,FALSE,FALSE
48437,2018,1,Depression,outside,42.71123828125,Park dominant,missing/uncertain,annual AFCD cropland-fraction source unavailable; event-year raster alone is insufficient,outside,,,,,,FALSE,FALSE,FALSE,FALSE
50695,2018,1,Depression,outside,31.484123046875,Park dominant,missing/uncertain,annual AFCD cropland-fraction source unavailable; event-year raster alone is insufficient,outside,,,,,,FALSE,FALSE,FALSE,FALSE
52913,2018,1,Depression,outside,37.8846953125,Park dominant,missing/uncertain,annual AFCD cropland-fraction source unavailable; event-year raster alone is insufficient,outside,,,,,,FALSE,FALSE,FALSE,FALSE
53774,2018,1,Depression,outside,53.2400234375,Park dominant,missing/uncertain,annual AFCD cropland-fraction source unavailable; event-year raster alone is insufficient,outside,,,,,,FALSE,FALSE,FALSE,FALSE
53801,2018,1,Depression,outside,40.3267890625,Park dominant,missing/uncertain,annual AFCD cropland-fraction source unavailable; event-year raster alone is insufficient,outside,,,,,,FALSE,FALSE,FALSE,FALSE
55153,2018,1,Depression,outside,34.644625,Park dominant,missing/uncertain,annual AFCD cropland-fraction source unavailable; event-year raster alone is insufficient,outside,,,,,,FALSE,FALSE,FALSE,FALSE
56455,2018,1,Depression,outside,53.04950390625,Park dominant,missing/uncertain,annual AFCD cropland-fraction source unavailable; event-year raster alone is insufficient,outside,,,,,,FALSE,FALSE,FALSE,FALSE
56492,2018,1,Depression,outside,35.10698046875,Park dominant,missing/uncertain,annual AFCD cropland-fraction source unavailable; event-year raster alone is insufficient,outside,,,,,,FALSE,FALSE,FALSE,FALSE
57837,2018,1,Depression,outside,32.760494140625,Park dominant,missing/uncertain,annual AFCD cropland-fraction source unavailable; event-year raster alone is insufficient,outside,,,,,,FALSE,FALSE,FALSE,FALSE
59177,2018,1,Depression,outside,32.86715625,Park dominant,missing/uncertain,annual AFCD cropland-fraction source unavailable; event-year raster alone is insufficient,outside,,,,,,FALSE,FALSE,FALSE,FALSE
59757,2018,1,Depression,outside,10.6066015625,Park dominant,missing/uncertain,annual AFCD cropland-fraction source unavailable; event-year raster alone is insufficient,outside,,,,,,FALSE,FALSE,FALSE,TRUE
61077,2018,1,Depression,outside,9.1923876953125,Park dominant,missing/uncertain,annual AFCD cropland-fraction source unavailable; event-year raster alone is insufficient,outside,,,,,,FALSE,FALSE,TRUE,TRUE
61371,2018,1,Depression,outside,50.5692578125,Park dominant,missing/uncertain,annual AFCD cropland-fraction source unavailable; event-year raster alone is insufficient,outside,,,,,,FALSE,FALSE,FALSE,FALSE
61374,2018,1,Depression,outside,49.4974765625,Park dominant,missing/uncertain,annual AFCD cropland-fraction source unavailable; event-year raster alone is insufficient,outside,,,,,,FALSE,FALSE,FALSE,FALSE
65390,2018,1,Depression,outside,49.11720703125,Park dominant,missing/uncertain,annual AFCD cropland-fraction source unavailable; event-year raster alone is insufficient,outside,,,,,,FALSE,FALSE,FALSE,FALSE
65543,2018,1,Depression,outside,4.03112890625,Park dominant,missing/uncertain,annual AFCD cropland-fraction source unavailable; event-year raster alone is insufficient,outside,,,,,,FALSE,TRUE,TRUE,TRUE
65866,2018,1,Depression,outside,38.183765625,Park dominant,missing/uncertain,annual AFCD cropland-fraction source unavailable; event-year raster alone is insufficient,outside,,,,,,FALSE,FALSE,FALSE,FALSE
66446,2018,1,Depression,outside,5.3851650390625,Park dominant,missing/uncertain,annual AFCD cropland-fraction source unavailable; event-year raster alone is insufficient,outside,,,,,,FALSE,FALSE,TRUE,TRUE
66890,2018,1,Depression,outside,4.5276923828125,Park dominant,missing/uncertain,annual AFCD cropland-fraction source unavailable; event-year raster alone is insufficient,outside,,,,,,FALSE,TRUE,TRUE,TRUE
67329,2018,1,Depression,outside,1.80277563476563,Park dominant,missing/uncertain,annual AFCD cropland-fraction source unavailable; event-year raster alone is insufficient,outside,,,,,,FALSE,TRUE,TRUE,TRUE
69892,2018,1,Depression,outside,33.941125,Park dominant,missing/uncertain,annual AFCD cropland-fraction source unavailable; event-year raster alone is insufficient,outside,,,,,,FALSE,FALSE,FALSE,FALSE
70752,2018,1,Depression,outside,46.4811796875,Park dominant,missing/uncertain,annual AFCD cropland-fraction source unavailable; event-year raster alone is insufficient,outside,,,,,,FALSE,FALSE,FALSE,FALSE
71340,2018,1,Depression,inside,-5.31507275390625,Park dominant,missing/uncertain,annual AFCD cropland-fraction source unavailable; event-year raster alone is insufficient,inside,,,,,,FALSE,FALSE,TRUE,TRUE
71656,2018,1,Depression,outside,41.74326171875,Park dominant,missing/uncertain,annual AFCD cropland-fraction source unavailable; event-year raster alone is insufficient,outside,,,,,,FALSE,FALSE,FALSE,FALSE
72125,2018,1,Depression,outside,32.8823671875,Park dominant,missing/uncertain,annual AFCD cropland-fraction source unavailable; event-year raster alone is insufficient,outside,,,,,,FALSE,FALSE,FALSE,FALSE
72244,2018,1,Depression,inside,-2.82842724609375,Park dominant,missing/uncertain,annual AFCD cropland-fraction source unavailable; event-year raster alone is insufficient,inside,,,,,,FALSE,TRUE,TRUE,TRUE
72572,2018,1,Depression,outside,32.53459765625,Park dominant,missing/uncertain,annual AFCD cropland-fraction source unavailable; event-year raster alone is insufficient,outside,,,,,,FALSE,FALSE,FALSE,FALSE
73123,2018,1,Depression,inside,-6.0827626953125,Park dominant,missing/uncertain,annual AFCD cropland-fraction source unavailable; event-year raster alone is insufficient,inside,,,,,,FALSE,FALSE,TRUE,TRUE
74457,2018,1,Depression,inside,-2.5,Park dominant,missing/uncertain,annual AFCD cropland-fraction source unavailable; event-year raster alone is insufficient,inside,,,,,,FALSE,TRUE,TRUE,TRUE
75252,2018,1,Depression,outside,31.3129375,Park dominant,missing/uncertain,annual AFCD cropland-fraction source unavailable; event-year raster alone is insufficient,outside,,,,,,FALSE,FALSE,FALSE,FALSE
78372,2018,1,Depression,outside,33.1209921875,Park dominant,missing/uncertain,annual AFCD cropland-fraction source unavailable; event-year raster alone is insufficient,outside,,,,,,FALSE,FALSE,FALSE,FALSE
79356,2018,1,Depression,outside,1.58113879394531,Park dominant,missing/uncertain,annual AFCD cropland-fraction source unavailable; event-year raster alone is insufficient,outside,,,,,,FALSE,TRUE,TRUE,TRUE
80707,2018,1,Depression,inside,-3.53553393554688,Park dominant,missing/uncertain,annual AFCD cropland-fraction source unavailable; event-year raster alone is insufficient,inside,,,,,,FALSE,TRUE,TRUE,TRUE
80708,2018,1,Depression,inside,-3.80788647460938,Park dominant,missing/uncertain,annual AFCD cropland-fraction source unavailable; event-year raster alone is insufficient,inside,,,,,,FALSE,TRUE,TRUE,TRUE
81031,2018,1,Depression,outside,42.53528125,Park dominant,missing/uncertain,annual AFCD cropland-fraction source unavailable; event-year raster alone is insufficient,outside,,,,,,FALSE,FALSE,FALSE,FALSE
81601,2018,1,Depression,inside,-4,Park dominant,missing/uncertain,annual AFCD cropland-fraction source unavailable; event-year raster alone is insufficient,inside,,,,,,FALSE,TRUE,TRUE,TRUE
81939,2018,1,Depression,outside,35.58440625,Park dominant,missing/uncertain,annual AFCD cropland-fraction source unavailable; event-year raster alone is insufficient,outside,,,,,,FALSE,FALSE,FALSE,FALSE
82385,2018,1,Depression,outside,35.89219921875,Park dominant,missing/uncertain,annual AFCD cropland-fraction source unavailable; event-year raster alone is insufficient,outside,,,,,,FALSE,FALSE,FALSE,FALSE
82491,2018,1,Depression,inside,-2,Park dominant,missing/uncertain,annual AFCD cropland-fraction source unavailable; event-year raster alone is insufficient,inside,,,,,,FALSE,TRUE,TRUE,TRUE
82492,2018,1,Depression,inside,-2.5,Park dominant,missing/uncertain,annual AFCD cropland-fraction source unavailable; event-year raster alone is insufficient,inside,,,,,,FALSE,TRUE,TRUE,TRUE
82939,2018,1,Depression,inside,-2.5,Park dominant,missing/uncertain,annual AFCD cropland-fraction source unavailable; event-year raster alone is insufficient,inside,,,,,,FALSE,TRUE,TRUE,TRUE
83830,2018,1,Depression,inside,-1,Park dominant,missing/uncertain,annual AFCD cropland-fraction source unavailable; event-year raster alone is insufficient,inside,,,,,,FALSE,TRUE,TRUE,TRUE
84174,2018,1,Depression,outside,34.82096875,Park dominant,missing/uncertain,annual AFCD cropland-fraction source unavailable; event-year raster alone is insufficient,outside,,,,,,FALSE,FALSE,FALSE,FALSE
84610,2018,1,Depression,outside,40.0249921875,Park dominant,missing/uncertain,annual AFCD cropland-fraction source unavailable; event-year raster alone is insufficient,outside,,,,,,FALSE,FALSE,FALSE,FALSE
85053,2018,1,Depression,outside,41.871828125,Park dominant,missing/uncertain,annual AFCD cropland-fraction source unavailable; event-year raster alone is insufficient,outside,,,,,,FALSE,FALSE,FALSE,FALSE
85170,2018,1,Depression,inside,-0.707106811523437,Park dominant,missing/uncertain,annual AFCD cropland-fraction source unavailable; event-year raster alone is insufficient,inside,,,,,,FALSE,TRUE,TRUE,TRUE
86512,2018,1,Depression,inside,-1.58113879394531,Park dominant,missing/uncertain,annual AFCD cropland-fraction source unavailable; event-year raster alone is insufficient,inside,,,,,,FALSE,TRUE,TRUE,TRUE
86837,2018,1,Depression,outside,43.48850390625,Park dominant,missing/uncertain,annual AFCD cropland-fraction source unavailable; event-year raster alone is insufficient,outside,,,,,,FALSE,FALSE,FALSE,FALSE
86841,2018,1,Depression,outside,41.512046875,Park dominant,missing/uncertain,annual AFCD cropland-fraction source unavailable; event-year raster alone is insufficient,outside,,,,,,FALSE,FALSE,FALSE,FALSE
88629,2018,1,Depression,outside,41.2462109375,Park dominant,missing/uncertain,annual AFCD cropland-fraction source unavailable; event-year raster alone is insufficient,outside,,,,,,FALSE,FALSE,FALSE,FALSE
89076,2018,1,Depression,outside,41.19466015625,Park dominant,missing/uncertain,annual AFCD cropland-fraction source unavailable; event-year raster alone is insufficient,outside,,,,,,FALSE,FALSE,FALSE,FALSE
89081,2018,1,Depression,outside,38.707234375,Park dominant,missing/uncertain,annual AFCD cropland-fraction source unavailable; event-year raster alone is insufficient,outside,,,,,,FALSE,FALSE,FALSE,FALSE
90526,2018,1,Depression,inside,-3.04138134765625,Park dominant,missing/uncertain,annual AFCD cropland-fraction source unavailable; event-year raster alone is insufficient,inside,,,,,,FALSE,TRUE,TRUE,TRUE
91254,2018,1,Depression,outside,69.46221875,Park dominant,missing/uncertain,annual AFCD cropland-fraction source unavailable; event-year raster alone is insufficient,outside,,,,,,FALSE,FALSE,FALSE,FALSE
91275,2018,1,Depression,outside,59.01906640625,Park dominant,missing/uncertain,annual AFCD cropland-fraction source unavailable; event-year raster alone is insufficient,outside,,,,,,FALSE,FALSE,FALSE,FALSE
91419,2018,1,Depression,inside,-4.12310546875,Park dominant,missing/uncertain,annual AFCD cropland-fraction source unavailable; event-year raster alone is insufficient,inside,,,,,,FALSE,TRUE,TRUE,TRUE
91687,2018,1,Depression,outside,76.13475,Park dominant,missing/uncertain,annual AFCD cropland-fraction source unavailable; event-year raster alone is insufficient,outside,,,,,,FALSE,FALSE,FALSE,FALSE
91862,2018,1,Depression,inside,-4.6097724609375,Park dominant,missing/uncertain,annual AFCD cropland-fraction source unavailable; event-year raster alone is insufficient,inside,,,,,,FALSE,TRUE,TRUE,TRUE
91871,2018,1,Depression,inside,-4.6097724609375,Park dominant,missing/uncertain,annual AFCD cropland-fraction source unavailable; event-year raster alone is insufficient,inside,,,,,,FALSE,TRUE,TRUE,TRUE
92308,2018,1,Depression,inside,-4.71699072265625,Park dominant,missing/uncertain,annual AFCD cropland-fraction source unavailable; event-year raster alone is insufficient,inside,,,,,,FALSE,TRUE,TRUE,TRUE
92755,2018,1,Depression,inside,-5.14781494140625,Park dominant,missing/uncertain,annual AFCD cropland-fraction source unavailable; event-year raster alone is insufficient,inside,,,,,,FALSE,FALSE,TRUE,TRUE
94356,2018,1,Depression,outside,78.517515625,Park dominant,missing/uncertain,annual AFCD cropland-fraction source unavailable; event-year raster alone is insufficient,outside,,,,,,FALSE,FALSE,FALSE,FALSE
94980,2018,1,Depression,inside,-5,Park dominant,missing/uncertain,annual AFCD cropland-fraction source unavailable; event-year raster alone is insufficient,inside,,,,,,FALSE,TRUE,TRUE,TRUE
94981,2018,1,Depression,inside,-5.5,Park dominant,missing/uncertain,annual AFCD cropland-fraction source unavailable; event-year raster alone is insufficient,inside,,,,,,FALSE,FALSE,TRUE,TRUE
96656,2018,1,Depression,outside,50.039984375,Park dominant,missing/uncertain,annual AFCD cropland-fraction source unavailable; event-year raster alone is insufficient,outside,,,,,,FALSE,FALSE,FALSE,FALSE
96756,2018,1,Depression,outside,0.707106811523437,Park dominant,missing/uncertain,annual AFCD cropland-fraction source unavailable; event-year raster alone is insufficient,outside,,,,,,FALSE,TRUE,TRUE,TRUE
97549,2018,1,Depression,outside,50.5098984375,Park dominant,missing/uncertain,annual AFCD cropland-fraction source unavailable; event-year raster alone is insufficient,outside,,,,,,FALSE,FALSE,FALSE,FALSE
97941,2018,1,Depression,outside,72.5206875,Park dominant,missing/uncertain,annual AFCD cropland-fraction source unavailable; event-year raster alone is insufficient,outside,,,,,,FALSE,FALSE,FALSE,FALSE
97995,2018,1,Depression,outside,51.00244921875,Park dominant,missing/uncertain,annual AFCD cropland-fraction source unavailable; event-year raster alone is insufficient,outside,,,,,,FALSE,FALSE,FALSE,FALSE
98376,2018,1,Depression,outside,76.380625,Park dominant,missing/uncertain,annual AFCD cropland-fraction source unavailable; event-year raster alone is insufficient,outside,,,,,,FALSE,FALSE,FALSE,FALSE
98378,2018,1,Depression,outside,75.6637265625,Park dominant,missing/uncertain,annual AFCD cropland-fraction source unavailable; event-year raster alone is insufficient,outside,,,,,,FALSE,FALSE,FALSE,FALSE
98444,2018,1,Depression,outside,50,Park dominant,missing/uncertain,annual AFCD cropland-fraction source unavailable; event-year raster alone is insufficient,outside,,,,,,FALSE,FALSE,FALSE,FALSE
98823,2018,1,Depression,outside,76.03453125,Park dominant,missing/uncertain,annual AFCD cropland-fraction source unavailable; event-year raster alone is insufficient,outside,,,,,,FALSE,FALSE,FALSE,FALSE
99271,2018,1,Depression,outside,75.3276171875,Park dominant,missing/uncertain,annual AFCD cropland-fraction source unavailable; event-year raster alone is insufficient,outside,,,,,,FALSE,FALSE,FALSE,FALSE
102115,2018,1,Depression,outside,4.30116259765625,Park dominant,missing/uncertain,annual AFCD cropland-fraction source unavailable; event-year raster alone is insufficient,outside,,,,,,FALSE,TRUE,TRUE,TRUE
106118,2018,1,Depression,outside,15.116216796875,Park dominant,missing/uncertain,annual AFCD cropland-fraction source unavailable; event-year raster alone is insufficient,outside,,,,,,FALSE,FALSE,FALSE,TRUE
108836,2018,1,Depression,outside,6.7082041015625,Park dominant,missing/uncertain,annual AFCD cropland-fraction source unavailable; event-year raster alone is insufficient,outside,,,,,,FALSE,FALSE,TRUE,TRUE
109268,2018,1,Depression,outside,10.0623056640625,Park dominant,missing/uncertain,annual AFCD cropland-fraction source unavailable; event-year raster alone is insufficient,outside,,,,,,FALSE,FALSE,FALSE,TRUE
109271,2018,1,Depression,outside,9.1923876953125,Park dominant,missing/uncertain,annual AFCD cropland-fraction source unavailable; event-year raster alone is insufficient,outside,,,,,,FALSE,FALSE,TRUE,TRUE
109723,2018,1,Depression,outside,7.2111025390625,Park dominant,missing/uncertain,annual AFCD cropland-fraction source unavailable; event-year raster alone is insufficient,outside,,,,,,FALSE,FALSE,TRUE,TRUE
110002,2018,1,Depression,outside,66.4003046875,Park dominant,missing/uncertain,annual AFCD cropland-fraction source unavailable; event-year raster alone is insufficient,outside,,,,,,FALSE,FALSE,FALSE,FALSE
110008,2018,1,Depression,outside,64.0312421875,Park dominant,missing/uncertain,annual AFCD cropland-fraction source unavailable; event-year raster alone is insufficient,outside,,,,,,FALSE,FALSE,FALSE,FALSE
110170,2018,1,Depression,outside,6.8007353515625,Park dominant,missing/uncertain,annual AFCD cropland-fraction source unavailable; event-year raster alone is insufficient,outside,,,,,,FALSE,FALSE,TRUE,TRUE
110452,2018,1,Depression,outside,64.9037734375,Park dominant,missing/uncertain,annual AFCD cropland-fraction source unavailable; event-year raster alone is insufficient,outside,,,,,,FALSE,FALSE,FALSE,FALSE
110454,2018,1,Depression,outside,64.1131796875,Park dominant,missing/uncertain,annual AFCD cropland-fraction source unavailable; event-year raster alone is insufficient,outside,,,,,,FALSE,FALSE,FALSE,FALSE
111512,2018,1,Depression,outside,5.31507275390625,Park dominant,missing/uncertain,annual AFCD cropland-fraction source unavailable; event-year raster alone is insufficient,outside,,,,,,FALSE,FALSE,TRUE,TRUE
111952,2018,1,Depression,outside,7.6321689453125,Park dominant,missing/uncertain,annual AFCD cropland-fraction source unavailable; event-year raster alone is insufficient,outside,,,,,,FALSE,FALSE,TRUE,TRUE
112847,2018,1,Depression,outside,6.7082041015625,Park dominant,missing/uncertain,annual AFCD cropland-fraction source unavailable; event-year raster alone is insufficient,outside,,,,,,FALSE,FALSE,TRUE,TRUE
113134,2018,1,Depression,outside,63.12289453125,Park dominant,missing/uncertain,annual AFCD cropland-fraction source unavailable; event-year raster alone is insufficient,outside,,,,,,FALSE,FALSE,FALSE,FALSE
114629,2018,1,Depression,outside,8.0622578125,Park dominant,missing/uncertain,annual AFCD cropland-fraction source unavailable; event-year raster alone is insufficient,outside,,,,,,FALSE,FALSE,TRUE,TRUE
114649,2018,1,Depression,outside,0.5,Park dominant,missing/uncertain,annual AFCD cropland-fraction source unavailable; event-year raster alone is insufficient,outside,,,,,,FALSE,TRUE,TRUE,TRUE
114960,2018,1,Depression,outside,47.3814296875,Park dominant,missing/uncertain,annual AFCD cropland-fraction source unavailable; event-year raster alone is insufficient,outside,,,,,,FALSE,FALSE,FALSE,FALSE
116883,2018,1,Depression,inside,-1.41421362304688,Park dominant,missing/uncertain,annual AFCD cropland-fraction source unavailable; event-year raster alone is insufficient,inside,,,,,,FALSE,TRUE,TRUE,TRUE
118058,2018,1,Depression,outside,57.1401796875,Park dominant,missing/uncertain,annual AFCD cropland-fraction source unavailable; event-year raster alone is insufficient,outside,,,,,,FALSE,FALSE,FALSE,FALSE
118218,2018,1,Depression,outside,0.5,Park dominant,missing/uncertain,annual AFCD cropland-fraction source unavailable; event-year raster alone is insufficient,outside,,,,,,FALSE,TRUE,TRUE,TRUE
132028,2018,1,Depression,outside,4.71699072265625,Park dominant,missing/uncertain,annual AFCD cropland-fraction source unavailable; event-year raster alone is insufficient,outside,,,,,,FALSE,TRUE,TRUE,TRUE
138707,2018,1,Depression,outside,9.0138779296875,Park dominant,missing/uncertain,annual AFCD cropland-fraction source unavailable; event-year raster alone is insufficient,outside,,,,,,FALSE,FALSE,TRUE,TRUE
145845,2018,1,Depression,outside,11.18033984375,Park dominant,missing/uncertain,annual AFCD cropland-fraction source unavailable; event-year raster alone is insufficient,outside,,,,,,FALSE,FALSE,FALSE,TRUE
146289,2018,1,Depression,outside,12.5896787109375,Park dominant,missing/uncertain,annual AFCD cropland-fraction source unavailable; event-year raster alone is insufficient,outside,,,,,,FALSE,FALSE,FALSE,TRUE
146291,2018,1,Depression,outside,11.5974130859375,Park dominant,missing/uncertain,annual AFCD cropland-fraction source unavailable; event-year raster alone is insufficient,outside,,,,,,FALSE,FALSE,FALSE,TRUE
191300,2018,1,Depression,outside,64.23589453125,Park dominant,missing/uncertain,annual AFCD cropland-fraction source unavailable; event-year raster alone is insufficient,outside,,,,,,FALSE,FALSE,FALSE,FALSE
759,2019,1,Depression,outside,73.637625,Park dominant,missing/uncertain,annual AFCD cropland-fraction source unavailable; event-year raster alone is insufficient,outside,,,,,,FALSE,FALSE,FALSE,FALSE
838,2019,1,Depression,outside,73.9797265625,Park dominant,missing/uncertain,annual AFCD cropland-fraction source unavailable; event-year raster alone is insufficient,outside,,,,,,FALSE,FALSE,FALSE,FALSE
1286,2019,1,Depression,outside,73.6104609375,Park dominant,missing/uncertain,annual AFCD cropland-fraction source unavailable; event-year raster alone is insufficient,outside,,,,,,FALSE,FALSE,FALSE,FALSE
2179,2019,1,Depression,outside,72.5206875,Park dominant,missing/uncertain,annual AFCD cropland-fraction source unavailable; event-year raster alone is insufficient,outside,,,,,,FALSE,FALSE,FALSE,FALSE
3070,2019,1,Depression,outside,71.2074453125,Park dominant,missing/uncertain,annual AFCD cropland-fraction source unavailable; event-year raster alone is insufficient,outside,,,,,,FALSE,FALSE,FALSE,FALSE
3895,2019,1,Depression,outside,70.007140625,Park dominant,missing/uncertain,annual AFCD cropland-fraction source unavailable; event-year raster alone is insufficient,outside,,,,,,FALSE,FALSE,FALSE,FALSE
8784,2019,1,Depression,outside,65.3490625,Park dominant,missing/uncertain,annual AFCD cropland-fraction source unavailable; event-year raster alone is insufficient,outside,,,,,,FALSE,FALSE,FALSE,FALSE
8787,2019,1,Depression,outside,65.60678125,Park dominant,missing/uncertain,annual AFCD cropland-fraction source unavailable; event-year raster alone is insufficient,outside,,,,,,FALSE,FALSE,FALSE,FALSE
8809,2019,1,Depression,outside,64.5484296875,Park dominant,missing/uncertain,annual AFCD cropland-fraction source unavailable; event-year raster alone is insufficient,outside,,,,,,FALSE,FALSE,FALSE,FALSE
8861,2019,1,Depression,outside,63.239625,Park dominant,missing/uncertain,annual AFCD cropland-fraction source unavailable; event-year raster alone is insufficient,outside,,,,,,FALSE,FALSE,FALSE,FALSE
8873,2019,1,Depression,outside,64.04100390625,Park dominant,missing/uncertain,annual AFCD cropland-fraction source unavailable; event-year raster alone is insufficient,outside,,,,,,FALSE,FALSE,FALSE,FALSE
8874,2019,1,Depression,outside,64.13267578125,Park dominant,missing/uncertain,annual AFCD cropland-fraction source unavailable; event-year raster alone is insufficient,outside,,,,,,FALSE,FALSE,FALSE,FALSE
9257,2019,1,Depression,outside,64.0312421875,Park dominant,missing/uncertain,annual AFCD cropland-fraction source unavailable; event-year raster alone is insufficient,outside,,,,,,FALSE,FALSE,FALSE,FALSE
9258,2019,1,Depression,outside,64.01757421875,Park dominant,missing/uncertain,annual AFCD cropland-fraction source unavailable; event-year raster alone is insufficient,outside,,,,,,FALSE,FALSE,FALSE,FALSE
9265,2019,1,Depression,outside,64.01757421875,Park dominant,missing/uncertain,annual AFCD cropland-fraction source unavailable; event-year raster alone is insufficient,outside,,,,,,FALSE,FALSE,FALSE,FALSE
9678,2019,1,Depression,outside,64.3622578125,Park dominant,missing/uncertain,annual AFCD cropland-fraction source unavailable; event-year raster alone is insufficient,outside,,,,,,FALSE,FALSE,FALSE,FALSE
9906,2019,1,Depression,outside,103.5012109375,Park dominant,missing/uncertain,annual AFCD cropland-fraction source unavailable; event-year raster alone is insufficient,outside,,,,,,FALSE,FALSE,FALSE,FALSE
10155,2019,1,Depression,outside,63,Park dominant,missing/uncertain,annual AFCD cropland-fraction source unavailable; event-year raster alone is insufficient,outside,,,,,,FALSE,FALSE,FALSE,FALSE
10561,2019,1,Depression,outside,62.6996796875,Park dominant,missing/uncertain,annual AFCD cropland-fraction source unavailable; event-year raster alone is insufficient,outside,,,,,,FALSE,FALSE,FALSE,FALSE
10575,2019,1,Depression,outside,63.64157421875,Park dominant,missing/uncertain,annual AFCD cropland-fraction source unavailable; event-year raster alone is insufficient,outside,,,,,,FALSE,FALSE,FALSE,FALSE
10670,2019,1,Depression,outside,63.0634609375,Park dominant,missing/uncertain,annual AFCD cropland-fraction source unavailable; event-year raster alone is insufficient,outside,,,,,,FALSE,FALSE,FALSE,FALSE
11020,2019,1,Depression,outside,62.96824609375,Park dominant,missing/uncertain,annual AFCD cropland-fraction source unavailable; event-year raster alone is insufficient,outside,,,,,,FALSE,FALSE,FALSE,FALSE
11117,2019,1,Depression,outside,62.57994921875,Park dominant,missing/uncertain,annual AFCD cropland-fraction source unavailable; event-year raster alone is insufficient,outside,,,,,,FALSE,FALSE,FALSE,FALSE
12375,2019,1,Depression,outside,60.96310546875,Park dominant,missing/uncertain,annual AFCD cropland-fraction source unavailable; event-year raster alone is insufficient,outside,,,,,,FALSE,FALSE,FALSE,FALSE
12447,2019,1,Depression,outside,59.9270390625,Park dominant,missing/uncertain,annual AFCD cropland-fraction source unavailable; event-year raster alone is insufficient,outside,,,,,,FALSE,FALSE,FALSE,FALSE
12893,2019,1,Depression,outside,59.348546875,Park dominant,missing/uncertain,annual AFCD cropland-fraction source unavailable; event-year raster alone is insufficient,outside,,,,,,FALSE,FALSE,FALSE,FALSE
12899,2019,1,Depression,outside,59.9270390625,Park dominant,missing/uncertain,annual AFCD cropland-fraction source unavailable; event-year raster alone is insufficient,outside,,,,,,FALSE,FALSE,FALSE,FALSE
13334,2019,1,Depression,outside,58.42088671875,Park dominant,missing/uncertain,annual AFCD cropland-fraction source unavailable; event-year raster alone is insufficient,outside,,,,,,FALSE,FALSE,FALSE,FALSE
13342,2019,1,Depression,outside,59.03388671875,Park dominant,missing/uncertain,annual AFCD cropland-fraction source unavailable; event-year raster alone is insufficient,outside,,,,,,FALSE,FALSE,FALSE,FALSE
13719,2019,1,Depression,outside,59.30430078125,Park dominant,missing/uncertain,annual AFCD cropland-fraction source unavailable; event-year raster alone is insufficient,outside,,,,,,FALSE,FALSE,FALSE,FALSE
13771,2019,1,Depression,outside,57.5347734375,Park dominant,missing/uncertain,annual AFCD cropland-fraction source unavailable; event-year raster alone is insufficient,outside,,,,,,FALSE,FALSE,FALSE,FALSE
14230,2019,1,Depression,outside,57.5586640625,Park dominant,missing/uncertain,annual AFCD cropland-fraction source unavailable; event-year raster alone is insufficient,outside,,,,,,FALSE,FALSE,FALSE,FALSE
14250,2019,1,Depression,outside,59.774578125,Park dominant,missing/uncertain,annual AFCD cropland-fraction source unavailable; event-year raster alone is insufficient,outside,,,,,,FALSE,FALSE,FALSE,FALSE
14673,2019,1,Depression,outside,56.81769140625,Park dominant,missing/uncertain,annual AFCD cropland-fraction source unavailable; event-year raster alone is insufficient,outside,,,,,,FALSE,FALSE,FALSE,FALSE
15488,2019,1,Depression,outside,57.870546875,Park dominant,missing/uncertain,annual AFCD cropland-fraction source unavailable; event-year raster alone is insufficient,outside,,,,,,FALSE,FALSE,FALSE,FALSE
15923,2019,1,Depression,outside,56.6414140625,Park dominant,missing/uncertain,annual AFCD cropland-fraction source unavailable; event-year raster alone is insufficient,outside,,,,,,FALSE,FALSE,FALSE,FALSE
15949,2019,1,Depression,outside,57.1358046875,Park dominant,missing/uncertain,annual AFCD cropland-fraction source unavailable; event-year raster alone is insufficient,outside,,,,,,FALSE,FALSE,FALSE,FALSE
16133,2019,1,Depression,outside,112.624375,Park dominant,missing/uncertain,annual AFCD cropland-fraction source unavailable; event-year raster alone is insufficient,outside,,,,,,FALSE,FALSE,FALSE,FALSE
16468,2019,1,Depression,outside,55.32178515625,Park dominant,missing/uncertain,annual AFCD cropland-fraction source unavailable; event-year raster alone is insufficient,outside,,,,,,FALSE,FALSE,FALSE,FALSE
17283,2019,1,Depression,outside,56.29387109375,Park dominant,missing/uncertain,annual AFCD cropland-fraction source unavailable; event-year raster alone is insufficient,outside,,,,,,FALSE,FALSE,FALSE,FALSE
18631,2019,1,Depression,outside,54.17102734375,Park dominant,missing/uncertain,annual AFCD cropland-fraction source unavailable; event-year raster alone is insufficient,outside,,,,,,FALSE,FALSE,FALSE,FALSE
19044,2019,1,Depression,outside,53,Park dominant,missing/uncertain,annual AFCD cropland-fraction source unavailable; event-year raster alone is insufficient,outside,,,,,,FALSE,FALSE,FALSE,FALSE
19077,2019,1,Depression,outside,53.75871875,Park dominant,missing/uncertain,annual AFCD cropland-fraction source unavailable; event-year raster alone is insufficient,outside,,,,,,FALSE,FALSE,FALSE,FALSE
20365,2019,1,Depression,outside,51.2957109375,Park dominant,missing/uncertain,annual AFCD cropland-fraction source unavailable; event-year raster alone is insufficient,outside,,,,,,FALSE,FALSE,FALSE,FALSE
20815,2019,1,Depression,outside,50.98283984375,Park dominant,missing/uncertain,annual AFCD cropland-fraction source unavailable; event-year raster alone is insufficient,outside,,,,,,FALSE,FALSE,FALSE,FALSE
21137,2019,1,Depression,outside,73.961140625,Park dominant,missing/uncertain,annual AFCD cropland-fraction source unavailable; event-year raster alone is insufficient,outside,,,,,,FALSE,FALSE,FALSE,FALSE
21138,2019,1,Depression,outside,73.5934765625,Park dominant,missing/uncertain,annual AFCD cropland-fraction source unavailable; event-year raster alone is insufficient,outside,,,,,,FALSE,FALSE,FALSE,FALSE
21262,2019,1,Depression,outside,50.48762109375,Park dominant,missing/uncertain,annual AFCD cropland-fraction source unavailable; event-year raster alone is insufficient,outside,,,,,,FALSE,FALSE,FALSE,FALSE
21275,2019,1,Depression,outside,50.5098984375,Park dominant,missing/uncertain,annual AFCD cropland-fraction source unavailable; event-year raster alone is insufficient,outside,,,,,,FALSE,FALSE,FALSE,FALSE
22587,2019,1,Depression,outside,48.5,Park dominant,missing/uncertain,annual AFCD cropland-fraction source unavailable; event-year raster alone is insufficient,outside,,,,,,FALSE,FALSE,FALSE,FALSE
22612,2019,1,Depression,outside,49.09175,Park dominant,missing/uncertain,annual AFCD cropland-fraction source unavailable; event-year raster alone is insufficient,outside,,,,,,FALSE,FALSE,FALSE,FALSE
23495,2019,1,Depression,outside,47.87744921875,Park dominant,missing/uncertain,annual AFCD cropland-fraction source unavailable; event-year raster alone is insufficient,outside,,,,,,FALSE,FALSE,FALSE,FALSE
23516,2019,1,Depression,outside,48.0104140625,Park dominant,missing/uncertain,annual AFCD cropland-fraction source unavailable; event-year raster alone is insufficient,outside,,,,,,FALSE,FALSE,FALSE,FALSE
23518,2019,1,Depression,outside,48.0416484375,Park dominant,missing/uncertain,annual AFCD cropland-fraction source unavailable; event-year raster alone is insufficient,outside,,,,,,FALSE,FALSE,FALSE,FALSE
24388,2019,1,Depression,outside,46.824140625,Park dominant,missing/uncertain,annual AFCD cropland-fraction source unavailable; event-year raster alone is insufficient,outside,,,,,,FALSE,FALSE,FALSE,FALSE
24878,2019,1,Depression,outside,47.9009375,Park dominant,missing/uncertain,annual AFCD cropland-fraction source unavailable; event-year raster alone is insufficient,outside,,,,,,FALSE,FALSE,FALSE,FALSE
25718,2019,1,Depression,outside,45,Park dominant,missing/uncertain,annual AFCD cropland-fraction source unavailable; event-year raster alone is insufficient,outside,,,,,,FALSE,FALSE,FALSE,FALSE
27100,2019,1,Depression,outside,44.2831796875,Park dominant,missing/uncertain,annual AFCD cropland-fraction source unavailable; event-year raster alone is insufficient,outside,,,,,,FALSE,FALSE,FALSE,FALSE
27466,2019,1,Depression,outside,47.01063671875,Park dominant,missing/uncertain,annual AFCD cropland-fraction source unavailable; event-year raster alone is insufficient,outside,,,,,,FALSE,FALSE,FALSE,FALSE
28108,2019,1,Depression,outside,45.43676953125,Park dominant,missing/uncertain,annual AFCD cropland-fraction source unavailable; event-year raster alone is insufficient,outside,,,,,,FALSE,FALSE,FALSE,FALSE
28429,2019,1,Depression,outside,42.5,Park dominant,missing/uncertain,annual AFCD cropland-fraction source unavailable; event-year raster alone is insufficient,outside,,,,,,FALSE,FALSE,FALSE,FALSE
28833,2019,1,Depression,outside,41.9314921875,Park dominant,missing/uncertain,annual AFCD cropland-fraction source unavailable; event-year raster alone is insufficient,outside,,,,,,FALSE,FALSE,FALSE,FALSE
28861,2019,1,Depression,outside,42.08622265625,Park dominant,missing/uncertain,annual AFCD cropland-fraction source unavailable; event-year raster alone is insufficient,outside,,,,,,FALSE,FALSE,FALSE,FALSE
29734,2019,1,Depression,outside,40.5770859375,Park dominant,missing/uncertain,annual AFCD cropland-fraction source unavailable; event-year raster alone is insufficient,outside,,,,,,FALSE,FALSE,FALSE,FALSE
31639,2019,1,Depression,outside,37.61980859375,Park dominant,missing/uncertain,annual AFCD cropland-fraction source unavailable; event-year raster alone is insufficient,outside,,,,,,FALSE,FALSE,FALSE,FALSE
31655,2019,1,Depression,outside,37.71273046875,Park dominant,missing/uncertain,annual AFCD cropland-fraction source unavailable; event-year raster alone is insufficient,outside,,,,,,FALSE,FALSE,FALSE,FALSE
32301,2019,1,Depression,outside,70.754859375,Park dominant,missing/uncertain,annual AFCD cropland-fraction source unavailable; event-year raster alone is insufficient,outside,,,,,,FALSE,FALSE,FALSE,FALSE
32823,2019,1,Depression,outside,43.30415625,Park dominant,missing/uncertain,annual AFCD cropland-fraction source unavailable; event-year raster alone is insufficient,outside,,,,,,FALSE,FALSE,FALSE,FALSE
34619,2019,1,Depression,outside,39.5885078125,Park dominant,missing/uncertain,annual AFCD cropland-fraction source unavailable; event-year raster alone is insufficient,outside,,,,,,FALSE,FALSE,FALSE,FALSE
35959,2019,1,Depression,outside,38.512984375,Park dominant,missing/uncertain,annual AFCD cropland-fraction source unavailable; event-year raster alone is insufficient,outside,,,,,,FALSE,FALSE,FALSE,FALSE
36384,2019,1,Depression,outside,44.59820703125,Park dominant,missing/uncertain,annual AFCD cropland-fraction source unavailable; event-year raster alone is insufficient,outside,,,,,,FALSE,FALSE,FALSE,FALSE
36555,2019,1,Depression,outside,32.190837890625,Park dominant,missing/uncertain,annual AFCD cropland-fraction source unavailable; event-year raster alone is insufficient,outside,,,,,,FALSE,FALSE,FALSE,FALSE
36831,2019,1,Depression,outside,44.229515625,Park dominant,missing/uncertain,annual AFCD cropland-fraction source unavailable; event-year raster alone is insufficient,outside,,,,,,FALSE,FALSE,FALSE,FALSE
37736,2019,1,Depression,outside,39.906140625,Park dominant,missing/uncertain,annual AFCD cropland-fraction source unavailable; event-year raster alone is insufficient,outside,,,,,,FALSE,FALSE,FALSE,FALSE
38181,2019,1,Depression,outside,40.14037890625,Park dominant,missing/uncertain,annual AFCD cropland-fraction source unavailable; event-year raster alone is insufficient,outside,,,,,,FALSE,FALSE,FALSE,FALSE
38650,2019,1,Depression,outside,33.7712890625,Park dominant,missing/uncertain,annual AFCD cropland-fraction source unavailable; event-year raster alone is insufficient,outside,,,,,,FALSE,FALSE,FALSE,FALSE
38651,2019,1,Depression,outside,33.5596484375,Park dominant,missing/uncertain,annual AFCD cropland-fraction source unavailable; event-year raster alone is insufficient,outside,,,,,,FALSE,FALSE,FALSE,FALSE
39652,2019,1,Depression,outside,30.103986328125,Park dominant,missing/uncertain,annual AFCD cropland-fraction source unavailable; event-year raster alone is insufficient,outside,,,,,,FALSE,FALSE,FALSE,FALSE
39657,2019,1,Depression,outside,30,Park dominant,missing/uncertain,annual AFCD cropland-fraction source unavailable; event-year raster alone is insufficient,outside,,,,,,FALSE,FALSE,FALSE,FALSE
40098,2019,1,Depression,outside,29.652150390625,Park dominant,missing/uncertain,annual AFCD cropland-fraction source unavailable; event-year raster alone is insufficient,outside,,,,,,FALSE,FALSE,FALSE,FALSE
40100,2019,1,Depression,outside,29.56771875,Park dominant,missing/uncertain,annual AFCD cropland-fraction source unavailable; event-year raster alone is insufficient,outside,,,,,,FALSE,FALSE,FALSE,FALSE
40406,2019,1,Depression,outside,41.74326171875,Park dominant,missing/uncertain,annual AFCD cropland-fraction source unavailable; event-year raster alone is insufficient,outside,,,,,,FALSE,FALSE,FALSE,FALSE
40810,2019,1,Depression,outside,59.05929296875,Park dominant,missing/uncertain,annual AFCD cropland-fraction source unavailable; event-year raster alone is insufficient,outside,,,,,,FALSE,FALSE,FALSE,FALSE
40864,2019,1,Depression,outside,37.5366484375,Park dominant,missing/uncertain,annual AFCD cropland-fraction source unavailable; event-year raster alone is insufficient,outside,,,,,,FALSE,FALSE,FALSE,FALSE
41316,2019,1,Depression,outside,35.53167578125,Park dominant,missing/uncertain,annual AFCD cropland-fraction source unavailable; event-year raster alone is insufficient,outside,,,,,,FALSE,FALSE,FALSE,FALSE
42348,2019,1,Depression,outside,27.2946875,Park dominant,missing/uncertain,annual AFCD cropland-fraction source unavailable; event-year raster alone is insufficient,outside,,,,,,FALSE,FALSE,FALSE,FALSE
42666,2019,1,Depression,outside,31.62277734375,Park dominant,missing/uncertain,annual AFCD cropland-fraction source unavailable; event-year raster alone is insufficient,outside,,,,,,FALSE,FALSE,FALSE,FALSE
42787,2019,1,Depression,outside,26.5,Park dominant,missing/uncertain,annual AFCD cropland-fraction source unavailable; event-year raster alone is insufficient,outside,,,,,,FALSE,FALSE,FALSE,FALSE
43224,2019,1,Depression,outside,26.386548828125,Park dominant,missing/uncertain,annual AFCD cropland-fraction source unavailable; event-year raster alone is insufficient,outside,,,,,,FALSE,FALSE,FALSE,FALSE
43556,2019,1,Depression,outside,32.01562109375,Park dominant,missing/uncertain,annual AFCD cropland-fraction source unavailable; event-year raster alone is insufficient,outside,,,,,,FALSE,FALSE,FALSE,FALSE
44003,2019,1,Depression,outside,31.626728515625,Park dominant,missing/uncertain,annual AFCD cropland-fraction source unavailable; event-year raster alone is insufficient,outside,,,,,,FALSE,FALSE,FALSE,FALSE
44116,2019,1,Depression,outside,25.5978515625,Park dominant,missing/uncertain,annual AFCD cropland-fraction source unavailable; event-year raster alone is insufficient,outside,,,,,,FALSE,FALSE,FALSE,FALSE
44563,2019,1,Depression,outside,25.109759765625,Park dominant,missing/uncertain,annual AFCD cropland-fraction source unavailable; event-year raster alone is insufficient,outside,,,,,,FALSE,FALSE,FALSE,FALSE
44566,2019,1,Depression,outside,24.8243828125,Park dominant,missing/uncertain,annual AFCD cropland-fraction source unavailable; event-year raster alone is insufficient,outside,,,,,,FALSE,FALSE,FALSE,FALSE
45771,2019,1,Depression,outside,37.5,Park dominant,missing/uncertain,annual AFCD cropland-fraction source unavailable; event-year raster alone is insufficient,outside,,,,,,FALSE,FALSE,FALSE,FALSE
47998,2019,1,Depression,outside,39.4461640625,Park dominant,missing/uncertain,annual AFCD cropland-fraction source unavailable; event-year raster alone is insufficient,outside,,,,,,FALSE,FALSE,FALSE,FALSE
50628,2019,1,Depression,outside,62.36184765625,Park dominant,missing/uncertain,annual AFCD cropland-fraction source unavailable; event-year raster alone is insufficient,outside,,,,,,FALSE,FALSE,FALSE,FALSE
52906,2019,1,Depression,outside,41.14000390625,Park dominant,missing/uncertain,annual AFCD cropland-fraction source unavailable; event-year raster alone is insufficient,outside,,,,,,FALSE,FALSE,FALSE,FALSE
52907,2019,1,Depression,outside,40.67247265625,Park dominant,missing/uncertain,annual AFCD cropland-fraction source unavailable; event-year raster alone is insufficient,outside,,,,,,FALSE,FALSE,FALSE,FALSE
52909,2019,1,Depression,outside,39.73977734375,Park dominant,missing/uncertain,annual AFCD cropland-fraction source unavailable; event-year raster alone is insufficient,outside,,,,,,FALSE,FALSE,FALSE,FALSE
53354,2019,1,Depression,outside,40.4969140625,Park dominant,missing/uncertain,annual AFCD cropland-fraction source unavailable; event-year raster alone is insufficient,outside,,,,,,FALSE,FALSE,FALSE,FALSE
53355,2019,1,Depression,outside,40.02811328125,Park dominant,missing/uncertain,annual AFCD cropland-fraction source unavailable; event-year raster alone is insufficient,outside,,,,,,FALSE,FALSE,FALSE,FALSE
53356,2019,1,Depression,outside,39.56008203125,Park dominant,missing/uncertain,annual AFCD cropland-fraction source unavailable; event-year raster alone is insufficient,outside,,,,,,FALSE,FALSE,FALSE,FALSE
53357,2019,1,Depression,outside,39.09283984375,Park dominant,missing/uncertain,annual AFCD cropland-fraction source unavailable; event-year raster alone is insufficient,outside,,,,,,FALSE,FALSE,FALSE,FALSE
53359,2019,1,Depression,outside,38.16084375,Park dominant,missing/uncertain,annual AFCD cropland-fraction source unavailable; event-year raster alone is insufficient,outside,,,,,,FALSE,FALSE,FALSE,FALSE
54246,2019,1,Depression,outside,41.109609375,Park dominant,missing/uncertain,annual AFCD cropland-fraction source unavailable; event-year raster alone is insufficient,outside,,,,,,FALSE,FALSE,FALSE,FALSE
54248,2019,1,Depression,outside,40.162171875,Park dominant,missing/uncertain,annual AFCD cropland-fraction source unavailable; event-year raster alone is insufficient,outside,,,,,,FALSE,FALSE,FALSE,FALSE
54716,2019,1,Depression,outside,30.207615234375,Park dominant,missing/uncertain,annual AFCD cropland-fraction source unavailable; event-year raster alone is insufficient,outside,,,,,,FALSE,FALSE,FALSE,FALSE
56008,2019,1,Depression,outside,53.15073046875,Park dominant,missing/uncertain,annual AFCD cropland-fraction source unavailable; event-year raster alone is insufficient,outside,,,,,,FALSE,FALSE,FALSE,FALSE
56041,2019,1,Depression,outside,37.165171875,Park dominant,missing/uncertain,annual AFCD cropland-fraction source unavailable; event-year raster alone is insufficient,outside,,,,,,FALSE,FALSE,FALSE,FALSE
56450,2019,1,Depression,outside,55.50225390625,Park dominant,missing/uncertain,annual AFCD cropland-fraction source unavailable; event-year raster alone is insufficient,outside,,,,,,FALSE,FALSE,FALSE,FALSE
56499,2019,1,Depression,outside,31.7844296875,Park dominant,missing/uncertain,annual AFCD cropland-fraction source unavailable; event-year raster alone is insufficient,outside,,,,,,FALSE,FALSE,FALSE,FALSE
56902,2019,1,Depression,outside,52.95280859375,Park dominant,missing/uncertain,annual AFCD cropland-fraction source unavailable; event-year raster alone is insufficient,outside,,,,,,FALSE,FALSE,FALSE,FALSE
57834,2019,1,Depression,outside,34.20526171875,Park dominant,missing/uncertain,annual AFCD cropland-fraction source unavailable; event-year raster alone is insufficient,outside,,,,,,FALSE,FALSE,FALSE,FALSE
59738,2019,1,Depression,outside,10.9658564453125,Park dominant,missing/uncertain,annual AFCD cropland-fraction source unavailable; event-year raster alone is insufficient,outside,,,,,,FALSE,FALSE,FALSE,TRUE
60478,2019,1,Depression,outside,50.9116875,Park dominant,missing/uncertain,annual AFCD cropland-fraction source unavailable; event-year raster alone is insufficient,outside,,,,,,FALSE,FALSE,FALSE,FALSE
61076,2019,1,Depression,outside,8.8459033203125,Park dominant,missing/uncertain,annual AFCD cropland-fraction source unavailable; event-year raster alone is insufficient,outside,,,,,,FALSE,FALSE,TRUE,TRUE
61524,2019,1,Depression,outside,8.8459033203125,Park dominant,missing/uncertain,annual AFCD cropland-fraction source unavailable; event-year raster alone is insufficient,outside,,,,,,FALSE,FALSE,TRUE,TRUE
61820,2019,1,Depression,outside,49.5025234375,Park dominant,missing/uncertain,annual AFCD cropland-fraction source unavailable; event-year raster alone is insufficient,outside,,,,,,FALSE,FALSE,FALSE,FALSE
64530,2019,1,Depression,outside,37.52998828125,Park dominant,missing/uncertain,annual AFCD cropland-fraction source unavailable; event-year raster alone is insufficient,outside,,,,,,FALSE,FALSE,FALSE,FALSE
64531,2019,1,Depression,outside,37.03039453125,Park dominant,missing/uncertain,annual AFCD cropland-fraction source unavailable; event-year raster alone is insufficient,outside,,,,,,FALSE,FALSE,FALSE,FALSE
64532,2019,1,Depression,outside,36.53080859375,Park dominant,missing/uncertain,annual AFCD cropland-fraction source unavailable; event-year raster alone is insufficient,outside,,,,,,FALSE,FALSE,FALSE,FALSE
64971,2019,1,Depression,outside,39.24601953125,Park dominant,missing/uncertain,annual AFCD cropland-fraction source unavailable; event-year raster alone is insufficient,outside,,,,,,FALSE,FALSE,FALSE,FALSE
64978,2019,1,Depression,outside,36.8781796875,Park dominant,missing/uncertain,annual AFCD cropland-fraction source unavailable; event-year raster alone is insufficient,outside,,,,,,FALSE,FALSE,FALSE,FALSE
64980,2019,1,Depression,outside,36.01388671875,Park dominant,missing/uncertain,annual AFCD cropland-fraction source unavailable; event-year raster alone is insufficient,outside,,,,,,FALSE,FALSE,FALSE,FALSE
64981,2019,1,Depression,outside,35.51408203125,Park dominant,missing/uncertain,annual AFCD cropland-fraction source unavailable; event-year raster alone is insufficient,outside,,,,,,FALSE,FALSE,FALSE,FALSE
65097,2019,1,Depression,outside,4.71699072265625,Park dominant,missing/uncertain,annual AFCD cropland-fraction source unavailable; event-year raster alone is insufficient,outside,,,,,,FALSE,TRUE,TRUE,TRUE
65421,2019,1,Depression,outside,37.845078125,Park dominant,missing/uncertain,annual AFCD cropland-fraction source unavailable; event-year raster alone is insufficient,outside,,,,,,FALSE,FALSE,FALSE,FALSE
65422,2019,1,Depression,outside,37.50333203125,Park dominant,missing/uncertain,annual AFCD cropland-fraction source unavailable; event-year raster alone is insufficient,outside,,,,,,FALSE,FALSE,FALSE,FALSE
65867,2019,1,Depression,outside,37.83186328125,Park dominant,missing/uncertain,annual AFCD cropland-fraction source unavailable; event-year raster alone is insufficient,outside,,,,,,FALSE,FALSE,FALSE,FALSE
66437,2019,1,Depression,outside,3.20156201171875,Park dominant,missing/uncertain,annual AFCD cropland-fraction source unavailable; event-year raster alone is insufficient,outside,,,,,,FALSE,TRUE,TRUE,TRUE
66881,2019,1,Depression,outside,2.061552734375,Park dominant,missing/uncertain,annual AFCD cropland-fraction source unavailable; event-year raster alone is insufficient,outside,,,,,,FALSE,TRUE,TRUE,TRUE
66884,2019,1,Depression,outside,2.82842724609375,Park dominant,missing/uncertain,annual AFCD cropland-fraction source unavailable; event-year raster alone is insufficient,outside,,,,,,FALSE,TRUE,TRUE,TRUE
69556,2019,1,Depression,inside,-2.5,Park dominant,missing/uncertain,annual AFCD cropland-fraction source unavailable; event-year raster alone is insufficient,inside,,,,,,FALSE,TRUE,TRUE,TRUE
69566,2019,1,Depression,outside,1.11803393554687,Park dominant,missing/uncertain,annual AFCD cropland-fraction source unavailable; event-year raster alone is insufficient,outside,,,,,,FALSE,TRUE,TRUE,TRUE
69893,2019,1,Depression,outside,33.58943359375,Park dominant,missing/uncertain,annual AFCD cropland-fraction source unavailable; event-year raster alone is insufficient,outside,,,,,,FALSE,FALSE,FALSE,FALSE
70304,2019,1,Depression,outside,47.16990625,Park dominant,missing/uncertain,annual AFCD cropland-fraction source unavailable; event-year raster alone is insufficient,outside,,,,,,FALSE,FALSE,FALSE,FALSE
70340,2019,1,Depression,outside,33.23401953125,Park dominant,missing/uncertain,annual AFCD cropland-fraction source unavailable; event-year raster alone is insufficient,outside,,,,,,FALSE,FALSE,FALSE,FALSE
76544,2019,1,Depression,outside,52.20153125,Park dominant,missing/uncertain,annual AFCD cropland-fraction source unavailable; event-year raster alone is insufficient,outside,,,,,,FALSE,FALSE,FALSE,FALSE
76692,2019,1,Depression,inside,-3.35410205078125,Park dominant,missing/uncertain,annual AFCD cropland-fraction source unavailable; event-year raster alone is insufficient,inside,,,,,,FALSE,TRUE,TRUE,TRUE
80170,2019,1,Depression,outside,27.784888671875,Park dominant,missing/uncertain,annual AFCD cropland-fraction source unavailable; event-year raster alone is insufficient,outside,,,,,,FALSE,FALSE,FALSE,FALSE
85169,2019,1,Depression,inside,-0.5,Park dominant,missing/uncertain,annual AFCD cropland-fraction source unavailable; event-year raster alone is insufficient,inside,,,,,,FALSE,TRUE,TRUE,TRUE
91274,2019,1,Depression,outside,59.51890625,Park dominant,missing/uncertain,annual AFCD cropland-fraction source unavailable; event-year raster alone is insufficient,outside,,,,,,FALSE,FALSE,FALSE,FALSE
91688,2019,1,Depression,outside,75.744640625,Park dominant,missing/uncertain,annual AFCD cropland-fraction source unavailable; event-year raster alone is insufficient,outside,,,,,,FALSE,FALSE,FALSE,FALSE
95871,2019,1,Depression,inside,-3.64005493164063,Park dominant,missing/uncertain,annual AFCD cropland-fraction source unavailable; event-year raster alone is insufficient,inside,,,,,,FALSE,TRUE,TRUE,TRUE
97930,2019,1,Depression,outside,76.3708046875,Park dominant,missing/uncertain,annual AFCD cropland-fraction source unavailable; event-year raster alone is insufficient,outside,,,,,,FALSE,FALSE,FALSE,FALSE
98913,2019,1,Depression,outside,39.003203125,Park dominant,missing/uncertain,annual AFCD cropland-fraction source unavailable; event-year raster alone is insufficient,outside,,,,,,FALSE,FALSE,FALSE,FALSE
100681,2019,1,Depression,outside,49.063734375,Park dominant,missing/uncertain,annual AFCD cropland-fraction source unavailable; event-year raster alone is insufficient,outside,,,,,,FALSE,FALSE,FALSE,FALSE
102559,2019,1,Depression,outside,5.83095166015625,Park dominant,missing/uncertain,annual AFCD cropland-fraction source unavailable; event-year raster alone is insufficient,outside,,,,,,FALSE,FALSE,TRUE,TRUE
103354,2019,1,Depression,outside,50.58903125,Park dominant,missing/uncertain,annual AFCD cropland-fraction source unavailable; event-year raster alone is insufficient,outside,,,,,,FALSE,FALSE,FALSE,FALSE
103712,2019,1,Depression,outside,83.4865234375,Park dominant,missing/uncertain,annual AFCD cropland-fraction source unavailable; event-year raster alone is insufficient,outside,,,,,,FALSE,FALSE,FALSE,FALSE
104249,2019,1,Depression,outside,49.54291015625,Park dominant,missing/uncertain,annual AFCD cropland-fraction source unavailable; event-year raster alone is insufficient,outside,,,,,,FALSE,FALSE,FALSE,FALSE
108835,2019,1,Depression,outside,6.94622216796875,Park dominant,missing/uncertain,annual AFCD cropland-fraction source unavailable; event-year raster alone is insufficient,outside,,,,,,FALSE,FALSE,TRUE,TRUE
109109,2019,1,Depression,outside,66.6126875,Park dominant,missing/uncertain,annual AFCD cropland-fraction source unavailable; event-year raster alone is insufficient,outside,,,,,,FALSE,FALSE,FALSE,FALSE
111058,2019,1,Depression,outside,8.200609375,Park dominant,missing/uncertain,annual AFCD cropland-fraction source unavailable; event-year raster alone is insufficient,outside,,,,,,FALSE,FALSE,TRUE,TRUE
111954,2019,1,Depression,outside,6.8007353515625,Park dominant,missing/uncertain,annual AFCD cropland-fraction source unavailable; event-year raster alone is insufficient,outside,,,,,,FALSE,FALSE,TRUE,TRUE
112836,2019,1,Depression,outside,11.2361025390625,Park dominant,missing/uncertain,annual AFCD cropland-fraction source unavailable; event-year raster alone is insufficient,outside,,,,,,FALSE,FALSE,FALSE,TRUE
117313,2019,1,Depression,outside,5.4083271484375,Park dominant,missing/uncertain,annual AFCD cropland-fraction source unavailable; event-year raster alone is insufficient,outside,,,,,,FALSE,FALSE,TRUE,TRUE
118224,2019,1,Depression,inside,-2.23606787109375,Park dominant,missing/uncertain,annual AFCD cropland-fraction source unavailable; event-year raster alone is insufficient,inside,,,,,,FALSE,TRUE,TRUE,TRUE
118634,2019,1,Depression,outside,13.0384052734375,Park dominant,missing/uncertain,annual AFCD cropland-fraction source unavailable; event-year raster alone is insufficient,outside,,,,,,FALSE,FALSE,FALSE,TRUE
160895,2019,1,Depression,outside,48.5926953125,Park dominant,missing/uncertain,annual AFCD cropland-fraction source unavailable; event-year raster alone is insufficient,outside,,,,,,FALSE,FALSE,FALSE,FALSE
837,2020,1,Depression,outside,73.8664296875,Park dominant,missing/uncertain,annual AFCD cropland-fraction source unavailable; event-year raster alone is insufficient,outside,,,,,,FALSE,FALSE,FALSE,FALSE
1205,2020,1,Depression,outside,73.17103125,Park dominant,missing/uncertain,annual AFCD cropland-fraction source unavailable; event-year raster alone is insufficient,outside,,,,,,FALSE,FALSE,FALSE,FALSE
2118,2020,1,Depression,outside,71.599578125,Park dominant,missing/uncertain,annual AFCD cropland-fraction source unavailable; event-year raster alone is insufficient,outside,,,,,,FALSE,FALSE,FALSE,FALSE
2230,2020,1,Depression,outside,81.685375,Park dominant,missing/uncertain,annual AFCD cropland-fraction source unavailable; event-year raster alone is insufficient,outside,,,,,,FALSE,FALSE,FALSE,FALSE
3888,2020,1,Depression,outside,70.1444921875,Park dominant,missing/uncertain,annual AFCD cropland-fraction source unavailable; event-year raster alone is insufficient,outside,,,,,,FALSE,FALSE,FALSE,FALSE
4780,2020,1,Depression,outside,69.218859375,Park dominant,missing/uncertain,annual AFCD cropland-fraction source unavailable; event-year raster alone is insufficient,outside,,,,,,FALSE,FALSE,FALSE,FALSE
8339,2020,1,Depression,outside,66.00946875,Park dominant,missing/uncertain,annual AFCD cropland-fraction source unavailable; event-year raster alone is insufficient,outside,,,,,,FALSE,FALSE,FALSE,FALSE
8374,2020,1,Depression,outside,64.9191796875,Park dominant,missing/uncertain,annual AFCD cropland-fraction source unavailable; event-year raster alone is insufficient,outside,,,,,,FALSE,FALSE,FALSE,FALSE
9237,2020,1,Depression,outside,65.11528125,Park dominant,missing/uncertain,annual AFCD cropland-fraction source unavailable; event-year raster alone is insufficient,outside,,,,,,FALSE,FALSE,FALSE,FALSE
9682,2020,1,Depression,outside,64.71862109375,Park dominant,missing/uncertain,annual AFCD cropland-fraction source unavailable; event-year raster alone is insufficient,outside,,,,,,FALSE,FALSE,FALSE,FALSE
10535,2020,1,Depression,outside,62.45198046875,Park dominant,missing/uncertain,annual AFCD cropland-fraction source unavailable; event-year raster alone is insufficient,outside,,,,,,FALSE,FALSE,FALSE,FALSE
10573,2020,1,Depression,outside,63.4606171875,Park dominant,missing/uncertain,annual AFCD cropland-fraction source unavailable; event-year raster alone is insufficient,outside,,,,,,FALSE,FALSE,FALSE,FALSE
10576,2020,1,Depression,outside,63.7377421875,Park dominant,missing/uncertain,annual AFCD cropland-fraction source unavailable; event-year raster alone is insufficient,outside,,,,,,FALSE,FALSE,FALSE,FALSE
10669,2020,1,Depression,outside,62.9384609375,Park dominant,missing/uncertain,annual AFCD cropland-fraction source unavailable; event-year raster alone is insufficient,outside,,,,,,FALSE,FALSE,FALSE,FALSE
11428,2020,1,Depression,outside,61.40032421875,Park dominant,missing/uncertain,annual AFCD cropland-fraction source unavailable; event-year raster alone is insufficient,outside,,,,,,FALSE,FALSE,FALSE,FALSE
11453,2020,1,Depression,outside,61.6299453125,Park dominant,missing/uncertain,annual AFCD cropland-fraction source unavailable; event-year raster alone is insufficient,outside,,,,,,FALSE,FALSE,FALSE,FALSE
11464,2020,1,Depression,outside,62.2294140625,Park dominant,missing/uncertain,annual AFCD cropland-fraction source unavailable; event-year raster alone is insufficient,outside,,,,,,FALSE,FALSE,FALSE,FALSE
12779,2020,1,Depression,outside,60.0520625,Park dominant,missing/uncertain,annual AFCD cropland-fraction source unavailable; event-year raster alone is insufficient,outside,,,,,,FALSE,FALSE,FALSE,FALSE
12901,2020,1,Depression,outside,60.151890625,Park dominant,missing/uncertain,annual AFCD cropland-fraction source unavailable; event-year raster alone is insufficient,outside,,,,,,FALSE,FALSE,FALSE,FALSE
15388,2020,1,Depression,outside,61.1923203125,Park dominant,missing/uncertain,annual AFCD cropland-fraction source unavailable; event-year raster alone is insufficient,outside,,,,,,FALSE,FALSE,FALSE,FALSE
15478,2020,1,Depression,outside,57.21887890625,Park dominant,missing/uncertain,annual AFCD cropland-fraction source unavailable; event-year raster alone is insufficient,outside,,,,,,FALSE,FALSE,FALSE,FALSE
15922,2020,1,Depression,outside,56.6083046875,Park dominant,missing/uncertain,annual AFCD cropland-fraction source unavailable; event-year raster alone is insufficient,outside,,,,,,FALSE,FALSE,FALSE,FALSE
15924,2020,1,Depression,outside,56.678921875,Park dominant,missing/uncertain,annual AFCD cropland-fraction source unavailable; event-year raster alone is insufficient,outside,,,,,,FALSE,FALSE,FALSE,FALSE
16396,2020,1,Depression,outside,56.6414140625,Park dominant,missing/uncertain,annual AFCD cropland-fraction source unavailable; event-year raster alone is insufficient,outside,,,,,,FALSE,FALSE,FALSE,FALSE
17280,2020,1,Depression,outside,56.29387109375,Park dominant,missing/uncertain,annual AFCD cropland-fraction source unavailable; event-year raster alone is insufficient,outside,,,,,,FALSE,FALSE,FALSE,FALSE
17286,2020,1,Depression,outside,55.9933046875,Park dominant,missing/uncertain,annual AFCD cropland-fraction source unavailable; event-year raster alone is insufficient,outside,,,,,,FALSE,FALSE,FALSE,FALSE
17289,2020,1,Depression,outside,55.7315,Park dominant,missing/uncertain,annual AFCD cropland-fraction source unavailable; event-year raster alone is insufficient,outside,,,,,,FALSE,FALSE,FALSE,FALSE
17699,2020,1,Depression,outside,54.509171875,Park dominant,missing/uncertain,annual AFCD cropland-fraction source unavailable; event-year raster alone is insufficient,outside,,,,,,FALSE,FALSE,FALSE,FALSE
17810,2020,1,Depression,outside,53.93514453125,Park dominant,missing/uncertain,annual AFCD cropland-fraction source unavailable; event-year raster alone is insufficient,outside,,,,,,FALSE,FALSE,FALSE,FALSE
19042,2020,1,Depression,outside,53,Park dominant,missing/uncertain,annual AFCD cropland-fraction source unavailable; event-year raster alone is insufficient,outside,,,,,,FALSE,FALSE,FALSE,FALSE
19078,2020,1,Depression,outside,53.67727734375,Park dominant,missing/uncertain,annual AFCD cropland-fraction source unavailable; event-year raster alone is insufficient,outside,,,,,,FALSE,FALSE,FALSE,FALSE
19782,2020,1,Depression,outside,80.2153359375,Park dominant,missing/uncertain,annual AFCD cropland-fraction source unavailable; event-year raster alone is insufficient,outside,,,,,,FALSE,FALSE,FALSE,FALSE
20366,2020,1,Depression,outside,51.3517265625,Park dominant,missing/uncertain,annual AFCD cropland-fraction source unavailable; event-year raster alone is insufficient,outside,,,,,,FALSE,FALSE,FALSE,FALSE
20367,2020,1,Depression,outside,51.412546875,Park dominant,missing/uncertain,annual AFCD cropland-fraction source unavailable; event-year raster alone is insufficient,outside,,,,,,FALSE,FALSE,FALSE,FALSE
20491,2020,1,Depression,outside,50.8945,Park dominant,missing/uncertain,annual AFCD cropland-fraction source unavailable; event-year raster alone is insufficient,outside,,,,,,FALSE,FALSE,FALSE,FALSE
21258,2020,1,Depression,outside,50.24937890625,Park dominant,missing/uncertain,annual AFCD cropland-fraction source unavailable; event-year raster alone is insufficient,outside,,,,,,FALSE,FALSE,FALSE,FALSE
21261,2020,1,Depression,outside,50.42073046875,Park dominant,missing/uncertain,annual AFCD cropland-fraction source unavailable; event-year raster alone is insufficient,outside,,,,,,FALSE,FALSE,FALSE,FALSE
22137,2020,1,Depression,outside,49.022953125,Park dominant,missing/uncertain,annual AFCD cropland-fraction source unavailable; event-year raster alone is insufficient,outside,,,,,,FALSE,FALSE,FALSE,FALSE
22148,2020,1,Depression,outside,49.09175,Park dominant,missing/uncertain,annual AFCD cropland-fraction source unavailable; event-year raster alone is insufficient,outside,,,,,,FALSE,FALSE,FALSE,FALSE
22572,2020,1,Depression,outside,49.07647265625,Park dominant,missing/uncertain,annual AFCD cropland-fraction source unavailable; event-year raster alone is insufficient,outside,,,,,,FALSE,FALSE,FALSE,FALSE
22590,2020,1,Depression,outside,48.502578125,Park dominant,missing/uncertain,annual AFCD cropland-fraction source unavailable; event-year raster alone is insufficient,outside,,,,,,FALSE,FALSE,FALSE,FALSE
22598,2020,1,Depression,outside,48.70831640625,Park dominant,missing/uncertain,annual AFCD cropland-fraction source unavailable; event-year raster alone is insufficient,outside,,,,,,FALSE,FALSE,FALSE,FALSE
22601,2020,1,Depression,outside,48.8697265625,Park dominant,missing/uncertain,annual AFCD cropland-fraction source unavailable; event-year raster alone is insufficient,outside,,,,,,FALSE,FALSE,FALSE,FALSE
22602,2020,1,Depression,outside,48.93362890625,Park dominant,missing/uncertain,annual AFCD cropland-fraction source unavailable; event-year raster alone is insufficient,outside,,,,,,FALSE,FALSE,FALSE,FALSE
22604,2020,1,Depression,outside,49.07647265625,Park dominant,missing/uncertain,annual AFCD cropland-fraction source unavailable; event-year raster alone is insufficient,outside,,,,,,FALSE,FALSE,FALSE,FALSE
22615,2020,1,Depression,outside,49.022953125,Park dominant,missing/uncertain,annual AFCD cropland-fraction source unavailable; event-year raster alone is insufficient,outside,,,,,,FALSE,FALSE,FALSE,FALSE
23062,2020,1,Depression,outside,48.52319140625,Park dominant,missing/uncertain,annual AFCD cropland-fraction source unavailable; event-year raster alone is insufficient,outside,,,,,,FALSE,FALSE,FALSE,FALSE
23066,2020,1,Depression,outside,48.5,Park dominant,missing/uncertain,annual AFCD cropland-fraction source unavailable; event-year raster alone is insufficient,outside,,,,,,FALSE,FALSE,FALSE,FALSE
24860,2020,1,Depression,outside,46.56715625,Park dominant,missing/uncertain,annual AFCD cropland-fraction source unavailable; event-year raster alone is insufficient,outside,,,,,,FALSE,FALSE,FALSE,FALSE
24957,2020,1,Depression,outside,45.62071875,Park dominant,missing/uncertain,annual AFCD cropland-fraction source unavailable; event-year raster alone is insufficient,outside,,,,,,FALSE,FALSE,FALSE,FALSE
25662,2020,1,Depression,outside,52.47856640625,Park dominant,missing/uncertain,annual AFCD cropland-fraction source unavailable; event-year raster alone is insufficient,outside,,,,,,FALSE,FALSE,FALSE,FALSE
25766,2020,1,Depression,outside,46.2871484375,Park dominant,missing/uncertain,annual AFCD cropland-fraction source unavailable; event-year raster alone is insufficient,outside,,,,,,FALSE,FALSE,FALSE,FALSE
26206,2020,1,Depression,outside,45.27692578125,Park dominant,missing/uncertain,annual AFCD cropland-fraction source unavailable; event-year raster alone is insufficient,outside,,,,,,FALSE,FALSE,FALSE,FALSE
26638,2020,1,Depression,outside,44.5252734375,Park dominant,missing/uncertain,annual AFCD cropland-fraction source unavailable; event-year raster alone is insufficient,outside,,,,,,FALSE,FALSE,FALSE,FALSE
27053,2020,1,Depression,outside,43.545953125,Park dominant,missing/uncertain,annual AFCD cropland-fraction source unavailable; event-year raster alone is insufficient,outside,,,,,,FALSE,FALSE,FALSE,FALSE
27187,2020,1,Depression,outside,42.79310546875,Park dominant,missing/uncertain,annual AFCD cropland-fraction source unavailable; event-year raster alone is insufficient,outside,,,,,,FALSE,FALSE,FALSE,FALSE
27472,2020,1,Depression,outside,45.88027734375,Park dominant,missing/uncertain,annual AFCD cropland-fraction source unavailable; event-year raster alone is insufficient,outside,,,,,,FALSE,FALSE,FALSE,FALSE
27632,2020,1,Depression,outside,42.190046875,Park dominant,missing/uncertain,annual AFCD cropland-fraction source unavailable; event-year raster alone is insufficient,outside,,,,,,FALSE,FALSE,FALSE,FALSE
28076,2020,1,Depression,outside,41.575234375,Park dominant,missing/uncertain,annual AFCD cropland-fraction source unavailable; event-year raster alone is insufficient,outside,,,,,,FALSE,FALSE,FALSE,FALSE
29147,2020,1,Depression,outside,83.29015625,Park dominant,missing/uncertain,annual AFCD cropland-fraction source unavailable; event-year raster alone is insufficient,outside,,,,,,FALSE,FALSE,FALSE,FALSE
29296,2020,1,Depression,outside,41.01219140625,Park dominant,missing/uncertain,annual AFCD cropland-fraction source unavailable; event-year raster alone is insufficient,outside,,,,,,FALSE,FALSE,FALSE,FALSE
29742,2020,1,Depression,outside,40.5030859375,Park dominant,missing/uncertain,annual AFCD cropland-fraction source unavailable; event-year raster alone is insufficient,outside,,,,,,FALSE,FALSE,FALSE,FALSE
30312,2020,1,Depression,outside,39.11521484375,Park dominant,missing/uncertain,annual AFCD cropland-fraction source unavailable; event-year raster alone is insufficient,outside,,,,,,FALSE,FALSE,FALSE,FALSE
30641,2020,1,Depression,outside,39.61376171875,Park dominant,missing/uncertain,annual AFCD cropland-fraction source unavailable; event-year raster alone is insufficient,outside,,,,,,FALSE,FALSE,FALSE,FALSE
32373,2020,1,Depression,outside,44.52246484375,Park dominant,missing/uncertain,annual AFCD cropland-fraction source unavailable; event-year raster alone is insufficient,outside,,,,,,FALSE,FALSE,FALSE,FALSE
34187,2020,1,Depression,outside,37.165171875,Park dominant,missing/uncertain,annual AFCD cropland-fraction source unavailable; event-year raster alone is insufficient,outside,,,,,,FALSE,FALSE,FALSE,FALSE
35934,2020,1,Depression,outside,45.98369140625,Park dominant,missing/uncertain,annual AFCD cropland-fraction source unavailable; event-year raster alone is insufficient,outside,,,,,,FALSE,FALSE,FALSE,FALSE
35947,2020,1,Depression,outside,41.80012109375,Park dominant,missing/uncertain,annual AFCD cropland-fraction source unavailable; event-year raster alone is insufficient,outside,,,,,,FALSE,FALSE,FALSE,FALSE
36415,2020,1,Depression,outside,36.045109375,Park dominant,missing/uncertain,annual AFCD cropland-fraction source unavailable; event-year raster alone is insufficient,outside,,,,,,FALSE,FALSE,FALSE,FALSE
36422,2020,1,Depression,outside,34.7850546875,Park dominant,missing/uncertain,annual AFCD cropland-fraction source unavailable; event-year raster alone is insufficient,outside,,,,,,FALSE,FALSE,FALSE,FALSE
37924,2020,1,Depression,outside,31.945265625,Park dominant,missing/uncertain,annual AFCD cropland-fraction source unavailable; event-year raster alone is insufficient,outside,,,,,,FALSE,FALSE,FALSE,FALSE
38764,2020,1,Depression,outside,31,Park dominant,missing/uncertain,annual AFCD cropland-fraction source unavailable; event-year raster alone is insufficient,outside,,,,,,FALSE,FALSE,FALSE,FALSE
39526,2020,1,Depression,outside,37.71604296875,Park dominant,missing/uncertain,annual AFCD cropland-fraction source unavailable; event-year raster alone is insufficient,outside,,,,,,FALSE,FALSE,FALSE,FALSE
39684,2020,1,Depression,outside,28.714107421875,Park dominant,missing/uncertain,annual AFCD cropland-fraction source unavailable; event-year raster alone is insufficient,outside,,,,,,FALSE,FALSE,FALSE,FALSE
39694,2020,1,Depression,outside,28.504384765625,Park dominant,missing/uncertain,annual AFCD cropland-fraction source unavailable; event-year raster alone is insufficient,outside,,,,,,FALSE,FALSE,FALSE,FALSE
40103,2020,1,Depression,outside,29.504236328125,Park dominant,missing/uncertain,annual AFCD cropland-fraction source unavailable; event-year raster alone is insufficient,outside,,,,,,FALSE,FALSE,FALSE,FALSE
40403,2020,1,Depression,outside,42.85148828125,Park dominant,missing/uncertain,annual AFCD cropland-fraction source unavailable; event-year raster alone is insufficient,outside,,,,,,FALSE,FALSE,FALSE,FALSE
40548,2020,1,Depression,outside,29.038767578125,Park dominant,missing/uncertain,annual AFCD cropland-fraction source unavailable; event-year raster alone is insufficient,outside,,,,,,FALSE,FALSE,FALSE,FALSE
40549,2020,1,Depression,outside,29.017236328125,Park dominant,missing/uncertain,annual AFCD cropland-fraction source unavailable; event-year raster alone is insufficient,outside,,,,,,FALSE,FALSE,FALSE,FALSE
41317,2020,1,Depression,outside,35.21718359375,Park dominant,missing/uncertain,annual AFCD cropland-fraction source unavailable; event-year raster alone is insufficient,outside,,,,,,FALSE,FALSE,FALSE,FALSE
41743,2020,1,Depression,outside,42.25221875,Park dominant,missing/uncertain,annual AFCD cropland-fraction source unavailable; event-year raster alone is insufficient,outside,,,,,,FALSE,FALSE,FALSE,FALSE
42212,2020,1,Depression,outside,34.12476953125,Park dominant,missing/uncertain,annual AFCD cropland-fraction source unavailable; event-year raster alone is insufficient,outside,,,,,,FALSE,FALSE,FALSE,FALSE
42219,2020,1,Depression,outside,32.03513671875,Park dominant,missing/uncertain,annual AFCD cropland-fraction source unavailable; event-year raster alone is insufficient,outside,,,,,,FALSE,FALSE,FALSE,FALSE
42786,2020,1,Depression,outside,26.5,Park dominant,missing/uncertain,annual AFCD cropland-fraction source unavailable; event-year raster alone is insufficient,outside,,,,,,FALSE,FALSE,FALSE,FALSE
43086,2020,1,Depression,outside,40.52776953125,Park dominant,missing/uncertain,annual AFCD cropland-fraction source unavailable; event-year raster alone is insufficient,outside,,,,,,FALSE,FALSE,FALSE,FALSE
43529,2020,1,Depression,outside,41.80012109375,Park dominant,missing/uncertain,annual AFCD cropland-fraction source unavailable; event-year raster alone is insufficient,outside,,,,,,FALSE,FALSE,FALSE,FALSE
45789,2020,1,Depression,outside,30.777427734375,Park dominant,missing/uncertain,annual AFCD cropland-fraction source unavailable; event-year raster alone is insufficient,outside,,,,,,FALSE,FALSE,FALSE,FALSE
46659,2020,1,Depression,outside,39.38591015625,Park dominant,missing/uncertain,annual AFCD cropland-fraction source unavailable; event-year raster alone is insufficient,outside,,,,,,FALSE,FALSE,FALSE,FALSE
49736,2020,1,Depression,outside,61.68468359375,Park dominant,missing/uncertain,annual AFCD cropland-fraction source unavailable; event-year raster alone is insufficient,outside,,,,,,FALSE,FALSE,FALSE,FALSE
59307,2020,1,Depression,outside,12.0208154296875,Park dominant,missing/uncertain,annual AFCD cropland-fraction source unavailable; event-year raster alone is insufficient,outside,,,,,,FALSE,FALSE,FALSE,TRUE
66445,2020,1,Depression,outside,5.2201533203125,Park dominant,missing/uncertain,annual AFCD cropland-fraction source unavailable; event-year raster alone is insufficient,outside,,,,,,FALSE,FALSE,TRUE,TRUE
67775,2020,1,Depression,outside,1.11803393554687,Park dominant,missing/uncertain,annual AFCD cropland-fraction source unavailable; event-year raster alone is insufficient,outside,,,,,,FALSE,TRUE,TRUE,TRUE
67780,2020,1,Depression,outside,2.91547583007813,Park dominant,missing/uncertain,annual AFCD cropland-fraction source unavailable; event-year raster alone is insufficient,outside,,,,,,FALSE,TRUE,TRUE,TRUE
68220,2020,1,Depression,outside,0.5,Park dominant,missing/uncertain,annual AFCD cropland-fraction source unavailable; event-year raster alone is insufficient,outside,,,,,,FALSE,TRUE,TRUE,TRUE
69891,2020,1,Depression,outside,34.2965,Park dominant,missing/uncertain,annual AFCD cropland-fraction source unavailable; event-year raster alone is insufficient,outside,,,,,,FALSE,FALSE,FALSE,FALSE
70012,2020,1,Depression,outside,0.5,Park dominant,missing/uncertain,annual AFCD cropland-fraction source unavailable; event-year raster alone is insufficient,outside,,,,,,FALSE,TRUE,TRUE,TRUE
70459,2020,1,Depression,inside,-0.5,Park dominant,missing/uncertain,annual AFCD cropland-fraction source unavailable; event-year raster alone is insufficient,inside,,,,,,FALSE,TRUE,TRUE,TRUE
72214,2020,1,Depression,inside,-1.80277563476563,Park dominant,missing/uncertain,annual AFCD cropland-fraction source unavailable; event-year raster alone is insufficient,inside,,,,,,FALSE,TRUE,TRUE,TRUE
77614,2020,1,Depression,inside,-6.26498193359375,Park dominant,missing/uncertain,annual AFCD cropland-fraction source unavailable; event-year raster alone is insufficient,inside,,,,,,FALSE,FALSE,TRUE,TRUE
78905,2020,1,Depression,outside,3.60555126953125,Park dominant,missing/uncertain,annual AFCD cropland-fraction source unavailable; event-year raster alone is insufficient,outside,,,,,,FALSE,TRUE,TRUE,TRUE
80585,2020,1,Depression,outside,42.216703125,Park dominant,missing/uncertain,annual AFCD cropland-fraction source unavailable; event-year raster alone is insufficient,outside,,,,,,FALSE,FALSE,FALSE,FALSE
81938,2020,1,Depression,outside,36.05551171875,Park dominant,missing/uncertain,annual AFCD cropland-fraction source unavailable; event-year raster alone is insufficient,outside,,,,,,FALSE,FALSE,FALSE,FALSE
83728,2020,1,Depression,outside,34.48187890625,Park dominant,missing/uncertain,annual AFCD cropland-fraction source unavailable; event-year raster alone is insufficient,outside,,,,,,FALSE,FALSE,FALSE,FALSE
85061,2020,1,Depression,outside,37.963796875,Park dominant,missing/uncertain,annual AFCD cropland-fraction source unavailable; event-year raster alone is insufficient,outside,,,,,,FALSE,FALSE,FALSE,FALSE
88199,2020,1,Depression,outside,32.8823671875,Park dominant,missing/uncertain,annual AFCD cropland-fraction source unavailable; event-year raster alone is insufficient,outside,,,,,,FALSE,FALSE,FALSE,FALSE
92573,2020,1,Depression,outside,78.3150703125,Park dominant,missing/uncertain,annual AFCD cropland-fraction source unavailable; event-year raster alone is insufficient,outside,,,,,,FALSE,FALSE,FALSE,FALSE
93530,2020,1,Depression,outside,48.810859375,Park dominant,missing/uncertain,annual AFCD cropland-fraction source unavailable; event-year raster alone is insufficient,outside,,,,,,FALSE,FALSE,FALSE,FALSE
97484,2020,1,Depression,outside,76.36753125,Park dominant,missing/uncertain,annual AFCD cropland-fraction source unavailable; event-year raster alone is insufficient,outside,,,,,,FALSE,FALSE,FALSE,FALSE
97932,2020,1,Depression,outside,75.660421875,Park dominant,missing/uncertain,annual AFCD cropland-fraction source unavailable; event-year raster alone is insufficient,outside,,,,,,FALSE,FALSE,FALSE,FALSE
98377,2020,1,Depression,outside,76.021375,Park dominant,missing/uncertain,annual AFCD cropland-fraction source unavailable; event-year raster alone is insufficient,outside,,,,,,FALSE,FALSE,FALSE,FALSE
98389,2020,1,Depression,outside,71.8139921875,Park dominant,missing/uncertain,annual AFCD cropland-fraction source unavailable; event-year raster alone is insufficient,outside,,,,,,FALSE,FALSE,FALSE,FALSE
98538,2020,1,Depression,outside,3,Park dominant,missing/uncertain,annual AFCD cropland-fraction source unavailable; event-year raster alone is insufficient,outside,,,,,,FALSE,TRUE,TRUE,TRUE
99270,2020,1,Depression,outside,75.69015625,Park dominant,missing/uncertain,annual AFCD cropland-fraction source unavailable; event-year raster alone is insufficient,outside,,,,,,FALSE,FALSE,FALSE,FALSE
99718,2020,1,Depression,outside,74.983328125,Park dominant,missing/uncertain,annual AFCD cropland-fraction source unavailable; event-year raster alone is insufficient,outside,,,,,,FALSE,FALSE,FALSE,FALSE
102022,2020,1,Depression,outside,48.44842578125,Park dominant,missing/uncertain,annual AFCD cropland-fraction source unavailable; event-year raster alone is insufficient,outside,,,,,,FALSE,FALSE,FALSE,FALSE
102564,2020,1,Depression,outside,3.90512475585938,Park dominant,missing/uncertain,annual AFCD cropland-fraction source unavailable; event-year raster alone is insufficient,outside,,,,,,FALSE,TRUE,TRUE,TRUE
102565,2020,1,Depression,outside,3.53553393554688,Park dominant,missing/uncertain,annual AFCD cropland-fraction source unavailable; event-year raster alone is insufficient,outside,,,,,,FALSE,TRUE,TRUE,TRUE
103266,2020,1,Depression,outside,83.3576640625,Park dominant,missing/uncertain,annual AFCD cropland-fraction source unavailable; event-year raster alone is insufficient,outside,,,,,,FALSE,FALSE,FALSE,FALSE
103802,2020,1,Depression,outside,49.88236328125,Park dominant,missing/uncertain,annual AFCD cropland-fraction source unavailable; event-year raster alone is insufficient,outside,,,,,,FALSE,FALSE,FALSE,FALSE
103803,2020,1,Depression,outside,49.517671875,Park dominant,missing/uncertain,annual AFCD cropland-fraction source unavailable; event-year raster alone is insufficient,outside,,,,,,FALSE,FALSE,FALSE,FALSE
104697,2020,1,Depression,outside,48.8364609375,Park dominant,missing/uncertain,annual AFCD cropland-fraction source unavailable; event-year raster alone is insufficient,outside,,,,,,FALSE,FALSE,FALSE,FALSE
106928,2020,1,Depression,outside,48.72627734375,Park dominant,missing/uncertain,annual AFCD cropland-fraction source unavailable; event-year raster alone is insufficient,outside,,,,,,FALSE,FALSE,FALSE,FALSE
107915,2020,1,Depression,outside,12.727921875,Park dominant,missing/uncertain,annual AFCD cropland-fraction source unavailable; event-year raster alone is insufficient,outside,,,,,,FALSE,FALSE,FALSE,TRUE
108838,2020,1,Depression,outside,6.32455517578125,Park dominant,missing/uncertain,annual AFCD cropland-fraction source unavailable; event-year raster alone is insufficient,outside,,,,,,FALSE,FALSE,TRUE,TRUE
108839,2020,1,Depression,outside,6.10327783203125,Park dominant,missing/uncertain,annual AFCD cropland-fraction source unavailable; event-year raster alone is insufficient,outside,,,,,,FALSE,FALSE,TRUE,TRUE
108840,2020,1,Depression,outside,5.83095166015625,Park dominant,missing/uncertain,annual AFCD cropland-fraction source unavailable; event-year raster alone is insufficient,outside,,,,,,FALSE,FALSE,TRUE,TRUE
109730,2020,1,Depression,outside,6.02079736328125,Park dominant,missing/uncertain,annual AFCD cropland-fraction source unavailable; event-year raster alone is insufficient,outside,,,,,,FALSE,FALSE,TRUE,TRUE
111505,2020,1,Depression,outside,7.9056943359375,Park dominant,missing/uncertain,annual AFCD cropland-fraction source unavailable; event-year raster alone is insufficient,outside,,,,,,FALSE,FALSE,TRUE,TRUE
115095,2020,1,Depression,inside,-0.5,Park dominant,missing/uncertain,annual AFCD cropland-fraction source unavailable; event-year raster alone is insufficient,inside,,,,,,FALSE,TRUE,TRUE,TRUE
115989,2020,1,Depression,inside,-1,Park dominant,missing/uncertain,annual AFCD cropland-fraction source unavailable; event-year raster alone is insufficient,inside,,,,,,FALSE,TRUE,TRUE,TRUE
117777,2020,1,Depression,inside,-2.061552734375,Park dominant,missing/uncertain,annual AFCD cropland-fraction source unavailable; event-year raster alone is insufficient,inside,,,,,,FALSE,TRUE,TRUE,TRUE
118225,2020,1,Depression,inside,-2.69258251953125,Park dominant,missing/uncertain,annual AFCD cropland-fraction source unavailable; event-year raster alone is insufficient,inside,,,,,,FALSE,TRUE,TRUE,TRUE
131958,2020,1,Depression,outside,30.700162109375,Park dominant,missing/uncertain,annual AFCD cropland-fraction source unavailable; event-year raster alone is insufficient,outside,,,,,,FALSE,FALSE,FALSE,FALSE
775,2021,1,Depression,outside,73.2546953125,Park dominant,missing/uncertain,annual AFCD cropland-fraction source unavailable; event-year raster alone is insufficient,outside,,,,,,TRUE,FALSE,FALSE,FALSE
1227,2021,1,Depression,outside,72.341203125,Park dominant,missing/uncertain,annual AFCD cropland-fraction source unavailable; event-year raster alone is insufficient,outside,,,,,,TRUE,FALSE,FALSE,FALSE
1284,2021,1,Depression,outside,73.37915625,Park dominant,missing/uncertain,annual AFCD cropland-fraction source unavailable; event-year raster alone is insufficient,outside,,,,,,TRUE,FALSE,FALSE,FALSE
2175,2021,1,Depression,outside,72.0780859375,Park dominant,missing/uncertain,annual AFCD cropland-fraction source unavailable; event-year raster alone is insufficient,outside,,,,,,TRUE,FALSE,FALSE,FALSE
2552,2021,1,Depression,outside,71.52796875,Park dominant,missing/uncertain,annual AFCD cropland-fraction source unavailable; event-year raster alone is insufficient,outside,,,,,,TRUE,FALSE,FALSE,FALSE
4354,2021,1,Depression,outside,69.050703125,Park dominant,missing/uncertain,annual AFCD cropland-fraction source unavailable; event-year raster alone is insufficient,outside,,,,,,TRUE,FALSE,FALSE,FALSE
5650,2021,1,Depression,outside,68.46896875,Park dominant,missing/uncertain,annual AFCD cropland-fraction source unavailable; event-year raster alone is insufficient,outside,,,,,,TRUE,FALSE,FALSE,FALSE
6139,2021,1,Depression,outside,67.36653125,Park dominant,missing/uncertain,annual AFCD cropland-fraction source unavailable; event-year raster alone is insufficient,outside,,,,,,TRUE,FALSE,FALSE,FALSE
6988,2021,1,Depression,outside,66.8169140625,Park dominant,missing/uncertain,annual AFCD cropland-fraction source unavailable; event-year raster alone is insufficient,outside,,,,,,TRUE,FALSE,FALSE,FALSE
8780,2021,1,Depression,outside,65.05766796875,Park dominant,missing/uncertain,annual AFCD cropland-fraction source unavailable; event-year raster alone is insufficient,outside,,,,,,TRUE,FALSE,FALSE,FALSE
9235,2021,1,Depression,outside,65.20927734375,Park dominant,missing/uncertain,annual AFCD cropland-fraction source unavailable; event-year raster alone is insufficient,outside,,,,,,TRUE,FALSE,FALSE,FALSE
9320,2021,1,Depression,outside,63.5491953125,Park dominant,missing/uncertain,annual AFCD cropland-fraction source unavailable; event-year raster alone is insufficient,outside,,,,,,TRUE,FALSE,FALSE,FALSE
9681,2021,1,Depression,outside,64.62391015625,Park dominant,missing/uncertain,annual AFCD cropland-fraction source unavailable; event-year raster alone is insufficient,outside,,,,,,TRUE,FALSE,FALSE,FALSE
9765,2021,1,Depression,outside,62.882828125,Park dominant,missing/uncertain,annual AFCD cropland-fraction source unavailable; event-year raster alone is insufficient,outside,,,,,,TRUE,FALSE,FALSE,FALSE
10216,2021,1,Depression,outside,62.75746875,Park dominant,missing/uncertain,annual AFCD cropland-fraction source unavailable; event-year raster alone is insufficient,outside,,,,,,TRUE,FALSE,FALSE,FALSE
10236,2021,1,Depression,outside,65.486640625,Park dominant,missing/uncertain,annual AFCD cropland-fraction source unavailable; event-year raster alone is insufficient,outside,,,,,,TRUE,FALSE,FALSE,FALSE
10569,2021,1,Depression,outside,63.14467578125,Park dominant,missing/uncertain,annual AFCD cropland-fraction source unavailable; event-year raster alone is insufficient,outside,,,,,,TRUE,FALSE,FALSE,FALSE
10577,2021,1,Depression,outside,63.7377421875,Park dominant,missing/uncertain,annual AFCD cropland-fraction source unavailable; event-year raster alone is insufficient,outside,,,,,,TRUE,FALSE,FALSE,FALSE
11564,2021,1,Depression,outside,62.09669921875,Park dominant,missing/uncertain,annual AFCD cropland-fraction source unavailable; event-year raster alone is insufficient,outside,,,,,,TRUE,FALSE,FALSE,FALSE
11565,2021,1,Depression,outside,62.22740625,Park dominant,missing/uncertain,annual AFCD cropland-fraction source unavailable; event-year raster alone is insufficient,outside,,,,,,TRUE,FALSE,FALSE,FALSE
11913,2021,1,Depression,outside,61.89709375,Park dominant,missing/uncertain,annual AFCD cropland-fraction source unavailable; event-year raster alone is insufficient,outside,,,,,,TRUE,FALSE,FALSE,FALSE
11996,2021,1,Depression,outside,60.104078125,Park dominant,missing/uncertain,annual AFCD cropland-fraction source unavailable; event-year raster alone is insufficient,outside,,,,,,TRUE,FALSE,FALSE,FALSE
12004,2021,1,Depression,outside,60.79884765625,Park dominant,missing/uncertain,annual AFCD cropland-fraction source unavailable; event-year raster alone is insufficient,outside,,,,,,TRUE,FALSE,FALSE,FALSE
12810,2021,1,Depression,outside,61.188234375,Park dominant,missing/uncertain,annual AFCD cropland-fraction source unavailable; event-year raster alone is insufficient,outside,,,,,,TRUE,FALSE,FALSE,FALSE
13253,2021,1,Depression,outside,60.334484375,Park dominant,missing/uncertain,annual AFCD cropland-fraction source unavailable; event-year raster alone is insufficient,outside,,,,,,TRUE,FALSE,FALSE,FALSE
13326,2021,1,Depression,outside,58.07753515625,Park dominant,missing/uncertain,annual AFCD cropland-fraction source unavailable; event-year raster alone is insufficient,outside,,,,,,TRUE,FALSE,FALSE,FALSE
13785,2021,1,Depression,outside,58.2000859375,Park dominant,missing/uncertain,annual AFCD cropland-fraction source unavailable; event-year raster alone is insufficient,outside,,,,,,TRUE,FALSE,FALSE,FALSE
14160,2021,1,Depression,outside,59.1882578125,Park dominant,missing/uncertain,annual AFCD cropland-fraction source unavailable; event-year raster alone is insufficient,outside,,,,,,TRUE,FALSE,FALSE,FALSE
14249,2021,1,Depression,outside,59.62591796875,Park dominant,missing/uncertain,annual AFCD cropland-fraction source unavailable; event-year raster alone is insufficient,outside,,,,,,TRUE,FALSE,FALSE,FALSE
14555,2021,1,Depression,outside,57.8121953125,Park dominant,missing/uncertain,annual AFCD cropland-fraction source unavailable; event-year raster alone is insufficient,outside,,,,,,TRUE,FALSE,FALSE,FALSE
14696,2021,1,Depression,outside,59.14812109375,Park dominant,missing/uncertain,annual AFCD cropland-fraction source unavailable; event-year raster alone is insufficient,outside,,,,,,TRUE,FALSE,FALSE,FALSE
14697,2021,1,Depression,outside,59.2979765625,Park dominant,missing/uncertain,annual AFCD cropland-fraction source unavailable; event-year raster alone is insufficient,outside,,,,,,TRUE,FALSE,FALSE,FALSE
15951,2021,1,Depression,outside,56.99561328125,Park dominant,missing/uncertain,annual AFCD cropland-fraction source unavailable; event-year raster alone is insufficient,outside,,,,,,TRUE,FALSE,FALSE,FALSE
16383,2021,1,Depression,outside,56.97587109375,Park dominant,missing/uncertain,annual AFCD cropland-fraction source unavailable; event-year raster alone is insufficient,outside,,,,,,TRUE,FALSE,FALSE,FALSE
16390,2021,1,Depression,outside,57.168609375,Park dominant,missing/uncertain,annual AFCD cropland-fraction source unavailable; event-year raster alone is insufficient,outside,,,,,,TRUE,FALSE,FALSE,FALSE
16831,2021,1,Depression,outside,56.57958984375,Park dominant,missing/uncertain,annual AFCD cropland-fraction source unavailable; event-year raster alone is insufficient,outside,,,,,,TRUE,FALSE,FALSE,FALSE
16843,2021,1,Depression,outside,56.14712890625,Park dominant,missing/uncertain,annual AFCD cropland-fraction source unavailable; event-year raster alone is insufficient,outside,,,,,,TRUE,FALSE,FALSE,FALSE
17362,2021,1,Depression,outside,54.33691015625,Park dominant,missing/uncertain,annual AFCD cropland-fraction source unavailable; event-year raster alone is insufficient,outside,,,,,,TRUE,FALSE,FALSE,FALSE
17719,2021,1,Depression,outside,55.08402734375,Park dominant,missing/uncertain,annual AFCD cropland-fraction source unavailable; event-year raster alone is insufficient,outside,,,,,,TRUE,FALSE,FALSE,FALSE
17809,2021,1,Depression,outside,53.84468359375,Park dominant,missing/uncertain,annual AFCD cropland-fraction source unavailable; event-year raster alone is insufficient,outside,,,,,,TRUE,FALSE,FALSE,FALSE
18178,2021,1,Depression,outside,55.2109609375,Park dominant,missing/uncertain,annual AFCD cropland-fraction source unavailable; event-year raster alone is insufficient,outside,,,,,,TRUE,FALSE,FALSE,FALSE
19053,2021,1,Depression,outside,53.1906953125,Park dominant,missing/uncertain,annual AFCD cropland-fraction source unavailable; event-year raster alone is insufficient,outside,,,,,,TRUE,FALSE,FALSE,FALSE
19072,2021,1,Depression,outside,54.23329296875,Park dominant,missing/uncertain,annual AFCD cropland-fraction source unavailable; event-year raster alone is insufficient,outside,,,,,,TRUE,FALSE,FALSE,FALSE
19926,2021,1,Depression,outside,52.23983203125,Park dominant,missing/uncertain,annual AFCD cropland-fraction source unavailable; event-year raster alone is insufficient,outside,,,,,,TRUE,FALSE,FALSE,FALSE
19936,2021,1,Depression,outside,52,Park dominant,missing/uncertain,annual AFCD cropland-fraction source unavailable; event-year raster alone is insufficient,outside,,,,,,TRUE,FALSE,FALSE,FALSE
19946,2021,1,Depression,outside,52.15362109375,Park dominant,missing/uncertain,annual AFCD cropland-fraction source unavailable; event-year raster alone is insufficient,outside,,,,,,TRUE,FALSE,FALSE,FALSE
19965,2021,1,Depression,outside,53.36665625,Park dominant,missing/uncertain,annual AFCD cropland-fraction source unavailable; event-year raster alone is insufficient,outside,,,,,,TRUE,FALSE,FALSE,FALSE
20364,2021,1,Depression,outside,51.24451171875,Park dominant,missing/uncertain,annual AFCD cropland-fraction source unavailable; event-year raster alone is insufficient,outside,,,,,,TRUE,FALSE,FALSE,FALSE
20374,2021,1,Depression,outside,51.6962265625,Park dominant,missing/uncertain,annual AFCD cropland-fraction source unavailable; event-year raster alone is insufficient,outside,,,,,,TRUE,FALSE,FALSE,FALSE
20412,2021,1,Depression,outside,52.87958203125,Park dominant,missing/uncertain,annual AFCD cropland-fraction source unavailable; event-year raster alone is insufficient,outside,,,,,,TRUE,FALSE,FALSE,FALSE
20791,2021,1,Depression,outside,50.65816796875,Park dominant,missing/uncertain,annual AFCD cropland-fraction source unavailable; event-year raster alone is insufficient,outside,,,,,,TRUE,FALSE,FALSE,FALSE
20945,2021,1,Depression,outside,51.178609375,Park dominant,missing/uncertain,annual AFCD cropland-fraction source unavailable; event-year raster alone is insufficient,outside,,,,,,TRUE,FALSE,FALSE,FALSE
21984,2021,1,Depression,outside,92.1140625,Park dominant,missing/uncertain,annual AFCD cropland-fraction source unavailable; event-year raster alone is insufficient,outside,,,,,,TRUE,FALSE,FALSE,FALSE
21987,2021,1,Depression,outside,90.8473984375,Park dominant,missing/uncertain,annual AFCD cropland-fraction source unavailable; event-year raster alone is insufficient,outside,,,,,,TRUE,FALSE,FALSE,FALSE
22130,2021,1,Depression,outside,49.25444140625,Park dominant,missing/uncertain,annual AFCD cropland-fraction source unavailable; event-year raster alone is insufficient,outside,,,,,,TRUE,FALSE,FALSE,FALSE
22147,2021,1,Depression,outside,49.063734375,Park dominant,missing/uncertain,annual AFCD cropland-fraction source unavailable; event-year raster alone is insufficient,outside,,,,,,TRUE,FALSE,FALSE,FALSE
22149,2021,1,Depression,outside,49.12483984375,Park dominant,missing/uncertain,annual AFCD cropland-fraction source unavailable; event-year raster alone is insufficient,outside,,,,,,TRUE,FALSE,FALSE,FALSE
22172,2021,1,Depression,outside,49.5,Park dominant,missing/uncertain,annual AFCD cropland-fraction source unavailable; event-year raster alone is insufficient,outside,,,,,,TRUE,FALSE,FALSE,FALSE
22591,2021,1,Depression,outside,48.51030859375,Park dominant,missing/uncertain,annual AFCD cropland-fraction source unavailable; event-year raster alone is insufficient,outside,,,,,,TRUE,FALSE,FALSE,FALSE
23034,2021,1,Depression,outside,48,Park dominant,missing/uncertain,annual AFCD cropland-fraction source unavailable; event-year raster alone is insufficient,outside,,,,,,TRUE,FALSE,FALSE,FALSE
23067,2021,1,Depression,outside,48.5,Park dominant,missing/uncertain,annual AFCD cropland-fraction source unavailable; event-year raster alone is insufficient,outside,,,,,,TRUE,FALSE,FALSE,FALSE
23091,2021,1,Depression,outside,49.962484375,Park dominant,missing/uncertain,annual AFCD cropland-fraction source unavailable; event-year raster alone is insufficient,outside,,,,,,TRUE,FALSE,FALSE,FALSE
23095,2021,1,Depression,outside,49.8447578125,Park dominant,missing/uncertain,annual AFCD cropland-fraction source unavailable; event-year raster alone is insufficient,outside,,,,,,TRUE,FALSE,FALSE,FALSE
23487,2021,1,Depression,outside,47.5420859375,Park dominant,missing/uncertain,annual AFCD cropland-fraction source unavailable; event-year raster alone is insufficient,outside,,,,,,TRUE,FALSE,FALSE,FALSE
23505,2021,1,Depression,outside,48.12743359375,Park dominant,missing/uncertain,annual AFCD cropland-fraction source unavailable; event-year raster alone is insufficient,outside,,,,,,TRUE,FALSE,FALSE,FALSE
23817,2021,1,Depression,outside,72.7272265625,Park dominant,missing/uncertain,annual AFCD cropland-fraction source unavailable; event-year raster alone is insufficient,outside,,,,,,TRUE,FALSE,FALSE,FALSE
23950,2021,1,Depression,outside,47.71268359375,Park dominant,missing/uncertain,annual AFCD cropland-fraction source unavailable; event-year raster alone is insufficient,outside,,,,,,TRUE,FALSE,FALSE,FALSE
24396,2021,1,Depression,outside,47.2652109375,Park dominant,missing/uncertain,annual AFCD cropland-fraction source unavailable; event-year raster alone is insufficient,outside,,,,,,TRUE,FALSE,FALSE,FALSE
24847,2021,1,Depression,outside,46.596671875,Park dominant,missing/uncertain,annual AFCD cropland-fraction source unavailable; event-year raster alone is insufficient,outside,,,,,,TRUE,FALSE,FALSE,FALSE
24956,2021,1,Depression,outside,45.54119140625,Park dominant,missing/uncertain,annual AFCD cropland-fraction source unavailable; event-year raster alone is insufficient,outside,,,,,,TRUE,FALSE,FALSE,FALSE
25262,2021,1,Depression,outside,45.63441796875,Park dominant,missing/uncertain,annual AFCD cropland-fraction source unavailable; event-year raster alone is insufficient,outside,,,,,,TRUE,FALSE,FALSE,FALSE
25702,2021,1,Depression,outside,45.54119140625,Park dominant,missing/uncertain,annual AFCD cropland-fraction source unavailable; event-year raster alone is insufficient,outside,,,,,,TRUE,FALSE,FALSE,FALSE
25727,2021,1,Depression,outside,45.22444140625,Park dominant,missing/uncertain,annual AFCD cropland-fraction source unavailable; event-year raster alone is insufficient,outside,,,,,,TRUE,FALSE,FALSE,FALSE
25852,2021,1,Depression,outside,44.721359375,Park dominant,missing/uncertain,annual AFCD cropland-fraction source unavailable; event-year raster alone is insufficient,outside,,,,,,TRUE,FALSE,FALSE,FALSE
26130,2021,1,Depression,outside,47.46051171875,Park dominant,missing/uncertain,annual AFCD cropland-fraction source unavailable; event-year raster alone is insufficient,outside,,,,,,TRUE,FALSE,FALSE,FALSE
26165,2021,1,Depression,outside,44.5,Park dominant,missing/uncertain,annual AFCD cropland-fraction source unavailable; event-year raster alone is insufficient,outside,,,,,,TRUE,FALSE,FALSE,FALSE
26284,2021,1,Depression,outside,43.502875,Park dominant,missing/uncertain,annual AFCD cropland-fraction source unavailable; event-year raster alone is insufficient,outside,,,,,,TRUE,FALSE,FALSE,FALSE
26581,2021,1,Depression,outside,46.32763671875,Park dominant,missing/uncertain,annual AFCD cropland-fraction source unavailable; event-year raster alone is insufficient,outside,,,,,,TRUE,FALSE,FALSE,FALSE
27026,2021,1,Depression,outside,46.179,Park dominant,missing/uncertain,annual AFCD cropland-fraction source unavailable; event-year raster alone is insufficient,outside,,,,,,TRUE,FALSE,FALSE,FALSE
27076,2021,1,Depression,outside,44.3226796875,Park dominant,missing/uncertain,annual AFCD cropland-fraction source unavailable; event-year raster alone is insufficient,outside,,,,,,TRUE,FALSE,FALSE,FALSE
27501,2021,1,Depression,outside,43.02615625,Park dominant,missing/uncertain,annual AFCD cropland-fraction source unavailable; event-year raster alone is insufficient,outside,,,,,,TRUE,FALSE,FALSE,FALSE
27502,2021,1,Depression,outside,43.011625,Park dominant,missing/uncertain,annual AFCD cropland-fraction source unavailable; event-year raster alone is insufficient,outside,,,,,,TRUE,FALSE,FALSE,FALSE
27504,2021,1,Depression,outside,43,Park dominant,missing/uncertain,annual AFCD cropland-fraction source unavailable; event-year raster alone is insufficient,outside,,,,,,TRUE,FALSE,FALSE,FALSE
27629,2021,1,Depression,outside,42.07433984375,Park dominant,missing/uncertain,annual AFCD cropland-fraction source unavailable; event-year raster alone is insufficient,outside,,,,,,TRUE,FALSE,FALSE,FALSE
28080,2021,1,Depression,outside,41.74326171875,Park dominant,missing/uncertain,annual AFCD cropland-fraction source unavailable; event-year raster alone is insufficient,outside,,,,,,TRUE,FALSE,FALSE,FALSE
28277,2021,1,Depression,outside,73.6495078125,Park dominant,missing/uncertain,annual AFCD cropland-fraction source unavailable; event-year raster alone is insufficient,outside,,,,,,TRUE,FALSE,FALSE,FALSE
29425,2021,1,Depression,outside,40.52468359375,Park dominant,missing/uncertain,annual AFCD cropland-fraction source unavailable; event-year raster alone is insufficient,outside,,,,,,TRUE,FALSE,FALSE,FALSE
29432,2021,1,Depression,outside,41.2310546875,Park dominant,missing/uncertain,annual AFCD cropland-fraction source unavailable; event-year raster alone is insufficient,outside,,,,,,TRUE,FALSE,FALSE,FALSE
30321,2021,1,Depression,outside,39.71460546875,Park dominant,missing/uncertain,annual AFCD cropland-fraction source unavailable; event-year raster alone is insufficient,outside,,,,,,TRUE,FALSE,FALSE,FALSE
30747,2021,1,Depression,outside,38.5519140625,Park dominant,missing/uncertain,annual AFCD cropland-fraction source unavailable; event-year raster alone is insufficient,outside,,,,,,TRUE,FALSE,FALSE,FALSE
31026,2021,1,Depression,outside,47.4341640625,Park dominant,missing/uncertain,annual AFCD cropland-fraction source unavailable; event-year raster alone is insufficient,outside,,,,,,TRUE,FALSE,FALSE,FALSE
31089,2021,1,Depression,outside,39.15673828125,Park dominant,missing/uncertain,annual AFCD cropland-fraction source unavailable; event-year raster alone is insufficient,outside,,,,,,TRUE,FALSE,FALSE,FALSE
31921,2021,1,Depression,outside,46.32763671875,Park dominant,missing/uncertain,annual AFCD cropland-fraction source unavailable; event-year raster alone is insufficient,outside,,,,,,TRUE,FALSE,FALSE,FALSE
32547,2021,1,Depression,outside,36.62308203125,Park dominant,missing/uncertain,annual AFCD cropland-fraction source unavailable; event-year raster alone is insufficient,outside,,,,,,TRUE,FALSE,FALSE,FALSE
33284,2021,1,Depression,outside,39.65476171875,Park dominant,missing/uncertain,annual AFCD cropland-fraction source unavailable; event-year raster alone is insufficient,outside,,,,,,TRUE,FALSE,FALSE,FALSE
33717,2021,1,Depression,outside,42.4529140625,Park dominant,missing/uncertain,annual AFCD cropland-fraction source unavailable; event-year raster alone is insufficient,outside,,,,,,TRUE,FALSE,FALSE,FALSE
34345,2021,1,Depression,outside,35.415390625,Park dominant,missing/uncertain,annual AFCD cropland-fraction source unavailable; event-year raster alone is insufficient,outside,,,,,,TRUE,FALSE,FALSE,FALSE
34346,2021,1,Depression,outside,35.53167578125,Park dominant,missing/uncertain,annual AFCD cropland-fraction source unavailable; event-year raster alone is insufficient,outside,,,,,,TRUE,FALSE,FALSE,FALSE
34347,2021,1,Depression,outside,35.65459375,Park dominant,missing/uncertain,annual AFCD cropland-fraction source unavailable; event-year raster alone is insufficient,outside,,,,,,TRUE,FALSE,FALSE,FALSE
35053,2021,1,Depression,outside,42.60575,Park dominant,missing/uncertain,annual AFCD cropland-fraction source unavailable; event-year raster alone is insufficient,outside,,,,,,TRUE,FALSE,FALSE,FALSE
35062,2021,1,Depression,outside,40.13103515625,Park dominant,missing/uncertain,annual AFCD cropland-fraction source unavailable; event-year raster alone is insufficient,outside,,,,,,TRUE,FALSE,FALSE,FALSE
35210,2021,1,Depression,outside,33.9484921875,Park dominant,missing/uncertain,annual AFCD cropland-fraction source unavailable; event-year raster alone is insufficient,outside,,,,,,TRUE,FALSE,FALSE,FALSE
35682,2021,1,Depression,outside,33.54101953125,Park dominant,missing/uncertain,annual AFCD cropland-fraction source unavailable; event-year raster alone is insufficient,outside,,,,,,TRUE,FALSE,FALSE,FALSE
37289,2021,1,Depression,outside,40.301984375,Park dominant,missing/uncertain,annual AFCD cropland-fraction source unavailable; event-year raster alone is insufficient,outside,,,,,,TRUE,FALSE,FALSE,FALSE
37474,2021,1,Depression,outside,32.01562109375,Park dominant,missing/uncertain,annual AFCD cropland-fraction source unavailable; event-year raster alone is insufficient,outside,,,,,,TRUE,FALSE,FALSE,FALSE
39210,2021,1,Depression,outside,30.5,Park dominant,missing/uncertain,annual AFCD cropland-fraction source unavailable; event-year raster alone is insufficient,outside,,,,,,TRUE,FALSE,FALSE,FALSE
39656,2021,1,Depression,outside,30.004166015625,Park dominant,missing/uncertain,annual AFCD cropland-fraction source unavailable; event-year raster alone is insufficient,outside,,,,,,TRUE,FALSE,FALSE,FALSE
40101,2021,1,Depression,outside,29.538111328125,Park dominant,missing/uncertain,annual AFCD cropland-fraction source unavailable; event-year raster alone is insufficient,outside,,,,,,TRUE,FALSE,FALSE,FALSE
40139,2021,1,Depression,outside,28,Park dominant,missing/uncertain,annual AFCD cropland-fraction source unavailable; event-year raster alone is insufficient,outside,,,,,,TRUE,FALSE,FALSE,FALSE
41773,2021,1,Depression,outside,32.17530078125,Park dominant,missing/uncertain,annual AFCD cropland-fraction source unavailable; event-year raster alone is insufficient,outside,,,,,,TRUE,FALSE,FALSE,FALSE
42334,2021,1,Depression,outside,27.115494140625,Park dominant,missing/uncertain,annual AFCD cropland-fraction source unavailable; event-year raster alone is insufficient,outside,,,,,,TRUE,FALSE,FALSE,FALSE
42780,2021,1,Depression,outside,26.669271484375,Park dominant,missing/uncertain,annual AFCD cropland-fraction source unavailable; event-year raster alone is insufficient,outside,,,,,,TRUE,FALSE,FALSE,FALSE
42797,2021,1,Depression,outside,26.967572265625,Park dominant,missing/uncertain,annual AFCD cropland-fraction source unavailable; event-year raster alone is insufficient,outside,,,,,,TRUE,FALSE,FALSE,FALSE
43087,2021,1,Depression,outside,40.14037890625,Park dominant,missing/uncertain,annual AFCD cropland-fraction source unavailable; event-year raster alone is insufficient,outside,,,,,,TRUE,FALSE,FALSE,FALSE
44564,2021,1,Depression,outside,25.005,Park dominant,missing/uncertain,annual AFCD cropland-fraction source unavailable; event-year raster alone is insufficient,outside,,,,,,TRUE,FALSE,FALSE,FALSE
47991,2021,1,Depression,outside,42.5,Park dominant,missing/uncertain,annual AFCD cropland-fraction source unavailable; event-year raster alone is insufficient,outside,,,,,,TRUE,FALSE,FALSE,FALSE
48892,2021,1,Depression,outside,38.94868359375,Park dominant,missing/uncertain,annual AFCD cropland-fraction source unavailable; event-year raster alone is insufficient,outside,,,,,,TRUE,FALSE,FALSE,FALSE
49895,2021,1,Depression,outside,18.927494140625,Park dominant,missing/uncertain,annual AFCD cropland-fraction source unavailable; event-year raster alone is insufficient,outside,,,,,,TRUE,FALSE,FALSE,TRUE
50698,2021,1,Depression,outside,30.23243359375,Park dominant,missing/uncertain,annual AFCD cropland-fraction source unavailable; event-year raster alone is insufficient,outside,,,,,,TRUE,FALSE,FALSE,FALSE
52017,2021,1,Depression,outside,39.1950234375,Park dominant,missing/uncertain,annual AFCD cropland-fraction source unavailable; event-year raster alone is insufficient,outside,,,,,,TRUE,FALSE,FALSE,FALSE
53800,2021,1,Depression,outside,40.79828515625,Park dominant,missing/uncertain,annual AFCD cropland-fraction source unavailable; event-year raster alone is insufficient,outside,,,,,,TRUE,FALSE,FALSE,FALSE
54220,2021,1,Depression,outside,53.600375,Park dominant,missing/uncertain,annual AFCD cropland-fraction source unavailable; event-year raster alone is insufficient,outside,,,,,,TRUE,FALSE,FALSE,FALSE
54665,2021,1,Depression,outside,54.454109375,Park dominant,missing/uncertain,annual AFCD cropland-fraction source unavailable; event-year raster alone is insufficient,outside,,,,,,TRUE,FALSE,FALSE,FALSE
55559,2021,1,Depression,outside,54.23329296875,Park dominant,missing/uncertain,annual AFCD cropland-fraction source unavailable; event-year raster alone is insufficient,outside,,,,,,TRUE,FALSE,FALSE,FALSE
56045,2021,1,Depression,outside,35.25975,Park dominant,missing/uncertain,annual AFCD cropland-fraction source unavailable; event-year raster alone is insufficient,outside,,,,,,TRUE,FALSE,FALSE,FALSE
57349,2021,1,Depression,outside,52.8606640625,Park dominant,missing/uncertain,annual AFCD cropland-fraction source unavailable; event-year raster alone is insufficient,outside,,,,,,TRUE,FALSE,FALSE,FALSE
57827,2021,1,Depression,outside,37.59321875,Park dominant,missing/uncertain,annual AFCD cropland-fraction source unavailable; event-year raster alone is insufficient,outside,,,,,,TRUE,FALSE,FALSE,FALSE
58416,2021,1,Depression,outside,11.715375,Park dominant,missing/uncertain,annual AFCD cropland-fraction source unavailable; event-year raster alone is insufficient,outside,,,,,,TRUE,FALSE,FALSE,TRUE
58862,2021,1,Depression,outside,11.6726171875,Park dominant,missing/uncertain,annual AFCD cropland-fraction source unavailable; event-year raster alone is insufficient,outside,,,,,,TRUE,FALSE,FALSE,TRUE
58863,2021,1,Depression,outside,11.3357841796875,Park dominant,missing/uncertain,annual AFCD cropland-fraction source unavailable; event-year raster alone is insufficient,outside,,,,,,TRUE,FALSE,FALSE,TRUE
59739,2021,1,Depression,outside,11.313708984375,Park dominant,missing/uncertain,annual AFCD cropland-fraction source unavailable; event-year raster alone is insufficient,outside,,,,,,TRUE,FALSE,FALSE,TRUE
60508,2021,1,Depression,outside,37.483328125,Park dominant,missing/uncertain,annual AFCD cropland-fraction source unavailable; event-year raster alone is insufficient,outside,,,,,,TRUE,FALSE,FALSE,FALSE
65547,2021,1,Depression,outside,5.31507275390625,Park dominant,missing/uncertain,annual AFCD cropland-fraction source unavailable; event-year raster alone is insufficient,outside,,,,,,TRUE,FALSE,TRUE,TRUE
65838,2021,1,Depression,outside,48.414875,Park dominant,missing/uncertain,annual AFCD cropland-fraction source unavailable; event-year raster alone is insufficient,outside,,,,,,TRUE,FALSE,FALSE,FALSE
65868,2021,1,Depression,outside,37.483328125,Park dominant,missing/uncertain,annual AFCD cropland-fraction source unavailable; event-year raster alone is insufficient,outside,,,,,,TRUE,FALSE,FALSE,FALSE
66438,2021,1,Depression,outside,3.53553393554688,Park dominant,missing/uncertain,annual AFCD cropland-fraction source unavailable; event-year raster alone is insufficient,outside,,,,,,TRUE,TRUE,TRUE,TRUE
66878,2021,1,Depression,outside,1.11803393554687,Park dominant,missing/uncertain,annual AFCD cropland-fraction source unavailable; event-year raster alone is insufficient,outside,,,,,,TRUE,TRUE,TRUE,TRUE
66885,2021,1,Depression,outside,3.20156201171875,Park dominant,missing/uncertain,annual AFCD cropland-fraction source unavailable; event-year raster alone is insufficient,outside,,,,,,TRUE,TRUE,TRUE,TRUE
67325,2021,1,Depression,outside,0.707106811523437,Park dominant,missing/uncertain,annual AFCD cropland-fraction source unavailable; event-year raster alone is insufficient,outside,,,,,,TRUE,TRUE,TRUE,TRUE
67328,2021,1,Depression,outside,1.58113879394531,Park dominant,missing/uncertain,annual AFCD cropland-fraction source unavailable; event-year raster alone is insufficient,outside,,,,,,TRUE,TRUE,TRUE,TRUE
67336,2021,1,Depression,outside,4,Park dominant,missing/uncertain,annual AFCD cropland-fraction source unavailable; event-year raster alone is insufficient,outside,,,,,,TRUE,TRUE,TRUE,TRUE
68221,2021,1,Depression,outside,0.5,Park dominant,missing/uncertain,annual AFCD cropland-fraction source unavailable; event-year raster alone is insufficient,outside,,,,,,TRUE,TRUE,TRUE,TRUE
68226,2021,1,Depression,outside,2.23606787109375,Park dominant,missing/uncertain,annual AFCD cropland-fraction source unavailable; event-year raster alone is insufficient,outside,,,,,,TRUE,TRUE,TRUE,TRUE
68550,2021,1,Depression,outside,35.35533984375,Park dominant,missing/uncertain,annual AFCD cropland-fraction source unavailable; event-year raster alone is insufficient,outside,,,,,,TRUE,FALSE,FALSE,FALSE
70336,2021,1,Depression,outside,34.6554453125,Park dominant,missing/uncertain,annual AFCD cropland-fraction source unavailable; event-year raster alone is insufficient,outside,,,,,,TRUE,FALSE,FALSE,FALSE
70463,2021,1,Depression,outside,1,Park dominant,missing/uncertain,annual AFCD cropland-fraction source unavailable; event-year raster alone is insufficient,outside,,,,,,TRUE,TRUE,TRUE,TRUE
72243,2021,1,Depression,inside,-3.20156201171875,Park dominant,missing/uncertain,annual AFCD cropland-fraction source unavailable; event-year raster alone is insufficient,inside,,,,,,TRUE,TRUE,TRUE,TRUE
74909,2021,1,Depression,inside,-5.02493798828125,Park dominant,missing/uncertain,annual AFCD cropland-fraction source unavailable; event-year raster alone is insufficient,inside,,,,,,TRUE,FALSE,TRUE,TRUE
75649,2021,1,Depression,outside,53.02122265625,Park dominant,missing/uncertain,annual AFCD cropland-fraction source unavailable; event-year raster alone is insufficient,outside,,,,,,TRUE,FALSE,FALSE,FALSE
81034,2021,1,Depression,outside,41.109609375,Park dominant,missing/uncertain,annual AFCD cropland-fraction source unavailable; event-year raster alone is insufficient,outside,,,,,,TRUE,FALSE,FALSE,FALSE
81936,2021,1,Depression,outside,37,Park dominant,missing/uncertain,annual AFCD cropland-fraction source unavailable; event-year raster alone is insufficient,outside,,,,,,TRUE,FALSE,FALSE,FALSE
84277,2021,1,Depression,inside,-1,Park dominant,missing/uncertain,annual AFCD cropland-fraction source unavailable; event-year raster alone is insufficient,inside,,,,,,TRUE,TRUE,TRUE,TRUE
84604,2021,1,Depression,outside,42.95346484375,Park dominant,missing/uncertain,annual AFCD cropland-fraction source unavailable; event-year raster alone is insufficient,outside,,,,,,TRUE,FALSE,FALSE,FALSE
84726,2021,1,Depression,inside,-2,Park dominant,missing/uncertain,annual AFCD cropland-fraction source unavailable; event-year raster alone is insufficient,inside,,,,,,TRUE,TRUE,TRUE,TRUE
84728,2021,1,Depression,inside,-3,Park dominant,missing/uncertain,annual AFCD cropland-fraction source unavailable; event-year raster alone is insufficient,inside,,,,,,TRUE,TRUE,TRUE,TRUE
85618,2021,1,Depression,inside,-1.41421362304688,Park dominant,missing/uncertain,annual AFCD cropland-fraction source unavailable; event-year raster alone is insufficient,inside,,,,,,TRUE,TRUE,TRUE,TRUE
90867,2021,1,Depression,outside,39.5506015625,Park dominant,missing/uncertain,annual AFCD cropland-fraction source unavailable; event-year raster alone is insufficient,outside,,,,,,TRUE,FALSE,FALSE,FALSE
91686,2021,1,Depression,outside,76.526140625,Park dominant,missing/uncertain,annual AFCD cropland-fraction source unavailable; event-year raster alone is insufficient,outside,,,,,,TRUE,FALSE,FALSE,FALSE
92613,2021,1,Depression,outside,60.3510546875,Park dominant,missing/uncertain,annual AFCD cropland-fraction source unavailable; event-year raster alone is insufficient,outside,,,,,,TRUE,FALSE,FALSE,FALSE
92754,2021,1,Depression,inside,-4.9244287109375,Park dominant,missing/uncertain,annual AFCD cropland-fraction source unavailable; event-year raster alone is insufficient,inside,,,,,,TRUE,TRUE,TRUE,TRUE
93911,2021,1,Depression,outside,78.2000625,Park dominant,missing/uncertain,annual AFCD cropland-fraction source unavailable; event-year raster alone is insufficient,outside,,,,,,TRUE,FALSE,FALSE,FALSE
94081,2021,1,Depression,inside,-2.5,Park dominant,missing/uncertain,annual AFCD cropland-fraction source unavailable; event-year raster alone is insufficient,inside,,,,,,TRUE,TRUE,TRUE,TRUE
98836,2021,1,Depression,outside,71.44928125,Park dominant,missing/uncertain,annual AFCD cropland-fraction source unavailable; event-year raster alone is insufficient,outside,,,,,,TRUE,FALSE,FALSE,FALSE
98976,2021,1,Depression,outside,7.51664794921875,Park dominant,missing/uncertain,annual AFCD cropland-fraction source unavailable; event-year raster alone is insufficient,outside,,,,,,TRUE,FALSE,TRUE,TRUE
99790,2021,1,Depression,outside,47.5236796875,Park dominant,missing/uncertain,annual AFCD cropland-fraction source unavailable; event-year raster alone is insufficient,outside,,,,,,TRUE,FALSE,FALSE,FALSE
100228,2021,1,Depression,outside,51.97355078125,Park dominant,missing/uncertain,annual AFCD cropland-fraction source unavailable; event-year raster alone is insufficient,outside,,,,,,TRUE,FALSE,FALSE,FALSE
101926,2021,1,Depression,outside,83.8152734375,Park dominant,missing/uncertain,annual AFCD cropland-fraction source unavailable; event-year raster alone is insufficient,outside,,,,,,TRUE,FALSE,FALSE,FALSE
103355,2021,1,Depression,outside,50.22449609375,Park dominant,missing/uncertain,annual AFCD cropland-fraction source unavailable; event-year raster alone is insufficient,outside,,,,,,TRUE,FALSE,FALSE,FALSE
103457,2021,1,Depression,outside,4.94974755859375,Park dominant,missing/uncertain,annual AFCD cropland-fraction source unavailable; event-year raster alone is insufficient,outside,,,,,,TRUE,TRUE,TRUE,TRUE
103458,2021,1,Depression,outside,4.6097724609375,Park dominant,missing/uncertain,annual AFCD cropland-fraction source unavailable; event-year raster alone is insufficient,outside,,,,,,TRUE,TRUE,TRUE,TRUE
103804,2021,1,Depression,outside,49.1553671875,Park dominant,missing/uncertain,annual AFCD cropland-fraction source unavailable; event-year raster alone is insufficient,outside,,,,,,TRUE,FALSE,FALSE,FALSE
104179,2021,1,Depression,outside,75.1215703125,Park dominant,missing/uncertain,annual AFCD cropland-fraction source unavailable; event-year raster alone is insufficient,outside,,,,,,TRUE,FALSE,FALSE,FALSE
104250,2021,1,Depression,outside,49.17570703125,Park dominant,missing/uncertain,annual AFCD cropland-fraction source unavailable; event-year raster alone is insufficient,outside,,,,,,TRUE,FALSE,FALSE,FALSE
104696,2021,1,Depression,outside,49.20619921875,Park dominant,missing/uncertain,annual AFCD cropland-fraction source unavailable; event-year raster alone is insufficient,outside,,,,,,TRUE,FALSE,FALSE,FALSE
104698,2021,1,Depression,outside,48.4690625,Park dominant,missing/uncertain,annual AFCD cropland-fraction source unavailable; event-year raster alone is insufficient,outside,,,,,,TRUE,FALSE,FALSE,FALSE
104699,2021,1,Depression,outside,48.1040546875,Park dominant,missing/uncertain,annual AFCD cropland-fraction source unavailable; event-year raster alone is insufficient,outside,,,,,,TRUE,FALSE,FALSE,FALSE
104700,2021,1,Depression,outside,47.7414921875,Park dominant,missing/uncertain,annual AFCD cropland-fraction source unavailable; event-year raster alone is insufficient,outside,,,,,,TRUE,FALSE,FALSE,FALSE
104801,2021,1,Depression,outside,5,Park dominant,missing/uncertain,annual AFCD cropland-fraction source unavailable; event-year raster alone is insufficient,outside,,,,,,TRUE,TRUE,TRUE,TRUE
105144,2021,1,Depression,outside,48.5,Park dominant,missing/uncertain,annual AFCD cropland-fraction source unavailable; event-year raster alone is insufficient,outside,,,,,,TRUE,FALSE,FALSE,FALSE
105145,2021,1,Depression,outside,48.13003125,Park dominant,missing/uncertain,annual AFCD cropland-fraction source unavailable; event-year raster alone is insufficient,outside,,,,,,TRUE,FALSE,FALSE,FALSE
105591,2021,1,Depression,outside,48.16637890625,Park dominant,missing/uncertain,annual AFCD cropland-fraction source unavailable; event-year raster alone is insufficient,outside,,,,,,TRUE,FALSE,FALSE,FALSE
105697,2021,1,Depression,outside,5.3851650390625,Park dominant,missing/uncertain,annual AFCD cropland-fraction source unavailable; event-year raster alone is insufficient,outside,,,,,,TRUE,FALSE,TRUE,TRUE
107431,2021,1,Depression,outside,28.324017578125,Park dominant,missing/uncertain,annual AFCD cropland-fraction source unavailable; event-year raster alone is insufficient,outside,,,,,,TRUE,FALSE,FALSE,FALSE
107432,2021,1,Depression,outside,27.85677734375,Park dominant,missing/uncertain,annual AFCD cropland-fraction source unavailable; event-year raster alone is insufficient,outside,,,,,,TRUE,FALSE,FALSE,FALSE
108378,2021,1,Depression,outside,8.38152734375,Park dominant,missing/uncertain,annual AFCD cropland-fraction source unavailable; event-year raster alone is insufficient,outside,,,,,,TRUE,FALSE,TRUE,TRUE
108380,2021,1,Depression,outside,8.13941015625,Park dominant,missing/uncertain,annual AFCD cropland-fraction source unavailable; event-year raster alone is insufficient,outside,,,,,,TRUE,FALSE,TRUE,TRUE
108390,2021,1,Depression,outside,6.04152294921875,Park dominant,missing/uncertain,annual AFCD cropland-fraction source unavailable; event-year raster alone is insufficient,outside,,,,,,TRUE,FALSE,TRUE,TRUE
108666,2021,1,Depression,outside,65.36436328125,Park dominant,missing/uncertain,annual AFCD cropland-fraction source unavailable; event-year raster alone is insufficient,outside,,,,,,TRUE,FALSE,FALSE,FALSE
110446,2021,1,Depression,outside,67.3089921875,Park dominant,missing/uncertain,annual AFCD cropland-fraction source unavailable; event-year raster alone is insufficient,outside,,,,,,TRUE,FALSE,FALSE,FALSE
110616,2021,1,Depression,outside,6.72681201171875,Park dominant,missing/uncertain,annual AFCD cropland-fraction source unavailable; event-year raster alone is insufficient,outside,,,,,,TRUE,FALSE,TRUE,TRUE
110623,2021,1,Depression,outside,5.09901953125,Park dominant,missing/uncertain,annual AFCD cropland-fraction source unavailable; event-year raster alone is insufficient,outside,,,,,,TRUE,FALSE,TRUE,TRUE
112388,2021,1,Depression,outside,11.9268603515625,Park dominant,missing/uncertain,annual AFCD cropland-fraction source unavailable; event-year raster alone is insufficient,outside,,,,,,TRUE,FALSE,FALSE,TRUE
113723,2021,1,Depression,outside,13.462912109375,Park dominant,missing/uncertain,annual AFCD cropland-fraction source unavailable; event-year raster alone is insufficient,outside,,,,,,TRUE,FALSE,FALSE,TRUE
114475,2021,1,Depression,outside,62.26756640625,Park dominant,missing/uncertain,annual AFCD cropland-fraction source unavailable; event-year raster alone is insufficient,outside,,,,,,TRUE,FALSE,FALSE,FALSE
115461,2021,1,Depression,outside,27.586228515625,Park dominant,missing/uncertain,annual AFCD cropland-fraction source unavailable; event-year raster alone is insufficient,outside,,,,,,TRUE,FALSE,FALSE,FALSE
131959,2021,1,Depression,outside,30.26962109375,Park dominant,missing/uncertain,annual AFCD cropland-fraction source unavailable; event-year raster alone is insufficient,outside,,,,,,TRUE,FALSE,FALSE,FALSE
132408,2021,1,Depression,outside,29.154759765625,Park dominant,missing/uncertain,annual AFCD cropland-fraction source unavailable; event-year raster alone is insufficient,outside,,,,,,TRUE,FALSE,FALSE,FALSE
132855,2021,1,Depression,outside,28.90069140625,Park dominant,missing/uncertain,annual AFCD cropland-fraction source unavailable; event-year raster alone is insufficient,outside,,,,,,TRUE,FALSE,FALSE,FALSE
142528,2021,1,Depression,outside,22.671568359375,Park dominant,missing/uncertain,annual AFCD cropland-fraction source unavailable; event-year raster alone is insufficient,outside,,,,,,TRUE,FALSE,FALSE,FALSE
145841,2021,1,Depression,outside,13.1529462890625,Park dominant,missing/uncertain,annual AFCD cropland-fraction source unavailable; event-year raster alone is insufficient,outside,,,,,,TRUE,FALSE,FALSE,TRUE
146288,2021,1,Depression,outside,13.086251953125,Park dominant,missing/uncertain,annual AFCD cropland-fraction source unavailable; event-year raster alone is insufficient,outside,,,,,,TRUE,FALSE,FALSE,TRUE
146736,2021,1,Depression,outside,12.5399365234375,Park dominant,missing/uncertain,annual AFCD cropland-fraction source unavailable; event-year raster alone is insufficient,outside,,,,,,TRUE,FALSE,FALSE,TRUE
147184,2021,1,Depression,outside,12.010412109375,Park dominant,missing/uncertain,annual AFCD cropland-fraction source unavailable; event-year raster alone is insufficient,outside,,,,,,TRUE,FALSE,FALSE,TRUE
165808,2021,1,Depression,outside,47.2705,Park dominant,missing/uncertain,annual AFCD cropland-fraction source unavailable; event-year raster alone is insufficient,outside,,,,,,TRUE,FALSE,FALSE,FALSE
166410,2021,1,Depression,outside,13.124404296875,Park dominant,missing/uncertain,annual AFCD cropland-fraction source unavailable; event-year raster alone is insufficient,outside,,,,,,TRUE,FALSE,FALSE,TRUE
774,2022,1,Depression,outside,73.348484375,Park dominant,missing/uncertain,annual AFCD cropland-fraction source unavailable; event-year raster alone is insufficient,outside,,,,,,TRUE,FALSE,FALSE,FALSE
1118,2022,1,Depression,outside,72.790796875,Park dominant,missing/uncertain,annual AFCD cropland-fraction source unavailable; event-year raster alone is insufficient,outside,,,,,,TRUE,FALSE,FALSE,FALSE
1281,2022,1,Depression,outside,73.056484375,Park dominant,missing/uncertain,annual AFCD cropland-fraction source unavailable; event-year raster alone is insufficient,outside,,,,,,TRUE,FALSE,FALSE,FALSE
1283,2022,1,Depression,outside,73.26834375,Park dominant,missing/uncertain,annual AFCD cropland-fraction source unavailable; event-year raster alone is insufficient,outside,,,,,,TRUE,FALSE,FALSE,FALSE
1290,2022,1,Depression,outside,74.11140625,Park dominant,missing/uncertain,annual AFCD cropland-fraction source unavailable; event-year raster alone is insufficient,outside,,,,,,TRUE,FALSE,FALSE,FALSE
1338,2022,1,Depression,outside,83.0090390625,Park dominant,missing/uncertain,annual AFCD cropland-fraction source unavailable; event-year raster alone is insufficient,outside,,,,,,TRUE,FALSE,FALSE,FALSE
1728,2022,1,Depression,outside,72.5672109375,Park dominant,missing/uncertain,annual AFCD cropland-fraction source unavailable; event-year raster alone is insufficient,outside,,,,,,TRUE,FALSE,FALSE,FALSE
1731,2022,1,Depression,outside,72.892046875,Park dominant,missing/uncertain,annual AFCD cropland-fraction source unavailable; event-year raster alone is insufficient,outside,,,,,,TRUE,FALSE,FALSE,FALSE
1786,2022,1,Depression,outside,82.7647265625,Park dominant,missing/uncertain,annual AFCD cropland-fraction source unavailable; event-year raster alone is insufficient,outside,,,,,,TRUE,FALSE,FALSE,FALSE
3446,2022,1,Depression,outside,70.528359375,Park dominant,missing/uncertain,annual AFCD cropland-fraction source unavailable; event-year raster alone is insufficient,outside,,,,,,TRUE,FALSE,FALSE,FALSE
3757,2022,1,Depression,outside,74.928296875,Park dominant,missing/uncertain,annual AFCD cropland-fraction source unavailable; event-year raster alone is insufficient,outside,,,,,,TRUE,FALSE,FALSE,FALSE
7891,2022,1,Depression,outside,66.4172421875,Park dominant,missing/uncertain,annual AFCD cropland-fraction source unavailable; event-year raster alone is insufficient,outside,,,,,,TRUE,FALSE,FALSE,FALSE
8212,2022,1,Depression,outside,73.624046875,Park dominant,missing/uncertain,annual AFCD cropland-fraction source unavailable; event-year raster alone is insufficient,outside,,,,,,TRUE,FALSE,FALSE,FALSE
8338,2022,1,Depression,outside,65.9241953125,Park dominant,missing/uncertain,annual AFCD cropland-fraction source unavailable; event-year raster alone is insufficient,outside,,,,,,TRUE,FALSE,FALSE,FALSE
8344,2022,1,Depression,outside,66.00946875,Park dominant,missing/uncertain,annual AFCD cropland-fraction source unavailable; event-year raster alone is insufficient,outside,,,,,,TRUE,FALSE,FALSE,FALSE
8788,2022,1,Depression,outside,65.700078125,Park dominant,missing/uncertain,annual AFCD cropland-fraction source unavailable; event-year raster alone is insufficient,outside,,,,,,TRUE,FALSE,FALSE,FALSE
9323,2022,1,Depression,outside,63.83768359375,Park dominant,missing/uncertain,annual AFCD cropland-fraction source unavailable; event-year raster alone is insufficient,outside,,,,,,TRUE,FALSE,FALSE,FALSE
9330,2022,1,Depression,outside,64.64131640625,Park dominant,missing/uncertain,annual AFCD cropland-fraction source unavailable; event-year raster alone is insufficient,outside,,,,,,TRUE,FALSE,FALSE,FALSE
9683,2022,1,Depression,outside,64.71862109375,Park dominant,missing/uncertain,annual AFCD cropland-fraction source unavailable; event-year raster alone is insufficient,outside,,,,,,TRUE,FALSE,FALSE,FALSE
9688,2022,1,Depression,outside,64.282578125,Park dominant,missing/uncertain,annual AFCD cropland-fraction source unavailable; event-year raster alone is insufficient,outside,,,,,,TRUE,FALSE,FALSE,FALSE
9711,2022,1,Depression,outside,63.507875,Park dominant,missing/uncertain,annual AFCD cropland-fraction source unavailable; event-year raster alone is insufficient,outside,,,,,,TRUE,FALSE,FALSE,FALSE
9764,2022,1,Depression,outside,62.8012734375,Park dominant,missing/uncertain,annual AFCD cropland-fraction source unavailable; event-year raster alone is insufficient,outside,,,,,,TRUE,FALSE,FALSE,FALSE
9772,2022,1,Depression,outside,63.56099609375,Park dominant,missing/uncertain,annual AFCD cropland-fraction source unavailable; event-year raster alone is insufficient,outside,,,,,,TRUE,FALSE,FALSE,FALSE
10087,2022,1,Depression,outside,62.89077734375,Park dominant,missing/uncertain,annual AFCD cropland-fraction source unavailable; event-year raster alone is insufficient,outside,,,,,,TRUE,FALSE,FALSE,FALSE
10125,2022,1,Depression,outside,63.8690078125,Park dominant,missing/uncertain,annual AFCD cropland-fraction source unavailable; event-year raster alone is insufficient,outside,,,,,,TRUE,FALSE,FALSE,FALSE
10128,2022,1,Depression,outside,64.13267578125,Park dominant,missing/uncertain,annual AFCD cropland-fraction source unavailable; event-year raster alone is insufficient,outside,,,,,,TRUE,FALSE,FALSE,FALSE
10131,2022,1,Depression,outside,64.13267578125,Park dominant,missing/uncertain,annual AFCD cropland-fraction source unavailable; event-year raster alone is insufficient,outside,,,,,,TRUE,FALSE,FALSE,FALSE
10215,2022,1,Depression,outside,62.659796875,Park dominant,missing/uncertain,annual AFCD cropland-fraction source unavailable; event-year raster alone is insufficient,outside,,,,,,TRUE,FALSE,FALSE,FALSE
10571,2022,1,Depression,outside,63.2949453125,Park dominant,missing/uncertain,annual AFCD cropland-fraction source unavailable; event-year raster alone is insufficient,outside,,,,,,TRUE,FALSE,FALSE,FALSE
11096,2022,1,Depression,outside,60.749484375,Park dominant,missing/uncertain,annual AFCD cropland-fraction source unavailable; event-year raster alone is insufficient,outside,,,,,,TRUE,FALSE,FALSE,FALSE
12012,2022,1,Depression,outside,61.7454453125,Park dominant,missing/uncertain,annual AFCD cropland-fraction source unavailable; event-year raster alone is insufficient,outside,,,,,,TRUE,FALSE,FALSE,FALSE
12013,2022,1,Depression,outside,61.88093359375,Park dominant,missing/uncertain,annual AFCD cropland-fraction source unavailable; event-year raster alone is insufficient,outside,,,,,,TRUE,FALSE,FALSE,FALSE
12363,2022,1,Depression,outside,61.6786015625,Park dominant,missing/uncertain,annual AFCD cropland-fraction source unavailable; event-year raster alone is insufficient,outside,,,,,,TRUE,FALSE,FALSE,FALSE
12887,2022,1,Depression,outside,58.91731640625,Park dominant,missing/uncertain,annual AFCD cropland-fraction source unavailable; event-year raster alone is insufficient,outside,,,,,,TRUE,FALSE,FALSE,FALSE
13324,2022,1,Depression,outside,58.03447265625,Park dominant,missing/uncertain,annual AFCD cropland-fraction source unavailable; event-year raster alone is insufficient,outside,,,,,,TRUE,FALSE,FALSE,FALSE
13348,2022,1,Depression,outside,59.665734375,Park dominant,missing/uncertain,annual AFCD cropland-fraction source unavailable; event-year raster alone is insufficient,outside,,,,,,TRUE,FALSE,FALSE,FALSE
13772,2022,1,Depression,outside,57.5543203125,Park dominant,missing/uncertain,annual AFCD cropland-fraction source unavailable; event-year raster alone is insufficient,outside,,,,,,TRUE,FALSE,FALSE,FALSE
14077,2022,1,Depression,outside,58.61953515625,Park dominant,missing/uncertain,annual AFCD cropland-fraction source unavailable; event-year raster alone is insufficient,outside,,,,,,TRUE,FALSE,FALSE,FALSE
14806,2022,1,Depression,outside,107.3778359375,Park dominant,missing/uncertain,annual AFCD cropland-fraction source unavailable; event-year raster alone is insufficient,outside,,,,,,TRUE,FALSE,FALSE,FALSE
15116,2022,1,Depression,outside,56.14267578125,Park dominant,missing/uncertain,annual AFCD cropland-fraction source unavailable; event-year raster alone is insufficient,outside,,,,,,TRUE,FALSE,FALSE,FALSE
16810,2022,1,Depression,outside,55.50225390625,Park dominant,missing/uncertain,annual AFCD cropland-fraction source unavailable; event-year raster alone is insufficient,outside,,,,,,TRUE,FALSE,FALSE,FALSE
16915,2022,1,Depression,outside,54.82928125,Park dominant,missing/uncertain,annual AFCD cropland-fraction source unavailable; event-year raster alone is insufficient,outside,,,,,,TRUE,FALSE,FALSE,FALSE
17284,2022,1,Depression,outside,56.18941015625,Park dominant,missing/uncertain,annual AFCD cropland-fraction source unavailable; event-year raster alone is insufficient,outside,,,,,,TRUE,FALSE,FALSE,FALSE
19459,2022,1,Depression,outside,52.00240234375,Park dominant,missing/uncertain,annual AFCD cropland-fraction source unavailable; event-year raster alone is insufficient,outside,,,,,,TRUE,FALSE,FALSE,FALSE
20225,2022,1,Depression,outside,81.444765625,Park dominant,missing/uncertain,annual AFCD cropland-fraction source unavailable; event-year raster alone is insufficient,outside,,,,,,TRUE,FALSE,FALSE,FALSE
20802,2022,1,Depression,outside,50.5024765625,Park dominant,missing/uncertain,annual AFCD cropland-fraction source unavailable; event-year raster alone is insufficient,outside,,,,,,TRUE,FALSE,FALSE,FALSE
21260,2022,1,Depression,outside,50.35871484375,Park dominant,missing/uncertain,annual AFCD cropland-fraction source unavailable; event-year raster alone is insufficient,outside,,,,,,TRUE,FALSE,FALSE,FALSE
21842,2022,1,Depression,outside,50.621140625,Park dominant,missing/uncertain,annual AFCD cropland-fraction source unavailable; event-year raster alone is insufficient,outside,,,,,,TRUE,FALSE,FALSE,FALSE
22282,2022,1,Depression,outside,49.2442890625,Park dominant,missing/uncertain,annual AFCD cropland-fraction source unavailable; event-year raster alone is insufficient,outside,,,,,,TRUE,FALSE,FALSE,FALSE
23169,2022,1,Depression,outside,47.594640625,Park dominant,missing/uncertain,annual AFCD cropland-fraction source unavailable; event-year raster alone is insufficient,outside,,,,,,TRUE,FALSE,FALSE,FALSE
23481,2022,1,Depression,outside,47.5,Park dominant,missing/uncertain,annual AFCD cropland-fraction source unavailable; event-year raster alone is insufficient,outside,,,,,,TRUE,FALSE,FALSE,FALSE
23969,2022,1,Depression,outside,47.668125,Park dominant,missing/uncertain,annual AFCD cropland-fraction source unavailable; event-year raster alone is insufficient,outside,,,,,,TRUE,FALSE,FALSE,FALSE
24515,2022,1,Depression,outside,46.58594140625,Park dominant,missing/uncertain,annual AFCD cropland-fraction source unavailable; event-year raster alone is insufficient,outside,,,,,,TRUE,FALSE,FALSE,FALSE
24959,2022,1,Depression,outside,45.7957421875,Park dominant,missing/uncertain,annual AFCD cropland-fraction source unavailable; event-year raster alone is insufficient,outside,,,,,,TRUE,FALSE,FALSE,FALSE
25682,2022,1,Depression,outside,48.1040546875,Park dominant,missing/uncertain,annual AFCD cropland-fraction source unavailable; event-year raster alone is insufficient,outside,,,,,,TRUE,FALSE,FALSE,FALSE
25704,2022,1,Depression,outside,45.39823828125,Park dominant,missing/uncertain,annual AFCD cropland-fraction source unavailable; event-year raster alone is insufficient,outside,,,,,,TRUE,FALSE,FALSE,FALSE
25853,2022,1,Depression,outside,44.81350390625,Park dominant,missing/uncertain,annual AFCD cropland-fraction source unavailable; event-year raster alone is insufficient,outside,,,,,,TRUE,FALSE,FALSE,FALSE
26598,2022,1,Depression,outside,44.40720703125,Park dominant,missing/uncertain,annual AFCD cropland-fraction source unavailable; event-year raster alone is insufficient,outside,,,,,,TRUE,FALSE,FALSE,FALSE
27181,2022,1,Depression,outside,42.54703125,Park dominant,missing/uncertain,annual AFCD cropland-fraction source unavailable; event-year raster alone is insufficient,outside,,,,,,TRUE,FALSE,FALSE,FALSE
27634,2022,1,Depression,outside,42.2965703125,Park dominant,missing/uncertain,annual AFCD cropland-fraction source unavailable; event-year raster alone is insufficient,outside,,,,,,TRUE,FALSE,FALSE,FALSE
28413,2022,1,Depression,outside,42.5,Park dominant,missing/uncertain,annual AFCD cropland-fraction source unavailable; event-year raster alone is insufficient,outside,,,,,,TRUE,FALSE,FALSE,FALSE
28523,2022,1,Depression,outside,41.0761484375,Park dominant,missing/uncertain,annual AFCD cropland-fraction source unavailable; event-year raster alone is insufficient,outside,,,,,,TRUE,FALSE,FALSE,FALSE
28525,2022,1,Depression,outside,41.1491171875,Park dominant,missing/uncertain,annual AFCD cropland-fraction source unavailable; event-year raster alone is insufficient,outside,,,,,,TRUE,FALSE,FALSE,FALSE
29867,2022,1,Depression,outside,39.702015625,Park dominant,missing/uncertain,annual AFCD cropland-fraction source unavailable; event-year raster alone is insufficient,outside,,,,,,TRUE,FALSE,FALSE,FALSE
29874,2022,1,Depression,outside,40.20572265625,Park dominant,missing/uncertain,annual AFCD cropland-fraction source unavailable; event-year raster alone is insufficient,outside,,,,,,TRUE,FALSE,FALSE,FALSE
31949,2022,1,Depression,outside,40.003125,Park dominant,missing/uncertain,annual AFCD cropland-fraction source unavailable; event-year raster alone is insufficient,outside,,,,,,TRUE,FALSE,FALSE,FALSE
32100,2022,1,Depression,outside,37.121421875,Park dominant,missing/uncertain,annual AFCD cropland-fraction source unavailable; event-year raster alone is insufficient,outside,,,,,,TRUE,FALSE,FALSE,FALSE
32822,2022,1,Depression,outside,43.56604296875,Park dominant,missing/uncertain,annual AFCD cropland-fraction source unavailable; event-year raster alone is insufficient,outside,,,,,,TRUE,FALSE,FALSE,FALSE
32839,2022,1,Depression,outside,39.73977734375,Park dominant,missing/uncertain,annual AFCD cropland-fraction source unavailable; event-year raster alone is insufficient,outside,,,,,,TRUE,FALSE,FALSE,FALSE
33290,2022,1,Depression,outside,38.58108203125,Park dominant,missing/uncertain,annual AFCD cropland-fraction source unavailable; event-year raster alone is insufficient,outside,,,,,,TRUE,FALSE,FALSE,FALSE
33722,2022,1,Depression,outside,41.18251953125,Park dominant,missing/uncertain,annual AFCD cropland-fraction source unavailable; event-year raster alone is insufficient,outside,,,,,,TRUE,FALSE,FALSE,FALSE
34348,2022,1,Depression,outside,35.78407421875,Park dominant,missing/uncertain,annual AFCD cropland-fraction source unavailable; event-year raster alone is insufficient,outside,,,,,,TRUE,FALSE,FALSE,FALSE
34614,2022,1,Depression,outside,40.8166640625,Park dominant,missing/uncertain,annual AFCD cropland-fraction source unavailable; event-year raster alone is insufficient,outside,,,,,,TRUE,FALSE,FALSE,FALSE
35692,2022,1,Depression,outside,34.7850546875,Park dominant,missing/uncertain,annual AFCD cropland-fraction source unavailable; event-year raster alone is insufficient,outside,,,,,,TRUE,FALSE,FALSE,FALSE
36109,2022,1,Depression,outside,32.63816796875,Park dominant,missing/uncertain,annual AFCD cropland-fraction source unavailable; event-year raster alone is insufficient,outside,,,,,,TRUE,FALSE,FALSE,FALSE
36706,2022,1,Depression,outside,98.043359375,Park dominant,missing/uncertain,annual AFCD cropland-fraction source unavailable; event-year raster alone is insufficient,outside,,,,,,TRUE,FALSE,FALSE,FALSE
38180,2022,1,Depression,outside,40.45985546875,Park dominant,missing/uncertain,annual AFCD cropland-fraction source unavailable; event-year raster alone is insufficient,outside,,,,,,TRUE,FALSE,FALSE,FALSE
38203,2022,1,Depression,outside,34.22353125,Park dominant,missing/uncertain,annual AFCD cropland-fraction source unavailable; event-year raster alone is insufficient,outside,,,,,,TRUE,FALSE,FALSE,FALSE
38320,2022,1,Depression,outside,31.535693359375,Park dominant,missing/uncertain,annual AFCD cropland-fraction source unavailable; event-year raster alone is insufficient,outside,,,,,,TRUE,FALSE,FALSE,FALSE
39082,2022,1,Depression,outside,37.20215234375,Park dominant,missing/uncertain,annual AFCD cropland-fraction source unavailable; event-year raster alone is insufficient,outside,,,,,,TRUE,FALSE,FALSE,FALSE
39209,2022,1,Depression,outside,30.50409765625,Park dominant,missing/uncertain,annual AFCD cropland-fraction source unavailable; event-year raster alone is insufficient,outside,,,,,,TRUE,FALSE,FALSE,FALSE
39239,2022,1,Depression,outside,29.10755859375,Park dominant,missing/uncertain,annual AFCD cropland-fraction source unavailable; event-year raster alone is insufficient,outside,,,,,,TRUE,FALSE,FALSE,FALSE
39966,2022,1,Depression,outside,39.6232265625,Park dominant,missing/uncertain,annual AFCD cropland-fraction source unavailable; event-year raster alone is insufficient,outside,,,,,,TRUE,FALSE,FALSE,FALSE
40854,2022,1,Depression,outside,41.0365703125,Park dominant,missing/uncertain,annual AFCD cropland-fraction source unavailable; event-year raster alone is insufficient,outside,,,,,,TRUE,FALSE,FALSE,FALSE
40860,2022,1,Depression,outside,38.89730078125,Park dominant,missing/uncertain,annual AFCD cropland-fraction source unavailable; event-year raster alone is insufficient,outside,,,,,,TRUE,FALSE,FALSE,FALSE
41918,2022,1,Depression,outside,26.305892578125,Park dominant,missing/uncertain,annual AFCD cropland-fraction source unavailable; event-year raster alone is insufficient,outside,,,,,,TRUE,FALSE,FALSE,FALSE
42221,2022,1,Depression,outside,31.484123046875,Park dominant,missing/uncertain,annual AFCD cropland-fraction source unavailable; event-year raster alone is insufficient,outside,,,,,,TRUE,FALSE,FALSE,FALSE
43090,2022,1,Depression,outside,38.99358984375,Park dominant,missing/uncertain,annual AFCD cropland-fraction source unavailable; event-year raster alone is insufficient,outside,,,,,,TRUE,FALSE,FALSE,FALSE
43223,2022,1,Depression,outside,26.476404296875,Park dominant,missing/uncertain,annual AFCD cropland-fraction source unavailable; event-year raster alone is insufficient,outside,,,,,,TRUE,FALSE,FALSE,FALSE
43668,2022,1,Depression,outside,26.196373046875,Park dominant,missing/uncertain,annual AFCD cropland-fraction source unavailable; event-year raster alone is insufficient,outside,,,,,,TRUE,FALSE,FALSE,FALSE
43672,2022,1,Depression,outside,25.811818359375,Park dominant,missing/uncertain,annual AFCD cropland-fraction source unavailable; event-year raster alone is insufficient,outside,,,,,,TRUE,FALSE,FALSE,FALSE
46665,2022,1,Depression,outside,36.908671875,Park dominant,missing/uncertain,annual AFCD cropland-fraction source unavailable; event-year raster alone is insufficient,outside,,,,,,TRUE,FALSE,FALSE,FALSE
47099,2022,1,Depression,outside,42.1099765625,Park dominant,missing/uncertain,annual AFCD cropland-fraction source unavailable; event-year raster alone is insufficient,outside,,,,,,TRUE,FALSE,FALSE,FALSE
47992,2022,1,Depression,outside,42.05948046875,Park dominant,missing/uncertain,annual AFCD cropland-fraction source unavailable; event-year raster alone is insufficient,outside,,,,,,TRUE,FALSE,FALSE,FALSE
48015,2022,1,Depression,outside,32.407560546875,Park dominant,missing/uncertain,annual AFCD cropland-fraction source unavailable; event-year raster alone is insufficient,outside,,,,,,TRUE,FALSE,FALSE,FALSE
48123,2022,1,Depression,outside,23.7065390625,Park dominant,missing/uncertain,annual AFCD cropland-fraction source unavailable; event-year raster alone is insufficient,outside,,,,,,TRUE,FALSE,FALSE,FALSE
49894,2022,1,Depression,outside,18.828169921875,Park dominant,missing/uncertain,annual AFCD cropland-fraction source unavailable; event-year raster alone is insufficient,outside,,,,,,TRUE,FALSE,FALSE,TRUE
50341,2022,1,Depression,outside,18.33712109375,Park dominant,missing/uncertain,annual AFCD cropland-fraction source unavailable; event-year raster alone is insufficient,outside,,,,,,TRUE,FALSE,FALSE,TRUE
51264,2022,1,Depression,outside,18.580904296875,Park dominant,missing/uncertain,annual AFCD cropland-fraction source unavailable; event-year raster alone is insufficient,outside,,,,,,TRUE,FALSE,FALSE,TRUE
52911,2022,1,Depression,outside,38.8104375,Park dominant,missing/uncertain,annual AFCD cropland-fraction source unavailable; event-year raster alone is insufficient,outside,,,,,,TRUE,FALSE,FALSE,FALSE
53352,2022,1,Depression,outside,41.43669921875,Park dominant,missing/uncertain,annual AFCD cropland-fraction source unavailable; event-year raster alone is insufficient,outside,,,,,,TRUE,FALSE,FALSE,FALSE
53803,2022,1,Depression,outside,39.38591015625,Park dominant,missing/uncertain,annual AFCD cropland-fraction source unavailable; event-year raster alone is insufficient,outside,,,,,,TRUE,FALSE,FALSE,FALSE
53955,2022,1,Depression,outside,14.3178212890625,Park dominant,missing/uncertain,annual AFCD cropland-fraction source unavailable; event-year raster alone is insufficient,outside,,,,,,TRUE,FALSE,FALSE,TRUE
54247,2022,1,Depression,outside,40.63557421875,Park dominant,missing/uncertain,annual AFCD cropland-fraction source unavailable; event-year raster alone is insufficient,outside,,,,,,TRUE,FALSE,FALSE,FALSE
55548,2022,1,Depression,outside,59.4011796875,Park dominant,missing/uncertain,annual AFCD cropland-fraction source unavailable; event-year raster alone is insufficient,outside,,,,,,TRUE,FALSE,FALSE,FALSE
56461,2022,1,Depression,outside,50.112375,Park dominant,missing/uncertain,annual AFCD cropland-fraction source unavailable; event-year raster alone is insufficient,outside,,,,,,TRUE,FALSE,FALSE,FALSE
58273,2022,1,Depression,outside,37.963796875,Park dominant,missing/uncertain,annual AFCD cropland-fraction source unavailable; event-year raster alone is insufficient,outside,,,,,,TRUE,FALSE,FALSE,FALSE
60959,2022,1,Depression,outside,35.4295078125,Park dominant,missing/uncertain,annual AFCD cropland-fraction source unavailable; event-year raster alone is insufficient,outside,,,,,,TRUE,FALSE,FALSE,FALSE
61525,2022,1,Depression,outside,9.1787802734375,Park dominant,missing/uncertain,annual AFCD cropland-fraction source unavailable; event-year raster alone is insufficient,outside,,,,,,TRUE,FALSE,TRUE,TRUE
62414,2022,1,Depression,outside,6.72681201171875,Park dominant,missing/uncertain,annual AFCD cropland-fraction source unavailable; event-year raster alone is insufficient,outside,,,,,,TRUE,FALSE,TRUE,TRUE
65864,2022,1,Depression,outside,38.89087109375,Park dominant,missing/uncertain,annual AFCD cropland-fraction source unavailable; event-year raster alone is insufficient,outside,,,,,,TRUE,FALSE,FALSE,FALSE
66892,2022,1,Depression,outside,4.74341650390625,Park dominant,missing/uncertain,annual AFCD cropland-fraction source unavailable; event-year raster alone is insufficient,outside,,,,,,TRUE,TRUE,TRUE,TRUE
66893,2022,1,Depression,outside,4.9244287109375,Park dominant,missing/uncertain,annual AFCD cropland-fraction source unavailable; event-year raster alone is insufficient,outside,,,,,,TRUE,TRUE,TRUE,TRUE
67338,2022,1,Depression,outside,4.12310546875,Park dominant,missing/uncertain,annual AFCD cropland-fraction source unavailable; event-year raster alone is insufficient,outside,,,,,,TRUE,TRUE,TRUE,TRUE
68230,2022,1,Depression,outside,3,Park dominant,missing/uncertain,annual AFCD cropland-fraction source unavailable; event-year raster alone is insufficient,outside,,,,,,TRUE,TRUE,TRUE,TRUE
68231,2022,1,Depression,outside,3.04138134765625,Park dominant,missing/uncertain,annual AFCD cropland-fraction source unavailable; event-year raster alone is insufficient,outside,,,,,,TRUE,TRUE,TRUE,TRUE
68553,2022,1,Depression,outside,34.2965,Park dominant,missing/uncertain,annual AFCD cropland-fraction source unavailable; event-year raster alone is insufficient,outside,,,,,,TRUE,FALSE,FALSE,FALSE
68674,2022,1,Depression,outside,2.5,Park dominant,missing/uncertain,annual AFCD cropland-fraction source unavailable; event-year raster alone is insufficient,outside,,,,,,TRUE,TRUE,TRUE,TRUE
69124,2022,1,Depression,outside,2,Park dominant,missing/uncertain,annual AFCD cropland-fraction source unavailable; event-year raster alone is insufficient,outside,,,,,,TRUE,TRUE,TRUE,TRUE
70017,2022,1,Depression,outside,1.11803393554687,Park dominant,missing/uncertain,annual AFCD cropland-fraction source unavailable; event-year raster alone is insufficient,outside,,,,,,TRUE,TRUE,TRUE,TRUE
70785,2022,1,Depression,outside,33.60431640625,Park dominant,missing/uncertain,annual AFCD cropland-fraction source unavailable; event-year raster alone is insufficient,outside,,,,,,TRUE,FALSE,FALSE,FALSE
70787,2022,1,Depression,outside,32.8823671875,Park dominant,missing/uncertain,annual AFCD cropland-fraction source unavailable; event-year raster alone is insufficient,outside,,,,,,TRUE,FALSE,FALSE,FALSE
71796,2022,1,Depression,inside,-2.82842724609375,Park dominant,missing/uncertain,annual AFCD cropland-fraction source unavailable; event-year raster alone is insufficient,inside,,,,,,TRUE,TRUE,TRUE,TRUE
72218,2022,1,Depression,inside,-2.061552734375,Park dominant,missing/uncertain,annual AFCD cropland-fraction source unavailable; event-year raster alone is insufficient,inside,,,,,,TRUE,TRUE,TRUE,TRUE
72245,2022,1,Depression,inside,-2.5,Park dominant,missing/uncertain,annual AFCD cropland-fraction source unavailable; event-year raster alone is insufficient,inside,,,,,,TRUE,TRUE,TRUE,TRUE
75355,2022,1,Depression,inside,-4.6097724609375,Park dominant,missing/uncertain,annual AFCD cropland-fraction source unavailable; event-year raster alone is insufficient,inside,,,,,,TRUE,TRUE,TRUE,TRUE
79815,2022,1,Depression,inside,-3.20156201171875,Park dominant,missing/uncertain,annual AFCD cropland-fraction source unavailable; event-year raster alone is insufficient,inside,,,,,,TRUE,TRUE,TRUE,TRUE
81491,2022,1,Depression,outside,36.2249921875,Park dominant,missing/uncertain,annual AFCD cropland-fraction source unavailable; event-year raster alone is insufficient,outside,,,,,,TRUE,FALSE,FALSE,FALSE
81937,2022,1,Depression,outside,36.52738671875,Park dominant,missing/uncertain,annual AFCD cropland-fraction source unavailable; event-year raster alone is insufficient,outside,,,,,,TRUE,FALSE,FALSE,FALSE
82047,2022,1,Depression,inside,-3.5,Park dominant,missing/uncertain,annual AFCD cropland-fraction source unavailable; event-year raster alone is insufficient,inside,,,,,,TRUE,TRUE,TRUE,TRUE
82389,2022,1,Depression,outside,34.00367578125,Park dominant,missing/uncertain,annual AFCD cropland-fraction source unavailable; event-year raster alone is insufficient,outside,,,,,,TRUE,FALSE,FALSE,FALSE
85052,2022,1,Depression,outside,42.3615390625,Park dominant,missing/uncertain,annual AFCD cropland-fraction source unavailable; event-year raster alone is insufficient,outside,,,,,,TRUE,FALSE,FALSE,FALSE
85173,2022,1,Depression,inside,-2.061552734375,Park dominant,missing/uncertain,annual AFCD cropland-fraction source unavailable; event-year raster alone is insufficient,inside,,,,,,TRUE,TRUE,TRUE,TRUE
85616,2022,1,Depression,inside,-0.5,Park dominant,missing/uncertain,annual AFCD cropland-fraction source unavailable; event-year raster alone is insufficient,inside,,,,,,TRUE,TRUE,TRUE,TRUE
85951,2022,1,Depression,outside,39.71460546875,Park dominant,missing/uncertain,annual AFCD cropland-fraction source unavailable; event-year raster alone is insufficient,outside,,,,,,TRUE,FALSE,FALSE,FALSE
87399,2022,1,Depression,outside,0.707106811523437,Park dominant,missing/uncertain,annual AFCD cropland-fraction source unavailable; event-year raster alone is insufficient,outside,,,,,,TRUE,TRUE,TRUE,TRUE
91313,2022,1,Depression,outside,40.02811328125,Park dominant,missing/uncertain,annual AFCD cropland-fraction source unavailable; event-year raster alone is insufficient,outside,,,,,,TRUE,FALSE,FALSE,FALSE
91415,2022,1,Depression,inside,-4.242640625,Park dominant,missing/uncertain,annual AFCD cropland-fraction source unavailable; event-year raster alone is insufficient,inside,,,,,,TRUE,TRUE,TRUE,TRUE
99713,2022,1,Depression,outside,76.81959375,Park dominant,missing/uncertain,annual AFCD cropland-fraction source unavailable; event-year raster alone is insufficient,outside,,,,,,TRUE,FALSE,FALSE,FALSE
112844,2022,1,Depression,outside,7.9056943359375,Park dominant,missing/uncertain,annual AFCD cropland-fraction source unavailable; event-year raster alone is insufficient,outside,,,,,,TRUE,FALSE,TRUE,TRUE
114648,2022,1,Depression,outside,0.5,Park dominant,missing/uncertain,annual AFCD cropland-fraction source unavailable; event-year raster alone is insufficient,outside,,,,,,TRUE,TRUE,TRUE,TRUE
115973,2022,1,Depression,outside,6.02079736328125,Park dominant,missing/uncertain,annual AFCD cropland-fraction source unavailable; event-year raster alone is insufficient,outside,,,,,,TRUE,FALSE,TRUE,TRUE
117333,2022,1,Depression,inside,-2.5,Park dominant,missing/uncertain,annual AFCD cropland-fraction source unavailable; event-year raster alone is insufficient,inside,,,,,,TRUE,TRUE,TRUE,TRUE
118207,2022,1,Depression,outside,4.9244287109375,Park dominant,missing/uncertain,annual AFCD cropland-fraction source unavailable; event-year raster alone is insufficient,outside,,,,,,TRUE,TRUE,TRUE,TRUE
122672,2022,1,Depression,outside,4.30116259765625,Park dominant,missing/uncertain,annual AFCD cropland-fraction source unavailable; event-year raster alone is insufficient,outside,,,,,,TRUE,TRUE,TRUE,TRUE
123118,2022,1,Depression,outside,4.4721357421875,Park dominant,missing/uncertain,annual AFCD cropland-fraction source unavailable; event-year raster alone is insufficient,outside,,,,,,TRUE,TRUE,TRUE,TRUE
131960,2022,1,Depression,outside,29.84124609375,Park dominant,missing/uncertain,annual AFCD cropland-fraction source unavailable; event-year raster alone is insufficient,outside,,,,,,TRUE,FALSE,FALSE,FALSE
144491,2022,1,Depression,outside,17.846568359375,Park dominant,missing/uncertain,annual AFCD cropland-fraction source unavailable; event-year raster alone is insufficient,outside,,,,,,TRUE,FALSE,FALSE,TRUE
151893,2022,1,Depression,outside,18.848076171875,Park dominant,missing/uncertain,annual AFCD cropland-fraction source unavailable; event-year raster alone is insufficient,outside,,,,,,TRUE,FALSE,FALSE,TRUE
121987,2002,3,Plateau,outside,10.124228515625,Neither actor dominant,missing/uncertain,annual AFCD cropland-fraction source unavailable; event-year raster alone is insufficient,outside,,,,,,FALSE,FALSE,FALSE,TRUE
57616,2007,3,Plateau,outside,17.677669921875,Neither actor dominant,missing/uncertain,annual AFCD cropland-fraction source unavailable; event-year raster alone is insufficient,outside,,,,,,FALSE,FALSE,FALSE,TRUE
61636,2007,3,Plateau,outside,13.4536240234375,Neither actor dominant,missing/uncertain,annual AFCD cropland-fraction source unavailable; event-year raster alone is insufficient,outside,,,,,,FALSE,FALSE,FALSE,TRUE
54040,2008,3,Plateau,outside,20.7002421875,Neither actor dominant,missing/uncertain,annual AFCD cropland-fraction source unavailable; event-year raster alone is insufficient,outside,,,,,,FALSE,FALSE,FALSE,FALSE
37579,2009,3,Plateau,outside,106.5422421875,Neither actor dominant,missing/uncertain,annual AFCD cropland-fraction source unavailable; event-year raster alone is insufficient,outside,,,,,,FALSE,FALSE,FALSE,FALSE
71955,2009,3,Plateau,outside,29.10755859375,Neither actor dominant,missing/uncertain,annual AFCD cropland-fraction source unavailable; event-year raster alone is insufficient,outside,,,,,,FALSE,FALSE,FALSE,FALSE
112170,2011,3,Plateau,outside,8.2462109375,Park dominant,missing/uncertain,annual AFCD cropland-fraction source unavailable; event-year raster alone is insufficient,outside,,,,,,FALSE,FALSE,TRUE,TRUE
81766,2014,3,Plateau,outside,16.985287109375,Militia dominant,missing/uncertain,annual AFCD cropland-fraction source unavailable; event-year raster alone is insufficient,outside,,,,,,FALSE,FALSE,FALSE,TRUE
54487,2015,3,Plateau,outside,20.30394140625,Militia dominant,missing/uncertain,annual AFCD cropland-fraction source unavailable; event-year raster alone is insufficient,outside,,,,,,FALSE,FALSE,FALSE,FALSE
103697,2015,3,Plateau,outside,18.821529296875,Militia dominant,missing/uncertain,annual AFCD cropland-fraction source unavailable; event-year raster alone is insufficient,outside,,,,,,FALSE,FALSE,FALSE,TRUE
58063,2016,3,Plateau,outside,17.32772265625,Park dominant,missing/uncertain,annual AFCD cropland-fraction source unavailable; event-year raster alone is insufficient,outside,,,,,,FALSE,FALSE,FALSE,TRUE
112171,2017,3,Plateau,outside,8.732125,Park dominant,missing/uncertain,annual AFCD cropland-fraction source unavailable; event-year raster alone is insufficient,outside,,,,,,FALSE,FALSE,TRUE,TRUE
138921,2017,3,Plateau,outside,9.1923876953125,Park dominant,missing/uncertain,annual AFCD cropland-fraction source unavailable; event-year raster alone is insufficient,outside,,,,,,FALSE,FALSE,TRUE,TRUE
64780,2019,3,Plateau,outside,18.343935546875,Park dominant,missing/uncertain,annual AFCD cropland-fraction source unavailable; event-year raster alone is insufficient,outside,,,,,,FALSE,FALSE,FALSE,TRUE
100139,2019,3,Plateau,outside,84.60053125,Park dominant,missing/uncertain,annual AFCD cropland-fraction source unavailable; event-year raster alone is insufficient,outside,,,,,,FALSE,FALSE,FALSE,FALSE
99692,2020,3,Plateau,outside,84.9028828125,Park dominant,missing/uncertain,annual AFCD cropland-fraction source unavailable; event-year raster alone is insufficient,outside,,,,,,FALSE,FALSE,FALSE,FALSE
100585,2020,3,Plateau,outside,84.7009453125,Park dominant,missing/uncertain,annual AFCD cropland-fraction source unavailable; event-year raster alone is insufficient,outside,,,,,,FALSE,FALSE,FALSE,FALSE
100586,2020,3,Plateau,outside,84.3000625,Park dominant,missing/uncertain,annual AFCD cropland-fraction source unavailable; event-year raster alone is insufficient,outside,,,,,,FALSE,FALSE,FALSE,FALSE
81441,2021,3,Plateau,outside,60.3096171875,Park dominant,missing/uncertain,annual AFCD cropland-fraction source unavailable; event-year raster alone is insufficient,outside,,,,,,TRUE,FALSE,FALSE,FALSE
81440,2022,3,Plateau,outside,60.79884765625,Park dominant,missing/uncertain,annual AFCD cropland-fraction source unavailable; event-year raster alone is insufficient,outside,,,,,,TRUE,FALSE,FALSE,FALSE
