run_id,outcome,governance_profile,estimate,standard_error,conf_low,conf_high,odds_ratio,boundary_center_km,design_membership,comparison_direction,result_type,fit_validity_status,warning_messages,design,legal_rank,legal_percentile_among_offsets
boundary_0__agriculture,agriculture,Neither actor dominant,0.286485847450869,0.229996977828128,-0.16429994564532,0.737271640547059,1.33173932025468,0,legal,park-facing minus outward-facing,profile,valid,"",dense,10,0.9
boundary_0__agriculture,agriculture,Militia dominant,0.221756230967078,0.137786166542745,-0.048299693024539,0.491812154958695,1.24826705192109,0,legal,park-facing minus outward-facing,profile,valid,"",dense,8,0.7
boundary_0__agriculture,agriculture,Park dominant,-0.346961114977916,0.158116616597485,-0.656863988866315,-0.0370582410895171,0.706832812932916,0,legal,park-facing minus outward-facing,profile,valid,"",dense,3,0.2
boundary_0__agriculture,agriculture,Neither actor dominant minus Militia dominant,0.0647296164837915,0.290673749570715,-0.504980463926025,0.634439696893608,1.06687052117984,0,legal,difference between profile-specific park-facing minus outward-facing contrasts,pairwise,valid,"",dense,4,0.3
boundary_0__agriculture,agriculture,Neither actor dominant minus Park dominant,0.633446962428786,0.311439815058039,0.0230361415632143,1.24385778329436,1.88409379967632,0,legal,difference between profile-specific park-facing minus outward-facing contrasts,pairwise,valid,"",dense,11,1
boundary_0__agriculture,agriculture,Militia dominant minus Park dominant,0.568717345944994,0.22051748120104,0.136511024829467,1.00092366706052,1.76600043048591,0,legal,difference between profile-specific park-facing minus outward-facing contrasts,pairwise,valid,"",dense,11,1
boundary_0__fire,fire,Neither actor dominant,0.170288429758373,0.0297450591051261,0.111989185194311,0.228587674322435,1.18564677782075,0,legal,park-facing minus outward-facing,profile,strict_valid,"Model convergence problem; false convergence (8). See vignette('troubleshooting'), help('diagnose')",dense,9,0.8
boundary_0__fire,fire,Militia dominant,0.0107091233715076,0.0330098626703633,-0.0539890185970177,0.0754072653400329,1.01076667127895,0,legal,park-facing minus outward-facing,profile,strict_valid,"Model convergence problem; false convergence (8). See vignette('troubleshooting'), help('diagnose')",dense,7,0.6
boundary_0__fire,fire,Park dominant,0.0678282180423288,0.0305524668753538,0.00794648332778246,0.127709952756875,1.07018145482248,0,legal,park-facing minus outward-facing,profile,strict_valid,"Model convergence problem; false convergence (8). See vignette('troubleshooting'), help('diagnose')",dense,7,0.6
boundary_0__fire,fire,Neither actor dominant minus Militia dominant,0.159579306386865,0.0444340886528708,0.0724900929413787,0.246668519832352,1.17301728629468,0,legal,difference between profile-specific park-facing minus outward-facing contrasts,pairwise,strict_valid,"Model convergence problem; false convergence (8). See vignette('troubleshooting'), help('diagnose')",dense,11,1
boundary_0__fire,fire,Neither actor dominant minus Park dominant,0.102460211716044,0.0426402589370402,0.0188868399079833,0.186033583524105,1.10789321986281,0,legal,difference between profile-specific park-facing minus outward-facing contrasts,pairwise,strict_valid,"Model convergence problem; false convergence (8). See vignette('troubleshooting'), help('diagnose')",dense,9,0.8
boundary_0__fire,fire,Militia dominant minus Park dominant,-0.0571190946708212,0.0449781665061582,-0.145274681113537,0.0310364917718946,0.944481579945351,0,legal,difference between profile-specific park-facing minus outward-facing contrasts,pairwise,strict_valid,"Model convergence problem; false convergence (8). See vignette('troubleshooting'), help('diagnose')",dense,4,0.3
boundary_0__tree_cover_loss,tree_cover_loss,Neither actor dominant,-0.846081473790374,0.227997755104005,-1.29294886235021,-0.399214085230542,0.429093054297882,0,legal,park-facing minus outward-facing,profile,valid,"",dense,1,0
boundary_0__tree_cover_loss,tree_cover_loss,Militia dominant,-0.897845233263081,0.311625133975982,-1.50861927253348,-0.287071193992687,0.407446667053411,0,legal,park-facing minus outward-facing,profile,valid,"",dense,1,0
boundary_0__tree_cover_loss,tree_cover_loss,Park dominant,-1.43025410197535,0.260646937876377,-1.9411127128937,-0.919395491057002,0.239248121099066,0,legal,park-facing minus outward-facing,profile,valid,"",dense,1,0
boundary_0__tree_cover_loss,tree_cover_loss,Neither actor dominant minus Militia dominant,0.0517637594727072,0.389016633079405,-0.710694830749959,0.814222349695374,1.05312692186443,0,legal,difference between profile-specific park-facing minus outward-facing contrasts,pairwise,valid,"",dense,7,0.6
boundary_0__tree_cover_loss,tree_cover_loss,Neither actor dominant minus Park dominant,0.584172628184976,0.342445374778389,-0.0870079730529867,1.25535322942294,1.79350647489602,0,legal,difference between profile-specific park-facing minus outward-facing contrasts,pairwise,valid,"",dense,9,0.8
boundary_0__tree_cover_loss,tree_cover_loss,Militia dominant minus Park dominant,0.532408868712269,0.402431716726428,-0.256342802308155,1.32116053973269,1.70302974661481,0,legal,difference between profile-specific park-facing minus outward-facing contrasts,pairwise,valid,"",dense,9,0.8
boundary_15__agriculture,agriculture,Neither actor dominant,0.0123308998615213,0.190364196037416,-0.360776068317737,0.385437868040779,1.01240723886071,15,dense;non_adjacent,park-facing minus outward-facing,profile,valid,"",dense,10,0.9
boundary_15__agriculture,agriculture,Militia dominant,0.622129773803596,0.376784066956122,-0.116353427378932,1.36061297498612,1.862891357077,15,dense;non_adjacent,park-facing minus outward-facing,profile,valid,"",dense,8,0.7
boundary_15__agriculture,agriculture,Park dominant,0.49917482690979,0.385929332555153,-0.257232765475891,1.25558241929547,1.64736135143585,15,dense;non_adjacent,park-facing minus outward-facing,profile,valid,"",dense,3,0.2
boundary_15__agriculture,agriculture,Neither actor dominant minus Militia dominant,-0.609798873942074,0.41877735980287,-1.43058741669647,0.210989668812323,0.543460162083335,15,dense;non_adjacent,difference between profile-specific park-facing minus outward-facing contrasts,pairwise,valid,"",dense,4,0.3
boundary_15__agriculture,agriculture,Neither actor dominant minus Park dominant,-0.486843927048269,0.455399380556405,-1.37941031152067,0.405722457424135,0.614562942112423,15,dense;non_adjacent,difference between profile-specific park-facing minus outward-facing contrasts,pairwise,valid,"",dense,11,1
boundary_15__agriculture,agriculture,Militia dominant minus Park dominant,0.122954946893805,0.576440317704971,-1.00684731504476,1.25275720883237,1.13083347223929,15,dense;non_adjacent,difference between profile-specific park-facing minus outward-facing contrasts,pairwise,valid,"",dense,11,1
boundary_15__fire,fire,Neither actor dominant,0.114393230464173,0.0415691826621848,0.0329191295795239,0.195867331348822,1.12119292542486,15,dense;non_adjacent,park-facing minus outward-facing,profile,strict_valid,"Model convergence problem; false convergence (8). See vignette('troubleshooting'), help('diagnose')",dense,9,0.8
boundary_15__fire,fire,Militia dominant,0.223644487474911,0.0462528571410318,0.132990553296413,0.31429842165341,1.25062632706272,15,dense;non_adjacent,park-facing minus outward-facing,profile,strict_valid,"Model convergence problem; false convergence (8). See vignette('troubleshooting'), help('diagnose')",dense,7,0.6
boundary_15__fire,fire,Park dominant,0.0802187672895008,0.0427098088823794,-0.00349091990655176,0.163928454485553,1.08352408137498,15,dense;non_adjacent,park-facing minus outward-facing,profile,strict_valid,"Model convergence problem; false convergence (8). See vignette('troubleshooting'), help('diagnose')",dense,7,0.6
boundary_15__fire,fire,Neither actor dominant minus Militia dominant,-0.109251257010739,0.0621878094423686,-0.231137123795221,0.0126346097737439,0.89650513599706,15,dense;non_adjacent,difference between profile-specific park-facing minus outward-facing contrasts,pairwise,strict_valid,"Model convergence problem; false convergence (8). See vignette('troubleshooting'), help('diagnose')",dense,11,1
boundary_15__fire,fire,Neither actor dominant minus Park dominant,0.0341744631746722,0.0595996913255098,-0.0826387853130312,0.150987711662376,1.03476511938902,15,dense;non_adjacent,difference between profile-specific park-facing minus outward-facing contrasts,pairwise,strict_valid,"Model convergence problem; false convergence (8). See vignette('troubleshooting'), help('diagnose')",dense,9,0.8
boundary_15__fire,fire,Militia dominant minus Park dominant,0.143425720185411,0.0629559601726758,0.0200343056348282,0.266817134735993,1.15422107229558,15,dense;non_adjacent,difference between profile-specific park-facing minus outward-facing contrasts,pairwise,strict_valid,"Model convergence problem; false convergence (8). See vignette('troubleshooting'), help('diagnose')",dense,4,0.3
boundary_15__tree_cover_loss,tree_cover_loss,Neither actor dominant,0.21468390004868,0.143341536195558,-0.0662603483832574,0.495628148480617,1.23947003861725,15,dense;non_adjacent,park-facing minus outward-facing,profile,valid,"",dense,1,0
boundary_15__tree_cover_loss,tree_cover_loss,Militia dominant,0.200523485712963,0.235390675470375,-0.260833760505528,0.661880731931454,1.222042312438,15,dense;non_adjacent,park-facing minus outward-facing,profile,valid,"",dense,1,0
boundary_15__tree_cover_loss,tree_cover_loss,Park dominant,-0.568106587736471,0.162964293081332,-0.887510732941911,-0.24870244253103,0.566597225847776,15,dense;non_adjacent,park-facing minus outward-facing,profile,valid,"",dense,1,0
boundary_15__tree_cover_loss,tree_cover_loss,Neither actor dominant minus Militia dominant,0.0141604143357168,0.261200181532354,-0.497782534223022,0.526103362894455,1.01426114791761,15,dense;non_adjacent,difference between profile-specific park-facing minus outward-facing contrasts,pairwise,valid,"",dense,7,0.6
boundary_15__tree_cover_loss,tree_cover_loss,Neither actor dominant minus Park dominant,0.782790487785151,0.19372582933364,0.403094839416062,1.16248613615424,2.18756813848265,15,dense;non_adjacent,difference between profile-specific park-facing minus outward-facing contrasts,pairwise,valid,"",dense,9,0.8
boundary_15__tree_cover_loss,tree_cover_loss,Militia dominant minus Park dominant,0.768630073449434,0.268409296079956,0.242557520016972,1.2947026268819,2.15680955834104,15,dense;non_adjacent,difference between profile-specific park-facing minus outward-facing contrasts,pairwise,valid,"",dense,9,0.8
boundary_20__agriculture,agriculture,Neither actor dominant,-0.00217248540697795,0.226578560475671,-0.446258303608223,0.441913332794267,0.997829872731461,20,dense;round_number;historical,park-facing minus outward-facing,profile,valid,"",dense,10,0.9
boundary_20__agriculture,agriculture,Militia dominant,-0.268130430971688,0.197399336167648,-0.655026020432392,0.118765158489016,0.764808019943837,20,dense;round_number;historical,park-facing minus outward-facing,profile,valid,"",dense,8,0.7
boundary_20__agriculture,agriculture,Park dominant,-0.200567225262884,0.179727509159649,-0.552826670246888,0.15169221972112,0.818266479997494,20,dense;round_number;historical,park-facing minus outward-facing,profile,valid,"",dense,3,0.2
boundary_20__agriculture,agriculture,Neither actor dominant minus Militia dominant,0.26595794556471,0.29479839334028,-0.311836288082512,0.843752179211932,1.30468018994458,20,dense;round_number;historical,difference between profile-specific park-facing minus outward-facing contrasts,pairwise,valid,"",dense,4,0.3
boundary_20__agriculture,agriculture,Neither actor dominant minus Park dominant,0.198394739855906,0.278165049578287,-0.346798739075335,0.743588218787147,1.21944366184292,20,dense;round_number;historical,difference between profile-specific park-facing minus outward-facing contrasts,pairwise,valid,"",dense,11,1
boundary_20__agriculture,agriculture,Militia dominant minus Park dominant,-0.0675632057088041,0.27969572841454,-0.615756760030998,0.48063034861339,0.934668642354969,20,dense;round_number;historical,difference between profile-specific park-facing minus outward-facing contrasts,pairwise,valid,"",dense,11,1
boundary_20__fire,fire,Neither actor dominant,0.422192783824508,0.0285640905242008,,,1.52530254999983,20,dense;round_number;historical,park-facing minus outward-facing,profile,finite_not_strict_valid,"Model convergence problem; false convergence (8). See vignette('troubleshooting'), help('diagnose')",dense,9,0.8
boundary_20__fire,fire,Militia dominant,0.513085650744062,0.0315232173009776,,,1.6704376379401,20,dense;round_number;historical,park-facing minus outward-facing,profile,finite_not_strict_valid,"Model convergence problem; false convergence (8). See vignette('troubleshooting'), help('diagnose')",dense,7,0.6
boundary_20__fire,fire,Park dominant,0.478167602136646,0.0293394868331942,,,1.61311582238678,20,dense;round_number;historical,park-facing minus outward-facing,profile,finite_not_strict_valid,"Model convergence problem; false convergence (8). See vignette('troubleshooting'), help('diagnose')",dense,7,0.6
boundary_20__fire,fire,Neither actor dominant minus Militia dominant,-0.0908928669195537,0.0425404506859016,,,0.913115530538903,20,dense;round_number;historical,difference between profile-specific park-facing minus outward-facing contrasts,pairwise,finite_not_strict_valid,"Model convergence problem; false convergence (8). See vignette('troubleshooting'), help('diagnose')",dense,11,1
boundary_20__fire,fire,Neither actor dominant minus Park dominant,-0.0559748183121378,0.0409484147831625,,,0.945562946461572,20,dense;round_number;historical,difference between profile-specific park-facing minus outward-facing contrasts,pairwise,finite_not_strict_valid,"Model convergence problem; false convergence (8). See vignette('troubleshooting'), help('diagnose')",dense,9,0.8
boundary_20__fire,fire,Militia dominant minus Park dominant,0.0349180486074159,0.0430629317734059,,,1.03553484179983,20,dense;round_number;historical,difference between profile-specific park-facing minus outward-facing contrasts,pairwise,finite_not_strict_valid,"Model convergence problem; false convergence (8). See vignette('troubleshooting'), help('diagnose')",dense,4,0.3
boundary_20__tree_cover_loss,tree_cover_loss,Neither actor dominant,-0.393020074090525,0.158342221317378,-0.703365125104655,-0.0826750230763947,0.675015197133954,20,dense;round_number;historical,park-facing minus outward-facing,profile,valid,"",dense,1,0
boundary_20__tree_cover_loss,tree_cover_loss,Militia dominant,0.131993576123983,0.237694534591942,-0.333879150998233,0.597866303246198,1.14110098895241,20,dense;round_number;historical,park-facing minus outward-facing,profile,valid,"",dense,1,0
boundary_20__tree_cover_loss,tree_cover_loss,Park dominant,-0.417479666537035,0.1262682932587,-0.664960973713428,-0.169998359360642,0.65870488546326,20,dense;round_number;historical,park-facing minus outward-facing,profile,valid,"",dense,1,0
boundary_20__tree_cover_loss,tree_cover_loss,Neither actor dominant minus Militia dominant,-0.525013650214508,0.271436763261549,-1.05701993028727,0.00699262985825266,0.59154728956431,20,dense;round_number;historical,difference between profile-specific park-facing minus outward-facing contrasts,pairwise,valid,"",dense,7,0.6
boundary_20__tree_cover_loss,tree_cover_loss,Neither actor dominant minus Park dominant,0.0244595924465097,0.220234216487951,-0.407191540033272,0.456110724926291,1.0247611821783,20,dense;round_number;historical,difference between profile-specific park-facing minus outward-facing contrasts,pairwise,valid,"",dense,9,0.8
boundary_20__tree_cover_loss,tree_cover_loss,Militia dominant minus Park dominant,0.549473242661017,0.28127676036707,-0.00181907734654307,1.10076556266858,1.73234025454342,20,dense;round_number;historical,difference between profile-specific park-facing minus outward-facing contrasts,pairwise,valid,"",dense,9,0.8
boundary_25__agriculture,agriculture,Neither actor dominant,-0.569392247035318,0.183474814177081,-0.928996274892575,-0.209788219178061,0.565869242924946,25,dense;non_adjacent,park-facing minus outward-facing,profile,valid,"",dense,10,0.9
boundary_25__agriculture,agriculture,Militia dominant,-1.20073708806059,0.349437694396367,-1.88562238391818,-0.515851792202997,0.300972287053812,25,dense;non_adjacent,park-facing minus outward-facing,profile,valid,"",dense,8,0.7
boundary_25__agriculture,agriculture,Park dominant,-0.868049961376977,0.339978706938474,-1.53439598248688,-0.201703940267071,0.419769318031063,25,dense;non_adjacent,park-facing minus outward-facing,profile,valid,"",dense,3,0.2
boundary_25__agriculture,agriculture,Neither actor dominant minus Militia dominant,0.631344841025272,0.395195872233089,-0.143224835390475,1.40591451744102,1.88013736568301,25,dense;non_adjacent,difference between profile-specific park-facing minus outward-facing contrasts,pairwise,valid,"",dense,4,0.3
boundary_25__agriculture,agriculture,Neither actor dominant minus Park dominant,0.298657714341659,0.41532288288627,-0.515360178070776,1.11267560675409,1.34804812695499,25,dense;non_adjacent,difference between profile-specific park-facing minus outward-facing contrasts,pairwise,valid,"",dense,11,1
boundary_25__agriculture,agriculture,Militia dominant minus Park dominant,-0.332687126683612,0.530799891480287,-1.37303579698274,0.707661543615518,0.716994487509305,25,dense;non_adjacent,difference between profile-specific park-facing minus outward-facing contrasts,pairwise,valid,"",dense,11,1
boundary_25__fire,fire,Neither actor dominant,0.418500331035162,0.0245790577168361,0.370326263136232,0.466674398934092,1.51968082770388,25,dense;non_adjacent,park-facing minus outward-facing,profile,strict_valid,"Model convergence problem; false convergence (8). See vignette('troubleshooting'), help('diagnose')",dense,9,0.8
boundary_25__fire,fire,Militia dominant,0.442391401873017,0.0268665224533361,0.389733985474642,0.495048818271393,1.55642480881646,25,dense;non_adjacent,park-facing minus outward-facing,profile,strict_valid,"Model convergence problem; false convergence (8). See vignette('troubleshooting'), help('diagnose')",dense,7,0.6
boundary_25__fire,fire,Park dominant,0.555103018586715,0.0253495109250934,0.505418890147827,0.604787147025602,1.74212044631625,25,dense;non_adjacent,park-facing minus outward-facing,profile,strict_valid,"Model convergence problem; false convergence (8). See vignette('troubleshooting'), help('diagnose')",dense,7,0.6
boundary_25__fire,fire,Neither actor dominant minus Militia dominant,-0.0238910708378553,0.0364142742223815,-0.0952617368368882,0.0474795951611777,0.976392061534587,25,dense;non_adjacent,difference between profile-specific park-facing minus outward-facing contrasts,pairwise,strict_valid,"Model convergence problem; false convergence (8). See vignette('troubleshooting'), help('diagnose')",dense,11,1
boundary_25__fire,fire,Neither actor dominant minus Park dominant,-0.136602687551553,0.0353098659137723,-0.205808753041485,-0.0673966220616203,0.872316739590124,25,dense;non_adjacent,difference between profile-specific park-facing minus outward-facing contrasts,pairwise,strict_valid,"Model convergence problem; false convergence (8). See vignette('troubleshooting'), help('diagnose')",dense,9,0.8
boundary_25__fire,fire,Militia dominant minus Park dominant,-0.112711616713697,0.0369319806094367,-0.185096968585925,-0.0403262648414697,0.893408266981515,25,dense;non_adjacent,difference between profile-specific park-facing minus outward-facing contrasts,pairwise,strict_valid,"Model convergence problem; false convergence (8). See vignette('troubleshooting'), help('diagnose')",dense,4,0.3
boundary_25__tree_cover_loss,tree_cover_loss,Neither actor dominant,-0.207550213143212,0.297981817427424,-0.791583843348753,0.376483417062329,0.81257243893244,25,dense;non_adjacent,park-facing minus outward-facing,profile,valid,"",dense,1,0
boundary_25__tree_cover_loss,tree_cover_loss,Militia dominant,-0.190605582936496,0.220086176685898,-0.621966562735975,0.240755396862983,0.82645849320771,25,dense;non_adjacent,park-facing minus outward-facing,profile,valid,"",dense,1,0
boundary_25__tree_cover_loss,tree_cover_loss,Park dominant,-0.324021470345041,0.139257234671613,-0.596960634888044,-0.0510823058020368,0.723234714114287,25,dense;non_adjacent,park-facing minus outward-facing,profile,valid,"",dense,1,0
boundary_25__tree_cover_loss,tree_cover_loss,Neither actor dominant minus Militia dominant,-0.0169446302067163,0.375134259178103,-0.752194267562911,0.718305007149479,0.983198122604592,25,dense;non_adjacent,difference between profile-specific park-facing minus outward-facing contrasts,pairwise,valid,"",dense,7,0.6
boundary_25__tree_cover_loss,tree_cover_loss,Neither actor dominant minus Park dominant,0.116471257201828,0.334673642185234,-0.539477028056074,0.772419542459731,1.12352521674455,25,dense;non_adjacent,difference between profile-specific park-facing minus outward-facing contrasts,pairwise,valid,"",dense,9,0.8
boundary_25__tree_cover_loss,tree_cover_loss,Militia dominant minus Park dominant,0.133415887408545,0.265988749135788,-0.387912481190459,0.654744256007548,1.14272514451942,25,dense;non_adjacent,difference between profile-specific park-facing minus outward-facing contrasts,pairwise,valid,"",dense,9,0.8
boundary_30__agriculture,agriculture,Neither actor dominant,-0.91281995342817,0.185757218667627,-1.27689741188505,-0.54874249497129,0.401390723428755,30,dense;round_number,park-facing minus outward-facing,profile,valid,"",dense,10,0.9
boundary_30__agriculture,agriculture,Militia dominant,-1.26170870212758,0.165273018243791,-1.58563786550164,-0.937779538753517,0.283169760112521,30,dense;round_number,park-facing minus outward-facing,profile,valid,"",dense,8,0.7
boundary_30__agriculture,agriculture,Park dominant,-0.453206326708814,0.199334840447198,-0.84389543484936,-0.0625172185682679,0.635586981526726,30,dense;round_number,park-facing minus outward-facing,profile,valid,"",dense,3,0.2
boundary_30__agriculture,agriculture,Neither actor dominant minus Militia dominant,0.348888748699409,0.247185293640604,-0.135585524344133,0.833363021742951,1.41749148379847,30,dense;round_number,difference between profile-specific park-facing minus outward-facing contrasts,pairwise,valid,"",dense,4,0.3
boundary_30__agriculture,agriculture,Neither actor dominant minus Park dominant,-0.459613626719356,0.29018244780964,-1.02836077337192,0.109133519933211,0.631527603766499,30,dense;round_number,difference between profile-specific park-facing minus outward-facing contrasts,pairwise,valid,"",dense,11,1
boundary_30__agriculture,agriculture,Militia dominant minus Park dominant,-0.808502375418765,0.270552342825198,-1.33877522328909,-0.278229527548444,0.44552479572871,30,dense;round_number,difference between profile-specific park-facing minus outward-facing contrasts,pairwise,valid,"",dense,11,1
boundary_30__fire,fire,Neither actor dominant,0.0287981706560159,0.0307405501162527,-0.0314522004367881,0.0890485417488198,1.02921684734999,30,dense;round_number,park-facing minus outward-facing,profile,strict_valid,"Model convergence problem; false convergence (8). See vignette('troubleshooting'), help('diagnose')",dense,9,0.8
boundary_30__fire,fire,Militia dominant,0.0512504061149861,0.0334760264782087,-0.0143614001278121,0.116862212357784,1.05258643436539,30,dense;round_number,park-facing minus outward-facing,profile,strict_valid,"Model convergence problem; false convergence (8). See vignette('troubleshooting'), help('diagnose')",dense,7,0.6
boundary_30__fire,fire,Park dominant,0.120244207366799,0.0315849488336361,0.0583388451993321,0.182149569534266,1.12777222823971,30,dense;round_number,park-facing minus outward-facing,profile,strict_valid,"Model convergence problem; false convergence (8). See vignette('troubleshooting'), help('diagnose')",dense,7,0.6
boundary_30__fire,fire,Neither actor dominant minus Militia dominant,-0.0224522354589703,0.0454438924863163,-0.111520628049461,0.0666161571315201,0.977797940147786,30,dense;round_number,difference between profile-specific park-facing minus outward-facing contrasts,pairwise,strict_valid,"Model convergence problem; false convergence (8). See vignette('troubleshooting'), help('diagnose')",dense,11,1
boundary_30__fire,fire,Neither actor dominant minus Park dominant,-0.0914460367107834,0.0440711392142576,-0.177823882328379,-0.00506819109318769,0.912610562290972,30,dense;round_number,difference between profile-specific park-facing minus outward-facing contrasts,pairwise,strict_valid,"Model convergence problem; false convergence (8). See vignette('troubleshooting'), help('diagnose')",dense,9,0.8
boundary_30__fire,fire,Militia dominant minus Park dominant,-0.0689938012518132,0.0460201502529163,-0.159191638310651,0.0212040358070246,0.933332465553199,30,dense;round_number,difference between profile-specific park-facing minus outward-facing contrasts,pairwise,strict_valid,"Model convergence problem; false convergence (8). See vignette('troubleshooting'), help('diagnose')",dense,4,0.3
boundary_30__tree_cover_loss,tree_cover_loss,Neither actor dominant,-0.232391977445619,0.319853553671033,-0.859293422967992,0.394509468076754,0.792635367219424,30,dense;round_number,park-facing minus outward-facing,profile,valid,"",dense,1,0
boundary_30__tree_cover_loss,tree_cover_loss,Militia dominant,-0.426979458645128,0.170833345930591,-0.761806664027559,-0.0921522532626974,0.652476954850921,30,dense;round_number,park-facing minus outward-facing,profile,valid,"",dense,1,0
boundary_30__tree_cover_loss,tree_cover_loss,Park dominant,-0.0809828152868294,0.108658214637462,-0.293949002600678,0.131983372027019,0.922209539214853,30,dense;round_number,park-facing minus outward-facing,profile,valid,"",dense,1,0
boundary_30__tree_cover_loss,tree_cover_loss,Neither actor dominant minus Militia dominant,0.194587481199509,0.358601671189948,-0.508258879128664,0.897433841527683,1.21480975125095,30,dense;round_number,difference between profile-specific park-facing minus outward-facing contrasts,pairwise,valid,"",dense,7,0.6
boundary_30__tree_cover_loss,tree_cover_loss,Neither actor dominant minus Park dominant,-0.15140916215879,0.329078655333161,-0.796391474692656,0.493573150375077,0.859495953483907,30,dense;round_number,difference between profile-specific park-facing minus outward-facing contrasts,pairwise,valid,"",dense,9,0.8
boundary_30__tree_cover_loss,tree_cover_loss,Militia dominant minus Park dominant,-0.345996643358299,0.178095491715781,-0.695057392930182,0.00306410621358427,0.707514861976406,30,dense;round_number,difference between profile-specific park-facing minus outward-facing contrasts,pairwise,valid,"",dense,9,0.8
boundary_35__agriculture,agriculture,Neither actor dominant,-0.223476991488311,0.133044083949838,-0.484238604386116,0.0372846214094941,0.799733292328717,35,dense;non_adjacent,park-facing minus outward-facing,profile,valid,"",dense,10,0.9
boundary_35__agriculture,agriculture,Militia dominant,-0.332966306878028,0.121357919980735,-0.570823459278962,-0.0951091544770942,0.716794344788129,35,dense;non_adjacent,park-facing minus outward-facing,profile,valid,"",dense,8,0.7
boundary_35__agriculture,agriculture,Park dominant,-0.315078357282555,0.0561022851513498,-0.425036815629597,-0.205119898935513,0.729731692236374,35,dense;non_adjacent,park-facing minus outward-facing,profile,valid,"",dense,3,0.2
boundary_35__agriculture,agriculture,Neither actor dominant minus Militia dominant,0.109489315389717,0.19840539754528,-0.279378118137383,0.498356748916817,1.11570814996469,35,dense;non_adjacent,difference between profile-specific park-facing minus outward-facing contrasts,pairwise,valid,"",dense,4,0.3
boundary_35__agriculture,agriculture,Neither actor dominant minus Park dominant,0.0916013657942442,0.155360291148893,-0.212899209485243,0.396101941073731,1.09592786066042,35,dense;non_adjacent,difference between profile-specific park-facing minus outward-facing contrasts,pairwise,valid,"",dense,11,1
boundary_35__agriculture,agriculture,Militia dominant minus Park dominant,-0.017887949595473,0.137478799207626,-0.287341444680234,0.251565545489288,0.982271090065177,35,dense;non_adjacent,difference between profile-specific park-facing minus outward-facing contrasts,pairwise,valid,"",dense,11,1
boundary_35__fire,fire,Neither actor dominant,-0.323999418440159,0.0258408991419499,-0.374646650086513,-0.273352186793805,0.723250662993261,35,dense;non_adjacent,park-facing minus outward-facing,profile,strict_valid,"Model convergence problem; false convergence (8). See vignette('troubleshooting'), help('diagnose')",dense,9,0.8
boundary_35__fire,fire,Militia dominant,-0.334426062195696,0.0282336338210197,-0.389762967637587,-0.279089156753806,0.715748763763549,35,dense;non_adjacent,park-facing minus outward-facing,profile,strict_valid,"Model convergence problem; false convergence (8). See vignette('troubleshooting'), help('diagnose')",dense,7,0.6
boundary_35__fire,fire,Park dominant,-0.418452755341722,0.0266699367937268,-0.470724870927386,-0.366180639756058,0.658064218876918,35,dense;non_adjacent,park-facing minus outward-facing,profile,strict_valid,"Model convergence problem; false convergence (8). See vignette('troubleshooting'), help('diagnose')",dense,7,0.6
boundary_35__fire,fire,Neither actor dominant minus Militia dominant,0.010426643755537,0.0382725954766182,-0.0645862649735054,0.0854395524845793,1.01048119062095,35,dense;non_adjacent,difference between profile-specific park-facing minus outward-facing contrasts,pairwise,strict_valid,"Model convergence problem; false convergence (8). See vignette('troubleshooting'), help('diagnose')",dense,11,1
boundary_35__fire,fire,Neither actor dominant minus Park dominant,0.0944533369015631,0.0371378105752131,0.0216645657094746,0.167242108093651,1.09905787649052,35,dense;non_adjacent,difference between profile-specific park-facing minus outward-facing contrasts,pairwise,strict_valid,"Model convergence problem; false convergence (8). See vignette('troubleshooting'), help('diagnose')",dense,9,0.8
boundary_35__fire,fire,Militia dominant minus Park dominant,0.0840266931460261,0.0388390672888531,0.00790352006674634,0.160149866225306,1.0876579264332,35,dense;non_adjacent,difference between profile-specific park-facing minus outward-facing contrasts,pairwise,strict_valid,"Model convergence problem; false convergence (8). See vignette('troubleshooting'), help('diagnose')",dense,4,0.3
boundary_35__tree_cover_loss,tree_cover_loss,Neither actor dominant,-0.193720970503132,0.168307738955165,-0.523598077174625,0.136156136168361,0.823887761186135,35,dense;non_adjacent,park-facing minus outward-facing,profile,valid,"",dense,1,0
boundary_35__tree_cover_loss,tree_cover_loss,Militia dominant,-0.145545588250249,0.215729145076715,-0.568366943016227,0.277275766515729,0.864550475832102,35,dense;non_adjacent,park-facing minus outward-facing,profile,valid,"",dense,1,0
boundary_35__tree_cover_loss,tree_cover_loss,Park dominant,0.546501048943669,0.116786206770214,0.317604289783002,0.775397808104336,1.72719904783844,35,dense;non_adjacent,park-facing minus outward-facing,profile,valid,"",dense,1,0
boundary_35__tree_cover_loss,tree_cover_loss,Neither actor dominant minus Militia dominant,-0.0481753822528827,0.252063337614875,-0.542210445800997,0.445859681295232,0.952966638984461,35,dense;non_adjacent,difference between profile-specific park-facing minus outward-facing contrasts,pairwise,valid,"",dense,7,0.6
boundary_35__tree_cover_loss,tree_cover_loss,Neither actor dominant minus Park dominant,-0.740222019446801,0.204805604984932,-1.1416336290492,-0.338810409844398,0.47700799871168,35,dense;non_adjacent,difference between profile-specific park-facing minus outward-facing contrasts,pairwise,valid,"",dense,9,0.8
boundary_35__tree_cover_loss,tree_cover_loss,Militia dominant minus Park dominant,-0.692046637193918,0.24505417121892,-1.17234398704431,-0.211749287343523,0.50055057459305,35,dense;non_adjacent,difference between profile-specific park-facing minus outward-facing contrasts,pairwise,valid,"",dense,9,0.8
boundary_40__agriculture,agriculture,Neither actor dominant,0.269866009129522,0.147090036127626,-0.0184251641653207,0.558157182424365,1.30978893921493,40,dense;round_number;historical,park-facing minus outward-facing,profile,valid,"",dense,10,0.9
boundary_40__agriculture,agriculture,Militia dominant,0.134127836611575,0.139150249195033,-0.138601640250463,0.406857313473614,1.14353899645158,40,dense;round_number;historical,park-facing minus outward-facing,profile,valid,"",dense,8,0.7
boundary_40__agriculture,agriculture,Park dominant,-0.103947013761258,0.193697570566435,-0.483587275964376,0.275693248441859,0.90127305122511,40,dense;round_number;historical,park-facing minus outward-facing,profile,valid,"",dense,3,0.2
boundary_40__agriculture,agriculture,Neither actor dominant minus Militia dominant,0.135738172517947,0.218353587012501,-0.292226993921689,0.563703338957582,1.14538196185633,40,dense;round_number;historical,difference between profile-specific park-facing minus outward-facing contrasts,pairwise,valid,"",dense,4,0.3
boundary_40__agriculture,agriculture,Neither actor dominant minus Park dominant,0.37381302289078,0.286973186026263,-0.188644086249407,0.936270132030968,1.45326539768888,40,dense;round_number;historical,difference between profile-specific park-facing minus outward-facing contrasts,pairwise,valid,"",dense,11,1
boundary_40__agriculture,agriculture,Militia dominant minus Park dominant,0.238074850372834,0.279966525885478,-0.310649457239505,0.786799157985172,1.26880415973512,40,dense;round_number;historical,difference between profile-specific park-facing minus outward-facing contrasts,pairwise,valid,"",dense,11,1
boundary_40__fire,fire,Neither actor dominant,-0.314434625486242,0.0280356084728597,-0.369383408377713,-0.259485842594771,0.730201594958878,40,dense;round_number;historical,park-facing minus outward-facing,profile,strict_valid,"Model convergence problem; false convergence (8). See vignette('troubleshooting'), help('diagnose')",dense,9,0.8
boundary_40__fire,fire,Militia dominant,-0.349774515029481,0.0307914787169315,-0.410124704345398,-0.289424325713563,0.70484700420759,40,dense;round_number;historical,park-facing minus outward-facing,profile,strict_valid,"Model convergence problem; false convergence (8). See vignette('troubleshooting'), help('diagnose')",dense,7,0.6
boundary_40__fire,fire,Park dominant,-0.484491747957798,0.0289338608571238,-0.541201073171454,-0.427782422744142,0.616010205658885,40,dense;round_number;historical,park-facing minus outward-facing,profile,strict_valid,"Model convergence problem; false convergence (8). See vignette('troubleshooting'), help('diagnose')",dense,7,0.6
boundary_40__fire,fire,Neither actor dominant minus Militia dominant,0.0353398895432382,0.0416428868371971,-0.0462786688699451,0.116958447956422,1.03597176493613,40,dense;round_number;historical,difference between profile-specific park-facing minus outward-facing contrasts,pairwise,strict_valid,"Model convergence problem; false convergence (8). See vignette('troubleshooting'), help('diagnose')",dense,11,1
boundary_40__fire,fire,Neither actor dominant minus Park dominant,0.170057122471556,0.0402886290314048,0.0910928605835077,0.249021384359604,1.18537256079687,40,dense;round_number;historical,difference between profile-specific park-facing minus outward-facing contrasts,pairwise,strict_valid,"Model convergence problem; false convergence (8). See vignette('troubleshooting'), help('diagnose')",dense,9,0.8
boundary_40__fire,fire,Militia dominant minus Park dominant,0.134717232928318,0.0422472286899269,0.0519141862494336,0.217520279607202,1.14421319278905,40,dense;round_number;historical,difference between profile-specific park-facing minus outward-facing contrasts,pairwise,strict_valid,"Model convergence problem; false convergence (8). See vignette('troubleshooting'), help('diagnose')",dense,4,0.3
boundary_40__tree_cover_loss,tree_cover_loss,Neither actor dominant,0.377689927454386,0.135860403805937,0.111408429069681,0.643971425839092,1.45891050464109,40,dense;round_number;historical,park-facing minus outward-facing,profile,valid,"",dense,1,0
boundary_40__tree_cover_loss,tree_cover_loss,Militia dominant,0.177437410388858,0.239158432512293,-0.29130450393429,0.646179324712006,1.19415331397182,40,dense;round_number;historical,park-facing minus outward-facing,profile,valid,"",dense,1,0
boundary_40__tree_cover_loss,tree_cover_loss,Park dominant,0.50368963867288,0.14317225342128,0.223077178381729,0.78430209896403,1.65481569265494,40,dense;round_number;historical,park-facing minus outward-facing,profile,valid,"",dense,1,0
boundary_40__tree_cover_loss,tree_cover_loss,Neither actor dominant minus Militia dominant,0.200252517065528,0.234543132257725,-0.259443574980826,0.659948609111883,1.22171122214506,40,dense;round_number;historical,difference between profile-specific park-facing minus outward-facing contrasts,pairwise,valid,"",dense,7,0.6
boundary_40__tree_cover_loss,tree_cover_loss,Neither actor dominant minus Park dominant,-0.125999711218493,0.176395374457325,-0.471728292194307,0.219728869757321,0.881615101377517,40,dense;round_number;historical,difference between profile-specific park-facing minus outward-facing contrasts,pairwise,valid,"",dense,9,0.8
boundary_40__tree_cover_loss,tree_cover_loss,Militia dominant minus Park dominant,-0.326252228284022,0.26891587734243,-0.853317662746175,0.200813206178132,0.721623150706263,40,dense;round_number;historical,difference between profile-specific park-facing minus outward-facing contrasts,pairwise,valid,"",dense,9,0.8
boundary_45__agriculture,agriculture,Neither actor dominant,0.225868183671102,0.157214373723548,-0.0822663266790723,0.534002694021275,1.2534104344263,45,dense;non_adjacent,park-facing minus outward-facing,profile,valid,"",dense,10,0.9
boundary_45__agriculture,agriculture,Militia dominant,0.110733432658165,0.144991591461853,-0.173444864668213,0.394911729984542,1.11709708556084,45,dense;non_adjacent,park-facing minus outward-facing,profile,valid,"",dense,8,0.7
boundary_45__agriculture,agriculture,Park dominant,0.110734098011305,0.181632696528811,-0.245259445600058,0.466727641622668,1.11709782882514,45,dense;non_adjacent,park-facing minus outward-facing,profile,valid,"",dense,3,0.2
boundary_45__agriculture,agriculture,Neither actor dominant minus Militia dominant,0.115134751012937,0.235604087593993,-0.34664077528171,0.576910277307583,1.12202462133989,45,dense;non_adjacent,difference between profile-specific park-facing minus outward-facing contrasts,pairwise,valid,"",dense,4,0.3
boundary_45__agriculture,agriculture,Neither actor dominant minus Park dominant,0.115134085659797,0.283710594464352,-0.440928461522782,0.671196632842375,1.12202387479754,45,dense;non_adjacent,difference between profile-specific park-facing minus outward-facing contrasts,pairwise,valid,"",dense,11,1
boundary_45__agriculture,agriculture,Militia dominant minus Park dominant,-6.65353140000269e-07,0.272502006758863,-0.534094784315402,0.534093453609122,0.999999334647081,45,dense;non_adjacent,difference between profile-specific park-facing minus outward-facing contrasts,pairwise,valid,"",dense,11,1
boundary_45__fire,fire,Neither actor dominant,-0.127411079185264,0.0280014025973883,-0.182292819792752,-0.0725293385777767,0.880371695722268,45,dense;non_adjacent,park-facing minus outward-facing,profile,strict_valid,"Model convergence problem; false convergence (8). See vignette('troubleshooting'), help('diagnose')",dense,9,0.8
boundary_45__fire,fire,Militia dominant,-0.120105976171585,0.0308782627392091,-0.180626259045599,-0.0595856932975697,0.886826449265077,45,dense;non_adjacent,park-facing minus outward-facing,profile,strict_valid,"Model convergence problem; false convergence (8). See vignette('troubleshooting'), help('diagnose')",dense,7,0.6
boundary_45__fire,fire,Park dominant,-0.25142148743094,0.0288846821591613,-0.308034424167783,-0.194808550694098,0.777694514007127,45,dense;non_adjacent,park-facing minus outward-facing,profile,strict_valid,"Model convergence problem; false convergence (8). See vignette('troubleshooting'), help('diagnose')",dense,7,0.6
boundary_45__fire,fire,Neither actor dominant minus Militia dominant,-0.0073051030136796,0.0416774170412545,-0.0889913393831943,0.0743811333558351,0.992721514397593,45,dense;non_adjacent,difference between profile-specific park-facing minus outward-facing contrasts,pairwise,strict_valid,"Model convergence problem; false convergence (8). See vignette('troubleshooting'), help('diagnose')",dense,11,1
boundary_45__fire,fire,Neither actor dominant minus Park dominant,0.124010408245676,0.040225007730411,0.0451708418162256,0.202849974675127,1.13202765335979,45,dense;non_adjacent,difference between profile-specific park-facing minus outward-facing contrasts,pairwise,strict_valid,"Model convergence problem; false convergence (8). See vignette('troubleshooting'), help('diagnose')",dense,9,0.8
boundary_45__fire,fire,Militia dominant minus Park dominant,0.131315511259356,0.0422732447647558,0.0484614740107882,0.214169548507924,1.14032751072865,45,dense;non_adjacent,difference between profile-specific park-facing minus outward-facing contrasts,pairwise,strict_valid,"Model convergence problem; false convergence (8). See vignette('troubleshooting'), help('diagnose')",dense,4,0.3
boundary_45__tree_cover_loss,tree_cover_loss,Neither actor dominant,0.519680091240835,0.188262874118467,0.150691638342642,0.888668544139028,1.68148964038213,45,dense;non_adjacent,park-facing minus outward-facing,profile,valid,"",dense,1,0
boundary_45__tree_cover_loss,tree_cover_loss,Militia dominant,0.00134999749280691,0.197994467273217,-0.386712027500892,0.389412022486506,1.00135090914962,45,dense;non_adjacent,park-facing minus outward-facing,profile,valid,"",dense,1,0
boundary_45__tree_cover_loss,tree_cover_loss,Park dominant,-0.0524889003011591,0.161813889159777,-0.369638295252678,0.264660494650359,0.94886485311146,45,dense;non_adjacent,park-facing minus outward-facing,profile,valid,"",dense,1,0
boundary_45__tree_cover_loss,tree_cover_loss,Neither actor dominant minus Militia dominant,0.518330093748028,0.225598258875285,0.0761656313775261,0.960494556118531,1.67922116514589,45,dense;non_adjacent,difference between profile-specific park-facing minus outward-facing contrasts,pairwise,valid,"",dense,7,0.6
boundary_45__tree_cover_loss,tree_cover_loss,Neither actor dominant minus Park dominant,0.572168991541994,0.259347739085385,0.0638567634627485,1.08048121962124,1.77210657014883,45,dense;non_adjacent,difference between profile-specific park-facing minus outward-facing contrasts,pairwise,valid,"",dense,9,0.8
boundary_45__tree_cover_loss,tree_cover_loss,Militia dominant minus Park dominant,0.053838897793966,0.265564551172046,-0.466658058073788,0.574335853661721,1.05531457495348,45,dense;non_adjacent,difference between profile-specific park-facing minus outward-facing contrasts,pairwise,valid,"",dense,9,0.8
boundary_50__agriculture,agriculture,Neither actor dominant,0.387504838091492,0.148670017285918,0.0961169586301463,0.678892717552839,1.47330008156236,50,dense;round_number,park-facing minus outward-facing,profile,valid,"",dense,10,0.9
boundary_50__agriculture,agriculture,Militia dominant,0.275695904768914,0.154782765261348,-0.0276727405708458,0.579064550108674,1.31744717370365,50,dense;round_number,park-facing minus outward-facing,profile,valid,"",dense,8,0.7
boundary_50__agriculture,agriculture,Park dominant,0.186474923972958,0.162311505600828,-0.131649781281136,0.504599629227053,1.20499440523455,50,dense;round_number,park-facing minus outward-facing,profile,valid,"",dense,3,0.2
boundary_50__agriculture,agriculture,Neither actor dominant minus Militia dominant,0.111808933322578,0.237885416967456,-0.35443791638093,0.578055783026086,1.11829917052429,50,dense;round_number,difference between profile-specific park-facing minus outward-facing contrasts,pairwise,valid,"",dense,4,0.3
boundary_50__agriculture,agriculture,Neither actor dominant minus Park dominant,0.201029914118534,0.257975641735703,-0.304593052572051,0.70665288080912,1.22266134611272,50,dense;round_number,difference between profile-specific park-facing minus outward-facing contrasts,pairwise,valid,"",dense,11,1
boundary_50__agriculture,agriculture,Militia dominant minus Park dominant,0.0892209807959559,0.261212345988114,-0.422745809657963,0.601187771249875,1.09332223285071,50,dense;round_number,difference between profile-specific park-facing minus outward-facing contrasts,pairwise,valid,"",dense,11,1
boundary_50__fire,fire,Neither actor dominant,-0.0195157138914928,0.0209603313191364,-0.060597208381027,0.0215657805980413,0.980673484870857,50,dense;round_number,park-facing minus outward-facing,profile,strict_valid,"Model convergence problem; false convergence (8). See vignette('troubleshooting'), help('diagnose')",dense,9,0.8
boundary_50__fire,fire,Militia dominant,-0.0318845511777157,0.0231687905842296,-0.0772945462881564,0.013525443932725,0.968618401478058,50,dense;round_number,park-facing minus outward-facing,profile,strict_valid,"Model convergence problem; false convergence (8). See vignette('troubleshooting'), help('diagnose')",dense,7,0.6
boundary_50__fire,fire,Park dominant,-0.110189475673439,0.0217351056456189,-0.152789499939026,-0.0675894514078531,0.895664412600122,50,dense;round_number,park-facing minus outward-facing,profile,strict_valid,"Model convergence problem; false convergence (8). See vignette('troubleshooting'), help('diagnose')",dense,7,0.6
boundary_50__fire,fire,Neither actor dominant minus Militia dominant,0.0123688372862229,0.031238691990643,-0.0488578739395773,0.073595548512023,1.01244564771266,50,dense;round_number,difference between profile-specific park-facing minus outward-facing contrasts,pairwise,strict_valid,"Model convergence problem; false convergence (8). See vignette('troubleshooting'), help('diagnose')",dense,11,1
boundary_50__fire,fire,Neither actor dominant minus Park dominant,0.0906737617819465,0.0301813309618353,0.0315194400912657,0.149828083472627,1.09491174492906,50,dense;round_number,difference between profile-specific park-facing minus outward-facing contrasts,pairwise,strict_valid,"Model convergence problem; false convergence (8). See vignette('troubleshooting'), help('diagnose')",dense,9,0.8
boundary_50__fire,fire,Militia dominant minus Park dominant,0.0783049244957237,0.0317642401931397,0.0160481577208902,0.140561691270557,1.08145236971753,50,dense;round_number,difference between profile-specific park-facing minus outward-facing contrasts,pairwise,strict_valid,"Model convergence problem; false convergence (8). See vignette('troubleshooting'), help('diagnose')",dense,4,0.3
boundary_50__tree_cover_loss,tree_cover_loss,Neither actor dominant,0.108124790522884,0.226193296853654,-0.335205924854655,0.551455505900423,1.11418677666184,50,dense;round_number,park-facing minus outward-facing,profile,valid,"",dense,1,0
boundary_50__tree_cover_loss,tree_cover_loss,Militia dominant,-0.257169887038489,0.268534634148435,-0.783488098571061,0.269148324494084,0.773236839689644,50,dense;round_number,park-facing minus outward-facing,profile,valid,"",dense,1,0
boundary_50__tree_cover_loss,tree_cover_loss,Park dominant,-0.483604192427854,0.171321565792076,-0.819388291155332,-0.147820093700375,0.616557191627723,50,dense;round_number,park-facing minus outward-facing,profile,valid,"",dense,1,0
boundary_50__tree_cover_loss,tree_cover_loss,Neither actor dominant minus Militia dominant,0.365294677561372,0.320875725055783,-0.263610187061138,0.994199542183883,1.44093855785383,50,dense;round_number,difference between profile-specific park-facing minus outward-facing contrasts,pairwise,valid,"",dense,7,0.6
boundary_50__tree_cover_loss,tree_cover_loss,Neither actor dominant minus Park dominant,0.591728982950738,0.279037285753979,0.0448259525291275,1.13863201337235,1.80711017857138,50,dense;round_number,difference between profile-specific park-facing minus outward-facing contrasts,pairwise,valid,"",dense,9,0.8
boundary_50__tree_cover_loss,tree_cover_loss,Militia dominant minus Park dominant,0.226434305389365,0.316919464400546,-0.394716430835428,0.847585041614159,1.25412021818817,50,dense;round_number,difference between profile-specific park-facing minus outward-facing contrasts,pairwise,valid,"",dense,9,0.8
boundary_55__agriculture,agriculture,Neither actor dominant,0.26195086648666,0.178729688764134,-0.0883528864590956,0.612254619432416,1.29946269369324,55,dense;non_adjacent,park-facing minus outward-facing,profile,valid,"",dense,10,0.9
boundary_55__agriculture,agriculture,Militia dominant,0.358366633388038,0.163491563984686,0.0379290562019279,0.678804210574148,1.43099017309018,55,dense;non_adjacent,park-facing minus outward-facing,profile,valid,"",dense,8,0.7
boundary_55__agriculture,agriculture,Park dominant,-0.103097084330369,0.188155345058208,-0.471874784143164,0.265680615482425,0.902039395339689,55,dense;non_adjacent,park-facing minus outward-facing,profile,valid,"",dense,3,0.2
boundary_55__agriculture,agriculture,Neither actor dominant minus Militia dominant,-0.096415766901378,0.258619908296118,-0.60330147284682,0.410469939044064,0.908086385308357,55,dense;non_adjacent,difference between profile-specific park-facing minus outward-facing contrasts,pairwise,valid,"",dense,4,0.3
boundary_55__agriculture,agriculture,Neither actor dominant minus Park dominant,0.365047950817029,0.298196166716329,-0.219405796274877,0.949501697908936,1.44058308362895,55,dense;non_adjacent,difference between profile-specific park-facing minus outward-facing contrasts,pairwise,valid,"",dense,11,1
boundary_55__agriculture,agriculture,Militia dominant minus Park dominant,0.461463717718408,0.283903487046886,-0.0949768919788226,1.01790432741564,1.58639431989697,55,dense;non_adjacent,difference between profile-specific park-facing minus outward-facing contrasts,pairwise,valid,"",dense,11,1
boundary_55__fire,fire,Neither actor dominant,-0.0483377187889014,0.02274702032748,-0.0929210593863627,-0.00375437819144012,0.952811950237505,55,dense;non_adjacent,park-facing minus outward-facing,profile,strict_valid,"Model convergence problem; false convergence (8). See vignette('troubleshooting'), help('diagnose')",dense,9,0.8
boundary_55__fire,fire,Militia dominant,-0.143152924133479,0.0252228599678054,-0.192588821257474,-0.0937170270094832,0.866621531414912,55,dense;non_adjacent,park-facing minus outward-facing,profile,strict_valid,"Model convergence problem; false convergence (8). See vignette('troubleshooting'), help('diagnose')",dense,7,0.6
boundary_55__fire,fire,Park dominant,-0.14742078288561,0.0236437792579588,-0.193761738689625,-0.101079827081596,0.862930794501308,55,dense;non_adjacent,park-facing minus outward-facing,profile,strict_valid,"Model convergence problem; false convergence (8). See vignette('troubleshooting'), help('diagnose')",dense,7,0.6
boundary_55__fire,fire,Neither actor dominant minus Militia dominant,0.0948152053445774,0.033955439906511,0.0282637660486017,0.161366644640553,1.09945566282189,55,dense;non_adjacent,difference between profile-specific park-facing minus outward-facing contrasts,pairwise,strict_valid,"Model convergence problem; false convergence (8). See vignette('troubleshooting'), help('diagnose')",dense,11,1
boundary_55__fire,fire,Neither actor dominant minus Park dominant,0.099083064096709,0.032803006451165,0.0347903528677906,0.163375775325627,1.1041580116377,55,dense;non_adjacent,difference between profile-specific park-facing minus outward-facing contrasts,pairwise,strict_valid,"Model convergence problem; false convergence (8). See vignette('troubleshooting'), help('diagnose')",dense,9,0.8
boundary_55__fire,fire,Militia dominant minus Park dominant,0.00426785875213168,0.0345637183486058,-0.0634757843829218,0.0720115018871852,1.00427697903137,55,dense;non_adjacent,difference between profile-specific park-facing minus outward-facing contrasts,pairwise,strict_valid,"Model convergence problem; false convergence (8). See vignette('troubleshooting'), help('diagnose')",dense,4,0.3
boundary_55__tree_cover_loss,tree_cover_loss,Neither actor dominant,-0.099049274131763,0.151844505452096,-0.396659036068166,0.19856048780464,0.905698079437536,55,dense;non_adjacent,park-facing minus outward-facing,profile,valid,"",dense,1,0
boundary_55__tree_cover_loss,tree_cover_loss,Militia dominant,0.0276700197138456,0.149322077259066,-0.26499587381063,0.320335913238321,1.0280563901025,55,dense;non_adjacent,park-facing minus outward-facing,profile,valid,"",dense,1,0
boundary_55__tree_cover_loss,tree_cover_loss,Park dominant,-0.431991492750163,0.163148353897558,-0.751756390526371,-0.112226594973955,0.649214899695004,55,dense;non_adjacent,park-facing minus outward-facing,profile,valid,"",dense,1,0
boundary_55__tree_cover_loss,tree_cover_loss,Neither actor dominant minus Militia dominant,-0.126719293845609,0.123377503016856,-0.368534756261128,0.115096168569911,0.880980934661803,55,dense;non_adjacent,difference between profile-specific park-facing minus outward-facing contrasts,pairwise,valid,"",dense,7,0.6
boundary_55__tree_cover_loss,tree_cover_loss,Neither actor dominant minus Park dominant,0.3329422186184,0.211247399396716,-0.0810950760269118,0.746979513263712,1.3950666872603,55,dense;non_adjacent,difference between profile-specific park-facing minus outward-facing contrasts,pairwise,valid,"",dense,9,0.8
boundary_55__tree_cover_loss,tree_cover_loss,Militia dominant minus Park dominant,0.459661512464009,0.209159966716283,0.0497155106924978,0.869607514235519,1.58353788643093,55,dense;non_adjacent,difference between profile-specific park-facing minus outward-facing contrasts,pairwise,valid,"",dense,9,0.8
boundary_60__agriculture,agriculture,Neither actor dominant,-0.304415461880429,0.136886150692624,-0.572707387220294,-0.0361235365405632,0.737554377059259,60,dense;historical,park-facing minus outward-facing,profile,valid,"",dense,10,0.9
boundary_60__agriculture,agriculture,Militia dominant,-0.0169684118415356,0.146350567186539,-0.303810252644162,0.26987342896109,0.983174740823915,60,dense;historical,park-facing minus outward-facing,profile,valid,"",dense,8,0.7
boundary_60__agriculture,agriculture,Park dominant,-0.0488115429276132,0.111147819785054,-0.266657266666468,0.169034180811242,0.952360591876517,60,dense;historical,park-facing minus outward-facing,profile,valid,"",dense,3,0.2
boundary_60__agriculture,agriculture,Neither actor dominant minus Militia dominant,-0.287447050038893,0.209432413516262,-0.697927037726066,0.12303293764828,0.750176287524614,60,dense;historical,difference between profile-specific park-facing minus outward-facing contrasts,pairwise,valid,"",dense,4,0.3
boundary_60__agriculture,agriculture,Neither actor dominant minus Park dominant,-0.255603918952815,0.1838393605008,-0.615922444475259,0.104714606569628,0.774448652485707,60,dense;historical,difference between profile-specific park-facing minus outward-facing contrasts,pairwise,valid,"",dense,11,1
boundary_60__agriculture,agriculture,Militia dominant minus Park dominant,0.0318431310860776,0.190618644579538,-0.341762547071657,0.405448809243813,1.03235554810881,60,dense;historical,difference between profile-specific park-facing minus outward-facing contrasts,pairwise,valid,"",dense,11,1
boundary_60__fire,fire,Neither actor dominant,-0.147988085708985,0.037160467977483,-0.220821264593506,-0.0751549068244649,0.86244139025854,60,dense;historical,park-facing minus outward-facing,profile,strict_valid,"Model convergence problem; false convergence (8). See vignette('troubleshooting'), help('diagnose')",dense,9,0.8
boundary_60__fire,fire,Militia dominant,-0.207741115149407,0.0412685101984265,-0.288625908833947,-0.126856321464867,0.81241733202925,60,dense;historical,park-facing minus outward-facing,profile,strict_valid,"Model convergence problem; false convergence (8). See vignette('troubleshooting'), help('diagnose')",dense,7,0.6
boundary_60__fire,fire,Park dominant,-0.130092966382015,0.0383622187131529,-0.205281533426843,-0.054904399337187,0.878013801359746,60,dense;historical,park-facing minus outward-facing,profile,strict_valid,"Model convergence problem; false convergence (8). See vignette('troubleshooting'), help('diagnose')",dense,7,0.6
boundary_60__fire,fire,Neither actor dominant minus Militia dominant,0.0597530294404213,0.055526673004953,-0.049077249830619,0.168583308711462,1.06157433655968,60,dense;historical,difference between profile-specific park-facing minus outward-facing contrasts,pairwise,strict_valid,"Model convergence problem; false convergence (8). See vignette('troubleshooting'), help('diagnose')",dense,11,1
boundary_60__fire,fire,Neither actor dominant minus Park dominant,-0.0178951193269703,0.0534019884837048,-0.122561093457854,0.0867708548039138,0.982264047470451,60,dense;historical,difference between profile-specific park-facing minus outward-facing contrasts,pairwise,strict_valid,"Model convergence problem; false convergence (8). See vignette('troubleshooting'), help('diagnose')",dense,9,0.8
boundary_60__fire,fire,Militia dominant minus Park dominant,-0.0776481487673916,0.0563382639928802,-0.188069117144946,0.0327728196101633,0.925289933678823,60,dense;historical,difference between profile-specific park-facing minus outward-facing contrasts,pairwise,strict_valid,"Model convergence problem; false convergence (8). See vignette('troubleshooting'), help('diagnose')",dense,4,0.3
boundary_60__tree_cover_loss,tree_cover_loss,Neither actor dominant,-0.0981053814300815,0.161537772777202,-0.414713598216211,0.218502835356048,0.906553364829964,60,dense;historical,park-facing minus outward-facing,profile,valid,"",dense,1,0
boundary_60__tree_cover_loss,tree_cover_loss,Militia dominant,0.309460100839968,0.23079173081455,-0.142883379486212,0.761803581166148,1.36268920073568,60,dense;historical,park-facing minus outward-facing,profile,valid,"",dense,1,0
boundary_60__tree_cover_loss,tree_cover_loss,Park dominant,-0.0698254843569529,0.165176731501311,-0.393565929183564,0.253914960469658,0.932556551412186,60,dense;historical,park-facing minus outward-facing,profile,valid,"",dense,1,0
boundary_60__tree_cover_loss,tree_cover_loss,Neither actor dominant minus Militia dominant,-0.407565482270049,0.249199036935377,-0.895986619645454,0.0808556551053563,0.665267886720274,60,dense;historical,difference between profile-specific park-facing minus outward-facing contrasts,pairwise,valid,"",dense,7,0.6
boundary_60__tree_cover_loss,tree_cover_loss,Neither actor dominant minus Park dominant,-0.0282798970731286,0.218069349136123,-0.45568796751202,0.399128173365763,0.972116236229487,60,dense;historical,difference between profile-specific park-facing minus outward-facing contrasts,pairwise,valid,"",dense,9,0.8
boundary_60__tree_cover_loss,tree_cover_loss,Militia dominant minus Park dominant,0.37928558519692,0.282703774202394,-0.174803630533315,0.933374800927156,1.461240284755,60,dense;historical,difference between profile-specific park-facing minus outward-facing contrasts,pairwise,valid,"",dense,9,0.8
boundary_0__agriculture,agriculture,Neither actor dominant,0.286485847450869,0.229996977828128,-0.16429994564532,0.737271640547059,1.33173932025468,0,legal,park-facing minus outward-facing,profile,valid,"",non_adjacent,6,1
boundary_0__agriculture,agriculture,Militia dominant,0.221756230967078,0.137786166542745,-0.048299693024539,0.491812154958695,1.24826705192109,0,legal,park-facing minus outward-facing,profile,valid,"",non_adjacent,4,0.6
boundary_0__agriculture,agriculture,Park dominant,-0.346961114977916,0.158116616597485,-0.656863988866315,-0.0370582410895171,0.706832812932916,0,legal,park-facing minus outward-facing,profile,valid,"",non_adjacent,2,0.2
boundary_0__agriculture,agriculture,Neither actor dominant minus Militia dominant,0.0647296164837915,0.290673749570715,-0.504980463926025,0.634439696893608,1.06687052117984,0,legal,difference between profile-specific park-facing minus outward-facing contrasts,pairwise,valid,"",non_adjacent,3,0.4
boundary_0__agriculture,agriculture,Neither actor dominant minus Park dominant,0.633446962428786,0.311439815058039,0.0230361415632143,1.24385778329436,1.88409379967632,0,legal,difference between profile-specific park-facing minus outward-facing contrasts,pairwise,valid,"",non_adjacent,6,1
boundary_0__agriculture,agriculture,Militia dominant minus Park dominant,0.568717345944994,0.22051748120104,0.136511024829467,1.00092366706052,1.76600043048591,0,legal,difference between profile-specific park-facing minus outward-facing contrasts,pairwise,valid,"",non_adjacent,6,1
boundary_0__fire,fire,Neither actor dominant,0.170288429758373,0.0297450591051261,0.111989185194311,0.228587674322435,1.18564677782075,0,legal,park-facing minus outward-facing,profile,strict_valid,"Model convergence problem; false convergence (8). See vignette('troubleshooting'), help('diagnose')",non_adjacent,5,0.8
boundary_0__fire,fire,Militia dominant,0.0107091233715076,0.0330098626703633,-0.0539890185970177,0.0754072653400329,1.01076667127895,0,legal,park-facing minus outward-facing,profile,strict_valid,"Model convergence problem; false convergence (8). See vignette('troubleshooting'), help('diagnose')",non_adjacent,4,0.6
boundary_0__fire,fire,Park dominant,0.0678282180423288,0.0305524668753538,0.00794648332778246,0.127709952756875,1.07018145482248,0,legal,park-facing minus outward-facing,profile,strict_valid,"Model convergence problem; false convergence (8). See vignette('troubleshooting'), help('diagnose')",non_adjacent,4,0.6
boundary_0__fire,fire,Neither actor dominant minus Militia dominant,0.159579306386865,0.0444340886528708,0.0724900929413787,0.246668519832352,1.17301728629468,0,legal,difference between profile-specific park-facing minus outward-facing contrasts,pairwise,strict_valid,"Model convergence problem; false convergence (8). See vignette('troubleshooting'), help('diagnose')",non_adjacent,6,1
boundary_0__fire,fire,Neither actor dominant minus Park dominant,0.102460211716044,0.0426402589370402,0.0188868399079833,0.186033583524105,1.10789321986281,0,legal,difference between profile-specific park-facing minus outward-facing contrasts,pairwise,strict_valid,"Model convergence problem; false convergence (8). See vignette('troubleshooting'), help('diagnose')",non_adjacent,5,0.8
boundary_0__fire,fire,Militia dominant minus Park dominant,-0.0571190946708212,0.0449781665061582,-0.145274681113537,0.0310364917718946,0.944481579945351,0,legal,difference between profile-specific park-facing minus outward-facing contrasts,pairwise,strict_valid,"Model convergence problem; false convergence (8). See vignette('troubleshooting'), help('diagnose')",non_adjacent,2,0.2
boundary_0__tree_cover_loss,tree_cover_loss,Neither actor dominant,-0.846081473790374,0.227997755104005,-1.29294886235021,-0.399214085230542,0.429093054297882,0,legal,park-facing minus outward-facing,profile,valid,"",non_adjacent,1,0
boundary_0__tree_cover_loss,tree_cover_loss,Militia dominant,-0.897845233263081,0.311625133975982,-1.50861927253348,-0.287071193992687,0.407446667053411,0,legal,park-facing minus outward-facing,profile,valid,"",non_adjacent,1,0
boundary_0__tree_cover_loss,tree_cover_loss,Park dominant,-1.43025410197535,0.260646937876377,-1.9411127128937,-0.919395491057002,0.239248121099066,0,legal,park-facing minus outward-facing,profile,valid,"",non_adjacent,1,0
boundary_0__tree_cover_loss,tree_cover_loss,Neither actor dominant minus Militia dominant,0.0517637594727072,0.389016633079405,-0.710694830749959,0.814222349695374,1.05312692186443,0,legal,difference between profile-specific park-facing minus outward-facing contrasts,pairwise,valid,"",non_adjacent,5,0.8
boundary_0__tree_cover_loss,tree_cover_loss,Neither actor dominant minus Park dominant,0.584172628184976,0.342445374778389,-0.0870079730529867,1.25535322942294,1.79350647489602,0,legal,difference between profile-specific park-facing minus outward-facing contrasts,pairwise,valid,"",non_adjacent,5,0.8
boundary_0__tree_cover_loss,tree_cover_loss,Militia dominant minus Park dominant,0.532408868712269,0.402431716726428,-0.256342802308155,1.32116053973269,1.70302974661481,0,legal,difference between profile-specific park-facing minus outward-facing contrasts,pairwise,valid,"",non_adjacent,5,0.8
boundary_15__agriculture,agriculture,Neither actor dominant,0.0123308998615213,0.190364196037416,-0.360776068317737,0.385437868040779,1.01240723886071,15,dense;non_adjacent,park-facing minus outward-facing,profile,valid,"",non_adjacent,6,1
boundary_15__agriculture,agriculture,Militia dominant,0.622129773803596,0.376784066956122,-0.116353427378932,1.36061297498612,1.862891357077,15,dense;non_adjacent,park-facing minus outward-facing,profile,valid,"",non_adjacent,4,0.6
boundary_15__agriculture,agriculture,Park dominant,0.49917482690979,0.385929332555153,-0.257232765475891,1.25558241929547,1.64736135143585,15,dense;non_adjacent,park-facing minus outward-facing,profile,valid,"",non_adjacent,2,0.2
boundary_15__agriculture,agriculture,Neither actor dominant minus Militia dominant,-0.609798873942074,0.41877735980287,-1.43058741669647,0.210989668812323,0.543460162083335,15,dense;non_adjacent,difference between profile-specific park-facing minus outward-facing contrasts,pairwise,valid,"",non_adjacent,3,0.4
boundary_15__agriculture,agriculture,Neither actor dominant minus Park dominant,-0.486843927048269,0.455399380556405,-1.37941031152067,0.405722457424135,0.614562942112423,15,dense;non_adjacent,difference between profile-specific park-facing minus outward-facing contrasts,pairwise,valid,"",non_adjacent,6,1
boundary_15__agriculture,agriculture,Militia dominant minus Park dominant,0.122954946893805,0.576440317704971,-1.00684731504476,1.25275720883237,1.13083347223929,15,dense;non_adjacent,difference between profile-specific park-facing minus outward-facing contrasts,pairwise,valid,"",non_adjacent,6,1
boundary_15__fire,fire,Neither actor dominant,0.114393230464173,0.0415691826621848,0.0329191295795239,0.195867331348822,1.12119292542486,15,dense;non_adjacent,park-facing minus outward-facing,profile,strict_valid,"Model convergence problem; false convergence (8). See vignette('troubleshooting'), help('diagnose')",non_adjacent,5,0.8
boundary_15__fire,fire,Militia dominant,0.223644487474911,0.0462528571410318,0.132990553296413,0.31429842165341,1.25062632706272,15,dense;non_adjacent,park-facing minus outward-facing,profile,strict_valid,"Model convergence problem; false convergence (8). See vignette('troubleshooting'), help('diagnose')",non_adjacent,4,0.6
boundary_15__fire,fire,Park dominant,0.0802187672895008,0.0427098088823794,-0.00349091990655176,0.163928454485553,1.08352408137498,15,dense;non_adjacent,park-facing minus outward-facing,profile,strict_valid,"Model convergence problem; false convergence (8). See vignette('troubleshooting'), help('diagnose')",non_adjacent,4,0.6
boundary_15__fire,fire,Neither actor dominant minus Militia dominant,-0.109251257010739,0.0621878094423686,-0.231137123795221,0.0126346097737439,0.89650513599706,15,dense;non_adjacent,difference between profile-specific park-facing minus outward-facing contrasts,pairwise,strict_valid,"Model convergence problem; false convergence (8). See vignette('troubleshooting'), help('diagnose')",non_adjacent,6,1
boundary_15__fire,fire,Neither actor dominant minus Park dominant,0.0341744631746722,0.0595996913255098,-0.0826387853130312,0.150987711662376,1.03476511938902,15,dense;non_adjacent,difference between profile-specific park-facing minus outward-facing contrasts,pairwise,strict_valid,"Model convergence problem; false convergence (8). See vignette('troubleshooting'), help('diagnose')",non_adjacent,5,0.8
boundary_15__fire,fire,Militia dominant minus Park dominant,0.143425720185411,0.0629559601726758,0.0200343056348282,0.266817134735993,1.15422107229558,15,dense;non_adjacent,difference between profile-specific park-facing minus outward-facing contrasts,pairwise,strict_valid,"Model convergence problem; false convergence (8). See vignette('troubleshooting'), help('diagnose')",non_adjacent,2,0.2
boundary_15__tree_cover_loss,tree_cover_loss,Neither actor dominant,0.21468390004868,0.143341536195558,-0.0662603483832574,0.495628148480617,1.23947003861725,15,dense;non_adjacent,park-facing minus outward-facing,profile,valid,"",non_adjacent,1,0
boundary_15__tree_cover_loss,tree_cover_loss,Militia dominant,0.200523485712963,0.235390675470375,-0.260833760505528,0.661880731931454,1.222042312438,15,dense;non_adjacent,park-facing minus outward-facing,profile,valid,"",non_adjacent,1,0
boundary_15__tree_cover_loss,tree_cover_loss,Park dominant,-0.568106587736471,0.162964293081332,-0.887510732941911,-0.24870244253103,0.566597225847776,15,dense;non_adjacent,park-facing minus outward-facing,profile,valid,"",non_adjacent,1,0
boundary_15__tree_cover_loss,tree_cover_loss,Neither actor dominant minus Militia dominant,0.0141604143357168,0.261200181532354,-0.497782534223022,0.526103362894455,1.01426114791761,15,dense;non_adjacent,difference between profile-specific park-facing minus outward-facing contrasts,pairwise,valid,"",non_adjacent,5,0.8
boundary_15__tree_cover_loss,tree_cover_loss,Neither actor dominant minus Park dominant,0.782790487785151,0.19372582933364,0.403094839416062,1.16248613615424,2.18756813848265,15,dense;non_adjacent,difference between profile-specific park-facing minus outward-facing contrasts,pairwise,valid,"",non_adjacent,5,0.8
boundary_15__tree_cover_loss,tree_cover_loss,Militia dominant minus Park dominant,0.768630073449434,0.268409296079956,0.242557520016972,1.2947026268819,2.15680955834104,15,dense;non_adjacent,difference between profile-specific park-facing minus outward-facing contrasts,pairwise,valid,"",non_adjacent,5,0.8
boundary_25__agriculture,agriculture,Neither actor dominant,-0.569392247035318,0.183474814177081,-0.928996274892575,-0.209788219178061,0.565869242924946,25,dense;non_adjacent,park-facing minus outward-facing,profile,valid,"",non_adjacent,6,1
boundary_25__agriculture,agriculture,Militia dominant,-1.20073708806059,0.349437694396367,-1.88562238391818,-0.515851792202997,0.300972287053812,25,dense;non_adjacent,park-facing minus outward-facing,profile,valid,"",non_adjacent,4,0.6
boundary_25__agriculture,agriculture,Park dominant,-0.868049961376977,0.339978706938474,-1.53439598248688,-0.201703940267071,0.419769318031063,25,dense;non_adjacent,park-facing minus outward-facing,profile,valid,"",non_adjacent,2,0.2
boundary_25__agriculture,agriculture,Neither actor dominant minus Militia dominant,0.631344841025272,0.395195872233089,-0.143224835390475,1.40591451744102,1.88013736568301,25,dense;non_adjacent,difference between profile-specific park-facing minus outward-facing contrasts,pairwise,valid,"",non_adjacent,3,0.4
boundary_25__agriculture,agriculture,Neither actor dominant minus Park dominant,0.298657714341659,0.41532288288627,-0.515360178070776,1.11267560675409,1.34804812695499,25,dense;non_adjacent,difference between profile-specific park-facing minus outward-facing contrasts,pairwise,valid,"",non_adjacent,6,1
boundary_25__agriculture,agriculture,Militia dominant minus Park dominant,-0.332687126683612,0.530799891480287,-1.37303579698274,0.707661543615518,0.716994487509305,25,dense;non_adjacent,difference between profile-specific park-facing minus outward-facing contrasts,pairwise,valid,"",non_adjacent,6,1
boundary_25__fire,fire,Neither actor dominant,0.418500331035162,0.0245790577168361,0.370326263136232,0.466674398934092,1.51968082770388,25,dense;non_adjacent,park-facing minus outward-facing,profile,strict_valid,"Model convergence problem; false convergence (8). See vignette('troubleshooting'), help('diagnose')",non_adjacent,5,0.8
boundary_25__fire,fire,Militia dominant,0.442391401873017,0.0268665224533361,0.389733985474642,0.495048818271393,1.55642480881646,25,dense;non_adjacent,park-facing minus outward-facing,profile,strict_valid,"Model convergence problem; false convergence (8). See vignette('troubleshooting'), help('diagnose')",non_adjacent,4,0.6
boundary_25__fire,fire,Park dominant,0.555103018586715,0.0253495109250934,0.505418890147827,0.604787147025602,1.74212044631625,25,dense;non_adjacent,park-facing minus outward-facing,profile,strict_valid,"Model convergence problem; false convergence (8). See vignette('troubleshooting'), help('diagnose')",non_adjacent,4,0.6
boundary_25__fire,fire,Neither actor dominant minus Militia dominant,-0.0238910708378553,0.0364142742223815,-0.0952617368368882,0.0474795951611777,0.976392061534587,25,dense;non_adjacent,difference between profile-specific park-facing minus outward-facing contrasts,pairwise,strict_valid,"Model convergence problem; false convergence (8). See vignette('troubleshooting'), help('diagnose')",non_adjacent,6,1
boundary_25__fire,fire,Neither actor dominant minus Park dominant,-0.136602687551553,0.0353098659137723,-0.205808753041485,-0.0673966220616203,0.872316739590124,25,dense;non_adjacent,difference between profile-specific park-facing minus outward-facing contrasts,pairwise,strict_valid,"Model convergence problem; false convergence (8). See vignette('troubleshooting'), help('diagnose')",non_adjacent,5,0.8
boundary_25__fire,fire,Militia dominant minus Park dominant,-0.112711616713697,0.0369319806094367,-0.185096968585925,-0.0403262648414697,0.893408266981515,25,dense;non_adjacent,difference between profile-specific park-facing minus outward-facing contrasts,pairwise,strict_valid,"Model convergence problem; false convergence (8). See vignette('troubleshooting'), help('diagnose')",non_adjacent,2,0.2
boundary_25__tree_cover_loss,tree_cover_loss,Neither actor dominant,-0.207550213143212,0.297981817427424,-0.791583843348753,0.376483417062329,0.81257243893244,25,dense;non_adjacent,park-facing minus outward-facing,profile,valid,"",non_adjacent,1,0
boundary_25__tree_cover_loss,tree_cover_loss,Militia dominant,-0.190605582936496,0.220086176685898,-0.621966562735975,0.240755396862983,0.82645849320771,25,dense;non_adjacent,park-facing minus outward-facing,profile,valid,"",non_adjacent,1,0
boundary_25__tree_cover_loss,tree_cover_loss,Park dominant,-0.324021470345041,0.139257234671613,-0.596960634888044,-0.0510823058020368,0.723234714114287,25,dense;non_adjacent,park-facing minus outward-facing,profile,valid,"",non_adjacent,1,0
boundary_25__tree_cover_loss,tree_cover_loss,Neither actor dominant minus Militia dominant,-0.0169446302067163,0.375134259178103,-0.752194267562911,0.718305007149479,0.983198122604592,25,dense;non_adjacent,difference between profile-specific park-facing minus outward-facing contrasts,pairwise,valid,"",non_adjacent,5,0.8
boundary_25__tree_cover_loss,tree_cover_loss,Neither actor dominant minus Park dominant,0.116471257201828,0.334673642185234,-0.539477028056074,0.772419542459731,1.12352521674455,25,dense;non_adjacent,difference between profile-specific park-facing minus outward-facing contrasts,pairwise,valid,"",non_adjacent,5,0.8
boundary_25__tree_cover_loss,tree_cover_loss,Militia dominant minus Park dominant,0.133415887408545,0.265988749135788,-0.387912481190459,0.654744256007548,1.14272514451942,25,dense;non_adjacent,difference between profile-specific park-facing minus outward-facing contrasts,pairwise,valid,"",non_adjacent,5,0.8
boundary_35__agriculture,agriculture,Neither actor dominant,-0.223476991488311,0.133044083949838,-0.484238604386116,0.0372846214094941,0.799733292328717,35,dense;non_adjacent,park-facing minus outward-facing,profile,valid,"",non_adjacent,6,1
boundary_35__agriculture,agriculture,Militia dominant,-0.332966306878028,0.121357919980735,-0.570823459278962,-0.0951091544770942,0.716794344788129,35,dense;non_adjacent,park-facing minus outward-facing,profile,valid,"",non_adjacent,4,0.6
boundary_35__agriculture,agriculture,Park dominant,-0.315078357282555,0.0561022851513498,-0.425036815629597,-0.205119898935513,0.729731692236374,35,dense;non_adjacent,park-facing minus outward-facing,profile,valid,"",non_adjacent,2,0.2
boundary_35__agriculture,agriculture,Neither actor dominant minus Militia dominant,0.109489315389717,0.19840539754528,-0.279378118137383,0.498356748916817,1.11570814996469,35,dense;non_adjacent,difference between profile-specific park-facing minus outward-facing contrasts,pairwise,valid,"",non_adjacent,3,0.4
boundary_35__agriculture,agriculture,Neither actor dominant minus Park dominant,0.0916013657942442,0.155360291148893,-0.212899209485243,0.396101941073731,1.09592786066042,35,dense;non_adjacent,difference between profile-specific park-facing minus outward-facing contrasts,pairwise,valid,"",non_adjacent,6,1
boundary_35__agriculture,agriculture,Militia dominant minus Park dominant,-0.017887949595473,0.137478799207626,-0.287341444680234,0.251565545489288,0.982271090065177,35,dense;non_adjacent,difference between profile-specific park-facing minus outward-facing contrasts,pairwise,valid,"",non_adjacent,6,1
boundary_35__fire,fire,Neither actor dominant,-0.323999418440159,0.0258408991419499,-0.374646650086513,-0.273352186793805,0.723250662993261,35,dense;non_adjacent,park-facing minus outward-facing,profile,strict_valid,"Model convergence problem; false convergence (8). See vignette('troubleshooting'), help('diagnose')",non_adjacent,5,0.8
boundary_35__fire,fire,Militia dominant,-0.334426062195696,0.0282336338210197,-0.389762967637587,-0.279089156753806,0.715748763763549,35,dense;non_adjacent,park-facing minus outward-facing,profile,strict_valid,"Model convergence problem; false convergence (8). See vignette('troubleshooting'), help('diagnose')",non_adjacent,4,0.6
boundary_35__fire,fire,Park dominant,-0.418452755341722,0.0266699367937268,-0.470724870927386,-0.366180639756058,0.658064218876918,35,dense;non_adjacent,park-facing minus outward-facing,profile,strict_valid,"Model convergence problem; false convergence (8). See vignette('troubleshooting'), help('diagnose')",non_adjacent,4,0.6
boundary_35__fire,fire,Neither actor dominant minus Militia dominant,0.010426643755537,0.0382725954766182,-0.0645862649735054,0.0854395524845793,1.01048119062095,35,dense;non_adjacent,difference between profile-specific park-facing minus outward-facing contrasts,pairwise,strict_valid,"Model convergence problem; false convergence (8). See vignette('troubleshooting'), help('diagnose')",non_adjacent,6,1
boundary_35__fire,fire,Neither actor dominant minus Park dominant,0.0944533369015631,0.0371378105752131,0.0216645657094746,0.167242108093651,1.09905787649052,35,dense;non_adjacent,difference between profile-specific park-facing minus outward-facing contrasts,pairwise,strict_valid,"Model convergence problem; false convergence (8). See vignette('troubleshooting'), help('diagnose')",non_adjacent,5,0.8
boundary_35__fire,fire,Militia dominant minus Park dominant,0.0840266931460261,0.0388390672888531,0.00790352006674634,0.160149866225306,1.0876579264332,35,dense;non_adjacent,difference between profile-specific park-facing minus outward-facing contrasts,pairwise,strict_valid,"Model convergence problem; false convergence (8). See vignette('troubleshooting'), help('diagnose')",non_adjacent,2,0.2
boundary_35__tree_cover_loss,tree_cover_loss,Neither actor dominant,-0.193720970503132,0.168307738955165,-0.523598077174625,0.136156136168361,0.823887761186135,35,dense;non_adjacent,park-facing minus outward-facing,profile,valid,"",non_adjacent,1,0
boundary_35__tree_cover_loss,tree_cover_loss,Militia dominant,-0.145545588250249,0.215729145076715,-0.568366943016227,0.277275766515729,0.864550475832102,35,dense;non_adjacent,park-facing minus outward-facing,profile,valid,"",non_adjacent,1,0
boundary_35__tree_cover_loss,tree_cover_loss,Park dominant,0.546501048943669,0.116786206770214,0.317604289783002,0.775397808104336,1.72719904783844,35,dense;non_adjacent,park-facing minus outward-facing,profile,valid,"",non_adjacent,1,0
boundary_35__tree_cover_loss,tree_cover_loss,Neither actor dominant minus Militia dominant,-0.0481753822528827,0.252063337614875,-0.542210445800997,0.445859681295232,0.952966638984461,35,dense;non_adjacent,difference between profile-specific park-facing minus outward-facing contrasts,pairwise,valid,"",non_adjacent,5,0.8
boundary_35__tree_cover_loss,tree_cover_loss,Neither actor dominant minus Park dominant,-0.740222019446801,0.204805604984932,-1.1416336290492,-0.338810409844398,0.47700799871168,35,dense;non_adjacent,difference between profile-specific park-facing minus outward-facing contrasts,pairwise,valid,"",non_adjacent,5,0.8
boundary_35__tree_cover_loss,tree_cover_loss,Militia dominant minus Park dominant,-0.692046637193918,0.24505417121892,-1.17234398704431,-0.211749287343523,0.50055057459305,35,dense;non_adjacent,difference between profile-specific park-facing minus outward-facing contrasts,pairwise,valid,"",non_adjacent,5,0.8
boundary_45__agriculture,agriculture,Neither actor dominant,0.225868183671102,0.157214373723548,-0.0822663266790723,0.534002694021275,1.2534104344263,45,dense;non_adjacent,park-facing minus outward-facing,profile,valid,"",non_adjacent,6,1
boundary_45__agriculture,agriculture,Militia dominant,0.110733432658165,0.144991591461853,-0.173444864668213,0.394911729984542,1.11709708556084,45,dense;non_adjacent,park-facing minus outward-facing,profile,valid,"",non_adjacent,4,0.6
boundary_45__agriculture,agriculture,Park dominant,0.110734098011305,0.181632696528811,-0.245259445600058,0.466727641622668,1.11709782882514,45,dense;non_adjacent,park-facing minus outward-facing,profile,valid,"",non_adjacent,2,0.2
boundary_45__agriculture,agriculture,Neither actor dominant minus Militia dominant,0.115134751012937,0.235604087593993,-0.34664077528171,0.576910277307583,1.12202462133989,45,dense;non_adjacent,difference between profile-specific park-facing minus outward-facing contrasts,pairwise,valid,"",non_adjacent,3,0.4
boundary_45__agriculture,agriculture,Neither actor dominant minus Park dominant,0.115134085659797,0.283710594464352,-0.440928461522782,0.671196632842375,1.12202387479754,45,dense;non_adjacent,difference between profile-specific park-facing minus outward-facing contrasts,pairwise,valid,"",non_adjacent,6,1
boundary_45__agriculture,agriculture,Militia dominant minus Park dominant,-6.65353140000269e-07,0.272502006758863,-0.534094784315402,0.534093453609122,0.999999334647081,45,dense;non_adjacent,difference between profile-specific park-facing minus outward-facing contrasts,pairwise,valid,"",non_adjacent,6,1
boundary_45__fire,fire,Neither actor dominant,-0.127411079185264,0.0280014025973883,-0.182292819792752,-0.0725293385777767,0.880371695722268,45,dense;non_adjacent,park-facing minus outward-facing,profile,strict_valid,"Model convergence problem; false convergence (8). See vignette('troubleshooting'), help('diagnose')",non_adjacent,5,0.8
boundary_45__fire,fire,Militia dominant,-0.120105976171585,0.0308782627392091,-0.180626259045599,-0.0595856932975697,0.886826449265077,45,dense;non_adjacent,park-facing minus outward-facing,profile,strict_valid,"Model convergence problem; false convergence (8). See vignette('troubleshooting'), help('diagnose')",non_adjacent,4,0.6
boundary_45__fire,fire,Park dominant,-0.25142148743094,0.0288846821591613,-0.308034424167783,-0.194808550694098,0.777694514007127,45,dense;non_adjacent,park-facing minus outward-facing,profile,strict_valid,"Model convergence problem; false convergence (8). See vignette('troubleshooting'), help('diagnose')",non_adjacent,4,0.6
boundary_45__fire,fire,Neither actor dominant minus Militia dominant,-0.0073051030136796,0.0416774170412545,-0.0889913393831943,0.0743811333558351,0.992721514397593,45,dense;non_adjacent,difference between profile-specific park-facing minus outward-facing contrasts,pairwise,strict_valid,"Model convergence problem; false convergence (8). See vignette('troubleshooting'), help('diagnose')",non_adjacent,6,1
boundary_45__fire,fire,Neither actor dominant minus Park dominant,0.124010408245676,0.040225007730411,0.0451708418162256,0.202849974675127,1.13202765335979,45,dense;non_adjacent,difference between profile-specific park-facing minus outward-facing contrasts,pairwise,strict_valid,"Model convergence problem; false convergence (8). See vignette('troubleshooting'), help('diagnose')",non_adjacent,5,0.8
boundary_45__fire,fire,Militia dominant minus Park dominant,0.131315511259356,0.0422732447647558,0.0484614740107882,0.214169548507924,1.14032751072865,45,dense;non_adjacent,difference between profile-specific park-facing minus outward-facing contrasts,pairwise,strict_valid,"Model convergence problem; false convergence (8). See vignette('troubleshooting'), help('diagnose')",non_adjacent,2,0.2
boundary_45__tree_cover_loss,tree_cover_loss,Neither actor dominant,0.519680091240835,0.188262874118467,0.150691638342642,0.888668544139028,1.68148964038213,45,dense;non_adjacent,park-facing minus outward-facing,profile,valid,"",non_adjacent,1,0
boundary_45__tree_cover_loss,tree_cover_loss,Militia dominant,0.00134999749280691,0.197994467273217,-0.386712027500892,0.389412022486506,1.00135090914962,45,dense;non_adjacent,park-facing minus outward-facing,profile,valid,"",non_adjacent,1,0
boundary_45__tree_cover_loss,tree_cover_loss,Park dominant,-0.0524889003011591,0.161813889159777,-0.369638295252678,0.264660494650359,0.94886485311146,45,dense;non_adjacent,park-facing minus outward-facing,profile,valid,"",non_adjacent,1,0
boundary_45__tree_cover_loss,tree_cover_loss,Neither actor dominant minus Militia dominant,0.518330093748028,0.225598258875285,0.0761656313775261,0.960494556118531,1.67922116514589,45,dense;non_adjacent,difference between profile-specific park-facing minus outward-facing contrasts,pairwise,valid,"",non_adjacent,5,0.8
boundary_45__tree_cover_loss,tree_cover_loss,Neither actor dominant minus Park dominant,0.572168991541994,0.259347739085385,0.0638567634627485,1.08048121962124,1.77210657014883,45,dense;non_adjacent,difference between profile-specific park-facing minus outward-facing contrasts,pairwise,valid,"",non_adjacent,5,0.8
boundary_45__tree_cover_loss,tree_cover_loss,Militia dominant minus Park dominant,0.053838897793966,0.265564551172046,-0.466658058073788,0.574335853661721,1.05531457495348,45,dense;non_adjacent,difference between profile-specific park-facing minus outward-facing contrasts,pairwise,valid,"",non_adjacent,5,0.8
boundary_55__agriculture,agriculture,Neither actor dominant,0.26195086648666,0.178729688764134,-0.0883528864590956,0.612254619432416,1.29946269369324,55,dense;non_adjacent,park-facing minus outward-facing,profile,valid,"",non_adjacent,6,1
boundary_55__agriculture,agriculture,Militia dominant,0.358366633388038,0.163491563984686,0.0379290562019279,0.678804210574148,1.43099017309018,55,dense;non_adjacent,park-facing minus outward-facing,profile,valid,"",non_adjacent,4,0.6
boundary_55__agriculture,agriculture,Park dominant,-0.103097084330369,0.188155345058208,-0.471874784143164,0.265680615482425,0.902039395339689,55,dense;non_adjacent,park-facing minus outward-facing,profile,valid,"",non_adjacent,2,0.2
boundary_55__agriculture,agriculture,Neither actor dominant minus Militia dominant,-0.096415766901378,0.258619908296118,-0.60330147284682,0.410469939044064,0.908086385308357,55,dense;non_adjacent,difference between profile-specific park-facing minus outward-facing contrasts,pairwise,valid,"",non_adjacent,3,0.4
boundary_55__agriculture,agriculture,Neither actor dominant minus Park dominant,0.365047950817029,0.298196166716329,-0.219405796274877,0.949501697908936,1.44058308362895,55,dense;non_adjacent,difference between profile-specific park-facing minus outward-facing contrasts,pairwise,valid,"",non_adjacent,6,1
boundary_55__agriculture,agriculture,Militia dominant minus Park dominant,0.461463717718408,0.283903487046886,-0.0949768919788226,1.01790432741564,1.58639431989697,55,dense;non_adjacent,difference between profile-specific park-facing minus outward-facing contrasts,pairwise,valid,"",non_adjacent,6,1
boundary_55__fire,fire,Neither actor dominant,-0.0483377187889014,0.02274702032748,-0.0929210593863627,-0.00375437819144012,0.952811950237505,55,dense;non_adjacent,park-facing minus outward-facing,profile,strict_valid,"Model convergence problem; false convergence (8). See vignette('troubleshooting'), help('diagnose')",non_adjacent,5,0.8
boundary_55__fire,fire,Militia dominant,-0.143152924133479,0.0252228599678054,-0.192588821257474,-0.0937170270094832,0.866621531414912,55,dense;non_adjacent,park-facing minus outward-facing,profile,strict_valid,"Model convergence problem; false convergence (8). See vignette('troubleshooting'), help('diagnose')",non_adjacent,4,0.6
boundary_55__fire,fire,Park dominant,-0.14742078288561,0.0236437792579588,-0.193761738689625,-0.101079827081596,0.862930794501308,55,dense;non_adjacent,park-facing minus outward-facing,profile,strict_valid,"Model convergence problem; false convergence (8). See vignette('troubleshooting'), help('diagnose')",non_adjacent,4,0.6
boundary_55__fire,fire,Neither actor dominant minus Militia dominant,0.0948152053445774,0.033955439906511,0.0282637660486017,0.161366644640553,1.09945566282189,55,dense;non_adjacent,difference between profile-specific park-facing minus outward-facing contrasts,pairwise,strict_valid,"Model convergence problem; false convergence (8). See vignette('troubleshooting'), help('diagnose')",non_adjacent,6,1
boundary_55__fire,fire,Neither actor dominant minus Park dominant,0.099083064096709,0.032803006451165,0.0347903528677906,0.163375775325627,1.1041580116377,55,dense;non_adjacent,difference between profile-specific park-facing minus outward-facing contrasts,pairwise,strict_valid,"Model convergence problem; false convergence (8). See vignette('troubleshooting'), help('diagnose')",non_adjacent,5,0.8
boundary_55__fire,fire,Militia dominant minus Park dominant,0.00426785875213168,0.0345637183486058,-0.0634757843829218,0.0720115018871852,1.00427697903137,55,dense;non_adjacent,difference between profile-specific park-facing minus outward-facing contrasts,pairwise,strict_valid,"Model convergence problem; false convergence (8). See vignette('troubleshooting'), help('diagnose')",non_adjacent,2,0.2
boundary_55__tree_cover_loss,tree_cover_loss,Neither actor dominant,-0.099049274131763,0.151844505452096,-0.396659036068166,0.19856048780464,0.905698079437536,55,dense;non_adjacent,park-facing minus outward-facing,profile,valid,"",non_adjacent,1,0
boundary_55__tree_cover_loss,tree_cover_loss,Militia dominant,0.0276700197138456,0.149322077259066,-0.26499587381063,0.320335913238321,1.0280563901025,55,dense;non_adjacent,park-facing minus outward-facing,profile,valid,"",non_adjacent,1,0
boundary_55__tree_cover_loss,tree_cover_loss,Park dominant,-0.431991492750163,0.163148353897558,-0.751756390526371,-0.112226594973955,0.649214899695004,55,dense;non_adjacent,park-facing minus outward-facing,profile,valid,"",non_adjacent,1,0
boundary_55__tree_cover_loss,tree_cover_loss,Neither actor dominant minus Militia dominant,-0.126719293845609,0.123377503016856,-0.368534756261128,0.115096168569911,0.880980934661803,55,dense;non_adjacent,difference between profile-specific park-facing minus outward-facing contrasts,pairwise,valid,"",non_adjacent,5,0.8
boundary_55__tree_cover_loss,tree_cover_loss,Neither actor dominant minus Park dominant,0.3329422186184,0.211247399396716,-0.0810950760269118,0.746979513263712,1.3950666872603,55,dense;non_adjacent,difference between profile-specific park-facing minus outward-facing contrasts,pairwise,valid,"",non_adjacent,5,0.8
boundary_55__tree_cover_loss,tree_cover_loss,Militia dominant minus Park dominant,0.459661512464009,0.209159966716283,0.0497155106924978,0.869607514235519,1.58353788643093,55,dense;non_adjacent,difference between profile-specific park-facing minus outward-facing contrasts,pairwise,valid,"",non_adjacent,5,0.8
boundary_0__agriculture,agriculture,Neither actor dominant,0.286485847450869,0.229996977828128,-0.16429994564532,0.737271640547059,1.33173932025468,0,legal,park-facing minus outward-facing,profile,valid,"",round_number,4,0.6
boundary_0__agriculture,agriculture,Militia dominant,0.221756230967078,0.137786166542745,-0.048299693024539,0.491812154958695,1.24826705192109,0,legal,park-facing minus outward-facing,profile,valid,"",round_number,4,0.6
boundary_0__agriculture,agriculture,Park dominant,-0.346961114977916,0.158116616597485,-0.656863988866315,-0.0370582410895171,0.706832812932916,0,legal,park-facing minus outward-facing,profile,valid,"",round_number,2,0.2
boundary_0__agriculture,agriculture,Neither actor dominant minus Militia dominant,0.0647296164837915,0.290673749570715,-0.504980463926025,0.634439696893608,1.06687052117984,0,legal,difference between profile-specific park-facing minus outward-facing contrasts,pairwise,valid,"",round_number,2,0.2
boundary_0__agriculture,agriculture,Neither actor dominant minus Park dominant,0.633446962428786,0.311439815058039,0.0230361415632143,1.24385778329436,1.88409379967632,0,legal,difference between profile-specific park-facing minus outward-facing contrasts,pairwise,valid,"",round_number,6,1
boundary_0__agriculture,agriculture,Militia dominant minus Park dominant,0.568717345944994,0.22051748120104,0.136511024829467,1.00092366706052,1.76600043048591,0,legal,difference between profile-specific park-facing minus outward-facing contrasts,pairwise,valid,"",round_number,5,0.8
boundary_0__fire,fire,Neither actor dominant,0.170288429758373,0.0297450591051261,0.111989185194311,0.228587674322435,1.18564677782075,0,legal,park-facing minus outward-facing,profile,strict_valid,"Model convergence problem; false convergence (8). See vignette('troubleshooting'), help('diagnose')",round_number,5,0.8
boundary_0__fire,fire,Militia dominant,0.0107091233715076,0.0330098626703633,-0.0539890185970177,0.0754072653400329,1.01076667127895,0,legal,park-facing minus outward-facing,profile,strict_valid,"Model convergence problem; false convergence (8). See vignette('troubleshooting'), help('diagnose')",round_number,4,0.6
boundary_0__fire,fire,Park dominant,0.0678282180423288,0.0305524668753538,0.00794648332778246,0.127709952756875,1.07018145482248,0,legal,park-facing minus outward-facing,profile,strict_valid,"Model convergence problem; false convergence (8). See vignette('troubleshooting'), help('diagnose')",round_number,4,0.6
boundary_0__fire,fire,Neither actor dominant minus Militia dominant,0.159579306386865,0.0444340886528708,0.0724900929413787,0.246668519832352,1.17301728629468,0,legal,difference between profile-specific park-facing minus outward-facing contrasts,pairwise,strict_valid,"Model convergence problem; false convergence (8). See vignette('troubleshooting'), help('diagnose')",round_number,6,1
boundary_0__fire,fire,Neither actor dominant minus Park dominant,0.102460211716044,0.0426402589370402,0.0188868399079833,0.186033583524105,1.10789321986281,0,legal,difference between profile-specific park-facing minus outward-facing contrasts,pairwise,strict_valid,"Model convergence problem; false convergence (8). See vignette('troubleshooting'), help('diagnose')",round_number,5,0.8
boundary_0__fire,fire,Militia dominant minus Park dominant,-0.0571190946708212,0.0449781665061582,-0.145274681113537,0.0310364917718946,0.944481579945351,0,legal,difference between profile-specific park-facing minus outward-facing contrasts,pairwise,strict_valid,"Model convergence problem; false convergence (8). See vignette('troubleshooting'), help('diagnose')",round_number,2,0.2
boundary_0__tree_cover_loss,tree_cover_loss,Neither actor dominant,-0.846081473790374,0.227997755104005,-1.29294886235021,-0.399214085230542,0.429093054297882,0,legal,park-facing minus outward-facing,profile,valid,"",round_number,1,0
boundary_0__tree_cover_loss,tree_cover_loss,Militia dominant,-0.897845233263081,0.311625133975982,-1.50861927253348,-0.287071193992687,0.407446667053411,0,legal,park-facing minus outward-facing,profile,valid,"",round_number,1,0
boundary_0__tree_cover_loss,tree_cover_loss,Park dominant,-1.43025410197535,0.260646937876377,-1.9411127128937,-0.919395491057002,0.239248121099066,0,legal,park-facing minus outward-facing,profile,valid,"",round_number,1,0
boundary_0__tree_cover_loss,tree_cover_loss,Neither actor dominant minus Militia dominant,0.0517637594727072,0.389016633079405,-0.710694830749959,0.814222349695374,1.05312692186443,0,legal,difference between profile-specific park-facing minus outward-facing contrasts,pairwise,valid,"",round_number,2,0.2
boundary_0__tree_cover_loss,tree_cover_loss,Neither actor dominant minus Park dominant,0.584172628184976,0.342445374778389,-0.0870079730529867,1.25535322942294,1.79350647489602,0,legal,difference between profile-specific park-facing minus outward-facing contrasts,pairwise,valid,"",round_number,4,0.6
boundary_0__tree_cover_loss,tree_cover_loss,Militia dominant minus Park dominant,0.532408868712269,0.402431716726428,-0.256342802308155,1.32116053973269,1.70302974661481,0,legal,difference between profile-specific park-facing minus outward-facing contrasts,pairwise,valid,"",round_number,5,0.8
boundary_10__agriculture,agriculture,Neither actor dominant,0.377844823647455,0.203058165551406,-0.020141867600072,0.775831514894982,1.45913650182688,10,round_number,park-facing minus outward-facing,profile,valid,"",round_number,4,0.6
boundary_10__agriculture,agriculture,Militia dominant,0.861710457989508,0.188197373576692,0.492850383794162,1.23057053218485,2.36720623967672,10,round_number,park-facing minus outward-facing,profile,valid,"",round_number,4,0.6
boundary_10__agriculture,agriculture,Park dominant,0.195578194850188,0.196819724626301,-0.190181376864454,0.581337766564829,1.21601387622753,10,round_number,park-facing minus outward-facing,profile,valid,"",round_number,2,0.2
boundary_10__agriculture,agriculture,Neither actor dominant minus Militia dominant,-0.483865634342053,0.251903934153718,-0.97758827284729,0.00985700416318364,0.616396018804915,10,round_number,difference between profile-specific park-facing minus outward-facing contrasts,pairwise,valid,"",round_number,2,0.2
boundary_10__agriculture,agriculture,Neither actor dominant minus Park dominant,0.182266628797267,0.264533686703547,-0.336209869839286,0.700743127433821,1.19993408821419,10,round_number,difference between profile-specific park-facing minus outward-facing contrasts,pairwise,valid,"",round_number,6,1
boundary_10__agriculture,agriculture,Militia dominant minus Park dominant,0.66613226313932,0.241054922271538,0.193673297191003,1.13859122908764,1.94669344318715,10,round_number,difference between profile-specific park-facing minus outward-facing contrasts,pairwise,valid,"",round_number,5,0.8
boundary_10__fire,fire,Neither actor dominant,-0.185911038677002,0.0423667896008643,,,0.830347460504932,10,round_number,park-facing minus outward-facing,profile,finite_not_strict_valid,"Model convergence problem; false convergence (8). See vignette('troubleshooting'), help('diagnose')",round_number,5,0.8
boundary_10__fire,fire,Militia dominant,-0.216263632466892,0.0473560179240424,,,0.805522911885863,10,round_number,park-facing minus outward-facing,profile,finite_not_strict_valid,"Model convergence problem; false convergence (8). See vignette('troubleshooting'), help('diagnose')",round_number,4,0.6
boundary_10__fire,fire,Park dominant,-0.222902177262166,0.0437042067695107,,,0.800193122548083,10,round_number,park-facing minus outward-facing,profile,finite_not_strict_valid,"Model convergence problem; false convergence (8). See vignette('troubleshooting'), help('diagnose')",round_number,4,0.6
boundary_10__fire,fire,Neither actor dominant minus Militia dominant,0.0303525937898906,0.063541353679549,,,1.03081792988476,10,round_number,difference between profile-specific park-facing minus outward-facing contrasts,pairwise,finite_not_strict_valid,"Model convergence problem; false convergence (8). See vignette('troubleshooting'), help('diagnose')",round_number,6,1
boundary_10__fire,fire,Neither actor dominant minus Park dominant,0.0369911385851647,0.0608684776486109,,,1.03768382545057,10,round_number,difference between profile-specific park-facing minus outward-facing contrasts,pairwise,finite_not_strict_valid,"Model convergence problem; false convergence (8). See vignette('troubleshooting'), help('diagnose')",round_number,5,0.8
boundary_10__fire,fire,Militia dominant minus Park dominant,0.00663854479527408,0.064440743864744,,,1.00666062877522,10,round_number,difference between profile-specific park-facing minus outward-facing contrasts,pairwise,finite_not_strict_valid,"Model convergence problem; false convergence (8). See vignette('troubleshooting'), help('diagnose')",round_number,2,0.2
boundary_10__tree_cover_loss,tree_cover_loss,Neither actor dominant,0.433287911955226,0.206816153339522,0.0279356999886486,0.838640123921803,1.54232020920978,10,round_number,park-facing minus outward-facing,profile,valid,"",round_number,1,0
boundary_10__tree_cover_loss,tree_cover_loss,Militia dominant,-0.317632441507118,0.248938580730093,-0.805543094100617,0.17027821108638,0.727870274154238,10,round_number,park-facing minus outward-facing,profile,valid,"",round_number,1,0
boundary_10__tree_cover_loss,tree_cover_loss,Park dominant,-0.435470927941375,0.155578404072061,-0.740398996694835,-0.130542859187916,0.646959923822532,10,round_number,park-facing minus outward-facing,profile,valid,"",round_number,1,0
boundary_10__tree_cover_loss,tree_cover_loss,Neither actor dominant minus Militia dominant,0.750920353462344,0.326887921060477,0.110231801202638,1.39160890572205,2.11894930178583,10,round_number,difference between profile-specific park-facing minus outward-facing contrasts,pairwise,valid,"",round_number,2,0.2
boundary_10__tree_cover_loss,tree_cover_loss,Neither actor dominant minus Park dominant,0.868758839896601,0.27796646633049,0.323954576978976,1.41356310281423,2.38395015273444,10,round_number,difference between profile-specific park-facing minus outward-facing contrasts,pairwise,valid,"",round_number,4,0.6
boundary_10__tree_cover_loss,tree_cover_loss,Militia dominant minus Park dominant,0.117838486434257,0.314843418962713,-0.499243275502116,0.73492024837063,1.12506238385471,10,round_number,difference between profile-specific park-facing minus outward-facing contrasts,pairwise,valid,"",round_number,5,0.8
boundary_20__agriculture,agriculture,Neither actor dominant,-0.00217248540697795,0.226578560475671,-0.446258303608223,0.441913332794267,0.997829872731461,20,dense;round_number;historical,park-facing minus outward-facing,profile,valid,"",round_number,4,0.6
boundary_20__agriculture,agriculture,Militia dominant,-0.268130430971688,0.197399336167648,-0.655026020432392,0.118765158489016,0.764808019943837,20,dense;round_number;historical,park-facing minus outward-facing,profile,valid,"",round_number,4,0.6
boundary_20__agriculture,agriculture,Park dominant,-0.200567225262884,0.179727509159649,-0.552826670246888,0.15169221972112,0.818266479997494,20,dense;round_number;historical,park-facing minus outward-facing,profile,valid,"",round_number,2,0.2
boundary_20__agriculture,agriculture,Neither actor dominant minus Militia dominant,0.26595794556471,0.29479839334028,-0.311836288082512,0.843752179211932,1.30468018994458,20,dense;round_number;historical,difference between profile-specific park-facing minus outward-facing contrasts,pairwise,valid,"",round_number,2,0.2
boundary_20__agriculture,agriculture,Neither actor dominant minus Park dominant,0.198394739855906,0.278165049578287,-0.346798739075335,0.743588218787147,1.21944366184292,20,dense;round_number;historical,difference between profile-specific park-facing minus outward-facing contrasts,pairwise,valid,"",round_number,6,1
boundary_20__agriculture,agriculture,Militia dominant minus Park dominant,-0.0675632057088041,0.27969572841454,-0.615756760030998,0.48063034861339,0.934668642354969,20,dense;round_number;historical,difference between profile-specific park-facing minus outward-facing contrasts,pairwise,valid,"",round_number,5,0.8
boundary_20__fire,fire,Neither actor dominant,0.422192783824508,0.0285640905242008,,,1.52530254999983,20,dense;round_number;historical,park-facing minus outward-facing,profile,finite_not_strict_valid,"Model convergence problem; false convergence (8). See vignette('troubleshooting'), help('diagnose')",round_number,5,0.8
boundary_20__fire,fire,Militia dominant,0.513085650744062,0.0315232173009776,,,1.6704376379401,20,dense;round_number;historical,park-facing minus outward-facing,profile,finite_not_strict_valid,"Model convergence problem; false convergence (8). See vignette('troubleshooting'), help('diagnose')",round_number,4,0.6
boundary_20__fire,fire,Park dominant,0.478167602136646,0.0293394868331942,,,1.61311582238678,20,dense;round_number;historical,park-facing minus outward-facing,profile,finite_not_strict_valid,"Model convergence problem; false convergence (8). See vignette('troubleshooting'), help('diagnose')",round_number,4,0.6
boundary_20__fire,fire,Neither actor dominant minus Militia dominant,-0.0908928669195537,0.0425404506859016,,,0.913115530538903,20,dense;round_number;historical,difference between profile-specific park-facing minus outward-facing contrasts,pairwise,finite_not_strict_valid,"Model convergence problem; false convergence (8). See vignette('troubleshooting'), help('diagnose')",round_number,6,1
boundary_20__fire,fire,Neither actor dominant minus Park dominant,-0.0559748183121378,0.0409484147831625,,,0.945562946461572,20,dense;round_number;historical,difference between profile-specific park-facing minus outward-facing contrasts,pairwise,finite_not_strict_valid,"Model convergence problem; false convergence (8). See vignette('troubleshooting'), help('diagnose')",round_number,5,0.8
boundary_20__fire,fire,Militia dominant minus Park dominant,0.0349180486074159,0.0430629317734059,,,1.03553484179983,20,dense;round_number;historical,difference between profile-specific park-facing minus outward-facing contrasts,pairwise,finite_not_strict_valid,"Model convergence problem; false convergence (8). See vignette('troubleshooting'), help('diagnose')",round_number,2,0.2
boundary_20__tree_cover_loss,tree_cover_loss,Neither actor dominant,-0.393020074090525,0.158342221317378,-0.703365125104655,-0.0826750230763947,0.675015197133954,20,dense;round_number;historical,park-facing minus outward-facing,profile,valid,"",round_number,1,0
boundary_20__tree_cover_loss,tree_cover_loss,Militia dominant,0.131993576123983,0.237694534591942,-0.333879150998233,0.597866303246198,1.14110098895241,20,dense;round_number;historical,park-facing minus outward-facing,profile,valid,"",round_number,1,0
boundary_20__tree_cover_loss,tree_cover_loss,Park dominant,-0.417479666537035,0.1262682932587,-0.664960973713428,-0.169998359360642,0.65870488546326,20,dense;round_number;historical,park-facing minus outward-facing,profile,valid,"",round_number,1,0
boundary_20__tree_cover_loss,tree_cover_loss,Neither actor dominant minus Militia dominant,-0.525013650214508,0.271436763261549,-1.05701993028727,0.00699262985825266,0.59154728956431,20,dense;round_number;historical,difference between profile-specific park-facing minus outward-facing contrasts,pairwise,valid,"",round_number,2,0.2
boundary_20__tree_cover_loss,tree_cover_loss,Neither actor dominant minus Park dominant,0.0244595924465097,0.220234216487951,-0.407191540033272,0.456110724926291,1.0247611821783,20,dense;round_number;historical,difference between profile-specific park-facing minus outward-facing contrasts,pairwise,valid,"",round_number,4,0.6
boundary_20__tree_cover_loss,tree_cover_loss,Militia dominant minus Park dominant,0.549473242661017,0.28127676036707,-0.00181907734654307,1.10076556266858,1.73234025454342,20,dense;round_number;historical,difference between profile-specific park-facing minus outward-facing contrasts,pairwise,valid,"",round_number,5,0.8
boundary_30__agriculture,agriculture,Neither actor dominant,-0.91281995342817,0.185757218667627,-1.27689741188505,-0.54874249497129,0.401390723428755,30,dense;round_number,park-facing minus outward-facing,profile,valid,"",round_number,4,0.6
boundary_30__agriculture,agriculture,Militia dominant,-1.26170870212758,0.165273018243791,-1.58563786550164,-0.937779538753517,0.283169760112521,30,dense;round_number,park-facing minus outward-facing,profile,valid,"",round_number,4,0.6
boundary_30__agriculture,agriculture,Park dominant,-0.453206326708814,0.199334840447198,-0.84389543484936,-0.0625172185682679,0.635586981526726,30,dense;round_number,park-facing minus outward-facing,profile,valid,"",round_number,2,0.2
boundary_30__agriculture,agriculture,Neither actor dominant minus Militia dominant,0.348888748699409,0.247185293640604,-0.135585524344133,0.833363021742951,1.41749148379847,30,dense;round_number,difference between profile-specific park-facing minus outward-facing contrasts,pairwise,valid,"",round_number,2,0.2
boundary_30__agriculture,agriculture,Neither actor dominant minus Park dominant,-0.459613626719356,0.29018244780964,-1.02836077337192,0.109133519933211,0.631527603766499,30,dense;round_number,difference between profile-specific park-facing minus outward-facing contrasts,pairwise,valid,"",round_number,6,1
boundary_30__agriculture,agriculture,Militia dominant minus Park dominant,-0.808502375418765,0.270552342825198,-1.33877522328909,-0.278229527548444,0.44552479572871,30,dense;round_number,difference between profile-specific park-facing minus outward-facing contrasts,pairwise,valid,"",round_number,5,0.8
boundary_30__fire,fire,Neither actor dominant,0.0287981706560159,0.0307405501162527,-0.0314522004367881,0.0890485417488198,1.02921684734999,30,dense;round_number,park-facing minus outward-facing,profile,strict_valid,"Model convergence problem; false convergence (8). See vignette('troubleshooting'), help('diagnose')",round_number,5,0.8
boundary_30__fire,fire,Militia dominant,0.0512504061149861,0.0334760264782087,-0.0143614001278121,0.116862212357784,1.05258643436539,30,dense;round_number,park-facing minus outward-facing,profile,strict_valid,"Model convergence problem; false convergence (8). See vignette('troubleshooting'), help('diagnose')",round_number,4,0.6
boundary_30__fire,fire,Park dominant,0.120244207366799,0.0315849488336361,0.0583388451993321,0.182149569534266,1.12777222823971,30,dense;round_number,park-facing minus outward-facing,profile,strict_valid,"Model convergence problem; false convergence (8). See vignette('troubleshooting'), help('diagnose')",round_number,4,0.6
boundary_30__fire,fire,Neither actor dominant minus Militia dominant,-0.0224522354589703,0.0454438924863163,-0.111520628049461,0.0666161571315201,0.977797940147786,30,dense;round_number,difference between profile-specific park-facing minus outward-facing contrasts,pairwise,strict_valid,"Model convergence problem; false convergence (8). See vignette('troubleshooting'), help('diagnose')",round_number,6,1
boundary_30__fire,fire,Neither actor dominant minus Park dominant,-0.0914460367107834,0.0440711392142576,-0.177823882328379,-0.00506819109318769,0.912610562290972,30,dense;round_number,difference between profile-specific park-facing minus outward-facing contrasts,pairwise,strict_valid,"Model convergence problem; false convergence (8). See vignette('troubleshooting'), help('diagnose')",round_number,5,0.8
boundary_30__fire,fire,Militia dominant minus Park dominant,-0.0689938012518132,0.0460201502529163,-0.159191638310651,0.0212040358070246,0.933332465553199,30,dense;round_number,difference between profile-specific park-facing minus outward-facing contrasts,pairwise,strict_valid,"Model convergence problem; false convergence (8). See vignette('troubleshooting'), help('diagnose')",round_number,2,0.2
boundary_30__tree_cover_loss,tree_cover_loss,Neither actor dominant,-0.232391977445619,0.319853553671033,-0.859293422967992,0.394509468076754,0.792635367219424,30,dense;round_number,park-facing minus outward-facing,profile,valid,"",round_number,1,0
boundary_30__tree_cover_loss,tree_cover_loss,Militia dominant,-0.426979458645128,0.170833345930591,-0.761806664027559,-0.0921522532626974,0.652476954850921,30,dense;round_number,park-facing minus outward-facing,profile,valid,"",round_number,1,0
boundary_30__tree_cover_loss,tree_cover_loss,Park dominant,-0.0809828152868294,0.108658214637462,-0.293949002600678,0.131983372027019,0.922209539214853,30,dense;round_number,park-facing minus outward-facing,profile,valid,"",round_number,1,0
boundary_30__tree_cover_loss,tree_cover_loss,Neither actor dominant minus Militia dominant,0.194587481199509,0.358601671189948,-0.508258879128664,0.897433841527683,1.21480975125095,30,dense;round_number,difference between profile-specific park-facing minus outward-facing contrasts,pairwise,valid,"",round_number,2,0.2
boundary_30__tree_cover_loss,tree_cover_loss,Neither actor dominant minus Park dominant,-0.15140916215879,0.329078655333161,-0.796391474692656,0.493573150375077,0.859495953483907,30,dense;round_number,difference between profile-specific park-facing minus outward-facing contrasts,pairwise,valid,"",round_number,4,0.6
boundary_30__tree_cover_loss,tree_cover_loss,Militia dominant minus Park dominant,-0.345996643358299,0.178095491715781,-0.695057392930182,0.00306410621358427,0.707514861976406,30,dense;round_number,difference between profile-specific park-facing minus outward-facing contrasts,pairwise,valid,"",round_number,5,0.8
boundary_40__agriculture,agriculture,Neither actor dominant,0.269866009129522,0.147090036127626,-0.0184251641653207,0.558157182424365,1.30978893921493,40,dense;round_number;historical,park-facing minus outward-facing,profile,valid,"",round_number,4,0.6
boundary_40__agriculture,agriculture,Militia dominant,0.134127836611575,0.139150249195033,-0.138601640250463,0.406857313473614,1.14353899645158,40,dense;round_number;historical,park-facing minus outward-facing,profile,valid,"",round_number,4,0.6
boundary_40__agriculture,agriculture,Park dominant,-0.103947013761258,0.193697570566435,-0.483587275964376,0.275693248441859,0.90127305122511,40,dense;round_number;historical,park-facing minus outward-facing,profile,valid,"",round_number,2,0.2
boundary_40__agriculture,agriculture,Neither actor dominant minus Militia dominant,0.135738172517947,0.218353587012501,-0.292226993921689,0.563703338957582,1.14538196185633,40,dense;round_number;historical,difference between profile-specific park-facing minus outward-facing contrasts,pairwise,valid,"",round_number,2,0.2
boundary_40__agriculture,agriculture,Neither actor dominant minus Park dominant,0.37381302289078,0.286973186026263,-0.188644086249407,0.936270132030968,1.45326539768888,40,dense;round_number;historical,difference between profile-specific park-facing minus outward-facing contrasts,pairwise,valid,"",round_number,6,1
boundary_40__agriculture,agriculture,Militia dominant minus Park dominant,0.238074850372834,0.279966525885478,-0.310649457239505,0.786799157985172,1.26880415973512,40,dense;round_number;historical,difference between profile-specific park-facing minus outward-facing contrasts,pairwise,valid,"",round_number,5,0.8
boundary_40__fire,fire,Neither actor dominant,-0.314434625486242,0.0280356084728597,-0.369383408377713,-0.259485842594771,0.730201594958878,40,dense;round_number;historical,park-facing minus outward-facing,profile,strict_valid,"Model convergence problem; false convergence (8). See vignette('troubleshooting'), help('diagnose')",round_number,5,0.8
boundary_40__fire,fire,Militia dominant,-0.349774515029481,0.0307914787169315,-0.410124704345398,-0.289424325713563,0.70484700420759,40,dense;round_number;historical,park-facing minus outward-facing,profile,strict_valid,"Model convergence problem; false convergence (8). See vignette('troubleshooting'), help('diagnose')",round_number,4,0.6
boundary_40__fire,fire,Park dominant,-0.484491747957798,0.0289338608571238,-0.541201073171454,-0.427782422744142,0.616010205658885,40,dense;round_number;historical,park-facing minus outward-facing,profile,strict_valid,"Model convergence problem; false convergence (8). See vignette('troubleshooting'), help('diagnose')",round_number,4,0.6
boundary_40__fire,fire,Neither actor dominant minus Militia dominant,0.0353398895432382,0.0416428868371971,-0.0462786688699451,0.116958447956422,1.03597176493613,40,dense;round_number;historical,difference between profile-specific park-facing minus outward-facing contrasts,pairwise,strict_valid,"Model convergence problem; false convergence (8). See vignette('troubleshooting'), help('diagnose')",round_number,6,1
boundary_40__fire,fire,Neither actor dominant minus Park dominant,0.170057122471556,0.0402886290314048,0.0910928605835077,0.249021384359604,1.18537256079687,40,dense;round_number;historical,difference between profile-specific park-facing minus outward-facing contrasts,pairwise,strict_valid,"Model convergence problem; false convergence (8). See vignette('troubleshooting'), help('diagnose')",round_number,5,0.8
boundary_40__fire,fire,Militia dominant minus Park dominant,0.134717232928318,0.0422472286899269,0.0519141862494336,0.217520279607202,1.14421319278905,40,dense;round_number;historical,difference between profile-specific park-facing minus outward-facing contrasts,pairwise,strict_valid,"Model convergence problem; false convergence (8). See vignette('troubleshooting'), help('diagnose')",round_number,2,0.2
boundary_40__tree_cover_loss,tree_cover_loss,Neither actor dominant,0.377689927454386,0.135860403805937,0.111408429069681,0.643971425839092,1.45891050464109,40,dense;round_number;historical,park-facing minus outward-facing,profile,valid,"",round_number,1,0
boundary_40__tree_cover_loss,tree_cover_loss,Militia dominant,0.177437410388858,0.239158432512293,-0.29130450393429,0.646179324712006,1.19415331397182,40,dense;round_number;historical,park-facing minus outward-facing,profile,valid,"",round_number,1,0
boundary_40__tree_cover_loss,tree_cover_loss,Park dominant,0.50368963867288,0.14317225342128,0.223077178381729,0.78430209896403,1.65481569265494,40,dense;round_number;historical,park-facing minus outward-facing,profile,valid,"",round_number,1,0
boundary_40__tree_cover_loss,tree_cover_loss,Neither actor dominant minus Militia dominant,0.200252517065528,0.234543132257725,-0.259443574980826,0.659948609111883,1.22171122214506,40,dense;round_number;historical,difference between profile-specific park-facing minus outward-facing contrasts,pairwise,valid,"",round_number,2,0.2
boundary_40__tree_cover_loss,tree_cover_loss,Neither actor dominant minus Park dominant,-0.125999711218493,0.176395374457325,-0.471728292194307,0.219728869757321,0.881615101377517,40,dense;round_number;historical,difference between profile-specific park-facing minus outward-facing contrasts,pairwise,valid,"",round_number,4,0.6
boundary_40__tree_cover_loss,tree_cover_loss,Militia dominant minus Park dominant,-0.326252228284022,0.26891587734243,-0.853317662746175,0.200813206178132,0.721623150706263,40,dense;round_number;historical,difference between profile-specific park-facing minus outward-facing contrasts,pairwise,valid,"",round_number,5,0.8
boundary_50__agriculture,agriculture,Neither actor dominant,0.387504838091492,0.148670017285918,0.0961169586301463,0.678892717552839,1.47330008156236,50,dense;round_number,park-facing minus outward-facing,profile,valid,"",round_number,4,0.6
boundary_50__agriculture,agriculture,Militia dominant,0.275695904768914,0.154782765261348,-0.0276727405708458,0.579064550108674,1.31744717370365,50,dense;round_number,park-facing minus outward-facing,profile,valid,"",round_number,4,0.6
boundary_50__agriculture,agriculture,Park dominant,0.186474923972958,0.162311505600828,-0.131649781281136,0.504599629227053,1.20499440523455,50,dense;round_number,park-facing minus outward-facing,profile,valid,"",round_number,2,0.2
boundary_50__agriculture,agriculture,Neither actor dominant minus Militia dominant,0.111808933322578,0.237885416967456,-0.35443791638093,0.578055783026086,1.11829917052429,50,dense;round_number,difference between profile-specific park-facing minus outward-facing contrasts,pairwise,valid,"",round_number,2,0.2
boundary_50__agriculture,agriculture,Neither actor dominant minus Park dominant,0.201029914118534,0.257975641735703,-0.304593052572051,0.70665288080912,1.22266134611272,50,dense;round_number,difference between profile-specific park-facing minus outward-facing contrasts,pairwise,valid,"",round_number,6,1
boundary_50__agriculture,agriculture,Militia dominant minus Park dominant,0.0892209807959559,0.261212345988114,-0.422745809657963,0.601187771249875,1.09332223285071,50,dense;round_number,difference between profile-specific park-facing minus outward-facing contrasts,pairwise,valid,"",round_number,5,0.8
boundary_50__fire,fire,Neither actor dominant,-0.0195157138914928,0.0209603313191364,-0.060597208381027,0.0215657805980413,0.980673484870857,50,dense;round_number,park-facing minus outward-facing,profile,strict_valid,"Model convergence problem; false convergence (8). See vignette('troubleshooting'), help('diagnose')",round_number,5,0.8
boundary_50__fire,fire,Militia dominant,-0.0318845511777157,0.0231687905842296,-0.0772945462881564,0.013525443932725,0.968618401478058,50,dense;round_number,park-facing minus outward-facing,profile,strict_valid,"Model convergence problem; false convergence (8). See vignette('troubleshooting'), help('diagnose')",round_number,4,0.6
boundary_50__fire,fire,Park dominant,-0.110189475673439,0.0217351056456189,-0.152789499939026,-0.0675894514078531,0.895664412600122,50,dense;round_number,park-facing minus outward-facing,profile,strict_valid,"Model convergence problem; false convergence (8). See vignette('troubleshooting'), help('diagnose')",round_number,4,0.6
boundary_50__fire,fire,Neither actor dominant minus Militia dominant,0.0123688372862229,0.031238691990643,-0.0488578739395773,0.073595548512023,1.01244564771266,50,dense;round_number,difference between profile-specific park-facing minus outward-facing contrasts,pairwise,strict_valid,"Model convergence problem; false convergence (8). See vignette('troubleshooting'), help('diagnose')",round_number,6,1
boundary_50__fire,fire,Neither actor dominant minus Park dominant,0.0906737617819465,0.0301813309618353,0.0315194400912657,0.149828083472627,1.09491174492906,50,dense;round_number,difference between profile-specific park-facing minus outward-facing contrasts,pairwise,strict_valid,"Model convergence problem; false convergence (8). See vignette('troubleshooting'), help('diagnose')",round_number,5,0.8
boundary_50__fire,fire,Militia dominant minus Park dominant,0.0783049244957237,0.0317642401931397,0.0160481577208902,0.140561691270557,1.08145236971753,50,dense;round_number,difference between profile-specific park-facing minus outward-facing contrasts,pairwise,strict_valid,"Model convergence problem; false convergence (8). See vignette('troubleshooting'), help('diagnose')",round_number,2,0.2
boundary_50__tree_cover_loss,tree_cover_loss,Neither actor dominant,0.108124790522884,0.226193296853654,-0.335205924854655,0.551455505900423,1.11418677666184,50,dense;round_number,park-facing minus outward-facing,profile,valid,"",round_number,1,0
boundary_50__tree_cover_loss,tree_cover_loss,Militia dominant,-0.257169887038489,0.268534634148435,-0.783488098571061,0.269148324494084,0.773236839689644,50,dense;round_number,park-facing minus outward-facing,profile,valid,"",round_number,1,0
boundary_50__tree_cover_loss,tree_cover_loss,Park dominant,-0.483604192427854,0.171321565792076,-0.819388291155332,-0.147820093700375,0.616557191627723,50,dense;round_number,park-facing minus outward-facing,profile,valid,"",round_number,1,0
boundary_50__tree_cover_loss,tree_cover_loss,Neither actor dominant minus Militia dominant,0.365294677561372,0.320875725055783,-0.263610187061138,0.994199542183883,1.44093855785383,50,dense;round_number,difference between profile-specific park-facing minus outward-facing contrasts,pairwise,valid,"",round_number,2,0.2
boundary_50__tree_cover_loss,tree_cover_loss,Neither actor dominant minus Park dominant,0.591728982950738,0.279037285753979,0.0448259525291275,1.13863201337235,1.80711017857138,50,dense;round_number,difference between profile-specific park-facing minus outward-facing contrasts,pairwise,valid,"",round_number,4,0.6
boundary_50__tree_cover_loss,tree_cover_loss,Militia dominant minus Park dominant,0.226434305389365,0.316919464400546,-0.394716430835428,0.847585041614159,1.25412021818817,50,dense;round_number,difference between profile-specific park-facing minus outward-facing contrasts,pairwise,valid,"",round_number,5,0.8
boundary_0__agriculture,agriculture,Neither actor dominant,0.286485847450869,0.229996977828128,-0.16429994564532,0.737271640547059,1.33173932025468,0,legal,park-facing minus outward-facing,profile,valid,"",historical,4,1
boundary_0__agriculture,agriculture,Militia dominant,0.221756230967078,0.137786166542745,-0.048299693024539,0.491812154958695,1.24826705192109,0,legal,park-facing minus outward-facing,profile,valid,"",historical,4,1
boundary_0__agriculture,agriculture,Park dominant,-0.346961114977916,0.158116616597485,-0.656863988866315,-0.0370582410895171,0.706832812932916,0,legal,park-facing minus outward-facing,profile,valid,"",historical,1,0
boundary_0__agriculture,agriculture,Neither actor dominant minus Militia dominant,0.0647296164837915,0.290673749570715,-0.504980463926025,0.634439696893608,1.06687052117984,0,legal,difference between profile-specific park-facing minus outward-facing contrasts,pairwise,valid,"",historical,2,0.333333333333333
boundary_0__agriculture,agriculture,Neither actor dominant minus Park dominant,0.633446962428786,0.311439815058039,0.0230361415632143,1.24385778329436,1.88409379967632,0,legal,difference between profile-specific park-facing minus outward-facing contrasts,pairwise,valid,"",historical,4,1
boundary_0__agriculture,agriculture,Militia dominant minus Park dominant,0.568717345944994,0.22051748120104,0.136511024829467,1.00092366706052,1.76600043048591,0,legal,difference between profile-specific park-facing minus outward-facing contrasts,pairwise,valid,"",historical,4,1
boundary_0__fire,fire,Neither actor dominant,0.170288429758373,0.0297450591051261,0.111989185194311,0.228587674322435,1.18564677782075,0,legal,park-facing minus outward-facing,profile,strict_valid,"Model convergence problem; false convergence (8). See vignette('troubleshooting'), help('diagnose')",historical,3,0.666666666666667
boundary_0__fire,fire,Militia dominant,0.0107091233715076,0.0330098626703633,-0.0539890185970177,0.0754072653400329,1.01076667127895,0,legal,park-facing minus outward-facing,profile,strict_valid,"Model convergence problem; false convergence (8). See vignette('troubleshooting'), help('diagnose')",historical,3,0.666666666666667
boundary_0__fire,fire,Park dominant,0.0678282180423288,0.0305524668753538,0.00794648332778246,0.127709952756875,1.07018145482248,0,legal,park-facing minus outward-facing,profile,strict_valid,"Model convergence problem; false convergence (8). See vignette('troubleshooting'), help('diagnose')",historical,3,0.666666666666667
boundary_0__fire,fire,Neither actor dominant minus Militia dominant,0.159579306386865,0.0444340886528708,0.0724900929413787,0.246668519832352,1.17301728629468,0,legal,difference between profile-specific park-facing minus outward-facing contrasts,pairwise,strict_valid,"Model convergence problem; false convergence (8). See vignette('troubleshooting'), help('diagnose')",historical,4,1
boundary_0__fire,fire,Neither actor dominant minus Park dominant,0.102460211716044,0.0426402589370402,0.0188868399079833,0.186033583524105,1.10789321986281,0,legal,difference between profile-specific park-facing minus outward-facing contrasts,pairwise,strict_valid,"Model convergence problem; false convergence (8). See vignette('troubleshooting'), help('diagnose')",historical,3,0.666666666666667
boundary_0__fire,fire,Militia dominant minus Park dominant,-0.0571190946708212,0.0449781665061582,-0.145274681113537,0.0310364917718946,0.944481579945351,0,legal,difference between profile-specific park-facing minus outward-facing contrasts,pairwise,strict_valid,"Model convergence problem; false convergence (8). See vignette('troubleshooting'), help('diagnose')",historical,2,0.333333333333333
boundary_0__tree_cover_loss,tree_cover_loss,Neither actor dominant,-0.846081473790374,0.227997755104005,-1.29294886235021,-0.399214085230542,0.429093054297882,0,legal,park-facing minus outward-facing,profile,valid,"",historical,1,0
boundary_0__tree_cover_loss,tree_cover_loss,Militia dominant,-0.897845233263081,0.311625133975982,-1.50861927253348,-0.287071193992687,0.407446667053411,0,legal,park-facing minus outward-facing,profile,valid,"",historical,1,0
boundary_0__tree_cover_loss,tree_cover_loss,Park dominant,-1.43025410197535,0.260646937876377,-1.9411127128937,-0.919395491057002,0.239248121099066,0,legal,park-facing minus outward-facing,profile,valid,"",historical,1,0
boundary_0__tree_cover_loss,tree_cover_loss,Neither actor dominant minus Militia dominant,0.0517637594727072,0.389016633079405,-0.710694830749959,0.814222349695374,1.05312692186443,0,legal,difference between profile-specific park-facing minus outward-facing contrasts,pairwise,valid,"",historical,3,0.666666666666667
boundary_0__tree_cover_loss,tree_cover_loss,Neither actor dominant minus Park dominant,0.584172628184976,0.342445374778389,-0.0870079730529867,1.25535322942294,1.79350647489602,0,legal,difference between profile-specific park-facing minus outward-facing contrasts,pairwise,valid,"",historical,4,1
boundary_0__tree_cover_loss,tree_cover_loss,Militia dominant minus Park dominant,0.532408868712269,0.402431716726428,-0.256342802308155,1.32116053973269,1.70302974661481,0,legal,difference between profile-specific park-facing minus outward-facing contrasts,pairwise,valid,"",historical,3,0.666666666666667
boundary_20__agriculture,agriculture,Neither actor dominant,-0.00217248540697795,0.226578560475671,-0.446258303608223,0.441913332794267,0.997829872731461,20,dense;round_number;historical,park-facing minus outward-facing,profile,valid,"",historical,4,1
boundary_20__agriculture,agriculture,Militia dominant,-0.268130430971688,0.197399336167648,-0.655026020432392,0.118765158489016,0.764808019943837,20,dense;round_number;historical,park-facing minus outward-facing,profile,valid,"",historical,4,1
boundary_20__agriculture,agriculture,Park dominant,-0.200567225262884,0.179727509159649,-0.552826670246888,0.15169221972112,0.818266479997494,20,dense;round_number;historical,park-facing minus outward-facing,profile,valid,"",historical,1,0
boundary_20__agriculture,agriculture,Neither actor dominant minus Militia dominant,0.26595794556471,0.29479839334028,-0.311836288082512,0.843752179211932,1.30468018994458,20,dense;round_number;historical,difference between profile-specific park-facing minus outward-facing contrasts,pairwise,valid,"",historical,2,0.333333333333333
boundary_20__agriculture,agriculture,Neither actor dominant minus Park dominant,0.198394739855906,0.278165049578287,-0.346798739075335,0.743588218787147,1.21944366184292,20,dense;round_number;historical,difference between profile-specific park-facing minus outward-facing contrasts,pairwise,valid,"",historical,4,1
boundary_20__agriculture,agriculture,Militia dominant minus Park dominant,-0.0675632057088041,0.27969572841454,-0.615756760030998,0.48063034861339,0.934668642354969,20,dense;round_number;historical,difference between profile-specific park-facing minus outward-facing contrasts,pairwise,valid,"",historical,4,1
boundary_20__fire,fire,Neither actor dominant,0.422192783824508,0.0285640905242008,,,1.52530254999983,20,dense;round_number;historical,park-facing minus outward-facing,profile,finite_not_strict_valid,"Model convergence problem; false convergence (8). See vignette('troubleshooting'), help('diagnose')",historical,3,0.666666666666667
boundary_20__fire,fire,Militia dominant,0.513085650744062,0.0315232173009776,,,1.6704376379401,20,dense;round_number;historical,park-facing minus outward-facing,profile,finite_not_strict_valid,"Model convergence problem; false convergence (8). See vignette('troubleshooting'), help('diagnose')",historical,3,0.666666666666667
boundary_20__fire,fire,Park dominant,0.478167602136646,0.0293394868331942,,,1.61311582238678,20,dense;round_number;historical,park-facing minus outward-facing,profile,finite_not_strict_valid,"Model convergence problem; false convergence (8). See vignette('troubleshooting'), help('diagnose')",historical,3,0.666666666666667
boundary_20__fire,fire,Neither actor dominant minus Militia dominant,-0.0908928669195537,0.0425404506859016,,,0.913115530538903,20,dense;round_number;historical,difference between profile-specific park-facing minus outward-facing contrasts,pairwise,finite_not_strict_valid,"Model convergence problem; false convergence (8). See vignette('troubleshooting'), help('diagnose')",historical,4,1
boundary_20__fire,fire,Neither actor dominant minus Park dominant,-0.0559748183121378,0.0409484147831625,,,0.945562946461572,20,dense;round_number;historical,difference between profile-specific park-facing minus outward-facing contrasts,pairwise,finite_not_strict_valid,"Model convergence problem; false convergence (8). See vignette('troubleshooting'), help('diagnose')",historical,3,0.666666666666667
boundary_20__fire,fire,Militia dominant minus Park dominant,0.0349180486074159,0.0430629317734059,,,1.03553484179983,20,dense;round_number;historical,difference between profile-specific park-facing minus outward-facing contrasts,pairwise,finite_not_strict_valid,"Model convergence problem; false convergence (8). See vignette('troubleshooting'), help('diagnose')",historical,2,0.333333333333333
boundary_20__tree_cover_loss,tree_cover_loss,Neither actor dominant,-0.393020074090525,0.158342221317378,-0.703365125104655,-0.0826750230763947,0.675015197133954,20,dense;round_number;historical,park-facing minus outward-facing,profile,valid,"",historical,1,0
boundary_20__tree_cover_loss,tree_cover_loss,Militia dominant,0.131993576123983,0.237694534591942,-0.333879150998233,0.597866303246198,1.14110098895241,20,dense;round_number;historical,park-facing minus outward-facing,profile,valid,"",historical,1,0
boundary_20__tree_cover_loss,tree_cover_loss,Park dominant,-0.417479666537035,0.1262682932587,-0.664960973713428,-0.169998359360642,0.65870488546326,20,dense;round_number;historical,park-facing minus outward-facing,profile,valid,"",historical,1,0
boundary_20__tree_cover_loss,tree_cover_loss,Neither actor dominant minus Militia dominant,-0.525013650214508,0.271436763261549,-1.05701993028727,0.00699262985825266,0.59154728956431,20,dense;round_number;historical,difference between profile-specific park-facing minus outward-facing contrasts,pairwise,valid,"",historical,3,0.666666666666667
boundary_20__tree_cover_loss,tree_cover_loss,Neither actor dominant minus Park dominant,0.0244595924465097,0.220234216487951,-0.407191540033272,0.456110724926291,1.0247611821783,20,dense;round_number;historical,difference between profile-specific park-facing minus outward-facing contrasts,pairwise,valid,"",historical,4,1
boundary_20__tree_cover_loss,tree_cover_loss,Militia dominant minus Park dominant,0.549473242661017,0.28127676036707,-0.00181907734654307,1.10076556266858,1.73234025454342,20,dense;round_number;historical,difference between profile-specific park-facing minus outward-facing contrasts,pairwise,valid,"",historical,3,0.666666666666667
boundary_40__agriculture,agriculture,Neither actor dominant,0.269866009129522,0.147090036127626,-0.0184251641653207,0.558157182424365,1.30978893921493,40,dense;round_number;historical,park-facing minus outward-facing,profile,valid,"",historical,4,1
boundary_40__agriculture,agriculture,Militia dominant,0.134127836611575,0.139150249195033,-0.138601640250463,0.406857313473614,1.14353899645158,40,dense;round_number;historical,park-facing minus outward-facing,profile,valid,"",historical,4,1
boundary_40__agriculture,agriculture,Park dominant,-0.103947013761258,0.193697570566435,-0.483587275964376,0.275693248441859,0.90127305122511,40,dense;round_number;historical,park-facing minus outward-facing,profile,valid,"",historical,1,0
boundary_40__agriculture,agriculture,Neither actor dominant minus Militia dominant,0.135738172517947,0.218353587012501,-0.292226993921689,0.563703338957582,1.14538196185633,40,dense;round_number;historical,difference between profile-specific park-facing minus outward-facing contrasts,pairwise,valid,"",historical,2,0.333333333333333
boundary_40__agriculture,agriculture,Neither actor dominant minus Park dominant,0.37381302289078,0.286973186026263,-0.188644086249407,0.936270132030968,1.45326539768888,40,dense;round_number;historical,difference between profile-specific park-facing minus outward-facing contrasts,pairwise,valid,"",historical,4,1
boundary_40__agriculture,agriculture,Militia dominant minus Park dominant,0.238074850372834,0.279966525885478,-0.310649457239505,0.786799157985172,1.26880415973512,40,dense;round_number;historical,difference between profile-specific park-facing minus outward-facing contrasts,pairwise,valid,"",historical,4,1
boundary_40__fire,fire,Neither actor dominant,-0.314434625486242,0.0280356084728597,-0.369383408377713,-0.259485842594771,0.730201594958878,40,dense;round_number;historical,park-facing minus outward-facing,profile,strict_valid,"Model convergence problem; false convergence (8). See vignette('troubleshooting'), help('diagnose')",historical,3,0.666666666666667
boundary_40__fire,fire,Militia dominant,-0.349774515029481,0.0307914787169315,-0.410124704345398,-0.289424325713563,0.70484700420759,40,dense;round_number;historical,park-facing minus outward-facing,profile,strict_valid,"Model convergence problem; false convergence (8). See vignette('troubleshooting'), help('diagnose')",historical,3,0.666666666666667
boundary_40__fire,fire,Park dominant,-0.484491747957798,0.0289338608571238,-0.541201073171454,-0.427782422744142,0.616010205658885,40,dense;round_number;historical,park-facing minus outward-facing,profile,strict_valid,"Model convergence problem; false convergence (8). See vignette('troubleshooting'), help('diagnose')",historical,3,0.666666666666667
boundary_40__fire,fire,Neither actor dominant minus Militia dominant,0.0353398895432382,0.0416428868371971,-0.0462786688699451,0.116958447956422,1.03597176493613,40,dense;round_number;historical,difference between profile-specific park-facing minus outward-facing contrasts,pairwise,strict_valid,"Model convergence problem; false convergence (8). See vignette('troubleshooting'), help('diagnose')",historical,4,1
boundary_40__fire,fire,Neither actor dominant minus Park dominant,0.170057122471556,0.0402886290314048,0.0910928605835077,0.249021384359604,1.18537256079687,40,dense;round_number;historical,difference between profile-specific park-facing minus outward-facing contrasts,pairwise,strict_valid,"Model convergence problem; false convergence (8). See vignette('troubleshooting'), help('diagnose')",historical,3,0.666666666666667
boundary_40__fire,fire,Militia dominant minus Park dominant,0.134717232928318,0.0422472286899269,0.0519141862494336,0.217520279607202,1.14421319278905,40,dense;round_number;historical,difference between profile-specific park-facing minus outward-facing contrasts,pairwise,strict_valid,"Model convergence problem; false convergence (8). See vignette('troubleshooting'), help('diagnose')",historical,2,0.333333333333333
boundary_40__tree_cover_loss,tree_cover_loss,Neither actor dominant,0.377689927454386,0.135860403805937,0.111408429069681,0.643971425839092,1.45891050464109,40,dense;round_number;historical,park-facing minus outward-facing,profile,valid,"",historical,1,0
boundary_40__tree_cover_loss,tree_cover_loss,Militia dominant,0.177437410388858,0.239158432512293,-0.29130450393429,0.646179324712006,1.19415331397182,40,dense;round_number;historical,park-facing minus outward-facing,profile,valid,"",historical,1,0
boundary_40__tree_cover_loss,tree_cover_loss,Park dominant,0.50368963867288,0.14317225342128,0.223077178381729,0.78430209896403,1.65481569265494,40,dense;round_number;historical,park-facing minus outward-facing,profile,valid,"",historical,1,0
boundary_40__tree_cover_loss,tree_cover_loss,Neither actor dominant minus Militia dominant,0.200252517065528,0.234543132257725,-0.259443574980826,0.659948609111883,1.22171122214506,40,dense;round_number;historical,difference between profile-specific park-facing minus outward-facing contrasts,pairwise,valid,"",historical,3,0.666666666666667
boundary_40__tree_cover_loss,tree_cover_loss,Neither actor dominant minus Park dominant,-0.125999711218493,0.176395374457325,-0.471728292194307,0.219728869757321,0.881615101377517,40,dense;round_number;historical,difference between profile-specific park-facing minus outward-facing contrasts,pairwise,valid,"",historical,4,1
boundary_40__tree_cover_loss,tree_cover_loss,Militia dominant minus Park dominant,-0.326252228284022,0.26891587734243,-0.853317662746175,0.200813206178132,0.721623150706263,40,dense;round_number;historical,difference between profile-specific park-facing minus outward-facing contrasts,pairwise,valid,"",historical,3,0.666666666666667
boundary_60__agriculture,agriculture,Neither actor dominant,-0.304415461880429,0.136886150692624,-0.572707387220294,-0.0361235365405632,0.737554377059259,60,dense;historical,park-facing minus outward-facing,profile,valid,"",historical,4,1
boundary_60__agriculture,agriculture,Militia dominant,-0.0169684118415356,0.146350567186539,-0.303810252644162,0.26987342896109,0.983174740823915,60,dense;historical,park-facing minus outward-facing,profile,valid,"",historical,4,1
boundary_60__agriculture,agriculture,Park dominant,-0.0488115429276132,0.111147819785054,-0.266657266666468,0.169034180811242,0.952360591876517,60,dense;historical,park-facing minus outward-facing,profile,valid,"",historical,1,0
boundary_60__agriculture,agriculture,Neither actor dominant minus Militia dominant,-0.287447050038893,0.209432413516262,-0.697927037726066,0.12303293764828,0.750176287524614,60,dense;historical,difference between profile-specific park-facing minus outward-facing contrasts,pairwise,valid,"",historical,2,0.333333333333333
boundary_60__agriculture,agriculture,Neither actor dominant minus Park dominant,-0.255603918952815,0.1838393605008,-0.615922444475259,0.104714606569628,0.774448652485707,60,dense;historical,difference between profile-specific park-facing minus outward-facing contrasts,pairwise,valid,"",historical,4,1
boundary_60__agriculture,agriculture,Militia dominant minus Park dominant,0.0318431310860776,0.190618644579538,-0.341762547071657,0.405448809243813,1.03235554810881,60,dense;historical,difference between profile-specific park-facing minus outward-facing contrasts,pairwise,valid,"",historical,4,1
boundary_60__fire,fire,Neither actor dominant,-0.147988085708985,0.037160467977483,-0.220821264593506,-0.0751549068244649,0.86244139025854,60,dense;historical,park-facing minus outward-facing,profile,strict_valid,"Model convergence problem; false convergence (8). See vignette('troubleshooting'), help('diagnose')",historical,3,0.666666666666667
boundary_60__fire,fire,Militia dominant,-0.207741115149407,0.0412685101984265,-0.288625908833947,-0.126856321464867,0.81241733202925,60,dense;historical,park-facing minus outward-facing,profile,strict_valid,"Model convergence problem; false convergence (8). See vignette('troubleshooting'), help('diagnose')",historical,3,0.666666666666667
boundary_60__fire,fire,Park dominant,-0.130092966382015,0.0383622187131529,-0.205281533426843,-0.054904399337187,0.878013801359746,60,dense;historical,park-facing minus outward-facing,profile,strict_valid,"Model convergence problem; false convergence (8). See vignette('troubleshooting'), help('diagnose')",historical,3,0.666666666666667
boundary_60__fire,fire,Neither actor dominant minus Militia dominant,0.0597530294404213,0.055526673004953,-0.049077249830619,0.168583308711462,1.06157433655968,60,dense;historical,difference between profile-specific park-facing minus outward-facing contrasts,pairwise,strict_valid,"Model convergence problem; false convergence (8). See vignette('troubleshooting'), help('diagnose')",historical,4,1
boundary_60__fire,fire,Neither actor dominant minus Park dominant,-0.0178951193269703,0.0534019884837048,-0.122561093457854,0.0867708548039138,0.982264047470451,60,dense;historical,difference between profile-specific park-facing minus outward-facing contrasts,pairwise,strict_valid,"Model convergence problem; false convergence (8). See vignette('troubleshooting'), help('diagnose')",historical,3,0.666666666666667
boundary_60__fire,fire,Militia dominant minus Park dominant,-0.0776481487673916,0.0563382639928802,-0.188069117144946,0.0327728196101633,0.925289933678823,60,dense;historical,difference between profile-specific park-facing minus outward-facing contrasts,pairwise,strict_valid,"Model convergence problem; false convergence (8). See vignette('troubleshooting'), help('diagnose')",historical,2,0.333333333333333
boundary_60__tree_cover_loss,tree_cover_loss,Neither actor dominant,-0.0981053814300815,0.161537772777202,-0.414713598216211,0.218502835356048,0.906553364829964,60,dense;historical,park-facing minus outward-facing,profile,valid,"",historical,1,0
boundary_60__tree_cover_loss,tree_cover_loss,Militia dominant,0.309460100839968,0.23079173081455,-0.142883379486212,0.761803581166148,1.36268920073568,60,dense;historical,park-facing minus outward-facing,profile,valid,"",historical,1,0
boundary_60__tree_cover_loss,tree_cover_loss,Park dominant,-0.0698254843569529,0.165176731501311,-0.393565929183564,0.253914960469658,0.932556551412186,60,dense;historical,park-facing minus outward-facing,profile,valid,"",historical,1,0
boundary_60__tree_cover_loss,tree_cover_loss,Neither actor dominant minus Militia dominant,-0.407565482270049,0.249199036935377,-0.895986619645454,0.0808556551053563,0.665267886720274,60,dense;historical,difference between profile-specific park-facing minus outward-facing contrasts,pairwise,valid,"",historical,3,0.666666666666667
boundary_60__tree_cover_loss,tree_cover_loss,Neither actor dominant minus Park dominant,-0.0282798970731286,0.218069349136123,-0.45568796751202,0.399128173365763,0.972116236229487,60,dense;historical,difference between profile-specific park-facing minus outward-facing contrasts,pairwise,valid,"",historical,4,1
boundary_60__tree_cover_loss,tree_cover_loss,Militia dominant minus Park dominant,0.37928558519692,0.282703774202394,-0.174803630533315,0.933374800927156,1.461240284755,60,dense;historical,difference between profile-specific park-facing minus outward-facing contrasts,pairwise,valid,"",historical,3,0.666666666666667
