run_id,outcome,governance_profile,estimate,standard_error,conf_low,conf_high,odds_ratio,comparison_class,threshold_tag,corridor_km,weighting,chronology_version,lag,omitted_episode,pipeline_version,pipeline_commit,robustness_run_id
primary__fire,fire,Neither actor dominant,0.170288429758373,0.0297450591051261,0.111989185194311,0.228587674322435,1.18564677782075,directly_matched,tau025,10,inverse_variance,primary,0,,final_robustness_v1,ffa5662940ca2b20bb6d7d0e6e81747502ec5a1f,primary
primary__fire,fire,Militia dominant,0.0107091233715076,0.0330098626703633,-0.0539890185970177,0.0754072653400329,1.01076667127895,directly_matched,tau025,10,inverse_variance,primary,0,,final_robustness_v1,ffa5662940ca2b20bb6d7d0e6e81747502ec5a1f,primary
primary__fire,fire,Park dominant,0.0678282180423288,0.0305524668753538,0.00794648332778246,0.127709952756875,1.07018145482248,directly_matched,tau025,10,inverse_variance,primary,0,,final_robustness_v1,ffa5662940ca2b20bb6d7d0e6e81747502ec5a1f,primary
primary__tree_cover_loss,tree_cover_loss,Neither actor dominant,-0.846081473790374,0.227997755104005,-1.29294886235021,-0.399214085230542,0.429093054297882,directly_matched,tau025,10,inverse_variance,primary,0,,final_robustness_v1,ffa5662940ca2b20bb6d7d0e6e81747502ec5a1f,primary
primary__tree_cover_loss,tree_cover_loss,Militia dominant,-0.897845233263081,0.311625133975982,-1.50861927253348,-0.287071193992687,0.407446667053411,directly_matched,tau025,10,inverse_variance,primary,0,,final_robustness_v1,ffa5662940ca2b20bb6d7d0e6e81747502ec5a1f,primary
primary__tree_cover_loss,tree_cover_loss,Park dominant,-1.43025410197535,0.260646937876377,-1.9411127128937,-0.919395491057002,0.239248121099066,directly_matched,tau025,10,inverse_variance,primary,0,,final_robustness_v1,ffa5662940ca2b20bb6d7d0e6e81747502ec5a1f,primary
primary__agriculture,agriculture,Neither actor dominant,0.286485847450869,0.229996977828128,-0.16429994564532,0.737271640547059,1.33173932025468,directly_matched,tau025,10,inverse_variance,primary,0,,final_robustness_v1,ffa5662940ca2b20bb6d7d0e6e81747502ec5a1f,primary
primary__agriculture,agriculture,Militia dominant,0.221756230967078,0.137786166542745,-0.048299693024539,0.491812154958695,1.24826705192109,directly_matched,tau025,10,inverse_variance,primary,0,,final_robustness_v1,ffa5662940ca2b20bb6d7d0e6e81747502ec5a1f,primary
primary__agriculture,agriculture,Park dominant,-0.346961114977916,0.158116616597485,-0.656863988866315,-0.0370582410895171,0.706832812932916,directly_matched,tau025,10,inverse_variance,primary,0,,final_robustness_v1,ffa5662940ca2b20bb6d7d0e6e81747502ec5a1f,primary
threshold_tau010__fire,fire,Neither actor dominant,0.155682820053635,0.0311381714534825,0.0946531254603759,0.216712514646894,1.16845553364503,directly_matched,tau010,10,inverse_variance,primary,0,,final_robustness_v1,ffa5662940ca2b20bb6d7d0e6e81747502ec5a1f,threshold_tau010
threshold_tau010__fire,fire,Militia dominant,-0.0108903922289631,0.0347753804741489,-0.0790488855069724,0.0572681010490461,0.989168693409381,directly_matched,tau010,10,inverse_variance,primary,0,,final_robustness_v1,ffa5662940ca2b20bb6d7d0e6e81747502ec5a1f,threshold_tau010
threshold_tau010__fire,fire,Park dominant,0.0435302539969729,0.0319510082593201,-0.0190925714610363,0.106153079454982,1.04449159387954,directly_matched,tau010,10,inverse_variance,primary,0,,final_robustness_v1,ffa5662940ca2b20bb6d7d0e6e81747502ec5a1f,threshold_tau010
threshold_tau010__tree_cover_loss,tree_cover_loss,Neither actor dominant,-0.882619985667311,0.163859011572318,-1.20377774689139,-0.561462224443235,0.413697608757805,directly_matched,tau010,10,inverse_variance,primary,0,,final_robustness_v1,ffa5662940ca2b20bb6d7d0e6e81747502ec5a1f,threshold_tau010
threshold_tau010__tree_cover_loss,tree_cover_loss,Militia dominant,-1.16978085292463,0.277507959349604,-1.71368645867306,-0.625875247176199,0.310434964726255,directly_matched,tau010,10,inverse_variance,primary,0,,final_robustness_v1,ffa5662940ca2b20bb6d7d0e6e81747502ec5a1f,threshold_tau010
threshold_tau010__tree_cover_loss,tree_cover_loss,Park dominant,-1.44277318681612,0.227654929699504,-1.88896864993014,-0.996577723702091,0.23627162395796,directly_matched,tau010,10,inverse_variance,primary,0,,final_robustness_v1,ffa5662940ca2b20bb6d7d0e6e81747502ec5a1f,threshold_tau010
threshold_tau010__agriculture,agriculture,Neither actor dominant,0.112932772855509,0.228904595284034,-0.335711989796915,0.561577535507934,1.11955666582088,directly_matched,tau010,10,inverse_variance,primary,0,,final_robustness_v1,ffa5662940ca2b20bb6d7d0e6e81747502ec5a1f,threshold_tau010
threshold_tau010__agriculture,agriculture,Militia dominant,-0.318243792657785,0.141346782523423,-0.59527839573431,-0.0412091895812605,0.727425425817724,directly_matched,tau010,10,inverse_variance,primary,0,,final_robustness_v1,ffa5662940ca2b20bb6d7d0e6e81747502ec5a1f,threshold_tau010
threshold_tau010__agriculture,agriculture,Park dominant,-1.12463716205984,0.100351956702763,-1.32132338297537,-0.927950941144297,0.324770284963932,directly_matched,tau010,10,inverse_variance,primary,0,,final_robustness_v1,ffa5662940ca2b20bb6d7d0e6e81747502ec5a1f,threshold_tau010
threshold_tau050__fire,fire,Neither actor dominant,0.179420681653883,0.0283976784418633,0.123762254663282,0.235079108644485,1.19652399399918,directly_matched,tau050,10,inverse_variance,primary,0,,final_robustness_v1,ffa5662940ca2b20bb6d7d0e6e81747502ec5a1f,threshold_tau050
threshold_tau050__fire,fire,Militia dominant,0.0199556553177914,0.0312419387034345,-0.0412774193481482,0.081188729983731,1.02015610052562,directly_matched,tau050,10,inverse_variance,primary,0,,final_robustness_v1,ffa5662940ca2b20bb6d7d0e6e81747502ec5a1f,threshold_tau050
threshold_tau050__fire,fire,Park dominant,0.0887079230885564,0.0291877805265686,0.0315009244678225,0.14591492170929,1.0927614393245,directly_matched,tau050,10,inverse_variance,primary,0,,final_robustness_v1,ffa5662940ca2b20bb6d7d0e6e81747502ec5a1f,threshold_tau050
threshold_tau050__tree_cover_loss,tree_cover_loss,Neither actor dominant,0.0540757058438248,0.197120670040298,-0.332273708043562,0.440425119731212,1.0555645115323,directly_matched,tau050,10,inverse_variance,primary,0,,final_robustness_v1,ffa5662940ca2b20bb6d7d0e6e81747502ec5a1f,threshold_tau050
threshold_tau050__tree_cover_loss,tree_cover_loss,Militia dominant,-0.334486397764769,0.245641373991916,-0.815934643901859,0.146961848372321,0.715705579957346,directly_matched,tau050,10,inverse_variance,primary,0,,final_robustness_v1,ffa5662940ca2b20bb6d7d0e6e81747502ec5a1f,threshold_tau050
threshold_tau050__tree_cover_loss,tree_cover_loss,Park dominant,-0.0182456364402126,0.256339728653436,-0.520662272407717,0.484170999527292,0.981919807446624,directly_matched,tau050,10,inverse_variance,primary,0,,final_robustness_v1,ffa5662940ca2b20bb6d7d0e6e81747502ec5a1f,threshold_tau050
threshold_tau050__agriculture,agriculture,Neither actor dominant,-0.213604557093766,0.158628643633833,-0.524510985532519,0.0973018713449862,0.807667708347309,directly_matched,tau050,10,inverse_variance,primary,0,,final_robustness_v1,ffa5662940ca2b20bb6d7d0e6e81747502ec5a1f,threshold_tau050
threshold_tau050__agriculture,agriculture,Militia dominant,0.117149976429353,0.157635559956228,-0.191810043767659,0.426109996626365,1.12428803375177,directly_matched,tau050,10,inverse_variance,primary,0,,final_robustness_v1,ffa5662940ca2b20bb6d7d0e6e81747502ec5a1f,threshold_tau050
threshold_tau050__agriculture,agriculture,Park dominant,0.181109355312305,0.191185787872414,-0.19360790327354,0.55582661389815,1.19854623952534,directly_matched,tau050,10,inverse_variance,primary,0,,final_robustness_v1,ffa5662940ca2b20bb6d7d0e6e81747502ec5a1f,threshold_tau050
domain_5km__fire,fire,Neither actor dominant,0.0918953749821996,0.0363456942030454,0.0206591233511244,0.163131626613275,1.0962501208922,directly_matched,tau025,5,inverse_variance,primary,0,,final_robustness_v1,ffa5662940ca2b20bb6d7d0e6e81747502ec5a1f,domain_5km
domain_5km__fire,fire,Militia dominant,0.0217321279958277,0.0401544884434792,-0.0569692231710212,0.100433479162677,1.02196999065163,directly_matched,tau025,5,inverse_variance,primary,0,,final_robustness_v1,ffa5662940ca2b20bb6d7d0e6e81747502ec5a1f,domain_5km
domain_5km__fire,fire,Park dominant,0.0111694051517056,0.0374285970396099,-0.0621892970377922,0.0845281073412034,1.01123201584837,directly_matched,tau025,5,inverse_variance,primary,0,,final_robustness_v1,ffa5662940ca2b20bb6d7d0e6e81747502ec5a1f,domain_5km
domain_5km__tree_cover_loss,tree_cover_loss,Neither actor dominant,-0.269069791875303,0.227798531076121,-0.715546708515628,0.177407124765023,0.764089926518379,directly_matched,tau025,5,inverse_variance,primary,0,,final_robustness_v1,ffa5662940ca2b20bb6d7d0e6e81747502ec5a1f,domain_5km
domain_5km__tree_cover_loss,tree_cover_loss,Militia dominant,-0.381615789227368,0.287430980441907,-0.944970158934542,0.181738580479807,0.682757325537801,directly_matched,tau025,5,inverse_variance,primary,0,,final_robustness_v1,ffa5662940ca2b20bb6d7d0e6e81747502ec5a1f,domain_5km
domain_5km__tree_cover_loss,tree_cover_loss,Park dominant,-0.874189846920088,0.294099253005958,-1.4506137906919,-0.297765903148278,0.41719987856788,directly_matched,tau025,5,inverse_variance,primary,0,,final_robustness_v1,ffa5662940ca2b20bb6d7d0e6e81747502ec5a1f,domain_5km
domain_5km__agriculture,agriculture,Neither actor dominant,0.316465009565712,0.22234655148649,-0.11932622343449,0.752256242565914,1.37226822513499,directly_matched,tau025,5,inverse_variance,primary,0,,final_robustness_v1,ffa5662940ca2b20bb6d7d0e6e81747502ec5a1f,domain_5km
domain_5km__agriculture,agriculture,Militia dominant,0.448932268607617,0.186015798240504,0.0843480035007602,0.813516533714473,1.56663854299598,directly_matched,tau025,5,inverse_variance,primary,0,,final_robustness_v1,ffa5662940ca2b20bb6d7d0e6e81747502ec5a1f,domain_5km
domain_5km__agriculture,agriculture,Park dominant,-0.128234216763598,0.161741373320933,-0.445241483282673,0.188773049755477,0.879647326865131,directly_matched,tau025,5,inverse_variance,primary,0,,final_robustness_v1,ffa5662940ca2b20bb6d7d0e6e81747502ec5a1f,domain_5km
domain_20km__fire,fire,Neither actor dominant,0.19400625478059,0.0242212787394717,,,1.21410387688585,directly_matched,tau025,20,inverse_variance,primary,0,,final_robustness_v1,ffa5662940ca2b20bb6d7d0e6e81747502ec5a1f,domain_20km
domain_20km__fire,fire,Militia dominant,0.0316945923110094,0.0270171024637974,,,1.03220221466852,directly_matched,tau025,20,inverse_variance,primary,0,,final_robustness_v1,ffa5662940ca2b20bb6d7d0e6e81747502ec5a1f,domain_20km
domain_20km__fire,fire,Park dominant,0.13355510565198,0.0248938666543491,,,1.14288424378127,directly_matched,tau025,20,inverse_variance,primary,0,,final_robustness_v1,ffa5662940ca2b20bb6d7d0e6e81747502ec5a1f,domain_20km
domain_20km__tree_cover_loss,tree_cover_loss,Neither actor dominant,-0.986132733969093,0.229919678562638,-1.43676702328889,-0.535498444649298,0.373016459125852,directly_matched,tau025,20,inverse_variance,primary,0,,final_robustness_v1,ffa5662940ca2b20bb6d7d0e6e81747502ec5a1f,domain_20km
domain_20km__tree_cover_loss,tree_cover_loss,Militia dominant,-1.40017809124029,0.358982070117002,-2.10377001976524,-0.69658616271533,0.24655305109281,directly_matched,tau025,20,inverse_variance,primary,0,,final_robustness_v1,ffa5662940ca2b20bb6d7d0e6e81747502ec5a1f,domain_20km
domain_20km__tree_cover_loss,tree_cover_loss,Park dominant,-1.93248235382747,0.337980099171524,-2.59491117569493,-1.27005353196001,0.144788336135198,directly_matched,tau025,20,inverse_variance,primary,0,,final_robustness_v1,ffa5662940ca2b20bb6d7d0e6e81747502ec5a1f,domain_20km
domain_20km__agriculture,agriculture,Neither actor dominant,0.225220552709169,0.228466886033895,-0.222566315577282,0.673007420995621,1.25259894982059,directly_matched,tau025,20,inverse_variance,primary,0,,final_robustness_v1,ffa5662940ca2b20bb6d7d0e6e81747502ec5a1f,domain_20km
domain_20km__agriculture,agriculture,Militia dominant,0.201193451065005,0.147704536353924,-0.0883021205418738,0.490689022671884,1.22286131276635,directly_matched,tau025,20,inverse_variance,primary,0,,final_robustness_v1,ffa5662940ca2b20bb6d7d0e6e81747502ec5a1f,domain_20km
domain_20km__agriculture,agriculture,Park dominant,-0.529291276377136,0.176016524403161,-0.874277324891246,-0.184305227863025,0.589022275784782,directly_matched,tau025,20,inverse_variance,primary,0,,final_robustness_v1,ffa5662940ca2b20bb6d7d0e6e81747502ec5a1f,domain_20km
domain_full__fire,fire,Neither actor dominant,0.193025930296142,0.0519003677250518,0.0913030787706556,0.294748781821629,1.2129142443369,directly_matched,tau025,Inf,inverse_variance,primary,0,,final_robustness_v1,ffa5662940ca2b20bb6d7d0e6e81747502ec5a1f,domain_full
domain_full__fire,fire,Militia dominant,0.0548347374827201,0.0575912894260171,-0.0580421156154958,0.167711590580936,1.05636602254107,directly_matched,tau025,Inf,inverse_variance,primary,0,,final_robustness_v1,ffa5662940ca2b20bb6d7d0e6e81747502ec5a1f,domain_full
domain_full__fire,fire,Park dominant,0.111946599754164,0.0531006586334977,0.00787122127715287,0.216021978231176,1.11845313337806,directly_matched,tau025,Inf,inverse_variance,primary,0,,final_robustness_v1,ffa5662940ca2b20bb6d7d0e6e81747502ec5a1f,domain_full
domain_full__tree_cover_loss,tree_cover_loss,Neither actor dominant,-1.1717332924866,0.283434729030224,-1.7272551533537,-0.616211431619489,0.309829450526996,directly_matched,tau025,Inf,inverse_variance,primary,0,,final_robustness_v1,ffa5662940ca2b20bb6d7d0e6e81747502ec5a1f,domain_full
domain_full__tree_cover_loss,tree_cover_loss,Militia dominant,-1.78735867378529,0.36179397075864,-2.49646182629597,-1.07825552127462,0.167401748860617,directly_matched,tau025,Inf,inverse_variance,primary,0,,final_robustness_v1,ffa5662940ca2b20bb6d7d0e6e81747502ec5a1f,domain_full
domain_full__tree_cover_loss,tree_cover_loss,Park dominant,-2.60387496661614,0.406270344606506,-3.40015021003157,-1.80759972320071,0.0739863274812239,directly_matched,tau025,Inf,inverse_variance,primary,0,,final_robustness_v1,ffa5662940ca2b20bb6d7d0e6e81747502ec5a1f,domain_full
domain_full__agriculture,agriculture,Neither actor dominant,0.562739843664829,0.252013260314429,0.0688029298220318,1.05667675750763,1.75547564618498,directly_matched,tau025,Inf,inverse_variance,primary,0,,final_robustness_v1,ffa5662940ca2b20bb6d7d0e6e81747502ec5a1f,domain_full
domain_full__agriculture,agriculture,Militia dominant,0.163892757837478,0.154972297606021,-0.139847364071747,0.467632879746703,1.17808796761667,directly_matched,tau025,Inf,inverse_variance,primary,0,,final_robustness_v1,ffa5662940ca2b20bb6d7d0e6e81747502ec5a1f,domain_full
domain_full__agriculture,agriculture,Park dominant,-0.573161177144788,0.16187226852609,-0.89042499355172,-0.255897360737855,0.563740535292237,directly_matched,tau025,Inf,inverse_variance,primary,0,,final_robustness_v1,ffa5662940ca2b20bb6d7d0e6e81747502ec5a1f,domain_full
weight_unweighted__fire,fire,Neither actor dominant,0.170288429758373,0.0297450591051261,0.111989185194311,0.228587674322435,1.18564677782075,directly_matched,tau025,10,unweighted,primary,0,,final_robustness_v1,ffa5662940ca2b20bb6d7d0e6e81747502ec5a1f,weight_unweighted
weight_unweighted__fire,fire,Militia dominant,0.0107091233715076,0.0330098626703633,-0.0539890185970177,0.0754072653400329,1.01076667127895,directly_matched,tau025,10,unweighted,primary,0,,final_robustness_v1,ffa5662940ca2b20bb6d7d0e6e81747502ec5a1f,weight_unweighted
weight_unweighted__fire,fire,Park dominant,0.0678282180423288,0.0305524668753538,0.00794648332778246,0.127709952756875,1.07018145482248,directly_matched,tau025,10,unweighted,primary,0,,final_robustness_v1,ffa5662940ca2b20bb6d7d0e6e81747502ec5a1f,weight_unweighted
weight_unweighted__tree_cover_loss,tree_cover_loss,Neither actor dominant,-0.881260072325685,0.242971938348965,-1.35747632074354,-0.405043823907828,0.414260584367613,directly_matched,tau025,10,unweighted,primary,0,,final_robustness_v1,ffa5662940ca2b20bb6d7d0e6e81747502ec5a1f,weight_unweighted
weight_unweighted__tree_cover_loss,tree_cover_loss,Militia dominant,-0.880725173015031,0.36244813449897,-1.59111046289674,-0.17033988313332,0.414482231342745,directly_matched,tau025,10,unweighted,primary,0,,final_robustness_v1,ffa5662940ca2b20bb6d7d0e6e81747502ec5a1f,weight_unweighted
weight_unweighted__tree_cover_loss,tree_cover_loss,Park dominant,-1.76166446100849,0.310487879333781,-2.37020952213892,-1.15311939987806,0.171758740042502,directly_matched,tau025,10,unweighted,primary,0,,final_robustness_v1,ffa5662940ca2b20bb6d7d0e6e81747502ec5a1f,weight_unweighted
weight_unweighted__agriculture,agriculture,Neither actor dominant,0.240968936247477,0.153715251470161,-0.0603074205085568,0.542245293003511,1.27248150664367,directly_matched,tau025,10,unweighted,primary,0,,final_robustness_v1,ffa5662940ca2b20bb6d7d0e6e81747502ec5a1f,weight_unweighted
weight_unweighted__agriculture,agriculture,Militia dominant,-0.0533925245988146,0.278229023717135,-0.59871139053814,0.49192634134051,0.948007823049907,directly_matched,tau025,10,unweighted,primary,0,,final_robustness_v1,ffa5662940ca2b20bb6d7d0e6e81747502ec5a1f,weight_unweighted
weight_unweighted__agriculture,agriculture,Park dominant,-0.28496339313118,0.138616310195153,-0.556646368783512,-0.0132804174788474,0.752041783710421,directly_matched,tau025,10,unweighted,primary,0,,final_robustness_v1,ffa5662940ca2b20bb6d7d0e6e81747502ec5a1f,weight_unweighted
lag_1__fire,fire,Neither actor dominant,0.0954446803456448,0.0305979321701716,0.035473835290709,0.155415525400581,1.10014796054562,directly_matched,tau025,10,inverse_variance,primary,1,,final_robustness_v1,ffa5662940ca2b20bb6d7d0e6e81747502ec5a1f,lag_1
lag_1__fire,fire,Militia dominant,0.0584838662361479,0.0339032995109829,-0.00796537976245286,0.124933112234749,1.06022788009036,directly_matched,tau025,10,inverse_variance,primary,1,,final_robustness_v1,ffa5662940ca2b20bb6d7d0e6e81747502ec5a1f,lag_1
lag_1__fire,fire,Park dominant,0.0710572472189073,0.0340031459595838,0.00441230577706453,0.13770218866075,1.07364268716704,directly_matched,tau025,10,inverse_variance,primary,1,,final_robustness_v1,ffa5662940ca2b20bb6d7d0e6e81747502ec5a1f,lag_1
lag_1__tree_cover_loss,tree_cover_loss,Neither actor dominant,-0.787362499410854,0.246588962314377,-1.27066798453214,-0.304057014289569,0.455043391151122,directly_matched,tau025,10,inverse_variance,primary,1,,final_robustness_v1,ffa5662940ca2b20bb6d7d0e6e81747502ec5a1f,lag_1
lag_1__tree_cover_loss,tree_cover_loss,Militia dominant,-1.27243492696908,0.332681734875672,-1.9244791456397,-0.620390708298459,0.280148649120451,directly_matched,tau025,10,inverse_variance,primary,1,,final_robustness_v1,ffa5662940ca2b20bb6d7d0e6e81747502ec5a1f,lag_1
lag_1__tree_cover_loss,tree_cover_loss,Park dominant,-1.39539364416429,0.274615150044058,-1.93362944785971,-0.857157840468874,0.247735497537799,directly_matched,tau025,10,inverse_variance,primary,1,,final_robustness_v1,ffa5662940ca2b20bb6d7d0e6e81747502ec5a1f,lag_1
lag_1__agriculture,agriculture,Neither actor dominant,0.252312328385233,0.164395490845607,-0.0698969128929413,0.574521569663407,1.28699794050724,directly_matched,tau025,10,inverse_variance,primary,1,,final_robustness_v1,ffa5662940ca2b20bb6d7d0e6e81747502ec5a1f,lag_1
lag_1__agriculture,agriculture,Militia dominant,0.130478977814595,0.213200089827942,-0.287385519748875,0.548343475378064,1.13937398751058,directly_matched,tau025,10,inverse_variance,primary,1,,final_robustness_v1,ffa5662940ca2b20bb6d7d0e6e81747502ec5a1f,lag_1
lag_1__agriculture,agriculture,Park dominant,-0.381513152873633,0.234509722241838,-0.841143762492126,0.0781174567448601,0.682827404856461,directly_matched,tau025,10,inverse_variance,primary,1,,final_robustness_v1,ffa5662940ca2b20bb6d7d0e6e81747502ec5a1f,lag_1
lag_2__fire,fire,Neither actor dominant,0.0601493514853469,0.0310397955766358,-0.000687529932344999,0.120986232903039,1.06199514525396,directly_matched,tau025,10,inverse_variance,primary,2,,final_robustness_v1,ffa5662940ca2b20bb6d7d0e6e81747502ec5a1f,lag_2
lag_2__fire,fire,Militia dominant,0.110554670463383,0.0341278489010282,0.0436653157475432,0.177444025179223,1.11689740868191,directly_matched,tau025,10,inverse_variance,primary,2,,final_robustness_v1,ffa5662940ca2b20bb6d7d0e6e81747502ec5a1f,lag_2
lag_2__fire,fire,Park dominant,0.0583845700084939,0.0373093534125064,-0.0147404189664951,0.131509558983483,1.06012260868803,directly_matched,tau025,10,inverse_variance,primary,2,,final_robustness_v1,ffa5662940ca2b20bb6d7d0e6e81747502ec5a1f,lag_2
lag_2__tree_cover_loss,tree_cover_loss,Neither actor dominant,-0.925328119445026,0.178974952047811,-1.27611257959352,-0.574543659296533,0.396401330749252,directly_matched,tau025,10,inverse_variance,primary,2,,final_robustness_v1,ffa5662940ca2b20bb6d7d0e6e81747502ec5a1f,lag_2
lag_2__tree_cover_loss,tree_cover_loss,Militia dominant,-1.3464509332465,0.266282134174662,-1.8683543259553,-0.824547540537696,0.260161956248266,directly_matched,tau025,10,inverse_variance,primary,2,,final_robustness_v1,ffa5662940ca2b20bb6d7d0e6e81747502ec5a1f,lag_2
lag_2__tree_cover_loss,tree_cover_loss,Park dominant,-1.45554017474392,0.322613101416809,-2.08785023446163,-0.823230115026202,0.233274320965021,directly_matched,tau025,10,inverse_variance,primary,2,,final_robustness_v1,ffa5662940ca2b20bb6d7d0e6e81747502ec5a1f,lag_2
lag_2__agriculture,agriculture,Neither actor dominant,0.30999083439695,0.143749226803173,0.0282475270572498,0.591734141736649,1.36341261757606,directly_matched,tau025,10,inverse_variance,primary,2,,final_robustness_v1,ffa5662940ca2b20bb6d7d0e6e81747502ec5a1f,lag_2
lag_2__agriculture,agriculture,Militia dominant,0.125330358149119,0.212905585178301,-0.291956920907776,0.542617637206014,1.1335228597332,directly_matched,tau025,10,inverse_variance,primary,2,,final_robustness_v1,ffa5662940ca2b20bb6d7d0e6e81747502ec5a1f,lag_2
lag_2__agriculture,agriculture,Park dominant,-0.593885295474136,0.136536522061872,-0.861491961289764,-0.326278629658508,0.552177737960158,directly_matched,tau025,10,inverse_variance,primary,2,,final_robustness_v1,ffa5662940ca2b20bb6d7d0e6e81747502ec5a1f,lag_2
transition_SESU1_2004_earlier__fire,fire,Neither actor dominant,0.149124381066578,0.0320334464882442,,,1.16081736393199,directly_matched,tau025,10,inverse_variance,transition_SESU1_2004_earlier,0,,final_robustness_v1,ffa5662940ca2b20bb6d7d0e6e81747502ec5a1f,transition_SESU1_2004_earlier
transition_SESU1_2004_earlier__fire,fire,Militia dominant,0.0454291709448907,0.0330476746299423,,,1.04647688102025,directly_matched,tau025,10,inverse_variance,transition_SESU1_2004_earlier,0,,final_robustness_v1,ffa5662940ca2b20bb6d7d0e6e81747502ec5a1f,transition_SESU1_2004_earlier
transition_SESU1_2004_earlier__fire,fire,Park dominant,0.0679192857968753,0.0318091884095026,,,1.07027891828235,directly_matched,tau025,10,inverse_variance,transition_SESU1_2004_earlier,0,,final_robustness_v1,ffa5662940ca2b20bb6d7d0e6e81747502ec5a1f,transition_SESU1_2004_earlier
transition_SESU1_2004_earlier__tree_cover_loss,tree_cover_loss,Neither actor dominant,-0.816253388163381,0.240572828119312,-1.28776746693618,-0.344739309390586,0.442084876011755,directly_matched,tau025,10,inverse_variance,transition_SESU1_2004_earlier,0,,final_robustness_v1,ffa5662940ca2b20bb6d7d0e6e81747502ec5a1f,transition_SESU1_2004_earlier
transition_SESU1_2004_earlier__tree_cover_loss,tree_cover_loss,Militia dominant,-1.00466389599735,0.310157331657047,-1.61256109558621,-0.396766696408494,0.366167684548518,directly_matched,tau025,10,inverse_variance,transition_SESU1_2004_earlier,0,,final_robustness_v1,ffa5662940ca2b20bb6d7d0e6e81747502ec5a1f,transition_SESU1_2004_earlier
transition_SESU1_2004_earlier__tree_cover_loss,tree_cover_loss,Park dominant,-1.42813913732557,0.260590321290536,-1.93888678177474,-0.917391492876394,0.239754657882599,directly_matched,tau025,10,inverse_variance,transition_SESU1_2004_earlier,0,,final_robustness_v1,ffa5662940ca2b20bb6d7d0e6e81747502ec5a1f,transition_SESU1_2004_earlier
transition_SESU1_2004_earlier__agriculture,agriculture,Neither actor dominant,0.306030585136533,0.248672906001829,-0.181359354557967,0.793420524831032,1.35802384125732,directly_matched,tau025,10,inverse_variance,transition_SESU1_2004_earlier,0,,final_robustness_v1,ffa5662940ca2b20bb6d7d0e6e81747502ec5a1f,transition_SESU1_2004_earlier
transition_SESU1_2004_earlier__agriculture,agriculture,Militia dominant,0.211022366669476,0.134440909301438,-0.0524769736101573,0.47452170694911,1.23493997624677,directly_matched,tau025,10,inverse_variance,transition_SESU1_2004_earlier,0,,final_robustness_v1,ffa5662940ca2b20bb6d7d0e6e81747502ec5a1f,transition_SESU1_2004_earlier
transition_SESU1_2004_earlier__agriculture,agriculture,Park dominant,-0.348964880510522,0.158778050483255,-0.660164140993184,-0.0377656200278598,0.705417903751584,directly_matched,tau025,10,inverse_variance,transition_SESU1_2004_earlier,0,,final_robustness_v1,ffa5662940ca2b20bb6d7d0e6e81747502ec5a1f,transition_SESU1_2004_earlier
transition_SESU1_2004_later__fire,fire,Neither actor dominant,0.171820703853921,0.0283583687503524,,,1.18746490624469,directly_matched,tau025,10,inverse_variance,transition_SESU1_2004_later,0,,final_robustness_v1,ffa5662940ca2b20bb6d7d0e6e81747502ec5a1f,transition_SESU1_2004_later
transition_SESU1_2004_later__fire,fire,Militia dominant,-0.00570770757637212,0.0339020925718525,,,0.994308550439809,directly_matched,tau025,10,inverse_variance,transition_SESU1_2004_later,0,,final_robustness_v1,ffa5662940ca2b20bb6d7d0e6e81747502ec5a1f,transition_SESU1_2004_later
transition_SESU1_2004_later__fire,fire,Park dominant,0.067789255571961,0.0300723036952453,,,1.07013975872156,directly_matched,tau025,10,inverse_variance,transition_SESU1_2004_later,0,,final_robustness_v1,ffa5662940ca2b20bb6d7d0e6e81747502ec5a1f,transition_SESU1_2004_later
transition_SESU1_2004_later__tree_cover_loss,tree_cover_loss,Neither actor dominant,-0.828275523755674,0.223103004109634,-1.26554937665325,-0.391001670858099,0.436801891695688,directly_matched,tau025,10,inverse_variance,transition_SESU1_2004_later,0,,final_robustness_v1,ffa5662940ca2b20bb6d7d0e6e81747502ec5a1f,transition_SESU1_2004_later
transition_SESU1_2004_later__tree_cover_loss,tree_cover_loss,Militia dominant,-0.987194132369171,0.390728964326979,-1.75300883016669,-0.221379434571656,0.37262075009255,directly_matched,tau025,10,inverse_variance,transition_SESU1_2004_later,0,,final_robustness_v1,ffa5662940ca2b20bb6d7d0e6e81747502ec5a1f,transition_SESU1_2004_later
transition_SESU1_2004_later__tree_cover_loss,tree_cover_loss,Park dominant,-1.42782312438418,0.260788028589551,-1.93895826801891,-0.916687980749463,0.239830435429958,directly_matched,tau025,10,inverse_variance,transition_SESU1_2004_later,0,,final_robustness_v1,ffa5662940ca2b20bb6d7d0e6e81747502ec5a1f,transition_SESU1_2004_later
transition_SESU1_2004_later__agriculture,agriculture,Neither actor dominant,0.209197696722473,0.186493421029131,-0.156322691848289,0.574718085293235,1.23268867295312,directly_matched,tau025,10,inverse_variance,transition_SESU1_2004_later,0,,final_robustness_v1,ffa5662940ca2b20bb6d7d0e6e81747502ec5a1f,transition_SESU1_2004_later
transition_SESU1_2004_later__agriculture,agriculture,Militia dominant,0.290573720501297,0.144329103452871,0.00769387581271319,0.57345356518988,1.33719444386195,directly_matched,tau025,10,inverse_variance,transition_SESU1_2004_later,0,,final_robustness_v1,ffa5662940ca2b20bb6d7d0e6e81747502ec5a1f,transition_SESU1_2004_later
transition_SESU1_2004_later__agriculture,agriculture,Park dominant,-0.34341593165228,0.156806994673213,-0.65075199373574,-0.0360798695688187,0.709343111941244,directly_matched,tau025,10,inverse_variance,transition_SESU1_2004_later,0,,final_robustness_v1,ffa5662940ca2b20bb6d7d0e6e81747502ec5a1f,transition_SESU1_2004_later
transition_SESU1_2007_earlier__fire,fire,Neither actor dominant,0.164314077527748,0.0288542026279887,,,1.17858442385034,directly_matched,tau025,10,inverse_variance,transition_SESU1_2007_earlier,0,,final_robustness_v1,ffa5662940ca2b20bb6d7d0e6e81747502ec5a1f,transition_SESU1_2007_earlier
transition_SESU1_2007_earlier__fire,fire,Militia dominant,0.00509707752858429,0.0345025033914445,,,1.00511008972692,directly_matched,tau025,10,inverse_variance,transition_SESU1_2007_earlier,0,,final_robustness_v1,ffa5662940ca2b20bb6d7d0e6e81747502ec5a1f,transition_SESU1_2007_earlier
transition_SESU1_2007_earlier__fire,fire,Park dominant,0.0678318160534684,0.0306042240405767,,,1.07018530535421,directly_matched,tau025,10,inverse_variance,transition_SESU1_2007_earlier,0,,final_robustness_v1,ffa5662940ca2b20bb6d7d0e6e81747502ec5a1f,transition_SESU1_2007_earlier
transition_SESU1_2007_earlier__tree_cover_loss,tree_cover_loss,Neither actor dominant,-0.867385753768468,0.221837489018315,-1.30217924266517,-0.432592264871771,0.420048224621603,directly_matched,tau025,10,inverse_variance,transition_SESU1_2007_earlier,0,,final_robustness_v1,ffa5662940ca2b20bb6d7d0e6e81747502ec5a1f,transition_SESU1_2007_earlier
transition_SESU1_2007_earlier__tree_cover_loss,tree_cover_loss,Militia dominant,-0.813375085849961,0.308836094914031,-1.41868270900746,-0.208067462692466,0.443359162944873,directly_matched,tau025,10,inverse_variance,transition_SESU1_2007_earlier,0,,final_robustness_v1,ffa5662940ca2b20bb6d7d0e6e81747502ec5a1f,transition_SESU1_2007_earlier
transition_SESU1_2007_earlier__tree_cover_loss,tree_cover_loss,Park dominant,-1.43213812233898,0.260733395505103,-1.94316618709582,-0.921110057582142,0.238797797109941,directly_matched,tau025,10,inverse_variance,transition_SESU1_2007_earlier,0,,final_robustness_v1,ffa5662940ca2b20bb6d7d0e6e81747502ec5a1f,transition_SESU1_2007_earlier
transition_SESU1_2007_earlier__agriculture,agriculture,Neither actor dominant,0.235513688785615,0.233909969604364,-0.222941427263796,0.693968804835027,1.26555870510044,directly_matched,tau025,10,inverse_variance,transition_SESU1_2007_earlier,0,,final_robustness_v1,ffa5662940ca2b20bb6d7d0e6e81747502ec5a1f,transition_SESU1_2007_earlier
transition_SESU1_2007_earlier__agriculture,agriculture,Militia dominant,0.258582381767001,0.136892383164839,-0.00972175899394034,0.526886522527942,1.29509283749464,directly_matched,tau025,10,inverse_variance,transition_SESU1_2007_earlier,0,,final_robustness_v1,ffa5662940ca2b20bb6d7d0e6e81747502ec5a1f,transition_SESU1_2007_earlier
transition_SESU1_2007_earlier__agriculture,agriculture,Park dominant,-0.343201854718443,0.158329924224587,-0.653522803873589,-0.0328809055632965,0.709494982195066,directly_matched,tau025,10,inverse_variance,transition_SESU1_2007_earlier,0,,final_robustness_v1,ffa5662940ca2b20bb6d7d0e6e81747502ec5a1f,transition_SESU1_2007_earlier
transition_SESU1_2007_later__fire,fire,Neither actor dominant,0.153665263501964,0.0318306580174146,0.0912783201836199,0.216052206820307,1.16610048504851,directly_matched,tau025,10,inverse_variance,transition_SESU1_2007_later,0,,final_robustness_v1,ffa5662940ca2b20bb6d7d0e6e81747502ec5a1f,transition_SESU1_2007_later
transition_SESU1_2007_later__fire,fire,Militia dominant,0.0403723742876446,0.0328922877106891,-0.0240953249944355,0.104840073569725,1.04119841753273,directly_matched,tau025,10,inverse_variance,transition_SESU1_2007_later,0,,final_robustness_v1,ffa5662940ca2b20bb6d7d0e6e81747502ec5a1f,transition_SESU1_2007_later
transition_SESU1_2007_later__fire,fire,Park dominant,0.0679082638786811,0.0316314525369548,0.00591175612756165,0.129904771629801,1.07026712182068,directly_matched,tau025,10,inverse_variance,transition_SESU1_2007_later,0,,final_robustness_v1,ffa5662940ca2b20bb6d7d0e6e81747502ec5a1f,transition_SESU1_2007_later
transition_SESU1_2007_later__tree_cover_loss,tree_cover_loss,Neither actor dominant,-0.827810596563314,0.236997847912613,-1.29231784288554,-0.363303350241091,0.437005019989086,directly_matched,tau025,10,inverse_variance,transition_SESU1_2007_later,0,,final_robustness_v1,ffa5662940ca2b20bb6d7d0e6e81747502ec5a1f,transition_SESU1_2007_later
transition_SESU1_2007_later__tree_cover_loss,tree_cover_loss,Militia dominant,-0.962780958627301,0.29726741172495,-1.54541437938564,-0.38014753786896,0.381829555924259,directly_matched,tau025,10,inverse_variance,transition_SESU1_2007_later,0,,final_robustness_v1,ffa5662940ca2b20bb6d7d0e6e81747502ec5a1f,transition_SESU1_2007_later
transition_SESU1_2007_later__tree_cover_loss,tree_cover_loss,Park dominant,-1.42898120660986,0.260584211055372,-1.93971687521818,-0.918245538001549,0.239552852828272,directly_matched,tau025,10,inverse_variance,transition_SESU1_2007_later,0,,final_robustness_v1,ffa5662940ca2b20bb6d7d0e6e81747502ec5a1f,transition_SESU1_2007_later
transition_SESU1_2007_later__agriculture,agriculture,Neither actor dominant,0.369996631542625,0.228385336652472,-0.0776304028932761,0.817623665978527,1.4477297380392,directly_matched,tau025,10,inverse_variance,transition_SESU1_2007_later,0,,final_robustness_v1,ffa5662940ca2b20bb6d7d0e6e81747502ec5a1f,transition_SESU1_2007_later
transition_SESU1_2007_later__agriculture,agriculture,Militia dominant,0.167599599815185,0.141539928713258,-0.109813562837167,0.445012762467537,1.18246305742201,directly_matched,tau025,10,inverse_variance,transition_SESU1_2007_later,0,,final_robustness_v1,ffa5662940ca2b20bb6d7d0e6e81747502ec5a1f,transition_SESU1_2007_later
transition_SESU1_2007_later__agriculture,agriculture,Park dominant,-0.354145885427995,0.158098539782124,-0.664013329409331,-0.0442784414466599,0.701772581493867,directly_matched,tau025,10,inverse_variance,transition_SESU1_2007_later,0,,final_robustness_v1,ffa5662940ca2b20bb6d7d0e6e81747502ec5a1f,transition_SESU1_2007_later
transition_SESU1_2013_earlier__fire,fire,Neither actor dominant,0.170692455581086,0.0310264309209901,,,1.18612590651927,directly_matched,tau025,10,inverse_variance,transition_SESU1_2013_earlier,0,,final_robustness_v1,ffa5662940ca2b20bb6d7d0e6e81747502ec5a1f,transition_SESU1_2013_earlier
transition_SESU1_2013_earlier__fire,fire,Militia dominant,0.0220136281841099,0.0320656372583183,,,1.02225771589187,directly_matched,tau025,10,inverse_variance,transition_SESU1_2013_earlier,0,,final_robustness_v1,ffa5662940ca2b20bb6d7d0e6e81747502ec5a1f,transition_SESU1_2013_earlier
transition_SESU1_2013_earlier__fire,fire,Park dominant,0.0678498565535889,0.0308300680621849,,,1.07020461220649,directly_matched,tau025,10,inverse_variance,transition_SESU1_2013_earlier,0,,final_robustness_v1,ffa5662940ca2b20bb6d7d0e6e81747502ec5a1f,transition_SESU1_2013_earlier
transition_SESU1_2013_earlier__tree_cover_loss,tree_cover_loss,Neither actor dominant,-0.685976442049124,0.237516814947725,-1.15150084506933,-0.220452039028917,0.50359825490958,directly_matched,tau025,10,inverse_variance,transition_SESU1_2013_earlier,0,,final_robustness_v1,ffa5662940ca2b20bb6d7d0e6e81747502ec5a1f,transition_SESU1_2013_earlier
transition_SESU1_2013_earlier__tree_cover_loss,tree_cover_loss,Militia dominant,-1.04821548751618,0.197877299546633,-1.43604786798562,-0.660383107046732,0.350562774910311,directly_matched,tau025,10,inverse_variance,transition_SESU1_2013_earlier,0,,final_robustness_v1,ffa5662940ca2b20bb6d7d0e6e81747502ec5a1f,transition_SESU1_2013_earlier
transition_SESU1_2013_earlier__tree_cover_loss,tree_cover_loss,Park dominant,-1.43822069241496,0.261024860312802,-1.94982001769765,-0.926621367132272,0.237349701311791,directly_matched,tau025,10,inverse_variance,transition_SESU1_2013_earlier,0,,final_robustness_v1,ffa5662940ca2b20bb6d7d0e6e81747502ec5a1f,transition_SESU1_2013_earlier
transition_SESU1_2013_earlier__agriculture,agriculture,Neither actor dominant,0.212672444194901,0.246764590260334,-0.270977265375138,0.696322153764939,1.23697940509193,directly_matched,tau025,10,inverse_variance,transition_SESU1_2013_earlier,0,,final_robustness_v1,ffa5662940ca2b20bb6d7d0e6e81747502ec5a1f,transition_SESU1_2013_earlier
transition_SESU1_2013_earlier__agriculture,agriculture,Militia dominant,0.2723998025562,0.140253169657106,-0.00249135868931283,0.547290963801713,1.31311188186677,directly_matched,tau025,10,inverse_variance,transition_SESU1_2013_earlier,0,,final_robustness_v1,ffa5662940ca2b20bb6d7d0e6e81747502ec5a1f,transition_SESU1_2013_earlier
transition_SESU1_2013_earlier__agriculture,agriculture,Park dominant,-0.341071509349982,0.158956674361165,-0.652620866200128,-0.0295221524998369,0.711008062664072,directly_matched,tau025,10,inverse_variance,transition_SESU1_2013_earlier,0,,final_robustness_v1,ffa5662940ca2b20bb6d7d0e6e81747502ec5a1f,transition_SESU1_2013_earlier
transition_SESU1_2013_later__fire,fire,Neither actor dominant,0.158354317067945,0.0292246385235076,0.101075078100668,0.215633556035222,1.17158123240298,directly_matched,tau025,10,inverse_variance,transition_SESU1_2013_later,0,,final_robustness_v1,ffa5662940ca2b20bb6d7d0e6e81747502ec5a1f,transition_SESU1_2013_later
transition_SESU1_2013_later__fire,fire,Militia dominant,0.0138937470684387,0.034905665677161,-0.0545201005151927,0.0823075946520701,1.01399071372856,directly_matched,tau025,10,inverse_variance,transition_SESU1_2013_later,0,,final_robustness_v1,ffa5662940ca2b20bb6d7d0e6e81747502ec5a1f,transition_SESU1_2013_later
transition_SESU1_2013_later__fire,fire,Park dominant,0.0678609813875847,0.0309847755427768,0.00713193725468476,0.128590025520485,1.07021651812137,directly_matched,tau025,10,inverse_variance,transition_SESU1_2013_later,0,,final_robustness_v1,ffa5662940ca2b20bb6d7d0e6e81747502ec5a1f,transition_SESU1_2013_later
transition_SESU1_2013_later__tree_cover_loss,tree_cover_loss,Neither actor dominant,-0.830569108162971,0.226267104841976,-1.27404448453939,-0.387093731786549,0.435801197714554,directly_matched,tau025,10,inverse_variance,transition_SESU1_2013_later,0,,final_robustness_v1,ffa5662940ca2b20bb6d7d0e6e81747502ec5a1f,transition_SESU1_2013_later
transition_SESU1_2013_later__tree_cover_loss,tree_cover_loss,Militia dominant,-0.968600362738553,0.356669624667988,-1.66765998146723,-0.269540744009877,0.379613988330895,directly_matched,tau025,10,inverse_variance,transition_SESU1_2013_later,0,,final_robustness_v1,ffa5662940ca2b20bb6d7d0e6e81747502ec5a1f,transition_SESU1_2013_later
transition_SESU1_2013_later__tree_cover_loss,tree_cover_loss,Park dominant,-1.42845983464094,0.260701713610084,-1.93942580402458,-0.917493865257302,0.239677781535145,directly_matched,tau025,10,inverse_variance,transition_SESU1_2013_later,0,,final_robustness_v1,ffa5662940ca2b20bb6d7d0e6e81747502ec5a1f,transition_SESU1_2013_later
transition_SESU1_2013_later__agriculture,agriculture,Neither actor dominant,0.250497613071661,0.169345142894129,-0.0814127679576202,0.582407994100942,1.2846645235202,directly_matched,tau025,10,inverse_variance,transition_SESU1_2013_later,0,,final_robustness_v1,ffa5662940ca2b20bb6d7d0e6e81747502ec5a1f,transition_SESU1_2013_later
transition_SESU1_2013_later__agriculture,agriculture,Militia dominant,0.24698431245569,0.171339716715083,-0.0888353614271685,0.582803986338548,1.28015903006924,directly_matched,tau025,10,inverse_variance,transition_SESU1_2013_later,0,,final_robustness_v1,ffa5662940ca2b20bb6d7d0e6e81747502ec5a1f,transition_SESU1_2013_later
transition_SESU1_2013_later__agriculture,agriculture,Park dominant,-0.344178667997699,0.15674905226362,-0.651401165045181,-0.0369561709502179,0.708802276452056,directly_matched,tau025,10,inverse_variance,transition_SESU1_2013_later,0,,final_robustness_v1,ffa5662940ca2b20bb6d7d0e6e81747502ec5a1f,transition_SESU1_2013_later
transition_SESU1_2017_earlier__fire,fire,Neither actor dominant,0.170277422170276,0.0294507032330197,,,1.18563372678122,directly_matched,tau025,10,inverse_variance,transition_SESU1_2017_earlier,0,,final_robustness_v1,ffa5662940ca2b20bb6d7d0e6e81747502ec5a1f,transition_SESU1_2017_earlier
transition_SESU1_2017_earlier__fire,fire,Militia dominant,-0.00615971405720162,0.0339884737353751,,,0.993859218089283,directly_matched,tau025,10,inverse_variance,transition_SESU1_2017_earlier,0,,final_robustness_v1,ffa5662940ca2b20bb6d7d0e6e81747502ec5a1f,transition_SESU1_2017_earlier
transition_SESU1_2017_earlier__fire,fire,Park dominant,0.0768633505352922,0.0293174639135354,,,1.07989449930439,directly_matched,tau025,10,inverse_variance,transition_SESU1_2017_earlier,0,,final_robustness_v1,ffa5662940ca2b20bb6d7d0e6e81747502ec5a1f,transition_SESU1_2017_earlier
transition_SESU1_2017_earlier__tree_cover_loss,tree_cover_loss,Neither actor dominant,-0.848591779982266,0.228715668855855,-1.29686625363973,-0.400317306324801,0.428017250210555,directly_matched,tau025,10,inverse_variance,transition_SESU1_2017_earlier,0,,final_robustness_v1,ffa5662940ca2b20bb6d7d0e6e81747502ec5a1f,transition_SESU1_2017_earlier
transition_SESU1_2017_earlier__tree_cover_loss,tree_cover_loss,Militia dominant,-0.683280114951576,0.23153116448346,-1.13707285863778,-0.229487371265375,0.504957952801936,directly_matched,tau025,10,inverse_variance,transition_SESU1_2017_earlier,0,,final_robustness_v1,ffa5662940ca2b20bb6d7d0e6e81747502ec5a1f,transition_SESU1_2017_earlier
transition_SESU1_2017_earlier__tree_cover_loss,tree_cover_loss,Park dominant,-1.50215273454605,0.25283021060539,-1.99769084153629,-1.00661462755581,0.222650336795869,directly_matched,tau025,10,inverse_variance,transition_SESU1_2017_earlier,0,,final_robustness_v1,ffa5662940ca2b20bb6d7d0e6e81747502ec5a1f,transition_SESU1_2017_earlier
transition_SESU1_2017_earlier__agriculture,agriculture,Neither actor dominant,0.267226391196563,0.23098857780223,-0.185502902135937,0.719955684529063,1.30633615586181,directly_matched,tau025,10,inverse_variance,transition_SESU1_2017_earlier,0,,final_robustness_v1,ffa5662940ca2b20bb6d7d0e6e81747502ec5a1f,transition_SESU1_2017_earlier
transition_SESU1_2017_earlier__agriculture,agriculture,Militia dominant,0.107736599603703,0.122896308667972,-0.133135739218439,0.348608938425846,1.11375434341163,directly_matched,tau025,10,inverse_variance,transition_SESU1_2017_earlier,0,,final_robustness_v1,ffa5662940ca2b20bb6d7d0e6e81747502ec5a1f,transition_SESU1_2017_earlier
transition_SESU1_2017_earlier__agriculture,agriculture,Park dominant,-0.216761312287028,0.177289572872498,-0.564242489951614,0.130719865377558,0.805122119129467,directly_matched,tau025,10,inverse_variance,transition_SESU1_2017_earlier,0,,final_robustness_v1,ffa5662940ca2b20bb6d7d0e6e81747502ec5a1f,transition_SESU1_2017_earlier
transition_SESU1_2017_later__fire,fire,Neither actor dominant,0.170286918822868,0.0297039087364846,0.112068327499294,0.228505510146443,1.18564498638629,directly_matched,tau025,10,inverse_variance,transition_SESU1_2017_later,0,,final_robustness_v1,ffa5662940ca2b20bb6d7d0e6e81747502ec5a1f,transition_SESU1_2017_later
transition_SESU1_2017_later__fire,fire,Militia dominant,0.0106875089478288,0.0317324413001122,-0.0515069331419225,0.07288195103758,1.01074482437598,directly_matched,tau025,10,inverse_variance,transition_SESU1_2017_later,0,,final_robustness_v1,ffa5662940ca2b20bb6d7d0e6e81747502ec5a1f,transition_SESU1_2017_later
transition_SESU1_2017_later__fire,fire,Park dominant,0.071994920468647,0.0316004433941268,0.0100591895206619,0.133930651416632,1.07464988533216,directly_matched,tau025,10,inverse_variance,transition_SESU1_2017_later,0,,final_robustness_v1,ffa5662940ca2b20bb6d7d0e6e81747502ec5a1f,transition_SESU1_2017_later
transition_SESU1_2017_later__tree_cover_loss,tree_cover_loss,Neither actor dominant,-0.852241907917835,0.227078272188988,-1.29730714307984,-0.407176672755835,0.42645778035236,directly_matched,tau025,10,inverse_variance,transition_SESU1_2017_later,0,,final_robustness_v1,ffa5662940ca2b20bb6d7d0e6e81747502ec5a1f,transition_SESU1_2017_later
transition_SESU1_2017_later__tree_cover_loss,tree_cover_loss,Militia dominant,-1.01531133168684,0.309425417944768,-1.62177400675984,-0.408848656613837,0.362289620034241,directly_matched,tau025,10,inverse_variance,transition_SESU1_2017_later,0,,final_robustness_v1,ffa5662940ca2b20bb6d7d0e6e81747502ec5a1f,transition_SESU1_2017_later
transition_SESU1_2017_later__tree_cover_loss,tree_cover_loss,Park dominant,-1.36710315900575,0.262391851204338,-1.88138173720304,-0.852824580808452,0.254844134233564,directly_matched,tau025,10,inverse_variance,transition_SESU1_2017_later,0,,final_robustness_v1,ffa5662940ca2b20bb6d7d0e6e81747502ec5a1f,transition_SESU1_2017_later
transition_SESU1_2017_later__agriculture,agriculture,Neither actor dominant,0.307223857461641,0.233574590884024,-0.150573928374723,0.765021643298006,1.3596453007529,directly_matched,tau025,10,inverse_variance,transition_SESU1_2017_later,0,,final_robustness_v1,ffa5662940ca2b20bb6d7d0e6e81747502ec5a1f,transition_SESU1_2017_later
transition_SESU1_2017_later__agriculture,agriculture,Militia dominant,0.158755324896693,0.14908338417092,-0.133442738771659,0.450953388565046,1.17205113986118,directly_matched,tau025,10,inverse_variance,transition_SESU1_2017_later,0,,final_robustness_v1,ffa5662940ca2b20bb6d7d0e6e81747502ec5a1f,transition_SESU1_2017_later
transition_SESU1_2017_later__agriculture,agriculture,Park dominant,-0.377518555832648,0.226109390862484,-0.820684818489407,0.0656477068241111,0.685560480320724,directly_matched,tau025,10,inverse_variance,transition_SESU1_2017_later,0,,final_robustness_v1,ffa5662940ca2b20bb6d7d0e6e81747502ec5a1f,transition_SESU1_2017_later
transition_SESU3_2004_earlier__fire,fire,Neither actor dominant,0.176118928063245,0.0305983186885733,0.116147325446163,0.236090530680327,1.19257988143271,directly_matched,tau025,10,inverse_variance,transition_SESU3_2004_earlier,0,,final_robustness_v1,ffa5662940ca2b20bb6d7d0e6e81747502ec5a1f,transition_SESU3_2004_earlier
transition_SESU3_2004_earlier__fire,fire,Militia dominant,0.0151333044454178,0.0318180844238912,-0.0472289950824639,0.0774956039732994,1.01524839271955,directly_matched,tau025,10,inverse_variance,transition_SESU3_2004_earlier,0,,final_robustness_v1,ffa5662940ca2b20bb6d7d0e6e81747502ec5a1f,transition_SESU3_2004_earlier
transition_SESU3_2004_earlier__fire,fire,Park dominant,0.0678231796375305,0.0304939766015543,0.008056083753077,0.127590275521984,1.07017606282869,directly_matched,tau025,10,inverse_variance,transition_SESU3_2004_earlier,0,,final_robustness_v1,ffa5662940ca2b20bb6d7d0e6e81747502ec5a1f,transition_SESU3_2004_earlier
transition_SESU3_2004_earlier__tree_cover_loss,tree_cover_loss,Neither actor dominant,-0.843934102012337,0.234551780595262,-1.30364714448879,-0.384221059535882,0.430015466639495,directly_matched,tau025,10,inverse_variance,transition_SESU3_2004_earlier,0,,final_robustness_v1,ffa5662940ca2b20bb6d7d0e6e81747502ec5a1f,transition_SESU3_2004_earlier
transition_SESU3_2004_earlier__tree_cover_loss,tree_cover_loss,Militia dominant,-0.89997879022778,0.296895962629645,-1.48188418413723,-0.318073396318327,0.406578283081923,directly_matched,tau025,10,inverse_variance,transition_SESU3_2004_earlier,0,,final_robustness_v1,ffa5662940ca2b20bb6d7d0e6e81747502ec5a1f,transition_SESU3_2004_earlier
transition_SESU3_2004_earlier__tree_cover_loss,tree_cover_loss,Park dominant,-1.42983055999729,0.260781642509835,-1.94095318714577,-0.918707932848815,0.239349474183651,directly_matched,tau025,10,inverse_variance,transition_SESU3_2004_earlier,0,,final_robustness_v1,ffa5662940ca2b20bb6d7d0e6e81747502ec5a1f,transition_SESU3_2004_earlier
transition_SESU3_2004_earlier__agriculture,agriculture,Neither actor dominant,0.28862554016114,0.23685826361272,-0.175608125960484,0.752859206282764,1.33459188388669,directly_matched,tau025,10,inverse_variance,transition_SESU3_2004_earlier,0,,final_robustness_v1,ffa5662940ca2b20bb6d7d0e6e81747502ec5a1f,transition_SESU3_2004_earlier
transition_SESU3_2004_earlier__agriculture,agriculture,Militia dominant,0.222826856352282,0.133284830840331,-0.0384066117802799,0.484060324484845,1.24960419397579,directly_matched,tau025,10,inverse_variance,transition_SESU3_2004_earlier,0,,final_robustness_v1,ffa5662940ca2b20bb6d7d0e6e81747502ec5a1f,transition_SESU3_2004_earlier
transition_SESU3_2004_earlier__agriculture,agriculture,Park dominant,-0.345732536457448,0.157367899089821,-0.65416795099623,-0.0372971219186647,0.70770174621153,directly_matched,tau025,10,inverse_variance,transition_SESU3_2004_earlier,0,,final_robustness_v1,ffa5662940ca2b20bb6d7d0e6e81747502ec5a1f,transition_SESU3_2004_earlier
transition_SESU3_2004_later__fire,fire,Neither actor dominant,0.157589425672662,0.0294638032939815,0.0998414323688854,0.215337418976438,1.17068544263406,directly_matched,tau025,10,inverse_variance,transition_SESU3_2004_later,0,,final_robustness_v1,ffa5662940ca2b20bb6d7d0e6e81747502ec5a1f,transition_SESU3_2004_later
transition_SESU3_2004_later__fire,fire,Militia dominant,0.0169831606581463,0.0347730405165408,-0.0511707463872259,0.0851370677035184,1.01712819441166,directly_matched,tau025,10,inverse_variance,transition_SESU3_2004_later,0,,final_robustness_v1,ffa5662940ca2b20bb6d7d0e6e81747502ec5a1f,transition_SESU3_2004_later
transition_SESU3_2004_later__fire,fire,Park dominant,0.067868483402963,0.0310813474261096,0.00695016185681149,0.128786804949114,1.07022454693226,directly_matched,tau025,10,inverse_variance,transition_SESU3_2004_later,0,,final_robustness_v1,ffa5662940ca2b20bb6d7d0e6e81747502ec5a1f,transition_SESU3_2004_later
transition_SESU3_2004_later__tree_cover_loss,tree_cover_loss,Neither actor dominant,-0.840162493352154,0.226634338035092,-1.28435763356101,-0.395967353143298,0.431640379038121,directly_matched,tau025,10,inverse_variance,transition_SESU3_2004_later,0,,final_robustness_v1,ffa5662940ca2b20bb6d7d0e6e81747502ec5a1f,transition_SESU3_2004_later
transition_SESU3_2004_later__tree_cover_loss,tree_cover_loss,Militia dominant,-0.926841772626952,0.320353174205346,-1.55472245640252,-0.298961088851387,0.395801770491264,directly_matched,tau025,10,inverse_variance,transition_SESU3_2004_later,0,,final_robustness_v1,ffa5662940ca2b20bb6d7d0e6e81747502ec5a1f,transition_SESU3_2004_later
transition_SESU3_2004_later__tree_cover_loss,tree_cover_loss,Park dominant,-1.42996543108622,0.260588043628469,-1.94070861139977,-0.919222250772668,0.239317195036244,directly_matched,tau025,10,inverse_variance,transition_SESU3_2004_later,0,,final_robustness_v1,ffa5662940ca2b20bb6d7d0e6e81747502ec5a1f,transition_SESU3_2004_later
transition_SESU3_2004_later__agriculture,agriculture,Neither actor dominant,0.284439508622398,0.223426120900674,-0.153467641548414,0.722346658793209,1.32901691680419,directly_matched,tau025,10,inverse_variance,transition_SESU3_2004_later,0,,final_robustness_v1,ffa5662940ca2b20bb6d7d0e6e81747502ec5a1f,transition_SESU3_2004_later
transition_SESU3_2004_later__agriculture,agriculture,Militia dominant,0.220700138004542,0.142585864429122,-0.0587630209810485,0.500163296990133,1.24694946174352,directly_matched,tau025,10,inverse_variance,transition_SESU3_2004_later,0,,final_robustness_v1,ffa5662940ca2b20bb6d7d0e6e81747502ec5a1f,transition_SESU3_2004_later
transition_SESU3_2004_later__agriculture,agriculture,Park dominant,-0.348153203384414,0.159043532305646,-0.659872798677513,-0.0364336080913144,0.705990707762916,directly_matched,tau025,10,inverse_variance,transition_SESU3_2004_later,0,,final_robustness_v1,ffa5662940ca2b20bb6d7d0e6e81747502ec5a1f,transition_SESU3_2004_later
transition_SESU3_2007_earlier__fire,fire,Neither actor dominant,0.150607750637962,0.0297288641034075,,,1.16254056284202,directly_matched,tau025,10,inverse_variance,transition_SESU3_2007_earlier,0,,final_robustness_v1,ffa5662940ca2b20bb6d7d0e6e81747502ec5a1f,transition_SESU3_2007_earlier
transition_SESU3_2007_earlier__fire,fire,Militia dominant,0.0258829129730809,0.0353047295449413,,,1.02622078429815,directly_matched,tau025,10,inverse_variance,transition_SESU3_2007_earlier,0,,final_robustness_v1,ffa5662940ca2b20bb6d7d0e6e81747502ec5a1f,transition_SESU3_2007_earlier
transition_SESU3_2007_earlier__fire,fire,Park dominant,0.0678944105212023,0.031444808190603,,,1.07025229513034,directly_matched,tau025,10,inverse_variance,transition_SESU3_2007_earlier,0,,final_robustness_v1,ffa5662940ca2b20bb6d7d0e6e81747502ec5a1f,transition_SESU3_2007_earlier
transition_SESU3_2007_earlier__tree_cover_loss,tree_cover_loss,Neither actor dominant,-0.856890572464532,0.220189049504992,-1.28845317928442,-0.425327965644641,0.424479921950095,directly_matched,tau025,10,inverse_variance,transition_SESU3_2007_earlier,0,,final_robustness_v1,ffa5662940ca2b20bb6d7d0e6e81747502ec5a1f,transition_SESU3_2007_earlier
transition_SESU3_2007_earlier__tree_cover_loss,tree_cover_loss,Militia dominant,-0.855327997020581,0.321713133582006,-1.48587415219484,-0.224781841846326,0.425143722336613,directly_matched,tau025,10,inverse_variance,transition_SESU3_2007_earlier,0,,final_robustness_v1,ffa5662940ca2b20bb6d7d0e6e81747502ec5a1f,transition_SESU3_2007_earlier
transition_SESU3_2007_earlier__tree_cover_loss,tree_cover_loss,Park dominant,-1.43117798745634,0.260595766667069,-1.9419363046474,-0.920419670265284,0.239027185309028,directly_matched,tau025,10,inverse_variance,transition_SESU3_2007_earlier,0,,final_robustness_v1,ffa5662940ca2b20bb6d7d0e6e81747502ec5a1f,transition_SESU3_2007_earlier
transition_SESU3_2007_earlier__agriculture,agriculture,Neither actor dominant,0.284439508622398,0.223426120900674,-0.153467641548414,0.722346658793209,1.32901691680419,directly_matched,tau025,10,inverse_variance,transition_SESU3_2007_earlier,0,,final_robustness_v1,ffa5662940ca2b20bb6d7d0e6e81747502ec5a1f,transition_SESU3_2007_earlier
transition_SESU3_2007_earlier__agriculture,agriculture,Militia dominant,0.220700138004542,0.142585864429122,-0.0587630209810485,0.500163296990133,1.24694946174352,directly_matched,tau025,10,inverse_variance,transition_SESU3_2007_earlier,0,,final_robustness_v1,ffa5662940ca2b20bb6d7d0e6e81747502ec5a1f,transition_SESU3_2007_earlier
transition_SESU3_2007_earlier__agriculture,agriculture,Park dominant,-0.348153203384414,0.159043532305646,-0.659872798677513,-0.0364336080913144,0.705990707762916,directly_matched,tau025,10,inverse_variance,transition_SESU3_2007_earlier,0,,final_robustness_v1,ffa5662940ca2b20bb6d7d0e6e81747502ec5a1f,transition_SESU3_2007_earlier
transition_SESU3_2007_later__fire,fire,Neither actor dominant,0.173426795769396,0.0309201706516783,0.112824374896274,0.234029216642518,1.1893736164022,directly_matched,tau025,10,inverse_variance,transition_SESU3_2007_later,0,,final_robustness_v1,ffa5662940ca2b20bb6d7d0e6e81747502ec5a1f,transition_SESU3_2007_later
transition_SESU3_2007_later__fire,fire,Militia dominant,0.0194185478405834,0.0318846552712419,-0.0430742281505258,0.0819113238316927,1.01960831417935,directly_matched,tau025,10,inverse_variance,transition_SESU3_2007_later,0,,final_robustness_v1,ffa5662940ca2b20bb6d7d0e6e81747502ec5a1f,transition_SESU3_2007_later
transition_SESU3_2007_later__fire,fire,Park dominant,0.0678387454786915,0.030690794781846,0.00768589304936361,0.127991597908019,1.07019272114895,directly_matched,tau025,10,inverse_variance,transition_SESU3_2007_later,0,,final_robustness_v1,ffa5662940ca2b20bb6d7d0e6e81747502ec5a1f,transition_SESU3_2007_later
transition_SESU3_2007_later__tree_cover_loss,tree_cover_loss,Neither actor dominant,-0.843341671866691,0.247894071298425,-1.32920512359261,-0.357478220140773,0.430270296241943,directly_matched,tau025,10,inverse_variance,transition_SESU3_2007_later,0,,final_robustness_v1,ffa5662940ca2b20bb6d7d0e6e81747502ec5a1f,transition_SESU3_2007_later
transition_SESU3_2007_later__tree_cover_loss,tree_cover_loss,Militia dominant,-0.892483337214303,0.272304155891587,-1.42618967560239,-0.358776998826212,0.409637221241308,directly_matched,tau025,10,inverse_variance,transition_SESU3_2007_later,0,,final_robustness_v1,ffa5662940ca2b20bb6d7d0e6e81747502ec5a1f,transition_SESU3_2007_later
transition_SESU3_2007_later__tree_cover_loss,tree_cover_loss,Park dominant,-1.42940638333581,0.261250468912271,-1.94144789334806,-0.917364873323561,0.23945102218016,directly_matched,tau025,10,inverse_variance,transition_SESU3_2007_later,0,,final_robustness_v1,ffa5662940ca2b20bb6d7d0e6e81747502ec5a1f,transition_SESU3_2007_later
transition_SESU3_2007_later__agriculture,agriculture,Neither actor dominant,0.28862554016114,0.23685826361272,-0.175608125960484,0.752859206282764,1.33459188388669,directly_matched,tau025,10,inverse_variance,transition_SESU3_2007_later,0,,final_robustness_v1,ffa5662940ca2b20bb6d7d0e6e81747502ec5a1f,transition_SESU3_2007_later
transition_SESU3_2007_later__agriculture,agriculture,Militia dominant,0.222826856352282,0.133284830840331,-0.0384066117802801,0.484060324484845,1.24960419397579,directly_matched,tau025,10,inverse_variance,transition_SESU3_2007_later,0,,final_robustness_v1,ffa5662940ca2b20bb6d7d0e6e81747502ec5a1f,transition_SESU3_2007_later
transition_SESU3_2007_later__agriculture,agriculture,Park dominant,-0.345732536457448,0.157367899089821,-0.65416795099623,-0.0372971219186647,0.70770174621153,directly_matched,tau025,10,inverse_variance,transition_SESU3_2007_later,0,,final_robustness_v1,ffa5662940ca2b20bb6d7d0e6e81747502ec5a1f,transition_SESU3_2007_later
transition_SESU3_2011_earlier__fire,fire,Neither actor dominant,0.182246026173895,0.0303114597357906,0.12283665677291,0.241655395574881,1.19990936667877,directly_matched,tau025,10,inverse_variance,transition_SESU3_2011_earlier,0,,final_robustness_v1,ffa5662940ca2b20bb6d7d0e6e81747502ec5a1f,transition_SESU3_2011_earlier
transition_SESU3_2011_earlier__fire,fire,Militia dominant,0.0106783894624868,0.0326139791591406,-0.0532438350819688,0.0746006140069424,1.0107356069454,directly_matched,tau025,10,inverse_variance,transition_SESU3_2011_earlier,0,,final_robustness_v1,ffa5662940ca2b20bb6d7d0e6e81747502ec5a1f,transition_SESU3_2011_earlier
transition_SESU3_2011_earlier__fire,fire,Park dominant,0.0627013844240561,0.029272647585968,0.00532804942342556,0.120074719424687,1.06470885310848,directly_matched,tau025,10,inverse_variance,transition_SESU3_2011_earlier,0,,final_robustness_v1,ffa5662940ca2b20bb6d7d0e6e81747502ec5a1f,transition_SESU3_2011_earlier
transition_SESU3_2011_earlier__tree_cover_loss,tree_cover_loss,Neither actor dominant,-0.847222455994842,0.238391142698094,-1.31446050991646,-0.379984402073228,0.428603745958005,directly_matched,tau025,10,inverse_variance,transition_SESU3_2011_earlier,0,,final_robustness_v1,ffa5662940ca2b20bb6d7d0e6e81747502ec5a1f,transition_SESU3_2011_earlier
transition_SESU3_2011_earlier__tree_cover_loss,tree_cover_loss,Militia dominant,-0.891889516438692,0.311633064973842,-1.50267910017925,-0.28109993269813,0.409880544571819,directly_matched,tau025,10,inverse_variance,transition_SESU3_2011_earlier,0,,final_robustness_v1,ffa5662940ca2b20bb6d7d0e6e81747502ec5a1f,transition_SESU3_2011_earlier
transition_SESU3_2011_earlier__tree_cover_loss,tree_cover_loss,Park dominant,-1.3528247849842,0.245196006346795,-1.83340012657697,-0.872249443391425,0.258508995969314,directly_matched,tau025,10,inverse_variance,transition_SESU3_2011_earlier,0,,final_robustness_v1,ffa5662940ca2b20bb6d7d0e6e81747502ec5a1f,transition_SESU3_2011_earlier
transition_SESU3_2011_earlier__agriculture,agriculture,Neither actor dominant,0.299578357388966,0.237493920380154,-0.165901173103358,0.765057887881291,1.34928976955762,directly_matched,tau025,10,inverse_variance,transition_SESU3_2011_earlier,0,,final_robustness_v1,ffa5662940ca2b20bb6d7d0e6e81747502ec5a1f,transition_SESU3_2011_earlier
transition_SESU3_2011_earlier__agriculture,agriculture,Militia dominant,0.234502965351109,0.137904314916491,-0.0357845251978823,0.504790455900101,1.26428022146497,directly_matched,tau025,10,inverse_variance,transition_SESU3_2011_earlier,0,,final_robustness_v1,ffa5662940ca2b20bb6d7d0e6e81747502ec5a1f,transition_SESU3_2011_earlier
transition_SESU3_2011_earlier__agriculture,agriculture,Park dominant,-0.332231787166515,0.153721572481572,-0.633520532877259,-0.0309430414557699,0.717321037772987,directly_matched,tau025,10,inverse_variance,transition_SESU3_2011_earlier,0,,final_robustness_v1,ffa5662940ca2b20bb6d7d0e6e81747502ec5a1f,transition_SESU3_2011_earlier
transition_SESU3_2011_later__fire,fire,Neither actor dominant,0.155264381685058,0.0292793253403612,,,1.16796670929634,directly_matched,tau025,10,inverse_variance,transition_SESU3_2011_later,0,,final_robustness_v1,ffa5662940ca2b20bb6d7d0e6e81747502ec5a1f,transition_SESU3_2011_later
transition_SESU3_2011_later__fire,fire,Militia dominant,0.0107443562603036,0.0334934411778359,,,1.01080228413605,directly_matched,tau025,10,inverse_variance,transition_SESU3_2011_later,0,,final_robustness_v1,ffa5662940ca2b20bb6d7d0e6e81747502ec5a1f,transition_SESU3_2011_later
transition_SESU3_2011_later__fire,fire,Park dominant,0.0787228914033449,0.0320763343517884,,,1.08190447549628,directly_matched,tau025,10,inverse_variance,transition_SESU3_2011_later,0,,final_robustness_v1,ffa5662940ca2b20bb6d7d0e6e81747502ec5a1f,transition_SESU3_2011_later
transition_SESU3_2011_later__tree_cover_loss,tree_cover_loss,Neither actor dominant,-0.849337361539983,0.224264594196181,-1.28888788917199,-0.409786833907977,0.427698247378505,directly_matched,tau025,10,inverse_variance,transition_SESU3_2011_later,0,,final_robustness_v1,ffa5662940ca2b20bb6d7d0e6e81747502ec5a1f,transition_SESU3_2011_later
transition_SESU3_2011_later__tree_cover_loss,tree_cover_loss,Militia dominant,-0.901863896391817,0.311781746728803,-1.51294489101726,-0.290782901766376,0.40581256181402,directly_matched,tau025,10,inverse_variance,transition_SESU3_2011_later,0,,final_robustness_v1,ffa5662940ca2b20bb6d7d0e6e81747502ec5a1f,transition_SESU3_2011_later
transition_SESU3_2011_later__tree_cover_loss,tree_cover_loss,Park dominant,-1.45549269398057,0.272381082939394,-1.9893498066118,-0.921635581349338,0.233285397270804,directly_matched,tau025,10,inverse_variance,transition_SESU3_2011_later,0,,final_robustness_v1,ffa5662940ca2b20bb6d7d0e6e81747502ec5a1f,transition_SESU3_2011_later
transition_SESU3_2011_later__agriculture,agriculture,Neither actor dominant,0.254760673260029,0.225081908252678,-0.186391760486769,0.695913107006826,1.29015281585423,directly_matched,tau025,10,inverse_variance,transition_SESU3_2011_later,0,,final_robustness_v1,ffa5662940ca2b20bb6d7d0e6e81747502ec5a1f,transition_SESU3_2011_later
transition_SESU3_2011_later__agriculture,agriculture,Militia dominant,0.203279670788539,0.142550275892255,-0.0761137359465297,0.482673077523607,1.22541513314516,directly_matched,tau025,10,inverse_variance,transition_SESU3_2011_later,0,,final_robustness_v1,ffa5662940ca2b20bb6d7d0e6e81747502ec5a1f,transition_SESU3_2011_later
transition_SESU3_2011_later__agriculture,agriculture,Park dominant,-0.360181476857657,0.167269099344107,-0.688022887298559,-0.0323400664167544,0.697549725451603,directly_matched,tau025,10,inverse_variance,transition_SESU3_2011_later,0,,final_robustness_v1,ffa5662940ca2b20bb6d7d0e6e81747502ec5a1f,transition_SESU3_2011_later
transition_SESU3_2013_earlier__fire,fire,Neither actor dominant,0.170269918576808,0.0292693106530739,,,1.18562483030111,directly_matched,tau025,10,inverse_variance,transition_SESU3_2013_earlier,0,,final_robustness_v1,ffa5662940ca2b20bb6d7d0e6e81747502ec5a1f,transition_SESU3_2013_earlier
transition_SESU3_2013_earlier__fire,fire,Militia dominant,-0.00584494291550738,0.0313013815559921,,,0.99417210553143,directly_matched,tau025,10,inverse_variance,transition_SESU3_2013_earlier,0,,final_robustness_v1,ffa5662940ca2b20bb6d7d0e6e81747502ec5a1f,transition_SESU3_2013_earlier
transition_SESU3_2013_earlier__fire,fire,Park dominant,0.0880992050619499,0.0311031184884506,,,1.09209645815115,directly_matched,tau025,10,inverse_variance,transition_SESU3_2013_earlier,0,,final_robustness_v1,ffa5662940ca2b20bb6d7d0e6e81747502ec5a1f,transition_SESU3_2013_earlier
transition_SESU3_2013_earlier__tree_cover_loss,tree_cover_loss,Neither actor dominant,-0.883115571779319,0.224385882771273,-1.32290382065024,-0.443327322908399,0.413492636763166,directly_matched,tau025,10,inverse_variance,transition_SESU3_2013_earlier,0,,final_robustness_v1,ffa5662940ca2b20bb6d7d0e6e81747502ec5a1f,transition_SESU3_2013_earlier
transition_SESU3_2013_earlier__tree_cover_loss,tree_cover_loss,Militia dominant,-0.89426989481194,0.255237364488162,-1.39452593671766,-0.394013852906219,0.408906034099879,directly_matched,tau025,10,inverse_variance,transition_SESU3_2013_earlier,0,,final_robustness_v1,ffa5662940ca2b20bb6d7d0e6e81747502ec5a1f,transition_SESU3_2013_earlier
transition_SESU3_2013_earlier__tree_cover_loss,tree_cover_loss,Park dominant,-1.55359273953697,0.273769505500108,-2.09017111038252,-1.01701436869142,0.211486790325329,directly_matched,tau025,10,inverse_variance,transition_SESU3_2013_earlier,0,,final_robustness_v1,ffa5662940ca2b20bb6d7d0e6e81747502ec5a1f,transition_SESU3_2013_earlier
transition_SESU3_2013_earlier__agriculture,agriculture,Neither actor dominant,0.275641837554189,0.229374170017704,-0.173923274664277,0.725206949772655,1.31737594493001,directly_matched,tau025,10,inverse_variance,transition_SESU3_2013_earlier,0,,final_robustness_v1,ffa5662940ca2b20bb6d7d0e6e81747502ec5a1f,transition_SESU3_2013_earlier
transition_SESU3_2013_earlier__agriculture,agriculture,Militia dominant,0.210121845950215,0.133201388709267,-0.0509480786106673,0.471191770511098,1.23382838779045,directly_matched,tau025,10,inverse_variance,transition_SESU3_2013_earlier,0,,final_robustness_v1,ffa5662940ca2b20bb6d7d0e6e81747502ec5a1f,transition_SESU3_2013_earlier
transition_SESU3_2013_earlier__agriculture,agriculture,Park dominant,-0.360834034913781,0.161867007703118,-0.678087540297161,-0.0435805295304015,0.697094682245915,directly_matched,tau025,10,inverse_variance,transition_SESU3_2013_earlier,0,,final_robustness_v1,ffa5662940ca2b20bb6d7d0e6e81747502ec5a1f,transition_SESU3_2013_earlier
transition_SESU3_2013_later__fire,fire,Neither actor dominant,0.170297794014585,0.0300066375426751,0.111485865133794,0.229109722895375,1.18565788057294,directly_matched,tau025,10,inverse_variance,transition_SESU3_2013_later,0,,final_robustness_v1,ffa5662940ca2b20bb6d7d0e6e81747502ec5a1f,transition_SESU3_2013_later
transition_SESU3_2013_later__fire,fire,Militia dominant,0.0352582286952917,0.0346489083115103,-0.0326523836988991,0.103168841089482,1.03588717005744,directly_matched,tau025,10,inverse_variance,transition_SESU3_2013_later,0,,final_robustness_v1,ffa5662940ca2b20bb6d7d0e6e81747502ec5a1f,transition_SESU3_2013_later
transition_SESU3_2013_later__fire,fire,Park dominant,0.0461343185925794,0.0298620507993473,-0.0123942254786468,0.104662862663805,1.04721506196395,directly_matched,tau025,10,inverse_variance,transition_SESU3_2013_later,0,,final_robustness_v1,ffa5662940ca2b20bb6d7d0e6e81747502ec5a1f,transition_SESU3_2013_later
transition_SESU3_2013_later__tree_cover_loss,tree_cover_loss,Neither actor dominant,-0.841647943317477,0.22735004848729,-1.287245850236,-0.396050036398954,0.430999674836876,directly_matched,tau025,10,inverse_variance,transition_SESU3_2013_later,0,,final_robustness_v1,ffa5662940ca2b20bb6d7d0e6e81747502ec5a1f,transition_SESU3_2013_later
transition_SESU3_2013_later__tree_cover_loss,tree_cover_loss,Militia dominant,-0.906352671254954,0.326764101524637,-1.54679854168383,-0.265906800826075,0.40399504285589,directly_matched,tau025,10,inverse_variance,transition_SESU3_2013_later,0,,final_robustness_v1,ffa5662940ca2b20bb6d7d0e6e81747502ec5a1f,transition_SESU3_2013_later
transition_SESU3_2013_later__tree_cover_loss,tree_cover_loss,Park dominant,-1.40672065881445,0.250130455332345,-1.89696734270245,-0.916473974926446,0.24494522648127,directly_matched,tau025,10,inverse_variance,transition_SESU3_2013_later,0,,final_robustness_v1,ffa5662940ca2b20bb6d7d0e6e81747502ec5a1f,transition_SESU3_2013_later
transition_SESU3_2013_later__agriculture,agriculture,Neither actor dominant,0.297277932095661,0.230655016597765,-0.154797593289447,0.749353457480769,1.34618939669905,directly_matched,tau025,10,inverse_variance,transition_SESU3_2013_later,0,,final_robustness_v1,ffa5662940ca2b20bb6d7d0e6e81747502ec5a1f,transition_SESU3_2013_later
transition_SESU3_2013_later__agriculture,agriculture,Militia dominant,0.233572460516814,0.142514265660367,-0.0457503674606774,0.512895288494306,1.26310434976899,directly_matched,tau025,10,inverse_variance,transition_SESU3_2013_later,0,,final_robustness_v1,ffa5662940ca2b20bb6d7d0e6e81747502ec5a1f,transition_SESU3_2013_later
transition_SESU3_2013_later__agriculture,agriculture,Park dominant,-0.333416133252687,0.154514190495873,-0.63625838172496,-0.0305738847804138,0.716471984295199,directly_matched,tau025,10,inverse_variance,transition_SESU3_2013_later,0,,final_robustness_v1,ffa5662940ca2b20bb6d7d0e6e81747502ec5a1f,transition_SESU3_2013_later
transition_SESU3_2016_earlier__fire,fire,Neither actor dominant,0.170288803025631,0.029759886366277,0.111960497563723,0.228617108487538,1.18564722038395,directly_matched,tau025,10,inverse_variance,transition_SESU3_2016_earlier,0,,final_robustness_v1,ffa5662940ca2b20bb6d7d0e6e81747502ec5a1f,transition_SESU3_2016_earlier
transition_SESU3_2016_earlier__fire,fire,Militia dominant,0.00940056897459424,0.0343947589582069,-0.0580119198404277,0.0768130577896161,1.00944489310493,directly_matched,tau025,10,inverse_variance,transition_SESU3_2016_earlier,0,,final_robustness_v1,ffa5662940ca2b20bb6d7d0e6e81747502ec5a1f,transition_SESU3_2016_earlier
transition_SESU3_2016_earlier__fire,fire,Park dominant,0.0652223126951949,0.029595040484032,0.00721709922548731,0.123227526164903,1.06739629375612,directly_matched,tau025,10,inverse_variance,transition_SESU3_2016_earlier,0,,final_robustness_v1,ffa5662940ca2b20bb6d7d0e6e81747502ec5a1f,transition_SESU3_2016_earlier
transition_SESU3_2016_earlier__tree_cover_loss,tree_cover_loss,Neither actor dominant,-0.846010011071219,0.227180806380077,-1.29127620955494,-0.4007438125875,0.429123719550011,directly_matched,tau025,10,inverse_variance,transition_SESU3_2016_earlier,0,,final_robustness_v1,ffa5662940ca2b20bb6d7d0e6e81747502ec5a1f,transition_SESU3_2016_earlier
transition_SESU3_2016_earlier__tree_cover_loss,tree_cover_loss,Militia dominant,-0.927414257432899,0.319925838248887,-1.5544573781245,-0.300371136741294,0.395575244838924,directly_matched,tau025,10,inverse_variance,transition_SESU3_2016_earlier,0,,final_robustness_v1,ffa5662940ca2b20bb6d7d0e6e81747502ec5a1f,transition_SESU3_2016_earlier
transition_SESU3_2016_earlier__tree_cover_loss,tree_cover_loss,Park dominant,-1.39793456409818,0.252534091784062,-1.89289228886347,-0.902976839332886,0.247106820520998,directly_matched,tau025,10,inverse_variance,transition_SESU3_2016_earlier,0,,final_robustness_v1,ffa5662940ca2b20bb6d7d0e6e81747502ec5a1f,transition_SESU3_2016_earlier
transition_SESU3_2016_earlier__agriculture,agriculture,Neither actor dominant,0.297277932095661,0.230655016597765,-0.154797593289447,0.749353457480769,1.34618939669905,directly_matched,tau025,10,inverse_variance,transition_SESU3_2016_earlier,0,,final_robustness_v1,ffa5662940ca2b20bb6d7d0e6e81747502ec5a1f,transition_SESU3_2016_earlier
transition_SESU3_2016_earlier__agriculture,agriculture,Militia dominant,0.233572460516814,0.142514265660367,-0.0457503674606775,0.512895288494306,1.26310434976899,directly_matched,tau025,10,inverse_variance,transition_SESU3_2016_earlier,0,,final_robustness_v1,ffa5662940ca2b20bb6d7d0e6e81747502ec5a1f,transition_SESU3_2016_earlier
transition_SESU3_2016_earlier__agriculture,agriculture,Park dominant,-0.333416133252687,0.154514190495873,-0.63625838172496,-0.0305738847804138,0.716471984295199,directly_matched,tau025,10,inverse_variance,transition_SESU3_2016_earlier,0,,final_robustness_v1,ffa5662940ca2b20bb6d7d0e6e81747502ec5a1f,transition_SESU3_2016_earlier
transition_SESU3_2016_later__fire,fire,Neither actor dominant,0.170278934423915,0.0295002343164963,,,1.18563551976149,directly_matched,tau025,10,inverse_variance,transition_SESU3_2016_later,0,,final_robustness_v1,ffa5662940ca2b20bb6d7d0e6e81747502ec5a1f,transition_SESU3_2016_later
transition_SESU3_2016_later__fire,fire,Militia dominant,0.00211537323536123,0.0315111704519527,,,1.00211761221581,directly_matched,tau025,10,inverse_variance,transition_SESU3_2016_later,0,,final_robustness_v1,ffa5662940ca2b20bb6d7d0e6e81747502ec5a1f,transition_SESU3_2016_later
transition_SESU3_2016_later__fire,fire,Park dominant,0.0804718542060721,0.0313865338636969,,,1.08379834184817,directly_matched,tau025,10,inverse_variance,transition_SESU3_2016_later,0,,final_robustness_v1,ffa5662940ca2b20bb6d7d0e6e81747502ec5a1f,transition_SESU3_2016_later
transition_SESU3_2016_later__tree_cover_loss,tree_cover_loss,Neither actor dominant,-0.8472529817386,0.228915282786782,-1.29591869151149,-0.398587271965706,0.428590662709571,directly_matched,tau025,10,inverse_variance,transition_SESU3_2016_later,0,,final_robustness_v1,ffa5662940ca2b20bb6d7d0e6e81747502ec5a1f,transition_SESU3_2016_later
transition_SESU3_2016_later__tree_cover_loss,tree_cover_loss,Militia dominant,-0.870204915477548,0.30419543936023,-1.46641702088494,-0.273992810070159,0.418865708386217,directly_matched,tau025,10,inverse_variance,transition_SESU3_2016_later,0,,final_robustness_v1,ffa5662940ca2b20bb6d7d0e6e81747502ec5a1f,transition_SESU3_2016_later
transition_SESU3_2016_later__tree_cover_loss,tree_cover_loss,Park dominant,-1.46402890839777,0.269835627312852,-1.99289701967673,-0.935160797118805,0.231302498365048,directly_matched,tau025,10,inverse_variance,transition_SESU3_2016_later,0,,final_robustness_v1,ffa5662940ca2b20bb6d7d0e6e81747502ec5a1f,transition_SESU3_2016_later
transition_SESU3_2016_later__agriculture,agriculture,Neither actor dominant,0.275641837554189,0.229374170017704,-0.173923274664277,0.725206949772655,1.31737594493001,directly_matched,tau025,10,inverse_variance,transition_SESU3_2016_later,0,,final_robustness_v1,ffa5662940ca2b20bb6d7d0e6e81747502ec5a1f,transition_SESU3_2016_later
transition_SESU3_2016_later__agriculture,agriculture,Militia dominant,0.210121845950215,0.133201388709267,-0.0509480786106673,0.471191770511098,1.23382838779045,directly_matched,tau025,10,inverse_variance,transition_SESU3_2016_later,0,,final_robustness_v1,ffa5662940ca2b20bb6d7d0e6e81747502ec5a1f,transition_SESU3_2016_later
transition_SESU3_2016_later__agriculture,agriculture,Park dominant,-0.360834034913781,0.161867007703118,-0.678087540297161,-0.0435805295304015,0.697094682245915,directly_matched,tau025,10,inverse_variance,transition_SESU3_2016_later,0,,final_robustness_v1,ffa5662940ca2b20bb6d7d0e6e81747502ec5a1f,transition_SESU3_2016_later
omit_SESU1_2001_2003__fire,fire,Neither actor dominant,0.130777570197253,0.0315263151883139,,,1.13971424670113,directly_matched,tau025,10,inverse_variance,primary,0,SESU1_2001_2003,final_robustness_v1,ffa5662940ca2b20bb6d7d0e6e81747502ec5a1f,omit_SESU1_2001_2003
omit_SESU1_2001_2003__fire,fire,Militia dominant,0.0106153197203119,0.0318448551404144,,,1.01067186212147,directly_matched,tau025,10,inverse_variance,primary,0,SESU1_2001_2003,final_robustness_v1,ffa5662940ca2b20bb6d7d0e6e81747502ec5a1f,omit_SESU1_2001_2003
omit_SESU1_2001_2003__fire,fire,Park dominant,0.0677374413118391,0.0294703663488872,,,1.07008431165822,directly_matched,tau025,10,inverse_variance,primary,0,SESU1_2001_2003,final_robustness_v1,ffa5662940ca2b20bb6d7d0e6e81747502ec5a1f,omit_SESU1_2001_2003
omit_SESU1_2001_2003__tree_cover_loss,tree_cover_loss,Neither actor dominant,-0.935269010576764,0.169453696332204,-1.26739215243507,-0.603145868718457,0.392480269985199,directly_matched,tau025,10,inverse_variance,primary,0,SESU1_2001_2003,final_robustness_v1,ffa5662940ca2b20bb6d7d0e6e81747502ec5a1f,omit_SESU1_2001_2003
omit_SESU1_2001_2003__tree_cover_loss,tree_cover_loss,Militia dominant,-0.880590662324087,0.310724830953978,-1.48960014009618,-0.271581184551994,0.414537987383874,directly_matched,tau025,10,inverse_variance,primary,0,SESU1_2001_2003,final_robustness_v1,ffa5662940ca2b20bb6d7d0e6e81747502ec5a1f,omit_SESU1_2001_2003
omit_SESU1_2001_2003__tree_cover_loss,tree_cover_loss,Park dominant,-1.42277859255666,0.260236784071872,-1.93283331679006,-0.912723868323262,0.241043324351015,directly_matched,tau025,10,inverse_variance,primary,0,SESU1_2001_2003,final_robustness_v1,ffa5662940ca2b20bb6d7d0e6e81747502ec5a1f,omit_SESU1_2001_2003
omit_SESU1_2001_2003__agriculture,agriculture,Neither actor dominant,0.513415158743359,0.19594978484458,0.129360637669609,0.897469679817109,1.67098815119841,directly_matched,tau025,10,inverse_variance,primary,0,SESU1_2001_2003,final_robustness_v1,ffa5662940ca2b20bb6d7d0e6e81747502ec5a1f,omit_SESU1_2001_2003
omit_SESU1_2001_2003__agriculture,agriculture,Militia dominant,0.182309894583846,0.136967539675505,-0.0861415502312059,0.450761339398897,1.19998600542947,directly_matched,tau025,10,inverse_variance,primary,0,SESU1_2001_2003,final_robustness_v1,ffa5662940ca2b20bb6d7d0e6e81747502ec5a1f,omit_SESU1_2001_2003
omit_SESU1_2001_2003__agriculture,agriculture,Park dominant,-0.384369559827023,0.156621677079732,-0.691342406101561,-0.0773967135524855,0.68087975487399,directly_matched,tau025,10,inverse_variance,primary,0,SESU1_2001_2003,final_robustness_v1,ffa5662940ca2b20bb6d7d0e6e81747502ec5a1f,omit_SESU1_2001_2003
omit_SESU1_2004_2006__fire,fire,Neither actor dominant,0.170297067934806,0.0299930230357608,,,1.18565701969104,directly_matched,tau025,10,inverse_variance,primary,0,SESU1_2004_2006,final_robustness_v1,ffa5662940ca2b20bb6d7d0e6e81747502ec5a1f,omit_SESU1_2004_2006
omit_SESU1_2004_2006__fire,fire,Militia dominant,-0.0264928985655545,0.038267208389813,,,0.973854959578134,directly_matched,tau025,10,inverse_variance,primary,0,SESU1_2004_2006,final_robustness_v1,ffa5662940ca2b20bb6d7d0e6e81747502ec5a1f,omit_SESU1_2004_2006
omit_SESU1_2004_2006__fire,fire,Park dominant,0.0678471148876965,0.0308080961301909,,,1.07020167806703,directly_matched,tau025,10,inverse_variance,primary,0,SESU1_2004_2006,final_robustness_v1,ffa5662940ca2b20bb6d7d0e6e81747502ec5a1f,omit_SESU1_2004_2006
omit_SESU1_2004_2006__tree_cover_loss,tree_cover_loss,Neither actor dominant,-0.833282659285216,0.229525970589142,-1.28314529515653,-0.383420023413899,0.434620231915611,directly_matched,tau025,10,inverse_variance,primary,0,SESU1_2004_2006,final_robustness_v1,ffa5662940ca2b20bb6d7d0e6e81747502ec5a1f,omit_SESU1_2004_2006
omit_SESU1_2004_2006__tree_cover_loss,tree_cover_loss,Militia dominant,-1.01803145556788,0.445728731580693,-1.89164371634076,-0.144419194794998,0.361305486476335,directly_matched,tau025,10,inverse_variance,primary,0,SESU1_2004_2006,final_robustness_v1,ffa5662940ca2b20bb6d7d0e6e81747502ec5a1f,omit_SESU1_2004_2006
omit_SESU1_2004_2006__tree_cover_loss,tree_cover_loss,Park dominant,-1.42595078380751,0.26106411735797,-1.93762705148487,-0.914274516130156,0.240279900330114,directly_matched,tau025,10,inverse_variance,primary,0,SESU1_2004_2006,final_robustness_v1,ffa5662940ca2b20bb6d7d0e6e81747502ec5a1f,omit_SESU1_2004_2006
omit_SESU1_2004_2006__agriculture,agriculture,Neither actor dominant,0.268266967171368,0.230016460519278,-0.182557011297796,0.719090945640532,1.30769620537532,directly_matched,tau025,10,inverse_variance,primary,0,SESU1_2004_2006,final_robustness_v1,ffa5662940ca2b20bb6d7d0e6e81747502ec5a1f,omit_SESU1_2004_2006
omit_SESU1_2004_2006__agriculture,agriculture,Militia dominant,0.353745329387554,0.15345822744289,0.0529727304681346,0.654517928306974,1.4243923894028,directly_matched,tau025,10,inverse_variance,primary,0,SESU1_2004_2006,final_robustness_v1,ffa5662940ca2b20bb6d7d0e6e81747502ec5a1f,omit_SESU1_2004_2006
omit_SESU1_2004_2006__agriculture,agriculture,Park dominant,-0.365346794966272,0.15807482722583,-0.675167763191291,-0.0555258267412533,0.693955948713413,directly_matched,tau025,10,inverse_variance,primary,0,SESU1_2004_2006,final_robustness_v1,ffa5662940ca2b20bb6d7d0e6e81747502ec5a1f,omit_SESU1_2004_2006
omit_SESU1_2007_2012__fire,fire,Neither actor dominant,0.159518212564687,0.0391996272951632,0.082688354858774,0.2363480702706,1.17294562437426,directly_matched,tau025,10,inverse_variance,primary,0,SESU1_2007_2012,final_robustness_v1,ffa5662940ca2b20bb6d7d0e6e81747502ec5a1f,omit_SESU1_2007_2012
omit_SESU1_2007_2012__fire,fire,Militia dominant,0.0107742311453525,0.0338983180135794,-0.0556652512977484,0.0772137135884534,1.01083248218917,directly_matched,tau025,10,inverse_variance,primary,0,SESU1_2007_2012,final_robustness_v1,ffa5662940ca2b20bb6d7d0e6e81747502ec5a1f,omit_SESU1_2007_2012
omit_SESU1_2007_2012__fire,fire,Park dominant,0.0678900453546844,0.0313776162999461,0.0063910474860731,0.129389043223296,1.07024762331106,directly_matched,tau025,10,inverse_variance,primary,0,SESU1_2007_2012,final_robustness_v1,ffa5662940ca2b20bb6d7d0e6e81747502ec5a1f,omit_SESU1_2007_2012
omit_SESU1_2007_2012__tree_cover_loss,tree_cover_loss,Neither actor dominant,-0.375182186714404,0.857131905287199,-2.05512985107751,1.3047654776487,0.687164075220984,directly_matched,tau025,10,inverse_variance,primary,0,SESU1_2007_2012,final_robustness_v1,ffa5662940ca2b20bb6d7d0e6e81747502ec5a1f,omit_SESU1_2007_2012
omit_SESU1_2007_2012__tree_cover_loss,tree_cover_loss,Militia dominant,-0.988947257679731,0.350992257903321,-1.67687944202263,-0.301015073336828,0.371968071505163,directly_matched,tau025,10,inverse_variance,primary,0,SESU1_2007_2012,final_robustness_v1,ffa5662940ca2b20bb6d7d0e6e81747502ec5a1f,omit_SESU1_2007_2012
omit_SESU1_2007_2012__tree_cover_loss,tree_cover_loss,Park dominant,-1.46972387749144,0.278761451687214,-2.01608628307648,-0.9233614719064,0.22998898155446,directly_matched,tau025,10,inverse_variance,primary,0,SESU1_2007_2012,final_robustness_v1,ffa5662940ca2b20bb6d7d0e6e81747502ec5a1f,omit_SESU1_2007_2012
omit_SESU1_2007_2012__agriculture,agriculture,Neither actor dominant,-0.195782509398104,0.301763811415665,-0.787228711610345,0.395663692814136,0.82219103405676,directly_matched,tau025,10,inverse_variance,primary,0,SESU1_2007_2012,final_robustness_v1,ffa5662940ca2b20bb6d7d0e6e81747502ec5a1f,omit_SESU1_2007_2012
omit_SESU1_2007_2012__agriculture,agriculture,Militia dominant,0.305587269464935,0.145190471737496,0.0210191739610622,0.590155364968808,1.35742194143175,directly_matched,tau025,10,inverse_variance,primary,0,SESU1_2007_2012,final_robustness_v1,ffa5662940ca2b20bb6d7d0e6e81747502ec5a1f,omit_SESU1_2007_2012
omit_SESU1_2007_2012__agriculture,agriculture,Park dominant,-0.267460987264571,0.16488270214985,-0.590625145151921,0.0557031706227791,0.765320187274412,directly_matched,tau025,10,inverse_variance,primary,0,SESU1_2007_2012,final_robustness_v1,ffa5662940ca2b20bb6d7d0e6e81747502ec5a1f,omit_SESU1_2007_2012
omit_SESU1_2013_2016__fire,fire,Neither actor dominant,0.170292313873617,0.0298551296324382,0.111777335040263,0.22880729270697,1.18565138301842,directly_matched,tau025,10,inverse_variance,primary,0,SESU1_2013_2016,final_robustness_v1,ffa5662940ca2b20bb6d7d0e6e81747502ec5a1f,omit_SESU1_2013_2016
omit_SESU1_2013_2016__fire,fire,Militia dominant,-0.036399542773969,0.0399976573333856,-0.114793510613379,0.0419944250654412,0.96425495540903,directly_matched,tau025,10,inverse_variance,primary,0,SESU1_2013_2016,final_robustness_v1,ffa5662940ca2b20bb6d7d0e6e81747502ec5a1f,omit_SESU1_2013_2016
omit_SESU1_2013_2016__fire,fire,Park dominant,0.0678365142978425,0.0306659685254854,0.00773232043685222,0.127940708158833,1.07019033335811,directly_matched,tau025,10,inverse_variance,primary,0,SESU1_2013_2016,final_robustness_v1,ffa5662940ca2b20bb6d7d0e6e81747502ec5a1f,omit_SESU1_2013_2016
omit_SESU1_2013_2016__tree_cover_loss,tree_cover_loss,Neither actor dominant,-0.868920185343999,0.229478301863294,-1.31868939222947,-0.419150978458532,0.419404183607298,directly_matched,tau025,10,inverse_variance,primary,0,SESU1_2013_2016,final_robustness_v1,ffa5662940ca2b20bb6d7d0e6e81747502ec5a1f,omit_SESU1_2013_2016
omit_SESU1_2013_2016__tree_cover_loss,tree_cover_loss,Militia dominant,-0.683380177704,0.294941848594401,-1.26145557848269,-0.105304776925308,0.504907427847196,directly_matched,tau025,10,inverse_variance,primary,0,SESU1_2013_2016,final_robustness_v1,ffa5662940ca2b20bb6d7d0e6e81747502ec5a1f,omit_SESU1_2013_2016
omit_SESU1_2013_2016__tree_cover_loss,tree_cover_loss,Park dominant,-1.43793311336497,0.261725824577359,-1.95090630336064,-0.924959923369294,0.237417967928965,directly_matched,tau025,10,inverse_variance,primary,0,SESU1_2013_2016,final_robustness_v1,ffa5662940ca2b20bb6d7d0e6e81747502ec5a1f,omit_SESU1_2013_2016
omit_SESU1_2013_2016__agriculture,agriculture,Neither actor dominant,0.33461419978026,0.236576518834135,-0.129067256722507,0.798295656283027,1.39740116353727,directly_matched,tau025,10,inverse_variance,primary,0,SESU1_2013_2016,final_robustness_v1,ffa5662940ca2b20bb6d7d0e6e81747502ec5a1f,omit_SESU1_2013_2016
omit_SESU1_2013_2016__agriculture,agriculture,Militia dominant,-0.12691601095806,0.394321673508341,-0.899772289357969,0.64594026744185,0.880807647681028,directly_matched,tau025,10,inverse_variance,primary,0,SESU1_2013_2016,final_robustness_v1,ffa5662940ca2b20bb6d7d0e6e81747502ec5a1f,omit_SESU1_2013_2016
omit_SESU1_2013_2016__agriculture,agriculture,Park dominant,-0.298392132103013,0.168535801401887,-0.628716232956306,0.0319319687502806,0.742010316625834,directly_matched,tau025,10,inverse_variance,primary,0,SESU1_2013_2016,final_robustness_v1,ffa5662940ca2b20bb6d7d0e6e81747502ec5a1f,omit_SESU1_2013_2016
omit_SESU1_2017_2022__fire,fire,Neither actor dominant,0.17010149055953,0.026093837192881,0.118958509443032,0.221244471676029,1.18542515467766,directly_matched,tau025,10,inverse_variance,primary,0,SESU1_2017_2022,final_robustness_v1,ffa5662940ca2b20bb6d7d0e6e81747502ec5a1f,omit_SESU1_2017_2022
omit_SESU1_2017_2022__fire,fire,Militia dominant,0.0103291796782114,0.0289576937381382,-0.0464268571238806,0.0670852164803033,1.0103827098033,directly_matched,tau025,10,inverse_variance,primary,0,SESU1_2017_2022,final_robustness_v1,ffa5662940ca2b20bb6d7d0e6e81747502ec5a1f,omit_SESU1_2017_2022
omit_SESU1_2017_2022__fire,fire,Park dominant,-0.0324304040269076,0.0343030316169932,-0.0996631105567531,0.0348023025029379,0.968089822640088,directly_matched,tau025,10,inverse_variance,primary,0,SESU1_2017_2022,final_robustness_v1,ffa5662940ca2b20bb6d7d0e6e81747502ec5a1f,omit_SESU1_2017_2022
omit_SESU1_2017_2022__tree_cover_loss,tree_cover_loss,Neither actor dominant,-0.794973521875728,0.212323338939499,-1.21111961927444,-0.37882742447702,0.45159319210495,directly_matched,tau025,10,inverse_variance,primary,0,SESU1_2017_2022,final_robustness_v1,ffa5662940ca2b20bb6d7d0e6e81747502ec5a1f,omit_SESU1_2017_2022
omit_SESU1_2017_2022__tree_cover_loss,tree_cover_loss,Militia dominant,-0.858182233159424,0.310211643385853,-1.46618588178068,-0.250178584538169,0.423931991865198,directly_matched,tau025,10,inverse_variance,primary,0,SESU1_2017_2022,final_robustness_v1,ffa5662940ca2b20bb6d7d0e6e81747502ec5a1f,omit_SESU1_2017_2022
omit_SESU1_2017_2022__tree_cover_loss,tree_cover_loss,Park dominant,-1.60637180447646,0.562491135270915,-2.70883417123051,-0.503909437722424,0.200614162654883,directly_matched,tau025,10,inverse_variance,primary,0,SESU1_2017_2022,final_robustness_v1,ffa5662940ca2b20bb6d7d0e6e81747502ec5a1f,omit_SESU1_2017_2022
omit_SESU1_2017_2022__agriculture,agriculture,Neither actor dominant,0.250443546310827,0.195438622720092,-0.132609115408665,0.633496208030319,1.2845950677483,directly_matched,tau025,10,inverse_variance,primary,0,SESU1_2017_2022,final_robustness_v1,ffa5662940ca2b20bb6d7d0e6e81747502ec5a1f,omit_SESU1_2017_2022
omit_SESU1_2017_2022__agriculture,agriculture,Militia dominant,0.183402506355545,0.122952805864847,-0.0575805649377008,0.424385577648791,1.20129784079776,directly_matched,tau025,10,inverse_variance,primary,0,SESU1_2017_2022,final_robustness_v1,ffa5662940ca2b20bb6d7d0e6e81747502ec5a1f,omit_SESU1_2017_2022
omit_SESU1_2017_2022__agriculture,agriculture,Park dominant,-0.206597493209811,0.298046562654476,-0.790758021728545,0.377563035308923,0.81334696178544,directly_matched,tau025,10,inverse_variance,primary,0,SESU1_2017_2022,final_robustness_v1,ffa5662940ca2b20bb6d7d0e6e81747502ec5a1f,omit_SESU1_2017_2022
omit_SESU3_2001_2003__fire,fire,Neither actor dominant,0.179469408119261,0.0331364189102254,0.114523220478588,0.244415595759935,1.19658229780461,directly_matched,tau025,10,inverse_variance,primary,0,SESU3_2001_2003,final_robustness_v1,ffa5662940ca2b20bb6d7d0e6e81747502ec5a1f,omit_SESU3_2001_2003
omit_SESU3_2001_2003__fire,fire,Militia dominant,0.0107152931988337,0.0331020464536789,-0.0541635256649488,0.0755941120626161,1.01077290755402,directly_matched,tau025,10,inverse_variance,primary,0,SESU3_2001_2003,final_robustness_v1,ffa5662940ca2b20bb6d7d0e6e81747502ec5a1f,omit_SESU3_2001_2003
omit_SESU3_2001_2003__fire,fire,Park dominant,0.0678345398171318,0.0306380880963765,0.00778499059306861,0.127884089041195,1.07018822029002,directly_matched,tau025,10,inverse_variance,primary,0,SESU3_2001_2003,final_robustness_v1,ffa5662940ca2b20bb6d7d0e6e81747502ec5a1f,omit_SESU3_2001_2003
omit_SESU3_2001_2003__tree_cover_loss,tree_cover_loss,Neither actor dominant,-0.890383567803784,0.241321207046726,-1.3633644423211,-0.417402693286467,0.410498268632001,directly_matched,tau025,10,inverse_variance,primary,0,SESU3_2001_2003,final_robustness_v1,ffa5662940ca2b20bb6d7d0e6e81747502ec5a1f,omit_SESU3_2001_2003
omit_SESU3_2001_2003__tree_cover_loss,tree_cover_loss,Militia dominant,-0.924187757744403,0.312118292930664,-1.53592837080463,-0.312447144684179,0.396853629487979,directly_matched,tau025,10,inverse_variance,primary,0,SESU3_2001_2003,final_robustness_v1,ffa5662940ca2b20bb6d7d0e6e81747502ec5a1f,omit_SESU3_2001_2003
omit_SESU3_2001_2003__tree_cover_loss,tree_cover_loss,Park dominant,-1.44166694965313,0.263474405841755,-1.95806729595106,-0.925266603355204,0.236533141032224,directly_matched,tau025,10,inverse_variance,primary,0,SESU3_2001_2003,final_robustness_v1,ffa5662940ca2b20bb6d7d0e6e81747502ec5a1f,omit_SESU3_2001_2003
omit_SESU3_2001_2003__agriculture,agriculture,Neither actor dominant,0.296770753004598,0.250794782343565,-0.194777987899351,0.788319493908548,1.34550681069574,directly_matched,tau025,10,inverse_variance,primary,0,SESU3_2001_2003,final_robustness_v1,ffa5662940ca2b20bb6d7d0e6e81747502ec5a1f,omit_SESU3_2001_2003
omit_SESU3_2001_2003__agriculture,agriculture,Militia dominant,0.229363381355879,0.137891202070056,-0.0408984084863658,0.499625171198123,1.25779901668833,directly_matched,tau025,10,inverse_variance,primary,0,SESU3_2001_2003,final_robustness_v1,ffa5662940ca2b20bb6d7d0e6e81747502ec5a1f,omit_SESU3_2001_2003
omit_SESU3_2001_2003__agriculture,agriculture,Park dominant,-0.339746968066689,0.155263686222736,-0.64405820117018,-0.0354357349631977,0.711950446170978,directly_matched,tau025,10,inverse_variance,primary,0,SESU3_2001_2003,final_robustness_v1,ffa5662940ca2b20bb6d7d0e6e81747502ec5a1f,omit_SESU3_2001_2003
omit_SESU3_2004_2006__fire,fire,Neither actor dominant,0.170300774760788,0.0300917664428709,,,1.18566141472343,directly_matched,tau025,10,inverse_variance,primary,0,SESU3_2004_2006,final_robustness_v1,ffa5662940ca2b20bb6d7d0e6e81747502ec5a1f,omit_SESU3_2004_2006
omit_SESU3_2004_2006__fire,fire,Militia dominant,0.0436353076555547,0.0376138445545359,,,1.04460132730668,directly_matched,tau025,10,inverse_variance,primary,0,SESU3_2004_2006,final_robustness_v1,ffa5662940ca2b20bb6d7d0e6e81747502ec5a1f,omit_SESU3_2004_2006
omit_SESU3_2004_2006__fire,fire,Park dominant,0.0678557998163389,0.0309098789603671,,,1.0702109727326,directly_matched,tau025,10,inverse_variance,primary,0,SESU3_2004_2006,final_robustness_v1,ffa5662940ca2b20bb6d7d0e6e81747502ec5a1f,omit_SESU3_2004_2006
omit_SESU3_2004_2006__tree_cover_loss,tree_cover_loss,Neither actor dominant,-0.855449052095012,0.227880399636589,-1.30208642816532,-0.408811676024702,0.425092259646635,directly_matched,tau025,10,inverse_variance,primary,0,SESU3_2004_2006,final_robustness_v1,ffa5662940ca2b20bb6d7d0e6e81747502ec5a1f,omit_SESU3_2004_2006
omit_SESU3_2004_2006__tree_cover_loss,tree_cover_loss,Militia dominant,-0.922786412939785,0.341959669683085,-1.59301504968385,-0.252557776195725,0.39741014810602,directly_matched,tau025,10,inverse_variance,primary,0,SESU3_2004_2006,final_robustness_v1,ffa5662940ca2b20bb6d7d0e6e81747502ec5a1f,omit_SESU3_2004_2006
omit_SESU3_2004_2006__tree_cover_loss,tree_cover_loss,Park dominant,-1.43340374289645,0.262267007687656,-1.94743763229734,-0.919369853495551,0.238495760880788,directly_matched,tau025,10,inverse_variance,primary,0,SESU3_2004_2006,final_robustness_v1,ffa5662940ca2b20bb6d7d0e6e81747502ec5a1f,omit_SESU3_2004_2006
omit_SESU3_2004_2006__agriculture,agriculture,Neither actor dominant,0.28941640948053,0.227416274154218,-0.156311297360024,0.735144116321084,1.33564778914807,directly_matched,tau025,10,inverse_variance,primary,0,SESU3_2004_2006,final_robustness_v1,ffa5662940ca2b20bb6d7d0e6e81747502ec5a1f,omit_SESU3_2004_2006
omit_SESU3_2004_2006__agriculture,agriculture,Militia dominant,0.225619589337159,0.153415742298031,-0.0750697402284591,0.526308918902778,1.25309888242083,directly_matched,tau025,10,inverse_variance,primary,0,SESU3_2004_2006,final_robustness_v1,ffa5662940ca2b20bb6d7d0e6e81747502ec5a1f,omit_SESU3_2004_2006
omit_SESU3_2004_2006__agriculture,agriculture,Park dominant,-0.344003722710292,0.158033036210951,-0.653742782051269,-0.0342646633693147,0.708926288917406,directly_matched,tau025,10,inverse_variance,primary,0,SESU3_2004_2006,final_robustness_v1,ffa5662940ca2b20bb6d7d0e6e81747502ec5a1f,omit_SESU3_2004_2006
omit_SESU3_2007_2010__fire,fire,Neither actor dominant,0.212427581267919,0.034472816084887,0.144862103295868,0.279993059239971,1.23667655177447,directly_matched,tau025,10,inverse_variance,primary,0,SESU3_2007_2010,final_robustness_v1,ffa5662940ca2b20bb6d7d0e6e81747502ec5a1f,omit_SESU3_2007_2010
omit_SESU3_2007_2010__fire,fire,Militia dominant,0.0107248583348014,0.0332228075423329,-0.0543906479134766,0.0758403645830795,1.01078257578055,directly_matched,tau025,10,inverse_variance,primary,0,SESU3_2007_2010,final_robustness_v1,ffa5662940ca2b20bb6d7d0e6e81747502ec5a1f,omit_SESU3_2007_2010
omit_SESU3_2007_2010__fire,fire,Park dominant,0.0678433091898947,0.030750246784592,0.00757393297637574,0.128112685403414,1.0701976052106,directly_matched,tau025,10,inverse_variance,primary,0,SESU3_2007_2010,final_robustness_v1,ffa5662940ca2b20bb6d7d0e6e81747502ec5a1f,omit_SESU3_2007_2010
omit_SESU3_2007_2010__tree_cover_loss,tree_cover_loss,Neither actor dominant,-0.794650818066466,0.295070725694822,-1.37297881332041,-0.216322822812518,0.451738946464759,directly_matched,tau025,10,inverse_variance,primary,0,SESU3_2007_2010,final_robustness_v1,ffa5662940ca2b20bb6d7d0e6e81747502ec5a1f,omit_SESU3_2007_2010
omit_SESU3_2007_2010__tree_cover_loss,tree_cover_loss,Militia dominant,-0.867263985634305,0.315675220185065,-1.48597604800878,-0.248551923259827,0.420099376224429,directly_matched,tau025,10,inverse_variance,primary,0,SESU3_2007_2010,final_robustness_v1,ffa5662940ca2b20bb6d7d0e6e81747502ec5a1f,omit_SESU3_2007_2010
omit_SESU3_2007_2010__tree_cover_loss,tree_cover_loss,Park dominant,-1.41700483570889,0.26789415257178,-1.94206772641846,-0.891941944999323,0.242439075381706,directly_matched,tau025,10,inverse_variance,primary,0,SESU3_2007_2010,final_robustness_v1,ffa5662940ca2b20bb6d7d0e6e81747502ec5a1f,omit_SESU3_2007_2010
omit_SESU3_2007_2010__agriculture,agriculture,Neither actor dominant,0.301025509011285,0.25949942217609,-0.207584012462806,0.809635030485376,1.35124380999198,directly_matched,tau025,10,inverse_variance,primary,0,SESU3_2007_2010,final_robustness_v1,ffa5662940ca2b20bb6d7d0e6e81747502ec5a1f,omit_SESU3_2007_2010
omit_SESU3_2007_2010__agriculture,agriculture,Militia dominant,0.232510378539415,0.138515810639699,-0.0389756216037658,0.503996378682595,1.26176354155368,directly_matched,tau025,10,inverse_variance,primary,0,SESU3_2007_2010,final_robustness_v1,ffa5662940ca2b20bb6d7d0e6e81747502ec5a1f,omit_SESU3_2007_2010
omit_SESU3_2007_2010__agriculture,agriculture,Park dominant,-0.33676255224067,0.154534250546273,-0.639644117689253,-0.0338809867920862,0.714078376084318,directly_matched,tau025,10,inverse_variance,primary,0,SESU3_2007_2010,final_robustness_v1,ffa5662940ca2b20bb6d7d0e6e81747502ec5a1f,omit_SESU3_2007_2010
omit_SESU3_2011_2012__fire,fire,Neither actor dominant,0.170255618781143,0.0289267992941282,0.113560133976634,0.226951103585653,1.18560787622952,directly_matched,tau025,10,inverse_variance,primary,0,SESU3_2011_2012,final_robustness_v1,ffa5662940ca2b20bb6d7d0e6e81747502ec5a1f,omit_SESU3_2011_2012
omit_SESU3_2011_2012__fire,fire,Militia dominant,0.0106365923291727,0.0321017387146912,-0.0522816593927372,0.0735548440510826,1.01069336197736,directly_matched,tau025,10,inverse_variance,primary,0,SESU3_2011_2012,final_robustness_v1,ffa5662940ca2b20bb6d7d0e6e81747502ec5a1f,omit_SESU3_2011_2012
omit_SESU3_2011_2012__fire,fire,Park dominant,0.101296503192737,0.0318839059019441,0.0388051959384622,0.163787810447011,1.10660470495324,directly_matched,tau025,10,inverse_variance,primary,0,SESU3_2011_2012,final_robustness_v1,ffa5662940ca2b20bb6d7d0e6e81747502ec5a1f,omit_SESU3_2011_2012
omit_SESU3_2011_2012__tree_cover_loss,tree_cover_loss,Neither actor dominant,-0.920395560125188,0.225646098891921,-1.36265378720532,-0.478137333045061,0.398361434016324,directly_matched,tau025,10,inverse_variance,primary,0,SESU3_2011_2012,final_robustness_v1,ffa5662940ca2b20bb6d7d0e6e81747502ec5a1f,omit_SESU3_2011_2012
omit_SESU3_2011_2012__tree_cover_loss,tree_cover_loss,Militia dominant,-0.955517660029929,0.308686991745722,-1.56053304634756,-0.350502273712301,0.384612994237239,directly_matched,tau025,10,inverse_variance,primary,0,SESU3_2011_2012,final_robustness_v1,ffa5662940ca2b20bb6d7d0e6e81747502ec5a1f,omit_SESU3_2011_2012
omit_SESU3_2011_2012__tree_cover_loss,tree_cover_loss,Park dominant,-1.60737691987157,0.280522850047982,-2.15719160280614,-1.05756223693699,0.200412623573507,directly_matched,tau025,10,inverse_variance,primary,0,SESU3_2011_2012,final_robustness_v1,ffa5662940ca2b20bb6d7d0e6e81747502ec5a1f,omit_SESU3_2011_2012
omit_SESU3_2011_2012__agriculture,agriculture,Neither actor dominant,0.29364264691935,0.226023431297869,-0.149355138086636,0.736640431925336,1.34130449871895,directly_matched,tau025,10,inverse_variance,primary,0,SESU3_2011_2012,final_robustness_v1,ffa5662940ca2b20bb6d7d0e6e81747502ec5a1f,omit_SESU3_2011_2012
omit_SESU3_2011_2012__agriculture,agriculture,Militia dominant,0.229372002081345,0.136995291657517,-0.0391338356189494,0.49787783978164,1.25780985987509,directly_matched,tau025,10,inverse_variance,primary,0,SESU3_2011_2012,final_robustness_v1,ffa5662940ca2b20bb6d7d0e6e81747502ec5a1f,omit_SESU3_2011_2012
omit_SESU3_2011_2012__agriculture,agriculture,Park dominant,-0.337736327542295,0.166708885700553,-0.664479739418184,-0.0109929156664055,0.713383362646642,directly_matched,tau025,10,inverse_variance,primary,0,SESU3_2011_2012,final_robustness_v1,ffa5662940ca2b20bb6d7d0e6e81747502ec5a1f,omit_SESU3_2011_2012
omit_SESU3_2013_2015__fire,fire,Neither actor dominant,0.170262333770614,0.0290790509663816,0.113268441171901,0.227256226369326,1.18561583760066,directly_matched,tau025,10,inverse_variance,primary,0,SESU3_2013_2015,final_robustness_v1,ffa5662940ca2b20bb6d7d0e6e81747502ec5a1f,omit_SESU3_2013_2015
omit_SESU3_2013_2015__fire,fire,Militia dominant,0.0555989804329396,0.036805674742663,-0.0165388164893754,0.127736777355255,1.05717365139967,directly_matched,tau025,10,inverse_variance,primary,0,SESU3_2013_2015,final_robustness_v1,ffa5662940ca2b20bb6d7d0e6e81747502ec5a1f,omit_SESU3_2013_2015
omit_SESU3_2013_2015__fire,fire,Park dominant,0.0677716283076598,0.0298659465849779,0.00923544863690611,0.126307807978413,1.07012089525145,directly_matched,tau025,10,inverse_variance,primary,0,SESU3_2013_2015,final_robustness_v1,ffa5662940ca2b20bb6d7d0e6e81747502ec5a1f,omit_SESU3_2013_2015
omit_SESU3_2013_2015__tree_cover_loss,tree_cover_loss,Neither actor dominant,-0.862676846712021,0.23107057135502,-1.31556684445495,-0.409786848969089,0.422030857022884,directly_matched,tau025,10,inverse_variance,primary,0,SESU3_2013_2015,final_robustness_v1,ffa5662940ca2b20bb6d7d0e6e81747502ec5a1f,omit_SESU3_2013_2015
omit_SESU3_2013_2015__tree_cover_loss,tree_cover_loss,Militia dominant,-0.942030417990687,0.358595633744499,-1.64486494514322,-0.239195890838153,0.389835502229871,directly_matched,tau025,10,inverse_variance,primary,0,SESU3_2013_2015,final_robustness_v1,ffa5662940ca2b20bb6d7d0e6e81747502ec5a1f,omit_SESU3_2013_2015
omit_SESU3_2013_2015__tree_cover_loss,tree_cover_loss,Park dominant,-1.43583392890127,0.262935289838535,-1.9511776272494,-0.920490230553143,0.237916875504954,directly_matched,tau025,10,inverse_variance,primary,0,SESU3_2013_2015,final_robustness_v1,ffa5662940ca2b20bb6d7d0e6e81747502ec5a1f,omit_SESU3_2013_2015
omit_SESU3_2013_2015__agriculture,agriculture,Neither actor dominant,0.289422093730729,0.227416356577311,-0.156305774656118,0.735149962117576,1.33565538132586,directly_matched,tau025,10,inverse_variance,primary,0,SESU3_2013_2015,final_robustness_v1,ffa5662940ca2b20bb6d7d0e6e81747502ec5a1f,omit_SESU3_2013_2015
omit_SESU3_2013_2015__agriculture,agriculture,Militia dominant,0.225627082881182,0.153415779600392,-0.0750623197957206,0.526316485558085,1.25310827260765,directly_matched,tau025,10,inverse_variance,primary,0,SESU3_2013_2015,final_robustness_v1,ffa5662940ca2b20bb6d7d0e6e81747502ec5a1f,omit_SESU3_2013_2015
omit_SESU3_2013_2015__agriculture,agriculture,Park dominant,-0.343997986418955,0.158033194117466,-0.653737355251015,-0.0342586175868953,0.7089303555368,directly_matched,tau025,10,inverse_variance,primary,0,SESU3_2013_2015,final_robustness_v1,ffa5662940ca2b20bb6d7d0e6e81747502ec5a1f,omit_SESU3_2013_2015
omit_SESU3_2016_2022__fire,fire,Neither actor dominant,0.17031970964634,0.0306663151698884,0.110214836374805,0.230424582917876,1.18568386529917,directly_matched,tau025,10,inverse_variance,primary,0,SESU3_2016_2022,final_robustness_v1,ffa5662940ca2b20bb6d7d0e6e81747502ec5a1f,omit_SESU3_2016_2022
omit_SESU3_2016_2022__fire,fire,Militia dominant,0.0107833194943551,0.034032393473222,-0.055918946020856,0.0774855850095662,1.0108416690293,directly_matched,tau025,10,inverse_variance,primary,0,SESU3_2016_2022,final_robustness_v1,ffa5662940ca2b20bb6d7d0e6e81747502ec5a1f,omit_SESU3_2016_2022
omit_SESU3_2016_2022__fire,fire,Park dominant,0.128674007904328,0.043535855492868,0.0433452991021667,0.21400271670649,1.13731930662301,directly_matched,tau025,10,inverse_variance,primary,0,SESU3_2016_2022,final_robustness_v1,ffa5662940ca2b20bb6d7d0e6e81747502ec5a1f,omit_SESU3_2016_2022
omit_SESU3_2016_2022__tree_cover_loss,tree_cover_loss,Neither actor dominant,-0.731469696578015,0.212121080882671,-1.14721937546976,-0.315720017686271,0.481201250305316,directly_matched,tau025,10,inverse_variance,primary,0,SESU3_2016_2022,final_robustness_v1,ffa5662940ca2b20bb6d7d0e6e81747502ec5a1f,omit_SESU3_2016_2022
omit_SESU3_2016_2022__tree_cover_loss,tree_cover_loss,Militia dominant,-0.808899252037968,0.311079381867541,-1.41860363683133,-0.199194867244605,0.445348012436908,directly_matched,tau025,10,inverse_variance,primary,0,SESU3_2016_2022,final_robustness_v1,ffa5662940ca2b20bb6d7d0e6e81747502ec5a1f,omit_SESU3_2016_2022
omit_SESU3_2016_2022__tree_cover_loss,tree_cover_loss,Park dominant,-1.15708434446147,0.257035526795239,-1.66086471972742,-0.653303969195527,0.314401532378522,directly_matched,tau025,10,inverse_variance,primary,0,SESU3_2016_2022,final_robustness_v1,ffa5662940ca2b20bb6d7d0e6e81747502ec5a1f,omit_SESU3_2016_2022
omit_SESU3_2016_2022__agriculture,agriculture,Neither actor dominant,0.247052850949277,0.207872279892976,-0.160369331025186,0.654475032923739,1.28024677324757,directly_matched,tau025,10,inverse_variance,primary,0,SESU3_2016_2022,final_robustness_v1,ffa5662940ca2b20bb6d7d0e6e81747502ec5a1f,omit_SESU3_2016_2022
omit_SESU3_2016_2022__agriculture,agriculture,Militia dominant,0.1797943628124,0.126459885196667,-0.0680624576621359,0.427651183286937,1.19697119602173,directly_matched,tau025,10,inverse_variance,primary,0,SESU3_2016_2022,final_robustness_v1,ffa5662940ca2b20bb6d7d0e6e81747502ec5a1f,omit_SESU3_2016_2022
omit_SESU3_2016_2022__agriculture,agriculture,Park dominant,-0.397788445306069,0.18572985805089,-0.761812277939551,-0.0337646126725878,0.671804135948004,directly_matched,tau025,10,inverse_variance,primary,0,SESU3_2016_2022,final_robustness_v1,ffa5662940ca2b20bb6d7d0e6e81747502ec5a1f,omit_SESU3_2016_2022
