run_id,outcome,profile_comparison,estimate,standard_error,conf_low,conf_high,odds_ratio,comparison_class,threshold_tag,corridor_km,weighting,chronology_version,lag,omitted_episode,pipeline_version,pipeline_commit,robustness_run_id
primary__fire,fire,Neither actor dominant minus Militia dominant,0.159579306386865,0.0444340886528708,0.0724900929413787,0.246668519832352,1.17301728629468,directly_matched,tau025,10,inverse_variance,primary,0,,final_robustness_v1,43e09c19323d23af085aacc87203ea5b799c83fe,primary
primary__fire,fire,Neither actor dominant minus Park dominant,0.102460211716044,0.0426402589370402,0.0188868399079833,0.186033583524105,1.10789321986281,directly_matched,tau025,10,inverse_variance,primary,0,,final_robustness_v1,43e09c19323d23af085aacc87203ea5b799c83fe,primary
primary__fire,fire,Militia dominant minus Park dominant,-0.0571190946708212,0.0449781665061582,-0.145274681113537,0.0310364917718946,0.944481579945351,directly_matched,tau025,10,inverse_variance,primary,0,,final_robustness_v1,43e09c19323d23af085aacc87203ea5b799c83fe,primary
primary__tree_cover_loss,tree_cover_loss,Neither actor dominant minus Militia dominant,0.0517637594727072,0.389016633079405,-0.710694830749959,0.814222349695374,1.05312692186443,directly_matched,tau025,10,inverse_variance,primary,0,,final_robustness_v1,43e09c19323d23af085aacc87203ea5b799c83fe,primary
primary__tree_cover_loss,tree_cover_loss,Neither actor dominant minus Park dominant,0.584172628184976,0.342445374778389,-0.0870079730529867,1.25535322942294,1.79350647489602,directly_matched,tau025,10,inverse_variance,primary,0,,final_robustness_v1,43e09c19323d23af085aacc87203ea5b799c83fe,primary
primary__tree_cover_loss,tree_cover_loss,Militia dominant minus Park dominant,0.532408868712269,0.402431716726428,-0.256342802308155,1.32116053973269,1.70302974661481,directly_matched,tau025,10,inverse_variance,primary,0,,final_robustness_v1,43e09c19323d23af085aacc87203ea5b799c83fe,primary
primary__agriculture,agriculture,Neither actor dominant minus Militia dominant,0.0647296164837915,0.290673749570715,-0.504980463926025,0.634439696893608,1.06687052117984,directly_matched,tau025,10,inverse_variance,primary,0,,final_robustness_v1,43e09c19323d23af085aacc87203ea5b799c83fe,primary
primary__agriculture,agriculture,Neither actor dominant minus Park dominant,0.633446962428786,0.311439815058039,0.0230361415632143,1.24385778329436,1.88409379967632,directly_matched,tau025,10,inverse_variance,primary,0,,final_robustness_v1,43e09c19323d23af085aacc87203ea5b799c83fe,primary
primary__agriculture,agriculture,Militia dominant minus Park dominant,0.568717345944994,0.22051748120104,0.136511024829467,1.00092366706052,1.76600043048591,directly_matched,tau025,10,inverse_variance,primary,0,,final_robustness_v1,43e09c19323d23af085aacc87203ea5b799c83fe,primary
threshold_tau010__fire,fire,Neither actor dominant minus Militia dominant,0.166573212282598,0.0466785299588292,0.0750849747120188,0.258061449853177,1.18125001471457,directly_matched,tau010,10,inverse_variance,primary,0,,final_robustness_v1,43e09c19323d23af085aacc87203ea5b799c83fe,threshold_tau010
threshold_tau010__fire,fire,Neither actor dominant minus Park dominant,0.112152566056662,0.0446141318223552,0.0247104744833234,0.19959465763,1.11868352075966,directly_matched,tau010,10,inverse_variance,primary,0,,final_robustness_v1,43e09c19323d23af085aacc87203ea5b799c83fe,threshold_tau010
threshold_tau010__fire,fire,Militia dominant minus Park dominant,-0.054420646225936,0.0472241248744143,-0.14697823018121,0.0381369377293381,0.947033656570973,directly_matched,tau010,10,inverse_variance,primary,0,,final_robustness_v1,43e09c19323d23af085aacc87203ea5b799c83fe,threshold_tau010
threshold_tau010__tree_cover_loss,tree_cover_loss,Neither actor dominant minus Militia dominant,0.287160867257317,0.322726971026997,-0.345372372795298,0.919694107309931,1.33263857414582,directly_matched,tau010,10,inverse_variance,primary,0,,final_robustness_v1,43e09c19323d23af085aacc87203ea5b799c83fe,threshold_tau010
threshold_tau010__tree_cover_loss,tree_cover_loss,Neither actor dominant minus Park dominant,0.560153201148806,0.267321210659221,0.036213255953089,1.08409314634452,1.75094072588004,directly_matched,tau010,10,inverse_variance,primary,0,,final_robustness_v1,43e09c19323d23af085aacc87203ea5b799c83fe,threshold_tau010
threshold_tau010__tree_cover_loss,tree_cover_loss,Militia dominant minus Park dominant,0.27299233389149,0.347455314380891,-0.408007568532099,0.953992236315078,1.3138901723615,directly_matched,tau010,10,inverse_variance,primary,0,,final_robustness_v1,43e09c19323d23af085aacc87203ea5b799c83fe,threshold_tau010
threshold_tau010__agriculture,agriculture,Neither actor dominant minus Militia dominant,0.431176565513295,0.283458659574169,-0.124392198358075,0.986745329384665,1.53906727217068,directly_matched,tau010,10,inverse_variance,primary,0,,final_robustness_v1,43e09c19323d23af085aacc87203ea5b799c83fe,threshold_tau010
threshold_tau010__agriculture,agriculture,Neither actor dominant minus Park dominant,1.23756993491534,0.263956712993653,0.72022428397021,1.75491558586048,3.44722629394871,directly_matched,tau010,10,inverse_variance,primary,0,,final_robustness_v1,43e09c19323d23af085aacc87203ea5b799c83fe,threshold_tau010
threshold_tau010__agriculture,agriculture,Militia dominant minus Park dominant,0.80639336940205,0.154737465715577,0.503113509540518,1.10967322926358,2.23981521554076,directly_matched,tau010,10,inverse_variance,primary,0,,final_robustness_v1,43e09c19323d23af085aacc87203ea5b799c83fe,threshold_tau010
threshold_tau050__fire,fire,Neither actor dominant minus Militia dominant,0.159465026336092,0.0422191338328895,0.0767170445651519,0.242213008107032,1.17288324147912,directly_matched,tau050,10,inverse_variance,primary,0,,final_robustness_v1,43e09c19323d23af085aacc87203ea5b799c83fe,threshold_tau050
threshold_tau050__fire,fire,Neither actor dominant minus Park dominant,0.0907127585653267,0.0407226002423967,0.0108979287334071,0.170527588397246,1.09495444379775,directly_matched,tau050,10,inverse_variance,primary,0,,final_robustness_v1,43e09c19323d23af085aacc87203ea5b799c83fe,threshold_tau050
threshold_tau050__fire,fire,Militia dominant minus Park dominant,-0.068752267770765,0.0427542950626876,-0.152549146278031,0.0150446107365013,0.933557923819343,directly_matched,tau050,10,inverse_variance,primary,0,,final_robustness_v1,43e09c19323d23af085aacc87203ea5b799c83fe,threshold_tau050
threshold_tau050__tree_cover_loss,tree_cover_loss,Neither actor dominant minus Militia dominant,0.388562103608594,0.323664596988084,-0.245808849558722,1.02293305677591,1.47485857466027,directly_matched,tau050,10,inverse_variance,primary,0,,final_robustness_v1,43e09c19323d23af085aacc87203ea5b799c83fe,threshold_tau050
threshold_tau050__tree_cover_loss,tree_cover_loss,Neither actor dominant minus Park dominant,0.0723213422840374,0.32855722789386,-0.571638991248247,0.716281675816322,1.07500073175749,directly_matched,tau050,10,inverse_variance,primary,0,,final_robustness_v1,43e09c19323d23af085aacc87203ea5b799c83fe,threshold_tau050
threshold_tau050__tree_cover_loss,tree_cover_loss,Militia dominant minus Park dominant,-0.316240761324557,0.355262059959655,-1.01254160391899,0.380060081269877,0.728883941977361,directly_matched,tau050,10,inverse_variance,primary,0,,final_robustness_v1,43e09c19323d23af085aacc87203ea5b799c83fe,threshold_tau050
threshold_tau050__agriculture,agriculture,Neither actor dominant minus Militia dominant,-0.330754533523119,0.234775422838923,-0.79090590674257,0.129396839696332,0.718381485972155,directly_matched,tau050,10,inverse_variance,primary,0,,final_robustness_v1,43e09c19323d23af085aacc87203ea5b799c83fe,threshold_tau050
threshold_tau050__agriculture,agriculture,Neither actor dominant minus Park dominant,-0.394713912406071,0.280856808472722,-0.94518314182547,0.155755317013328,0.673872798322049,directly_matched,tau050,10,inverse_variance,primary,0,,final_robustness_v1,43e09c19323d23af085aacc87203ea5b799c83fe,threshold_tau050
threshold_tau050__agriculture,agriculture,Militia dominant minus Park dominant,-0.063959378882952,0.278995180470823,-0.610779884466017,0.482861126700113,0.938043103115507,directly_matched,tau050,10,inverse_variance,primary,0,,final_robustness_v1,43e09c19323d23af085aacc87203ea5b799c83fe,threshold_tau050
domain_5km__fire,fire,Neither actor dominant minus Militia dominant,0.0701632469863719,0.0541595720673358,-0.0359875636837077,0.176314057656452,1.07268327927439,directly_matched,tau025,5,inverse_variance,primary,0,,final_robustness_v1,43e09c19323d23af085aacc87203ea5b799c83fe,domain_5km
domain_5km__fire,fire,Neither actor dominant minus Park dominant,0.080725969830494,0.0521707494883552,-0.0215268202131435,0.182978759874132,1.08407378693653,directly_matched,tau025,5,inverse_variance,primary,0,,final_robustness_v1,43e09c19323d23af085aacc87203ea5b799c83fe,domain_5km
domain_5km__fire,fire,Militia dominant minus Park dominant,0.0105627228441221,0.0548920083224668,-0.0970236365069858,0.11814908219523,1.01061870533662,directly_matched,tau025,5,inverse_variance,primary,0,,final_robustness_v1,43e09c19323d23af085aacc87203ea5b799c83fe,domain_5km
domain_5km__tree_cover_loss,tree_cover_loss,Neither actor dominant minus Militia dominant,0.112545997352065,0.36088394155343,-0.594773530691514,0.819865525395645,1.11912373245723,directly_matched,tau025,5,inverse_variance,primary,0,,final_robustness_v1,43e09c19323d23af085aacc87203ea5b799c83fe,domain_5km
domain_5km__tree_cover_loss,tree_cover_loss,Neither actor dominant minus Park dominant,0.605120055044786,0.335491741124699,-0.0524316746702584,1.26267178475983,1.83147207314937,directly_matched,tau025,5,inverse_variance,primary,0,,final_robustness_v1,43e09c19323d23af085aacc87203ea5b799c83fe,domain_5km
domain_5km__tree_cover_loss,tree_cover_loss,Militia dominant minus Park dominant,0.492574057692721,0.391087864700438,-0.273944071910811,1.25909218729625,1.63652330839956,directly_matched,tau025,5,inverse_variance,primary,0,,final_robustness_v1,43e09c19323d23af085aacc87203ea5b799c83fe,domain_5km
domain_5km__agriculture,agriculture,Neither actor dominant minus Militia dominant,-0.132467259041905,0.325281112390062,-0.770006524177551,0.505072006093741,0.87593161247694,directly_matched,tau025,5,inverse_variance,primary,0,,final_robustness_v1,43e09c19323d23af085aacc87203ea5b799c83fe,domain_5km
domain_5km__agriculture,agriculture,Neither actor dominant minus Park dominant,0.44469922632931,0.315726025424095,-0.174112412483894,1.06351086514251,1.56002091204603,directly_matched,tau025,5,inverse_variance,primary,0,,final_robustness_v1,43e09c19323d23af085aacc87203ea5b799c83fe,domain_5km
domain_5km__agriculture,agriculture,Militia dominant minus Park dominant,0.577166485371215,0.276600133637907,0.0350401853219516,1.11929278542048,1.78098482783906,directly_matched,tau025,5,inverse_variance,primary,0,,final_robustness_v1,43e09c19323d23af085aacc87203ea5b799c83fe,domain_5km
domain_20km__fire,fire,Neither actor dominant minus Militia dominant,0.162311662469581,0.0362848569723522,,,1.17622676994133,directly_matched,tau025,20,inverse_variance,primary,0,,final_robustness_v1,43e09c19323d23af085aacc87203ea5b799c83fe,domain_20km
domain_20km__fire,fire,Neither actor dominant minus Park dominant,0.0604511491286101,0.0347328010775604,,,1.06231570125505,directly_matched,tau025,20,inverse_variance,primary,0,,final_robustness_v1,43e09c19323d23af085aacc87203ea5b799c83fe,domain_20km
domain_20km__fire,fire,Militia dominant minus Park dominant,-0.101860513340971,0.0367372776079873,,,0.903155521029362,directly_matched,tau025,20,inverse_variance,primary,0,,final_robustness_v1,43e09c19323d23af085aacc87203ea5b799c83fe,domain_20km
domain_20km__tree_cover_loss,tree_cover_loss,Neither actor dominant minus Militia dominant,0.414045357271192,0.415474200405632,-0.400269112029423,1.22835982657181,1.51292574751158,directly_matched,tau025,20,inverse_variance,primary,0,,final_robustness_v1,43e09c19323d23af085aacc87203ea5b799c83fe,domain_20km
domain_20km__tree_cover_loss,tree_cover_loss,Neither actor dominant minus Park dominant,0.946349619858375,0.361094138744758,0.238618112890139,1.65408112682661,2.57628804282647,directly_matched,tau025,20,inverse_variance,primary,0,,final_robustness_v1,43e09c19323d23af085aacc87203ea5b799c83fe,domain_20km
domain_20km__tree_cover_loss,tree_cover_loss,Militia dominant minus Park dominant,0.532304262587183,0.467030535716558,-0.383058767097717,1.44766729227208,1.70285160858943,directly_matched,tau025,20,inverse_variance,primary,0,,final_robustness_v1,43e09c19323d23af085aacc87203ea5b799c83fe,domain_20km
domain_20km__agriculture,agriculture,Neither actor dominant minus Militia dominant,0.0240271016441642,0.276004831887241,-0.51693242841386,0.564986631702188,1.02431807821851,directly_matched,tau025,20,inverse_variance,primary,0,,final_robustness_v1,43e09c19323d23af085aacc87203ea5b799c83fe,domain_20km
domain_20km__agriculture,agriculture,Neither actor dominant minus Park dominant,0.754511829086305,0.30809352268948,0.150659620744849,1.35836403742776,2.12657313876915,directly_matched,tau025,20,inverse_variance,primary,0,,final_robustness_v1,43e09c19323d23af085aacc87203ea5b799c83fe,domain_20km
domain_20km__agriculture,agriculture,Militia dominant minus Park dominant,0.730484727442141,0.229692263616153,0.280296163227002,1.18067329165728,2.0760867000099,directly_matched,tau025,20,inverse_variance,primary,0,,final_robustness_v1,43e09c19323d23af085aacc87203ea5b799c83fe,domain_20km
domain_full__fire,fire,Neither actor dominant minus Militia dominant,0.138191192813422,0.0775265431654399,-0.01375803963673,0.290140425263574,1.14819505593266,directly_matched,tau025,Inf,inverse_variance,primary,0,,final_robustness_v1,43e09c19323d23af085aacc87203ea5b799c83fe,domain_full
domain_full__fire,fire,Neither actor dominant minus Park dominant,0.0810793305419779,0.0742513480123505,-0.0644506373657788,0.226609298449735,1.08445692370993,directly_matched,tau025,Inf,inverse_variance,primary,0,,final_robustness_v1,43e09c19323d23af085aacc87203ea5b799c83fe,domain_full
domain_full__fire,fire,Militia dominant minus Park dominant,-0.0571118622714441,0.0783352400361509,-0.2106461114626,0.0964223869197117,0.944488410838043,directly_matched,tau025,Inf,inverse_variance,primary,0,,final_robustness_v1,43e09c19323d23af085aacc87203ea5b799c83fe,domain_full
domain_full__tree_cover_loss,tree_cover_loss,Neither actor dominant minus Militia dominant,0.615625381298696,0.432086964518633,-0.23124950734706,1.46250026994445,1.8508137019821,directly_matched,tau025,Inf,inverse_variance,primary,0,,final_robustness_v1,43e09c19323d23af085aacc87203ea5b799c83fe,domain_full
domain_full__tree_cover_loss,tree_cover_loss,Neither actor dominant minus Park dominant,1.43214167412954,0.369682654634195,0.707576985337362,2.15670636292173,4.1876581940849,directly_matched,tau025,Inf,inverse_variance,primary,0,,final_robustness_v1,43e09c19323d23af085aacc87203ea5b799c83fe,domain_full
domain_full__tree_cover_loss,tree_cover_loss,Militia dominant minus Park dominant,0.816516292830847,0.460941656194205,-0.0869127522840374,1.71994533794573,2.26260384262349,directly_matched,tau025,Inf,inverse_variance,primary,0,,final_robustness_v1,43e09c19323d23af085aacc87203ea5b799c83fe,domain_full
domain_full__agriculture,agriculture,Neither actor dominant minus Militia dominant,0.398847085827351,0.305928649829092,-0.200762049676636,0.998456221331338,1.4901057428983,directly_matched,tau025,Inf,inverse_variance,primary,0,,final_robustness_v1,43e09c19323d23af085aacc87203ea5b799c83fe,domain_full
domain_full__agriculture,agriculture,Neither actor dominant minus Park dominant,1.13590102080962,0.321029848222299,0.506694080331551,1.76510796128768,3.11397803827422,directly_matched,tau025,Inf,inverse_variance,primary,0,,final_robustness_v1,43e09c19323d23af085aacc87203ea5b799c83fe,domain_full
domain_full__agriculture,agriculture,Militia dominant minus Park dominant,0.737053934982266,0.21487166657831,0.31591320719068,1.15819466277385,2.08976983889576,directly_matched,tau025,Inf,inverse_variance,primary,0,,final_robustness_v1,43e09c19323d23af085aacc87203ea5b799c83fe,domain_full
weight_unweighted__fire,fire,Neither actor dominant minus Militia dominant,0.159579306386865,0.0444340886528708,0.0724900929413787,0.246668519832352,1.17301728629468,directly_matched,tau025,10,unweighted,primary,0,,final_robustness_v1,43e09c19323d23af085aacc87203ea5b799c83fe,weight_unweighted
weight_unweighted__fire,fire,Neither actor dominant minus Park dominant,0.102460211716044,0.0426402589370402,0.0188868399079833,0.186033583524105,1.10789321986281,directly_matched,tau025,10,unweighted,primary,0,,final_robustness_v1,43e09c19323d23af085aacc87203ea5b799c83fe,weight_unweighted
weight_unweighted__fire,fire,Militia dominant minus Park dominant,-0.0571190946708212,0.0449781665061582,-0.145274681113537,0.0310364917718946,0.944481579945351,directly_matched,tau025,10,unweighted,primary,0,,final_robustness_v1,43e09c19323d23af085aacc87203ea5b799c83fe,weight_unweighted
weight_unweighted__tree_cover_loss,tree_cover_loss,Neither actor dominant minus Militia dominant,-0.000534899310654348,0.435019016756456,-0.853156504743334,0.852086706122026,0.999465243722478,directly_matched,tau025,10,unweighted,primary,0,,final_robustness_v1,43e09c19323d23af085aacc87203ea5b799c83fe,weight_unweighted
weight_unweighted__tree_cover_loss,tree_cover_loss,Neither actor dominant minus Park dominant,0.880404388682804,0.400006306463833,0.0964064344248007,1.66440234294081,2.4118748441279,directly_matched,tau025,10,unweighted,primary,0,,final_robustness_v1,43e09c19323d23af085aacc87203ea5b799c83fe,weight_unweighted
weight_unweighted__tree_cover_loss,tree_cover_loss,Militia dominant minus Park dominant,0.880939287993459,0.476049392339625,-0.052100375854384,1.8139789518413,2.41316529942046,directly_matched,tau025,10,unweighted,primary,0,,final_robustness_v1,43e09c19323d23af085aacc87203ea5b799c83fe,weight_unweighted
weight_unweighted__agriculture,agriculture,Neither actor dominant minus Militia dominant,0.294361460846291,0.327883755204318,-0.348278890469919,0.937001812162501,1.34226899367757,directly_matched,tau025,10,unweighted,primary,0,,final_robustness_v1,43e09c19323d23af085aacc87203ea5b799c83fe,weight_unweighted
weight_unweighted__agriculture,agriculture,Neither actor dominant minus Park dominant,0.525932329378657,0.199265691628775,0.135378750431793,0.91648590832552,1.69203564776082,directly_matched,tau025,10,unweighted,primary,0,,final_robustness_v1,43e09c19323d23af085aacc87203ea5b799c83fe,weight_unweighted
weight_unweighted__agriculture,agriculture,Militia dominant minus Park dominant,0.231570868532365,0.296148132090194,-0.348868804453226,0.812010541517957,1.26057865877163,directly_matched,tau025,10,unweighted,primary,0,,final_robustness_v1,43e09c19323d23af085aacc87203ea5b799c83fe,weight_unweighted
lag_1__fire,fire,Neither actor dominant minus Militia dominant,0.0369608141094968,0.0456687595727886,-0.0525483098717876,0.126469938090781,1.03765235870976,directly_matched,tau025,10,inverse_variance,primary,1,,final_robustness_v1,43e09c19323d23af085aacc87203ea5b799c83fe,lag_1
lag_1__fire,fire,Neither actor dominant minus Park dominant,0.0243874331267374,0.0457427791582609,-0.0652667665762234,0.114041632829698,1.02468723877635,directly_matched,tau025,10,inverse_variance,primary,1,,final_robustness_v1,43e09c19323d23af085aacc87203ea5b799c83fe,lag_1
lag_1__fire,fire,Militia dominant minus Park dominant,-0.0125733809827594,0.048016523736544,-0.106684038169198,0.0815372762036794,0.987505333723204,directly_matched,tau025,10,inverse_variance,primary,1,,final_robustness_v1,43e09c19323d23af085aacc87203ea5b799c83fe,lag_1
lag_1__tree_cover_loss,tree_cover_loss,Neither actor dominant minus Militia dominant,0.485072427558225,0.429400889361019,-0.35653785051884,1.32668270563529,1.62429264813436,directly_matched,tau025,10,inverse_variance,primary,1,,final_robustness_v1,43e09c19323d23af085aacc87203ea5b799c83fe,lag_1
lag_1__tree_cover_loss,tree_cover_loss,Neither actor dominant minus Park dominant,0.608031144753438,0.366901601354612,-0.111082779771673,1.32714506927855,1.83681142054215,directly_matched,tau025,10,inverse_variance,primary,1,,final_robustness_v1,43e09c19323d23af085aacc87203ea5b799c83fe,lag_1
lag_1__tree_cover_loss,tree_cover_loss,Militia dominant minus Park dominant,0.122958717195213,0.435132209125339,-0.729884741203802,0.975802175594228,1.13083773583036,directly_matched,tau025,10,inverse_variance,primary,1,,final_robustness_v1,43e09c19323d23af085aacc87203ea5b799c83fe,lag_1
lag_1__agriculture,agriculture,Neither actor dominant minus Militia dominant,0.121833350570638,0.277320171676491,-0.42170419810175,0.665370899243026,1.12956584459085,directly_matched,tau025,10,inverse_variance,primary,1,,final_robustness_v1,43e09c19323d23af085aacc87203ea5b799c83fe,lag_1
lag_1__agriculture,agriculture,Neither actor dominant minus Park dominant,0.633825481258866,0.314413830483044,0.017585697270818,1.25006526524691,1.88480709964736,directly_matched,tau025,10,inverse_variance,primary,1,,final_robustness_v1,43e09c19323d23af085aacc87203ea5b799c83fe,lag_1
lag_1__agriculture,agriculture,Militia dominant minus Park dominant,0.511992130688228,0.349821805390956,-0.173646008884826,1.19763027026128,1.66861197926011,directly_matched,tau025,10,inverse_variance,primary,1,,final_robustness_v1,43e09c19323d23af085aacc87203ea5b799c83fe,lag_1
lag_2__fire,fire,Neither actor dominant minus Militia dominant,-0.0504053189780364,0.046131731044303,-0.140821850369358,0.0400112124132857,0.950843951287579,directly_matched,tau025,10,inverse_variance,primary,2,,final_robustness_v1,43e09c19323d23af085aacc87203ea5b799c83fe,lag_2
lag_2__fire,fire,Neither actor dominant minus Park dominant,0.00176478147685294,0.0485326211271269,-0.0933574080076435,0.0968869709613494,1.00176633962014,directly_matched,tau025,10,inverse_variance,primary,2,,final_robustness_v1,43e09c19323d23af085aacc87203ea5b799c83fe,lag_2
lag_2__fire,fire,Militia dominant minus Park dominant,0.0521701004548893,0.0505632394322631,-0.0469320277740218,0.151272228683801,1.05355493744647,directly_matched,tau025,10,inverse_variance,primary,2,,final_robustness_v1,43e09c19323d23af085aacc87203ea5b799c83fe,lag_2
lag_2__tree_cover_loss,tree_cover_loss,Neither actor dominant minus Militia dominant,0.42112281380147,0.3276367783125,-0.221033471701763,1.0632790993047,1.52367139479447,directly_matched,tau025,10,inverse_variance,primary,2,,final_robustness_v1,43e09c19323d23af085aacc87203ea5b799c83fe,lag_2
lag_2__tree_cover_loss,tree_cover_loss,Neither actor dominant minus Park dominant,0.53021205529889,0.38239919838811,-0.219276601258794,1.27970071185657,1.69929261441807,directly_matched,tau025,10,inverse_variance,primary,2,,final_robustness_v1,43e09c19323d23af085aacc87203ea5b799c83fe,lag_2
lag_2__tree_cover_loss,tree_cover_loss,Militia dominant minus Park dominant,0.109089241497419,0.430552244145912,-0.734777650491465,0.952956133486304,1.11526187354019,directly_matched,tau025,10,inverse_variance,primary,2,,final_robustness_v1,43e09c19323d23af085aacc87203ea5b799c83fe,lag_2
lag_2__agriculture,agriculture,Neither actor dominant minus Militia dominant,0.18466047624783,0.250229045308254,-0.305779440442188,0.675100392937849,1.20280998823171,directly_matched,tau025,10,inverse_variance,primary,2,,final_robustness_v1,43e09c19323d23af085aacc87203ea5b799c83fe,lag_2
lag_2__agriculture,agriculture,Neither actor dominant minus Park dominant,0.903876129871085,0.162115075139177,0.586136421247294,1.22161583849488,2.46915535315268,directly_matched,tau025,10,inverse_variance,primary,2,,final_robustness_v1,43e09c19323d23af085aacc87203ea5b799c83fe,lag_2
lag_2__agriculture,agriculture,Militia dominant minus Park dominant,0.719215653623255,0.242174502015759,0.244562351698444,1.19386895554807,2.05282245517654,directly_matched,tau025,10,inverse_variance,primary,2,,final_robustness_v1,43e09c19323d23af085aacc87203ea5b799c83fe,lag_2
transition_SESU1_2004_earlier__fire,fire,Neither actor dominant minus Militia dominant,0.103695210121687,0.0460246654783571,,,1.10926231146192,directly_matched,tau025,10,inverse_variance,transition_SESU1_2004_earlier,0,,final_robustness_v1,43e09c19323d23af085aacc87203ea5b799c83fe,transition_SESU1_2004_earlier
transition_SESU1_2004_earlier__fire,fire,Neither actor dominant minus Park dominant,0.0812050952697029,0.0451436434620665,,,1.08459331871634,directly_matched,tau025,10,inverse_variance,transition_SESU1_2004_earlier,0,,final_robustness_v1,43e09c19323d23af085aacc87203ea5b799c83fe,transition_SESU1_2004_earlier
transition_SESU1_2004_earlier__fire,fire,Militia dominant minus Park dominant,-0.0224901148519846,0.0458683970109846,,,0.97776090245681,directly_matched,tau025,10,inverse_variance,transition_SESU1_2004_earlier,0,,final_robustness_v1,43e09c19323d23af085aacc87203ea5b799c83fe,transition_SESU1_2004_earlier
transition_SESU1_2004_earlier__tree_cover_loss,tree_cover_loss,Neither actor dominant minus Militia dominant,0.18841050783397,0.398540170722002,-0.592713873173597,0.969534888841538,1.20732903166166,directly_matched,tau025,10,inverse_variance,transition_SESU1_2004_earlier,0,,final_robustness_v1,43e09c19323d23af085aacc87203ea5b799c83fe,transition_SESU1_2004_earlier
transition_SESU1_2004_earlier__tree_cover_loss,tree_cover_loss,Neither actor dominant minus Park dominant,0.611885749162184,0.35305221069937,-0.080083868470827,1.3038553667952,1.8439052651408,directly_matched,tau025,10,inverse_variance,transition_SESU1_2004_earlier,0,,final_robustness_v1,43e09c19323d23af085aacc87203ea5b799c83fe,transition_SESU1_2004_earlier
transition_SESU1_2004_earlier__tree_cover_loss,tree_cover_loss,Militia dominant minus Park dominant,0.423475241328214,0.401294276868434,-0.363047088535961,1.20999757119239,1.52725994056733,directly_matched,tau025,10,inverse_variance,transition_SESU1_2004_earlier,0,,final_robustness_v1,43e09c19323d23af085aacc87203ea5b799c83fe,transition_SESU1_2004_earlier
transition_SESU1_2004_earlier__agriculture,agriculture,Neither actor dominant minus Militia dominant,0.0950082184670562,0.308795463896074,-0.510219769358587,0.7002362062927,1.09966789267331,directly_matched,tau025,10,inverse_variance,transition_SESU1_2004_earlier,0,,final_robustness_v1,43e09c19323d23af085aacc87203ea5b799c83fe,transition_SESU1_2004_earlier
transition_SESU1_2004_earlier__agriculture,agriculture,Neither actor dominant minus Park dominant,0.654995465647054,0.330286348064253,0.00764611885585864,1.30234481243825,1.92513378812051,directly_matched,tau025,10,inverse_variance,transition_SESU1_2004_earlier,0,,final_robustness_v1,43e09c19323d23af085aacc87203ea5b799c83fe,transition_SESU1_2004_earlier
transition_SESU1_2004_earlier__agriculture,agriculture,Militia dominant minus Park dominant,0.559987247179998,0.216925438409236,0.134821200567334,0.985153293792662,1.75065017442718,directly_matched,tau025,10,inverse_variance,transition_SESU1_2004_earlier,0,,final_robustness_v1,43e09c19323d23af085aacc87203ea5b799c83fe,transition_SESU1_2004_earlier
transition_SESU1_2004_later__fire,fire,Neither actor dominant minus Militia dominant,0.177528411430293,0.0441986130637,,,1.19426198811168,directly_matched,tau025,10,inverse_variance,transition_SESU1_2004_later,0,,final_robustness_v1,43e09c19323d23af085aacc87203ea5b799c83fe,transition_SESU1_2004_later
transition_SESU1_2004_later__fire,fire,Neither actor dominant minus Park dominant,0.10403144828196,0.0413341207810403,,,1.10963535049225,directly_matched,tau025,10,inverse_variance,transition_SESU1_2004_later,0,,final_robustness_v1,43e09c19323d23af085aacc87203ea5b799c83fe,transition_SESU1_2004_later
transition_SESU1_2004_later__fire,fire,Militia dominant minus Park dominant,-0.0734969631483332,0.0453169143629891,,,0.929138967444457,directly_matched,tau025,10,inverse_variance,transition_SESU1_2004_later,0,,final_robustness_v1,43e09c19323d23af085aacc87203ea5b799c83fe,transition_SESU1_2004_later
transition_SESU1_2004_later__tree_cover_loss,tree_cover_loss,Neither actor dominant minus Militia dominant,0.158918608613497,0.463717323244139,-0.749950643952333,1.06778786117933,1.17224253235279,directly_matched,tau025,10,inverse_variance,transition_SESU1_2004_later,0,,final_robustness_v1,43e09c19323d23af085aacc87203ea5b799c83fe,transition_SESU1_2004_later
transition_SESU1_2004_later__tree_cover_loss,tree_cover_loss,Neither actor dominant minus Park dominant,0.599547600628511,0.338737164531905,-0.064365042079241,1.26346024333626,1.82129466142447,directly_matched,tau025,10,inverse_variance,transition_SESU1_2004_later,0,,final_robustness_v1,43e09c19323d23af085aacc87203ea5b799c83fe,transition_SESU1_2004_later
transition_SESU1_2004_later__tree_cover_loss,tree_cover_loss,Militia dominant minus Park dominant,0.440628992015014,0.471414318862281,-0.483326094751538,1.36458407878157,1.55368416616736,directly_matched,tau025,10,inverse_variance,transition_SESU1_2004_later,0,,final_robustness_v1,43e09c19323d23af085aacc87203ea5b799c83fe,transition_SESU1_2004_later
transition_SESU1_2004_later__agriculture,agriculture,Neither actor dominant minus Militia dominant,-0.0813760237788233,0.249813888092043,-0.571002247277146,0.4082501997195,0.921846989876046,directly_matched,tau025,10,inverse_variance,transition_SESU1_2004_later,0,,final_robustness_v1,43e09c19323d23af085aacc87203ea5b799c83fe,transition_SESU1_2004_later
transition_SESU1_2004_later__agriculture,agriculture,Neither actor dominant minus Park dominant,0.552613628374753,0.269194425100623,0.0250022503385668,1.08022500641094,1.73778902226828,directly_matched,tau025,10,inverse_variance,transition_SESU1_2004_later,0,,final_robustness_v1,43e09c19323d23af085aacc87203ea5b799c83fe,transition_SESU1_2004_later
transition_SESU1_2004_later__agriculture,agriculture,Militia dominant minus Park dominant,0.633989652153576,0.227493937618282,0.188109727720541,1.07986957658661,1.88511655551639,directly_matched,tau025,10,inverse_variance,transition_SESU1_2004_later,0,,final_robustness_v1,43e09c19323d23af085aacc87203ea5b799c83fe,transition_SESU1_2004_later
transition_SESU1_2007_earlier__fire,fire,Neither actor dominant minus Militia dominant,0.159216999999164,0.044977332667541,,,1.17259237161827,directly_matched,tau025,10,inverse_variance,transition_SESU1_2007_earlier,0,,final_robustness_v1,43e09c19323d23af085aacc87203ea5b799c83fe,transition_SESU1_2007_earlier
transition_SESU1_2007_earlier__fire,fire,Neither actor dominant minus Park dominant,0.0964822614742797,0.0420613682949312,,,1.10129004570873,directly_matched,tau025,10,inverse_variance,transition_SESU1_2007_earlier,0,,final_robustness_v1,43e09c19323d23af085aacc87203ea5b799c83fe,transition_SESU1_2007_earlier
transition_SESU1_2007_earlier__fire,fire,Militia dominant minus Park dominant,-0.0627347385248841,0.0461190770583836,,,0.939192572256681,directly_matched,tau025,10,inverse_variance,transition_SESU1_2007_earlier,0,,final_robustness_v1,43e09c19323d23af085aacc87203ea5b799c83fe,transition_SESU1_2007_earlier
transition_SESU1_2007_earlier__tree_cover_loss,tree_cover_loss,Neither actor dominant minus Militia dominant,-0.0540106679185075,0.380810687814552,-0.800385900962955,0.69236456512594,0.947421999427206,directly_matched,tau025,10,inverse_variance,transition_SESU1_2007_earlier,0,,final_robustness_v1,43e09c19323d23af085aacc87203ea5b799c83fe,transition_SESU1_2007_earlier
transition_SESU1_2007_earlier__tree_cover_loss,tree_cover_loss,Neither actor dominant minus Park dominant,0.564752368570513,0.337055921753653,-0.0958650988425971,1.22536983598362,1.75901214209365,directly_matched,tau025,10,inverse_variance,transition_SESU1_2007_earlier,0,,final_robustness_v1,43e09c19323d23af085aacc87203ea5b799c83fe,transition_SESU1_2007_earlier
transition_SESU1_2007_earlier__tree_cover_loss,tree_cover_loss,Militia dominant minus Park dominant,0.61876303648902,0.399869432565306,-0.164966649857448,1.40249272283549,1.85663003725597,directly_matched,tau025,10,inverse_variance,transition_SESU1_2007_earlier,0,,final_robustness_v1,43e09c19323d23af085aacc87203ea5b799c83fe,transition_SESU1_2007_earlier
transition_SESU1_2007_earlier__agriculture,agriculture,Neither actor dominant minus Militia dominant,-0.0230686929813853,0.294313915179128,-0.599913366881453,0.553775980918683,0.977195355005335,directly_matched,tau025,10,inverse_variance,transition_SESU1_2007_earlier,0,,final_robustness_v1,43e09c19323d23af085aacc87203ea5b799c83fe,transition_SESU1_2007_earlier
transition_SESU1_2007_earlier__agriculture,agriculture,Neither actor dominant minus Park dominant,0.578715543504058,0.315491305679826,-0.0396360530639176,1.19706714007203,1.78374581478363,directly_matched,tau025,10,inverse_variance,transition_SESU1_2007_earlier,0,,final_robustness_v1,43e09c19323d23af085aacc87203ea5b799c83fe,transition_SESU1_2007_earlier
transition_SESU1_2007_earlier__agriculture,agriculture,Militia dominant minus Park dominant,0.601784236485444,0.21970028792227,0.171179584764715,1.03238888820617,1.82537279331817,directly_matched,tau025,10,inverse_variance,transition_SESU1_2007_earlier,0,,final_robustness_v1,43e09c19323d23af085aacc87203ea5b799c83fe,transition_SESU1_2007_earlier
transition_SESU1_2007_later__fire,fire,Neither actor dominant minus Militia dominant,0.113292889214319,0.0457719376455495,0.0235815399264289,0.203004238502209,1.11995990909375,directly_matched,tau025,10,inverse_variance,transition_SESU1_2007_later,0,,final_robustness_v1,43e09c19323d23af085aacc87203ea5b799c83fe,transition_SESU1_2007_later
transition_SESU1_2007_later__fire,fire,Neither actor dominant minus Park dominant,0.0857569996232824,0.0448744849073778,-0.00219537461996432,0.173709373866529,1.08954153713028,directly_matched,tau025,10,inverse_variance,transition_SESU1_2007_later,0,,final_robustness_v1,43e09c19323d23af085aacc87203ea5b799c83fe,transition_SESU1_2007_later
transition_SESU1_2007_later__fire,fire,Militia dominant minus Park dominant,-0.0275358895910365,0.0456331850270048,-0.116975288743818,0.0619035095617453,0.972839767105522,directly_matched,tau025,10,inverse_variance,transition_SESU1_2007_later,0,,final_robustness_v1,43e09c19323d23af085aacc87203ea5b799c83fe,transition_SESU1_2007_later
transition_SESU1_2007_later__tree_cover_loss,tree_cover_loss,Neither actor dominant minus Militia dominant,0.134970362063987,0.383323248887629,-0.616329400192649,0.886270124320623,1.14450286314602,directly_matched,tau025,10,inverse_variance,transition_SESU1_2007_later,0,,final_robustness_v1,43e09c19323d23af085aacc87203ea5b799c83fe,transition_SESU1_2007_later
transition_SESU1_2007_later__tree_cover_loss,tree_cover_loss,Neither actor dominant minus Park dominant,0.601170610046549,0.350043201949069,-0.0849014588067065,1.2872426788998,1.82425303990164,directly_matched,tau025,10,inverse_variance,transition_SESU1_2007_later,0,,final_robustness_v1,43e09c19323d23af085aacc87203ea5b799c83fe,transition_SESU1_2007_later
transition_SESU1_2007_later__tree_cover_loss,tree_cover_loss,Militia dominant minus Park dominant,0.466200247982562,0.39059701625254,-0.299355836341223,1.23175633230635,1.59392614788846,directly_matched,tau025,10,inverse_variance,transition_SESU1_2007_later,0,,final_robustness_v1,43e09c19323d23af085aacc87203ea5b799c83fe,transition_SESU1_2007_later
transition_SESU1_2007_later__agriculture,agriculture,Neither actor dominant minus Militia dominant,0.20239703172744,0.29099721562385,-0.367947030496741,0.772741093951622,1.22433401107306,directly_matched,tau025,10,inverse_variance,transition_SESU1_2007_later,0,,final_robustness_v1,43e09c19323d23af085aacc87203ea5b799c83fe,transition_SESU1_2007_later
transition_SESU1_2007_later__agriculture,agriculture,Neither actor dominant minus Park dominant,0.724142516970621,0.309418143805877,0.117694098947866,1.33059093499338,2.06296138694591,directly_matched,tau025,10,inverse_variance,transition_SESU1_2007_later,0,,final_robustness_v1,43e09c19323d23af085aacc87203ea5b799c83fe,transition_SESU1_2007_later
transition_SESU1_2007_later__agriculture,agriculture,Militia dominant minus Park dominant,0.52174548524318,0.223344955460418,0.0839974164120592,0.959493554074301,1.68496616796412,directly_matched,tau025,10,inverse_variance,transition_SESU1_2007_later,0,,final_robustness_v1,43e09c19323d23af085aacc87203ea5b799c83fe,transition_SESU1_2007_later
transition_SESU1_2013_earlier__fire,fire,Neither actor dominant minus Militia dominant,0.148678827396976,0.0446185169734085,,,1.16030027270025,directly_matched,tau025,10,inverse_variance,transition_SESU1_2013_earlier,0,,final_robustness_v1,43e09c19323d23af085aacc87203ea5b799c83fe,transition_SESU1_2013_earlier
transition_SESU1_2013_earlier__fire,fire,Neither actor dominant minus Park dominant,0.102842599027497,0.0437390099322972,,,1.10831694518096,directly_matched,tau025,10,inverse_variance,transition_SESU1_2013_earlier,0,,final_robustness_v1,43e09c19323d23af085aacc87203ea5b799c83fe,transition_SESU1_2013_earlier
transition_SESU1_2013_earlier__fire,fire,Militia dominant minus Park dominant,-0.045836228369479,0.0444818289485127,,,0.955198383778438,directly_matched,tau025,10,inverse_variance,transition_SESU1_2013_earlier,0,,final_robustness_v1,43e09c19323d23af085aacc87203ea5b799c83fe,transition_SESU1_2013_earlier
transition_SESU1_2013_earlier__tree_cover_loss,tree_cover_loss,Neither actor dominant minus Militia dominant,0.362239045467052,0.29992561073621,-0.2256043496171,0.950082440551204,1.43654229984465,directly_matched,tau025,10,inverse_variance,transition_SESU1_2013_earlier,0,,final_robustness_v1,43e09c19323d23af085aacc87203ea5b799c83fe,transition_SESU1_2013_earlier
transition_SESU1_2013_earlier__tree_cover_loss,tree_cover_loss,Neither actor dominant minus Park dominant,0.752244250365838,0.349181329712484,0.0678614200555645,1.43662708067611,2.12175642996928,directly_matched,tau025,10,inverse_variance,transition_SESU1_2013_earlier,0,,final_robustness_v1,43e09c19323d23af085aacc87203ea5b799c83fe,transition_SESU1_2013_earlier
transition_SESU1_2013_earlier__tree_cover_loss,tree_cover_loss,Militia dominant minus Park dominant,0.390005204898786,0.311973253378864,-0.221451135863575,1.00146154566115,1.47698848143819,directly_matched,tau025,10,inverse_variance,transition_SESU1_2013_earlier,0,,final_robustness_v1,43e09c19323d23af085aacc87203ea5b799c83fe,transition_SESU1_2013_earlier
transition_SESU1_2013_earlier__agriculture,agriculture,Neither actor dominant minus Militia dominant,-0.0597273583612993,0.310100177287546,-0.667512537444375,0.548057820721777,0.942021332815446,directly_matched,tau025,10,inverse_variance,transition_SESU1_2013_earlier,0,,final_robustness_v1,43e09c19323d23af085aacc87203ea5b799c83fe,transition_SESU1_2013_earlier
transition_SESU1_2013_earlier__agriculture,agriculture,Neither actor dominant minus Park dominant,0.553743953544883,0.328462105774209,-0.0900299440587528,1.19751785114852,1.73975439948895,directly_matched,tau025,10,inverse_variance,transition_SESU1_2013_earlier,0,,final_robustness_v1,43e09c19323d23af085aacc87203ea5b799c83fe,transition_SESU1_2013_earlier
transition_SESU1_2013_earlier__agriculture,agriculture,Militia dominant minus Park dominant,0.613471311906182,0.221864059600182,0.178625745625978,1.04831687818639,1.84683121165557,directly_matched,tau025,10,inverse_variance,transition_SESU1_2013_earlier,0,,final_robustness_v1,43e09c19323d23af085aacc87203ea5b799c83fe,transition_SESU1_2013_earlier
transition_SESU1_2013_later__fire,fire,Neither actor dominant minus Militia dominant,0.144460569999506,0.0455242885259783,0.0552346040667788,0.233686535932234,1.15541613600675,directly_matched,tau025,10,inverse_variance,transition_SESU1_2013_later,0,,final_robustness_v1,43e09c19323d23af085aacc87203ea5b799c83fe,transition_SESU1_2013_later
transition_SESU1_2013_later__fire,fire,Neither actor dominant minus Park dominant,0.0904933356803603,0.0425924288350581,0.00701370914956114,0.173972962211159,1.09471421209191,directly_matched,tau025,10,inverse_variance,transition_SESU1_2013_later,0,,final_robustness_v1,43e09c19323d23af085aacc87203ea5b799c83fe,transition_SESU1_2013_later
transition_SESU1_2013_later__fire,fire,Militia dominant minus Park dominant,-0.053967234319146,0.0466732283481264,-0.145445080923687,0.0375106122853956,0.947463150268413,directly_matched,tau025,10,inverse_variance,transition_SESU1_2013_later,0,,final_robustness_v1,43e09c19323d23af085aacc87203ea5b799c83fe,transition_SESU1_2013_later
transition_SESU1_2013_later__tree_cover_loss,tree_cover_loss,Neither actor dominant minus Militia dominant,0.138031254575583,0.431787428491916,-0.708256554245737,0.984319063396902,1.14801143032349,directly_matched,tau025,10,inverse_variance,transition_SESU1_2013_later,0,,final_robustness_v1,43e09c19323d23af085aacc87203ea5b799c83fe,transition_SESU1_2013_later
transition_SESU1_2013_later__tree_cover_loss,tree_cover_loss,Neither actor dominant minus Park dominant,0.597890726477972,0.341299636684213,-0.0710442693596907,1.26682572231563,1.81827950393746,directly_matched,tau025,10,inverse_variance,transition_SESU1_2013_later,0,,final_robustness_v1,43e09c19323d23af085aacc87203ea5b799c83fe,transition_SESU1_2013_later
transition_SESU1_2013_later__tree_cover_loss,tree_cover_loss,Militia dominant minus Park dominant,0.459859471902389,0.441229559313596,-0.404934573266738,1.32465351707152,1.58385139373143,directly_matched,tau025,10,inverse_variance,transition_SESU1_2013_later,0,,final_robustness_v1,43e09c19323d23af085aacc87203ea5b799c83fe,transition_SESU1_2013_later
transition_SESU1_2013_later__agriculture,agriculture,Neither actor dominant minus Militia dominant,0.0035133006159709,0.255307040825436,-0.496879304401381,0.503905905633323,1.00351947949054,directly_matched,tau025,10,inverse_variance,transition_SESU1_2013_later,0,,final_robustness_v1,43e09c19323d23af085aacc87203ea5b799c83fe,transition_SESU1_2013_later
transition_SESU1_2013_later__agriculture,agriculture,Neither actor dominant minus Park dominant,0.59467628106936,0.252863951762548,0.0990720426262925,1.09028051951243,1.81244412750852,directly_matched,tau025,10,inverse_variance,transition_SESU1_2013_later,0,,final_robustness_v1,43e09c19323d23af085aacc87203ea5b799c83fe,transition_SESU1_2013_later
transition_SESU1_2013_later__agriculture,agriculture,Militia dominant minus Park dominant,0.591162980453389,0.251131872669109,0.0989535546518378,1.08337240625494,1.80608763910457,directly_matched,tau025,10,inverse_variance,transition_SESU1_2013_later,0,,final_robustness_v1,43e09c19323d23af085aacc87203ea5b799c83fe,transition_SESU1_2013_later
transition_SESU1_2017_earlier__fire,fire,Neither actor dominant minus Militia dominant,0.176437136227477,0.0449725244260494,,,1.19295943047208,directly_matched,tau025,10,inverse_variance,transition_SESU1_2017_earlier,0,,final_robustness_v1,43e09c19323d23af085aacc87203ea5b799c83fe,transition_SESU1_2017_earlier
transition_SESU1_2017_earlier__fire,fire,Neither actor dominant minus Park dominant,0.0934140716349836,0.0415550852131923,,,1.09791625713895,directly_matched,tau025,10,inverse_variance,transition_SESU1_2017_earlier,0,,final_robustness_v1,43e09c19323d23af085aacc87203ea5b799c83fe,transition_SESU1_2017_earlier
transition_SESU1_2017_earlier__fire,fire,Militia dominant minus Park dominant,-0.0830230645924938,0.044884960198681,,,0.920329919940763,directly_matched,tau025,10,inverse_variance,transition_SESU1_2017_earlier,0,,final_robustness_v1,43e09c19323d23af085aacc87203ea5b799c83fe,transition_SESU1_2017_earlier
transition_SESU1_2017_earlier__tree_cover_loss,tree_cover_loss,Neither actor dominant minus Militia dominant,-0.16531166503069,0.311533588555561,-0.775906278574109,0.445282948512728,0.847629486446448,directly_matched,tau025,10,inverse_variance,transition_SESU1_2017_earlier,0,,final_robustness_v1,43e09c19323d23af085aacc87203ea5b799c83fe,transition_SESU1_2017_earlier
transition_SESU1_2017_earlier__tree_cover_loss,tree_cover_loss,Neither actor dominant minus Park dominant,0.653560954563784,0.332499406828759,0.00187409229848468,1.30524781682908,1.92237414220923,directly_matched,tau025,10,inverse_variance,transition_SESU1_2017_earlier,0,,final_robustness_v1,43e09c19323d23af085aacc87203ea5b799c83fe,transition_SESU1_2017_earlier
transition_SESU1_2017_earlier__tree_cover_loss,tree_cover_loss,Militia dominant minus Park dominant,0.818872619594474,0.328282244077484,0.175451244438618,1.46229399475033,2.26794156285016,directly_matched,tau025,10,inverse_variance,transition_SESU1_2017_earlier,0,,final_robustness_v1,43e09c19323d23af085aacc87203ea5b799c83fe,transition_SESU1_2017_earlier
transition_SESU1_2017_earlier__agriculture,agriculture,Neither actor dominant minus Militia dominant,0.159489791592859,0.280146481671523,-0.389587222878936,0.708566806064655,1.17291228859343,directly_matched,tau025,10,inverse_variance,transition_SESU1_2017_earlier,0,,final_robustness_v1,43e09c19323d23af085aacc87203ea5b799c83fe,transition_SESU1_2017_earlier
transition_SESU1_2017_earlier__agriculture,agriculture,Neither actor dominant minus Park dominant,0.483987703483591,0.327527062532715,-0.157953543042728,1.12592895000991,1.62253169404199,directly_matched,tau025,10,inverse_variance,transition_SESU1_2017_earlier,0,,final_robustness_v1,43e09c19323d23af085aacc87203ea5b799c83fe,transition_SESU1_2017_earlier
transition_SESU1_2017_earlier__agriculture,agriculture,Militia dominant minus Park dominant,0.324497911890731,0.230388341846308,-0.127054940585934,0.776050764367397,1.3833359150732,directly_matched,tau025,10,inverse_variance,transition_SESU1_2017_earlier,0,,final_robustness_v1,43e09c19323d23af085aacc87203ea5b799c83fe,transition_SESU1_2017_earlier
transition_SESU1_2017_later__fire,fire,Neither actor dominant minus Militia dominant,0.15959940987504,0.043465397387602,0.0744087964216182,0.244790023328461,1.17304086827087,directly_matched,tau025,10,inverse_variance,transition_SESU1_2017_later,0,,final_robustness_v1,43e09c19323d23af085aacc87203ea5b799c83fe,transition_SESU1_2017_later
transition_SESU1_2017_later__fire,fire,Neither actor dominant minus Park dominant,0.0982919983542213,0.0433690698117709,0.013290183480147,0.183293813228296,1.10328489545208,directly_matched,tau025,10,inverse_variance,transition_SESU1_2017_later,0,,final_robustness_v1,43e09c19323d23af085aacc87203ea5b799c83fe,transition_SESU1_2017_later
transition_SESU1_2017_later__fire,fire,Militia dominant minus Park dominant,-0.0613074115208182,0.0447824086533644,-0.149079319622367,0.0264644965807309,0.940534064323259,directly_matched,tau025,10,inverse_variance,transition_SESU1_2017_later,0,,final_robustness_v1,43e09c19323d23af085aacc87203ea5b799c83fe,transition_SESU1_2017_later
transition_SESU1_2017_later__tree_cover_loss,tree_cover_loss,Neither actor dominant minus Militia dominant,0.163069423769001,0.387840927067589,-0.597084825014099,0.923223672552101,1.17711840684824,directly_matched,tau025,10,inverse_variance,transition_SESU1_2017_later,0,,final_robustness_v1,43e09c19323d23af085aacc87203ea5b799c83fe,transition_SESU1_2017_later
transition_SESU1_2017_later__tree_cover_loss,tree_cover_loss,Neither actor dominant minus Park dominant,0.514861251087911,0.344708797016726,-0.160755576219,1.19047807839482,1.67340630238526,directly_matched,tau025,10,inverse_variance,transition_SESU1_2017_later,0,,final_robustness_v1,43e09c19323d23af085aacc87203ea5b799c83fe,transition_SESU1_2017_later
transition_SESU1_2017_later__tree_cover_loss,tree_cover_loss,Militia dominant minus Park dominant,0.35179182731891,0.402968174845698,-0.438011282294497,1.14159493693232,1.42161255201661,directly_matched,tau025,10,inverse_variance,transition_SESU1_2017_later,0,,final_robustness_v1,43e09c19323d23af085aacc87203ea5b799c83fe,transition_SESU1_2017_later
transition_SESU1_2017_later__agriculture,agriculture,Neither actor dominant minus Militia dominant,0.148468532564948,0.293916540700429,-0.427597301668494,0.72453436679839,1.16005629320401,directly_matched,tau025,10,inverse_variance,transition_SESU1_2017_later,0,,final_robustness_v1,43e09c19323d23af085aacc87203ea5b799c83fe,transition_SESU1_2017_later
transition_SESU1_2017_later__agriculture,agriculture,Neither actor dominant minus Park dominant,0.684742413294289,0.370415362650344,-0.0412583568207279,1.41074318340931,1.98326090809205,directly_matched,tau025,10,inverse_variance,transition_SESU1_2017_later,0,,final_robustness_v1,43e09c19323d23af085aacc87203ea5b799c83fe,transition_SESU1_2017_later
transition_SESU1_2017_later__agriculture,agriculture,Militia dominant minus Park dominant,0.536273880729342,0.303916507549287,-0.0593915283744556,1.13193928983314,1.70962471365453,directly_matched,tau025,10,inverse_variance,transition_SESU1_2017_later,0,,final_robustness_v1,43e09c19323d23af085aacc87203ea5b799c83fe,transition_SESU1_2017_later
transition_SESU3_2004_earlier__fire,fire,Neither actor dominant minus Militia dominant,0.160985623617827,0.0441431864077818,0.0744665680957369,0.247504679139917,1.17466808121522,directly_matched,tau025,10,inverse_variance,transition_SESU3_2004_earlier,0,,final_robustness_v1,43e09c19323d23af085aacc87203ea5b799c83fe,transition_SESU3_2004_earlier
transition_SESU3_2004_earlier__fire,fire,Neither actor dominant minus Park dominant,0.108295748425715,0.0431985045178027,0.0236282353848304,0.192963261466599,1.11437727197942,directly_matched,tau025,10,inverse_variance,transition_SESU3_2004_earlier,0,,final_robustness_v1,43e09c19323d23af085aacc87203ea5b799c83fe,transition_SESU3_2004_earlier
transition_SESU3_2004_earlier__fire,fire,Militia dominant minus Park dominant,-0.0526898751921127,0.0440705301815165,-0.139066527127471,0.0336867767432452,0.948674174262549,directly_matched,tau025,10,inverse_variance,transition_SESU3_2004_earlier,0,,final_robustness_v1,43e09c19323d23af085aacc87203ea5b799c83fe,transition_SESU3_2004_earlier
transition_SESU3_2004_earlier__tree_cover_loss,tree_cover_loss,Neither actor dominant minus Militia dominant,0.0560446882154433,0.383837658840365,-0.696263299021844,0.80835267545273,1.0576449469458,directly_matched,tau025,10,inverse_variance,transition_SESU3_2004_earlier,0,,final_robustness_v1,43e09c19323d23af085aacc87203ea5b799c83fe,transition_SESU3_2004_earlier
transition_SESU3_2004_earlier__tree_cover_loss,tree_cover_loss,Neither actor dominant minus Park dominant,0.585896457984955,0.34588042082751,-0.0920167097945212,1.26380962576443,1.79660084111799,directly_matched,tau025,10,inverse_variance,transition_SESU3_2004_earlier,0,,final_robustness_v1,43e09c19323d23af085aacc87203ea5b799c83fe,transition_SESU3_2004_earlier
transition_SESU3_2004_earlier__tree_cover_loss,tree_cover_loss,Militia dominant minus Park dominant,0.529851769769512,0.393088954012875,-0.240588422816245,1.30029196235527,1.69868049415458,directly_matched,tau025,10,inverse_variance,transition_SESU3_2004_earlier,0,,final_robustness_v1,43e09c19323d23af085aacc87203ea5b799c83fe,transition_SESU3_2004_earlier
transition_SESU3_2004_earlier__agriculture,agriculture,Neither actor dominant minus Militia dominant,0.0657986838088577,0.291448616470428,-0.505430107817209,0.637027475434924,1.06801168747722,directly_matched,tau025,10,inverse_variance,transition_SESU3_2004_earlier,0,,final_robustness_v1,43e09c19323d23af085aacc87203ea5b799c83fe,transition_SESU3_2004_earlier
transition_SESU3_2004_earlier__agriculture,agriculture,Neither actor dominant minus Park dominant,0.634358076618588,0.313149737421983,0.0205958695033264,1.24812028373385,1.8858112065302,directly_matched,tau025,10,inverse_variance,transition_SESU3_2004_earlier,0,,final_robustness_v1,43e09c19323d23af085aacc87203ea5b799c83fe,transition_SESU3_2004_earlier
transition_SESU3_2004_earlier__agriculture,agriculture,Militia dominant minus Park dominant,0.56855939280973,0.219874303768124,0.137613676298388,0.999505109321072,1.76572150721002,directly_matched,tau025,10,inverse_variance,transition_SESU3_2004_earlier,0,,final_robustness_v1,43e09c19323d23af085aacc87203ea5b799c83fe,transition_SESU3_2004_earlier
transition_SESU3_2004_later__fire,fire,Neither actor dominant minus Militia dominant,0.140606265014515,0.0455768111032488,0.0512773567219624,0.229935173307068,1.15097138105706,directly_matched,tau025,10,inverse_variance,transition_SESU3_2004_later,0,,final_robustness_v1,43e09c19323d23af085aacc87203ea5b799c83fe,transition_SESU3_2004_later
transition_SESU3_2004_later__fire,fire,Neither actor dominant minus Park dominant,0.0897209422696986,0.042826781018723,0.00578199389921791,0.173659890640179,1.09386898851252,directly_matched,tau025,10,inverse_variance,transition_SESU3_2004_later,0,,final_robustness_v1,43e09c19323d23af085aacc87203ea5b799c83fe,transition_SESU3_2004_later
transition_SESU3_2004_later__fire,fire,Militia dominant minus Park dominant,-0.0508853227448167,0.0466385111159357,-0.142295124824622,0.0405244793349883,0.950387652130759,directly_matched,tau025,10,inverse_variance,transition_SESU3_2004_later,0,,final_robustness_v1,43e09c19323d23af085aacc87203ea5b799c83fe,transition_SESU3_2004_later
transition_SESU3_2004_later__tree_cover_loss,tree_cover_loss,Neither actor dominant minus Militia dominant,0.086679279274798,0.39555420928667,-0.688592724860293,0.861951283409889,1.09054686264383,directly_matched,tau025,10,inverse_variance,transition_SESU3_2004_later,0,,final_robustness_v1,43e09c19323d23af085aacc87203ea5b799c83fe,transition_SESU3_2004_later
transition_SESU3_2004_later__tree_cover_loss,tree_cover_loss,Neither actor dominant minus Park dominant,0.589802937734066,0.342369930893654,-0.0812297962069627,1.26083567167509,1.80363295237832,directly_matched,tau025,10,inverse_variance,transition_SESU3_2004_later,0,,final_robustness_v1,43e09c19323d23af085aacc87203ea5b799c83fe,transition_SESU3_2004_later
transition_SESU3_2004_later__tree_cover_loss,tree_cover_loss,Militia dominant minus Park dominant,0.503123658459268,0.408583613995561,-0.297685509645248,1.30393282656378,1.65387936471226,directly_matched,tau025,10,inverse_variance,transition_SESU3_2004_later,0,,final_robustness_v1,43e09c19323d23af085aacc87203ea5b799c83fe,transition_SESU3_2004_later
transition_SESU3_2004_later__agriculture,agriculture,Neither actor dominant minus Militia dominant,0.0637393706178556,0.290290230345164,-0.505219025922501,0.632697767158212,1.06581457996375,directly_matched,tau025,10,inverse_variance,transition_SESU3_2004_later,0,,final_robustness_v1,43e09c19323d23af085aacc87203ea5b799c83fe,transition_SESU3_2004_later
transition_SESU3_2004_later__agriculture,agriculture,Neither actor dominant minus Park dominant,0.632592712006811,0.30992851257623,0.0251439895753322,1.24004143443829,1.88248499901007,directly_matched,tau025,10,inverse_variance,transition_SESU3_2004_later,0,,final_robustness_v1,43e09c19323d23af085aacc87203ea5b799c83fe,transition_SESU3_2004_later
transition_SESU3_2004_later__agriculture,agriculture,Militia dominant minus Park dominant,0.568853341388956,0.221215956273756,0.135278034286806,1.00242864849111,1.76624061483011,directly_matched,tau025,10,inverse_variance,transition_SESU3_2004_later,0,,final_robustness_v1,43e09c19323d23af085aacc87203ea5b799c83fe,transition_SESU3_2004_later
transition_SESU3_2007_earlier__fire,fire,Neither actor dominant minus Militia dominant,0.124724837664881,0.0461540481938749,,,1.13283669618629,directly_matched,tau025,10,inverse_variance,transition_SESU3_2007_earlier,0,,final_robustness_v1,43e09c19323d23af085aacc87203ea5b799c83fe,transition_SESU3_2007_earlier
transition_SESU3_2007_earlier__fire,fire,Neither actor dominant minus Park dominant,0.0827133401167597,0.043272929417951,,,1.08623038523868,directly_matched,tau025,10,inverse_variance,transition_SESU3_2007_earlier,0,,final_robustness_v1,43e09c19323d23af085aacc87203ea5b799c83fe,transition_SESU3_2007_earlier
transition_SESU3_2007_earlier__fire,fire,Militia dominant minus Park dominant,-0.0420114975481214,0.0472773259875869,,,0.958858755984418,directly_matched,tau025,10,inverse_variance,transition_SESU3_2007_earlier,0,,final_robustness_v1,43e09c19323d23af085aacc87203ea5b799c83fe,transition_SESU3_2007_earlier
transition_SESU3_2007_earlier__tree_cover_loss,tree_cover_loss,Neither actor dominant minus Militia dominant,-0.00156257544395093,0.39122087181631,-0.768341394204279,0.765216243316377,0.998438644741431,directly_matched,tau025,10,inverse_variance,transition_SESU3_2007_earlier,0,,final_robustness_v1,43e09c19323d23af085aacc87203ea5b799c83fe,transition_SESU3_2007_earlier
transition_SESU3_2007_earlier__tree_cover_loss,tree_cover_loss,Neither actor dominant minus Park dominant,0.57428741499181,0.337539245555919,-0.0872773496666133,1.23585217965023,1.77586462142916,directly_matched,tau025,10,inverse_variance,transition_SESU3_2007_earlier,0,,final_robustness_v1,43e09c19323d23af085aacc87203ea5b799c83fe,transition_SESU3_2007_earlier
transition_SESU3_2007_earlier__tree_cover_loss,tree_cover_loss,Militia dominant minus Park dominant,0.575849990435761,0.408819736122433,-0.225421968533377,1.3771219494049,1.7786417130209,directly_matched,tau025,10,inverse_variance,transition_SESU3_2007_earlier,0,,final_robustness_v1,43e09c19323d23af085aacc87203ea5b799c83fe,transition_SESU3_2007_earlier
transition_SESU3_2007_earlier__agriculture,agriculture,Neither actor dominant minus Militia dominant,0.0637393706178556,0.290290230345164,-0.505219025922501,0.632697767158212,1.06581457996375,directly_matched,tau025,10,inverse_variance,transition_SESU3_2007_earlier,0,,final_robustness_v1,43e09c19323d23af085aacc87203ea5b799c83fe,transition_SESU3_2007_earlier
transition_SESU3_2007_earlier__agriculture,agriculture,Neither actor dominant minus Park dominant,0.632592712006811,0.30992851257623,0.0251439895753322,1.24004143443829,1.88248499901007,directly_matched,tau025,10,inverse_variance,transition_SESU3_2007_earlier,0,,final_robustness_v1,43e09c19323d23af085aacc87203ea5b799c83fe,transition_SESU3_2007_earlier
transition_SESU3_2007_earlier__agriculture,agriculture,Militia dominant minus Park dominant,0.568853341388956,0.221215956273756,0.135278034286806,1.00242864849111,1.76624061483011,directly_matched,tau025,10,inverse_variance,transition_SESU3_2007_earlier,0,,final_robustness_v1,43e09c19323d23af085aacc87203ea5b799c83fe,transition_SESU3_2007_earlier
transition_SESU3_2007_later__fire,fire,Neither actor dominant minus Militia dominant,0.154008247928813,0.044414662973495,0.0669571081152778,0.241059387742348,1.16650050795191,directly_matched,tau025,10,inverse_variance,transition_SESU3_2007_later,0,,final_robustness_v1,43e09c19323d23af085aacc87203ea5b799c83fe,transition_SESU3_2007_later
transition_SESU3_2007_later__fire,fire,Neither actor dominant minus Park dominant,0.105588050290705,0.0435654911656646,0.020201256637204,0.190974843944205,1.11136395613427,directly_matched,tau025,10,inverse_variance,transition_SESU3_2007_later,0,,final_robustness_v1,43e09c19323d23af085aacc87203ea5b799c83fe,transition_SESU3_2007_later
transition_SESU3_2007_later__fire,fire,Militia dominant minus Park dominant,-0.0484201976381081,0.0442549436635608,-0.135158293356536,0.0383178980803202,0.952733366645125,directly_matched,tau025,10,inverse_variance,transition_SESU3_2007_later,0,,final_robustness_v1,43e09c19323d23af085aacc87203ea5b799c83fe,transition_SESU3_2007_later
transition_SESU3_2007_later__tree_cover_loss,tree_cover_loss,Neither actor dominant minus Militia dominant,0.0491416653476128,0.377718040508315,-0.691172090359726,0.789455421054951,1.05036914111006,directly_matched,tau025,10,inverse_variance,transition_SESU3_2007_later,0,,final_robustness_v1,43e09c19323d23af085aacc87203ea5b799c83fe,transition_SESU3_2007_later
transition_SESU3_2007_later__tree_cover_loss,tree_cover_loss,Neither actor dominant minus Park dominant,0.586064711469121,0.352638358246572,-0.105093770261493,1.27722319319974,1.79690315090079,directly_matched,tau025,10,inverse_variance,transition_SESU3_2007_later,0,,final_robustness_v1,43e09c19323d23af085aacc87203ea5b799c83fe,transition_SESU3_2007_later
transition_SESU3_2007_later__tree_cover_loss,tree_cover_loss,Militia dominant minus Park dominant,0.536923046121509,0.378144945601925,-0.204227428194123,1.27807352043714,1.71073490316154,directly_matched,tau025,10,inverse_variance,transition_SESU3_2007_later,0,,final_robustness_v1,43e09c19323d23af085aacc87203ea5b799c83fe,transition_SESU3_2007_later
transition_SESU3_2007_later__agriculture,agriculture,Neither actor dominant minus Militia dominant,0.0657986838088577,0.291448616470428,-0.505430107817209,0.637027475434924,1.06801168747722,directly_matched,tau025,10,inverse_variance,transition_SESU3_2007_later,0,,final_robustness_v1,43e09c19323d23af085aacc87203ea5b799c83fe,transition_SESU3_2007_later
transition_SESU3_2007_later__agriculture,agriculture,Neither actor dominant minus Park dominant,0.634358076618588,0.313149737421983,0.0205958695033265,1.24812028373385,1.8858112065302,directly_matched,tau025,10,inverse_variance,transition_SESU3_2007_later,0,,final_robustness_v1,43e09c19323d23af085aacc87203ea5b799c83fe,transition_SESU3_2007_later
transition_SESU3_2007_later__agriculture,agriculture,Militia dominant minus Park dominant,0.56855939280973,0.219874303768124,0.137613676298388,0.999505109321072,1.76572150721002,directly_matched,tau025,10,inverse_variance,transition_SESU3_2007_later,0,,final_robustness_v1,43e09c19323d23af085aacc87203ea5b799c83fe,transition_SESU3_2007_later
transition_SESU3_2011_earlier__fire,fire,Neither actor dominant minus Militia dominant,0.171567636711408,0.0445244813909864,0.0843012567547512,0.258834016668065,1.18716443591522,directly_matched,tau025,10,inverse_variance,transition_SESU3_2011_earlier,0,,final_robustness_v1,43e09c19323d23af085aacc87203ea5b799c83fe,transition_SESU3_2011_earlier
transition_SESU3_2011_earlier__fire,fire,Neither actor dominant minus Park dominant,0.119544641749839,0.0421384308679382,0.0369548348836492,0.202134448616029,1.12698355346211,directly_matched,tau025,10,inverse_variance,transition_SESU3_2011_earlier,0,,final_robustness_v1,43e09c19323d23af085aacc87203ea5b799c83fe,transition_SESU3_2011_earlier
transition_SESU3_2011_earlier__fire,fire,Militia dominant minus Park dominant,-0.0520229949615693,0.0438233806058327,-0.137915242629792,0.0338692527066537,0.949307037313065,directly_matched,tau025,10,inverse_variance,transition_SESU3_2011_earlier,0,,final_robustness_v1,43e09c19323d23af085aacc87203ea5b799c83fe,transition_SESU3_2011_earlier
transition_SESU3_2011_earlier__tree_cover_loss,tree_cover_loss,Neither actor dominant minus Militia dominant,0.04466706044385,0.39006267697351,-0.71984173813751,0.80917585902521,1.04567965382632,directly_matched,tau025,10,inverse_variance,transition_SESU3_2011_earlier,0,,final_robustness_v1,43e09c19323d23af085aacc87203ea5b799c83fe,transition_SESU3_2011_earlier
transition_SESU3_2011_earlier__tree_cover_loss,tree_cover_loss,Neither actor dominant minus Park dominant,0.505602328989355,0.333793709685134,-0.148621320259526,1.15982597823824,1.65798387151247,directly_matched,tau025,10,inverse_variance,transition_SESU3_2011_earlier,0,,final_robustness_v1,43e09c19323d23af085aacc87203ea5b799c83fe,transition_SESU3_2011_earlier
transition_SESU3_2011_earlier__tree_cover_loss,tree_cover_loss,Militia dominant minus Park dominant,0.460935268545505,0.391672020640605,-0.306727785662109,1.22859832275312,1.58555621259878,directly_matched,tau025,10,inverse_variance,transition_SESU3_2011_earlier,0,,final_robustness_v1,43e09c19323d23af085aacc87203ea5b799c83fe,transition_SESU3_2011_earlier
transition_SESU3_2011_earlier__agriculture,agriculture,Neither actor dominant minus Militia dominant,0.0650753920378571,0.292099290005313,-0.507428696282278,0.637579480357992,1.06723948271068,directly_matched,tau025,10,inverse_variance,transition_SESU3_2011_earlier,0,,final_robustness_v1,43e09c19323d23af085aacc87203ea5b799c83fe,transition_SESU3_2011_earlier
transition_SESU3_2011_earlier__agriculture,agriculture,Neither actor dominant minus Park dominant,0.631810144555481,0.312477935586271,0.0193646448429637,1.244255644268,1.88101240379992,directly_matched,tau025,10,inverse_variance,transition_SESU3_2011_earlier,0,,final_robustness_v1,43e09c19323d23af085aacc87203ea5b799c83fe,transition_SESU3_2011_earlier
transition_SESU3_2011_earlier__agriculture,agriculture,Militia dominant minus Park dominant,0.566734752517624,0.219930671278363,0.135678557716314,0.997790947318934,1.76250263813548,directly_matched,tau025,10,inverse_variance,transition_SESU3_2011_earlier,0,,final_robustness_v1,43e09c19323d23af085aacc87203ea5b799c83fe,transition_SESU3_2011_earlier
transition_SESU3_2011_later__fire,fire,Neither actor dominant minus Militia dominant,0.144520025424754,0.0444865483496447,,,1.15548483380666,directly_matched,tau025,10,inverse_variance,transition_SESU3_2011_later,0,,final_robustness_v1,43e09c19323d23af085aacc87203ea5b799c83fe,transition_SESU3_2011_later
transition_SESU3_2011_later__fire,fire,Neither actor dominant minus Park dominant,0.0765414902817128,0.0434296667807989,,,1.07954698011632,directly_matched,tau025,10,inverse_variance,transition_SESU3_2011_later,0,,final_robustness_v1,43e09c19323d23af085aacc87203ea5b799c83fe,transition_SESU3_2011_later
transition_SESU3_2011_later__fire,fire,Militia dominant minus Park dominant,-0.0679785351430413,0.0463749821720099,,,0.934280527559868,directly_matched,tau025,10,inverse_variance,transition_SESU3_2011_later,0,,final_robustness_v1,43e09c19323d23af085aacc87203ea5b799c83fe,transition_SESU3_2011_later
transition_SESU3_2011_later__tree_cover_loss,tree_cover_loss,Neither actor dominant minus Militia dominant,0.0525265348518348,0.388437994316898,-0.70879794423626,0.813851013939929,1.0539305275979,directly_matched,tau025,10,inverse_variance,transition_SESU3_2011_later,0,,final_robustness_v1,43e09c19323d23af085aacc87203ea5b799c83fe,transition_SESU3_2011_later
transition_SESU3_2011_later__tree_cover_loss,tree_cover_loss,Neither actor dominant minus Park dominant,0.606155332440585,0.347390240239989,-0.0747170270105095,1.28702769189168,1.83336913661176,directly_matched,tau025,10,inverse_variance,transition_SESU3_2011_later,0,,final_robustness_v1,43e09c19323d23af085aacc87203ea5b799c83fe,transition_SESU3_2011_later
transition_SESU3_2011_later__tree_cover_loss,tree_cover_loss,Militia dominant minus Park dominant,0.55362879758875,0.408217142319266,-0.246462099228873,1.35371969440637,1.73955406794255,directly_matched,tau025,10,inverse_variance,transition_SESU3_2011_later,0,,final_robustness_v1,43e09c19323d23af085aacc87203ea5b799c83fe,transition_SESU3_2011_later
transition_SESU3_2011_later__agriculture,agriculture,Neither actor dominant minus Militia dominant,0.0514810024714899,0.289814371302641,-0.516544727483804,0.619506732426784,1.05282918494969,directly_matched,tau025,10,inverse_variance,transition_SESU3_2011_later,0,,final_robustness_v1,43e09c19323d23af085aacc87203ea5b799c83fe,transition_SESU3_2011_later
transition_SESU3_2011_later__agriculture,agriculture,Neither actor dominant minus Park dominant,0.614942150117686,0.310540803023191,0.00629336046208429,1.22359093977329,1.8495496002367,directly_matched,tau025,10,inverse_variance,transition_SESU3_2011_later,0,,final_robustness_v1,43e09c19323d23af085aacc87203ea5b799c83fe,transition_SESU3_2011_later
transition_SESU3_2011_later__agriculture,agriculture,Militia dominant minus Park dominant,0.563461147646196,0.220118675199259,0.132036471930978,0.994885823361413,1.75674233453652,directly_matched,tau025,10,inverse_variance,transition_SESU3_2011_later,0,,final_robustness_v1,43e09c19323d23af085aacc87203ea5b799c83fe,transition_SESU3_2011_later
transition_SESU3_2013_earlier__fire,fire,Neither actor dominant minus Militia dominant,0.176114861492316,0.0428535999130444,,,1.1925750317319,directly_matched,tau025,10,inverse_variance,transition_SESU3_2013_earlier,0,,final_robustness_v1,43e09c19323d23af085aacc87203ea5b799c83fe,transition_SESU3_2013_earlier
transition_SESU3_2013_earlier__fire,fire,Neither actor dominant minus Park dominant,0.0821707135148584,0.0427090913944546,,,1.08564112762374,directly_matched,tau025,10,inverse_variance,transition_SESU3_2013_earlier,0,,final_robustness_v1,43e09c19323d23af085aacc87203ea5b799c83fe,transition_SESU3_2013_earlier
transition_SESU3_2013_earlier__fire,fire,Militia dominant minus Park dominant,-0.0939441479774573,0.0441260438910656,,,0.91033360479394,directly_matched,tau025,10,inverse_variance,transition_SESU3_2013_earlier,0,,final_robustness_v1,43e09c19323d23af085aacc87203ea5b799c83fe,transition_SESU3_2013_earlier
transition_SESU3_2013_earlier__tree_cover_loss,tree_cover_loss,Neither actor dominant minus Militia dominant,0.0111543230326205,0.362484934754717,-0.699303094024976,0.721611740090217,1.0112167644417,directly_matched,tau025,10,inverse_variance,transition_SESU3_2013_earlier,0,,final_robustness_v1,43e09c19323d23af085aacc87203ea5b799c83fe,transition_SESU3_2013_earlier
transition_SESU3_2013_earlier__tree_cover_loss,tree_cover_loss,Neither actor dominant minus Park dominant,0.670477167757652,0.366174253473608,-0.0472111811164605,1.38816551663177,1.95517004219078,directly_matched,tau025,10,inverse_variance,transition_SESU3_2013_earlier,0,,final_robustness_v1,43e09c19323d23af085aacc87203ea5b799c83fe,transition_SESU3_2013_earlier
transition_SESU3_2013_earlier__tree_cover_loss,tree_cover_loss,Militia dominant minus Park dominant,0.659322844725032,0.38705899973843,-0.099298854654388,1.41794454410445,1.93348262305584,directly_matched,tau025,10,inverse_variance,transition_SESU3_2013_earlier,0,,final_robustness_v1,43e09c19323d23af085aacc87203ea5b799c83fe,transition_SESU3_2013_earlier
transition_SESU3_2013_earlier__agriculture,agriculture,Neither actor dominant minus Militia dominant,0.0655199916039737,0.289944209656389,-0.50276021684848,0.633800200056427,1.06771408241723,directly_matched,tau025,10,inverse_variance,transition_SESU3_2013_earlier,0,,final_robustness_v1,43e09c19323d23af085aacc87203ea5b799c83fe,transition_SESU3_2013_earlier
transition_SESU3_2013_earlier__agriculture,agriculture,Neither actor dominant minus Park dominant,0.63647587246797,0.312278247475121,0.024421754261447,1.24852999067449,1.88980920165057,directly_matched,tau025,10,inverse_variance,transition_SESU3_2013_earlier,0,,final_robustness_v1,43e09c19323d23af085aacc87203ea5b799c83fe,transition_SESU3_2013_earlier
transition_SESU3_2013_earlier__agriculture,agriculture,Militia dominant minus Park dominant,0.570955880863996,0.220640779668854,0.138507899192206,1.00340386253579,1.76995811216817,directly_matched,tau025,10,inverse_variance,transition_SESU3_2013_earlier,0,,final_robustness_v1,43e09c19323d23af085aacc87203ea5b799c83fe,transition_SESU3_2013_earlier
transition_SESU3_2013_later__fire,fire,Neither actor dominant minus Militia dominant,0.135039565319293,0.0458358111022716,0.0452030263566596,0.224876104281926,1.14458206921048,directly_matched,tau025,10,inverse_variance,transition_SESU3_2013_later,0,,final_robustness_v1,43e09c19323d23af085aacc87203ea5b799c83fe,transition_SESU3_2013_later
transition_SESU3_2013_later__fire,fire,Neither actor dominant minus Park dominant,0.124163475422005,0.0423333080186565,0.0411917163589979,0.207135234485013,1.13220094289834,directly_matched,tau025,10,inverse_variance,transition_SESU3_2013_later,0,,final_robustness_v1,43e09c19323d23af085aacc87203ea5b799c83fe,transition_SESU3_2013_later
transition_SESU3_2013_later__fire,fire,Militia dominant minus Park dominant,-0.0108760898972877,0.0457409072113554,-0.100526620651733,0.0787744408571573,0.989182840929288,directly_matched,tau025,10,inverse_variance,transition_SESU3_2013_later,0,,final_robustness_v1,43e09c19323d23af085aacc87203ea5b799c83fe,transition_SESU3_2013_later
transition_SESU3_2013_later__tree_cover_loss,tree_cover_loss,Neither actor dominant minus Militia dominant,0.0647047279374765,0.397184422837584,-0.713762436044516,0.843171891919469,1.06684396865389,directly_matched,tau025,10,inverse_variance,transition_SESU3_2013_later,0,,final_robustness_v1,43e09c19323d23af085aacc87203ea5b799c83fe,transition_SESU3_2013_later
transition_SESU3_2013_later__tree_cover_loss,tree_cover_loss,Neither actor dominant minus Park dominant,0.56507271549697,0.336605459406562,-0.0946618619394513,1.22480729293339,1.75957572649342,directly_matched,tau025,10,inverse_variance,transition_SESU3_2013_later,0,,final_robustness_v1,43e09c19323d23af085aacc87203ea5b799c83fe,transition_SESU3_2013_later
transition_SESU3_2013_later__tree_cover_loss,tree_cover_loss,Militia dominant minus Park dominant,0.500367987559494,0.408076614399192,-0.299447479595962,1.30018345471495,1.64932809126118,directly_matched,tau025,10,inverse_variance,transition_SESU3_2013_later,0,,final_robustness_v1,43e09c19323d23af085aacc87203ea5b799c83fe,transition_SESU3_2013_later
transition_SESU3_2013_later__agriculture,agriculture,Neither actor dominant minus Militia dominant,0.0637054715788463,0.291448938854354,-0.507523951908105,0.634934895065797,1.06577845048611,directly_matched,tau025,10,inverse_variance,transition_SESU3_2013_later,0,,final_robustness_v1,43e09c19323d23af085aacc87203ea5b799c83fe,transition_SESU3_2013_later
transition_SESU3_2013_later__agriculture,agriculture,Neither actor dominant minus Park dominant,0.630694065348347,0.310698403764588,0.021736383915672,1.23965174678102,1.87891421605733,directly_matched,tau025,10,inverse_variance,transition_SESU3_2013_later,0,,final_robustness_v1,43e09c19323d23af085aacc87203ea5b799c83fe,transition_SESU3_2013_later
transition_SESU3_2013_later__agriculture,agriculture,Militia dominant minus Park dominant,0.566988593769501,0.220673265127736,0.134476941768281,0.999500245770721,1.76295009080015,directly_matched,tau025,10,inverse_variance,transition_SESU3_2013_later,0,,final_robustness_v1,43e09c19323d23af085aacc87203ea5b799c83fe,transition_SESU3_2013_later
transition_SESU3_2016_earlier__fire,fire,Neither actor dominant minus Militia dominant,0.160888234051037,0.0454820390235892,0.0717450756213564,0.250031392480717,1.17455368637019,directly_matched,tau025,10,inverse_variance,transition_SESU3_2016_earlier,0,,final_robustness_v1,43e09c19323d23af085aacc87203ea5b799c83fe,transition_SESU3_2016_earlier
transition_SESU3_2016_earlier__fire,fire,Neither actor dominant minus Park dominant,0.105066490330436,0.0419700931548838,0.0228066193190726,0.187326361341799,1.11078446432647,directly_matched,tau025,10,inverse_variance,transition_SESU3_2016_earlier,0,,final_robustness_v1,43e09c19323d23af085aacc87203ea5b799c83fe,transition_SESU3_2016_earlier
transition_SESU3_2016_earlier__fire,fire,Militia dominant minus Park dominant,-0.0558217437206007,0.0453739340113278,-0.1447530202197,0.0331095327784988,0.945707699202075,directly_matched,tau025,10,inverse_variance,transition_SESU3_2016_earlier,0,,final_robustness_v1,43e09c19323d23af085aacc87203ea5b799c83fe,transition_SESU3_2016_earlier
transition_SESU3_2016_earlier__tree_cover_loss,tree_cover_loss,Neither actor dominant minus Militia dominant,0.0814042463616801,0.394732871362974,-0.692257965023831,0.855066457747192,1.08480933816965,directly_matched,tau025,10,inverse_variance,transition_SESU3_2016_earlier,0,,final_robustness_v1,43e09c19323d23af085aacc87203ea5b799c83fe,transition_SESU3_2016_earlier
transition_SESU3_2016_earlier__tree_cover_loss,tree_cover_loss,Neither actor dominant minus Park dominant,0.551924553026962,0.336126272323445,-0.106870834984693,1.21071994103862,1.73659196717132,directly_matched,tau025,10,inverse_variance,transition_SESU3_2016_earlier,0,,final_robustness_v1,43e09c19323d23af085aacc87203ea5b799c83fe,transition_SESU3_2016_earlier
transition_SESU3_2016_earlier__tree_cover_loss,tree_cover_loss,Militia dominant minus Park dominant,0.470520306665281,0.403492243816819,-0.320309959256938,1.2613505725875,1.6008268974725,directly_matched,tau025,10,inverse_variance,transition_SESU3_2016_earlier,0,,final_robustness_v1,43e09c19323d23af085aacc87203ea5b799c83fe,transition_SESU3_2016_earlier
transition_SESU3_2016_earlier__agriculture,agriculture,Neither actor dominant minus Militia dominant,0.0637054715788463,0.291448938854354,-0.507523951908105,0.634934895065797,1.06577845048611,directly_matched,tau025,10,inverse_variance,transition_SESU3_2016_earlier,0,,final_robustness_v1,43e09c19323d23af085aacc87203ea5b799c83fe,transition_SESU3_2016_earlier
transition_SESU3_2016_earlier__agriculture,agriculture,Neither actor dominant minus Park dominant,0.630694065348347,0.310698403764588,0.021736383915672,1.23965174678102,1.87891421605733,directly_matched,tau025,10,inverse_variance,transition_SESU3_2016_earlier,0,,final_robustness_v1,43e09c19323d23af085aacc87203ea5b799c83fe,transition_SESU3_2016_earlier
transition_SESU3_2016_earlier__agriculture,agriculture,Militia dominant minus Park dominant,0.566988593769501,0.220673265127736,0.134476941768281,0.999500245770721,1.76295009080015,directly_matched,tau025,10,inverse_variance,transition_SESU3_2016_earlier,0,,final_robustness_v1,43e09c19323d23af085aacc87203ea5b799c83fe,transition_SESU3_2016_earlier
transition_SESU3_2016_later__fire,fire,Neither actor dominant minus Militia dominant,0.168163561188553,0.0431646178444649,,,1.18313010898981,directly_matched,tau025,10,inverse_variance,transition_SESU3_2016_later,0,,final_robustness_v1,43e09c19323d23af085aacc87203ea5b799c83fe,transition_SESU3_2016_later
transition_SESU3_2016_later__fire,fire,Neither actor dominant minus Park dominant,0.0898070802178425,0.0430737466210697,,,1.09396321620096,directly_matched,tau025,10,inverse_variance,transition_SESU3_2016_later,0,,final_robustness_v1,43e09c19323d23af085aacc87203ea5b799c83fe,transition_SESU3_2016_later
transition_SESU3_2016_later__fire,fire,Militia dominant minus Park dominant,-0.0783564809707108,0.0444746952965726,,,0.924634753091539,directly_matched,tau025,10,inverse_variance,transition_SESU3_2016_later,0,,final_robustness_v1,43e09c19323d23af085aacc87203ea5b799c83fe,transition_SESU3_2016_later
transition_SESU3_2016_later__tree_cover_loss,tree_cover_loss,Neither actor dominant minus Militia dominant,0.0229519337389471,0.384180744679978,-0.730028489387587,0.775932356865481,1.02321735613264,directly_matched,tau025,10,inverse_variance,transition_SESU3_2016_later,0,,final_robustness_v1,43e09c19323d23af085aacc87203ea5b799c83fe,transition_SESU3_2016_later
transition_SESU3_2016_later__tree_cover_loss,tree_cover_loss,Neither actor dominant minus Park dominant,0.616775926659167,0.34960024045986,-0.068427953628701,1.30197980694704,1.85294437258155,directly_matched,tau025,10,inverse_variance,transition_SESU3_2016_later,0,,final_robustness_v1,43e09c19323d23af085aacc87203ea5b799c83fe,transition_SESU3_2016_later
transition_SESU3_2016_later__tree_cover_loss,tree_cover_loss,Militia dominant minus Park dominant,0.59382399292022,0.403071351900776,-0.196181340005172,1.38382932584561,1.81090006094595,directly_matched,tau025,10,inverse_variance,transition_SESU3_2016_later,0,,final_robustness_v1,43e09c19323d23af085aacc87203ea5b799c83fe,transition_SESU3_2016_later
transition_SESU3_2016_later__agriculture,agriculture,Neither actor dominant minus Militia dominant,0.0655199916039737,0.289944209656389,-0.502760216848479,0.633800200056427,1.06771408241723,directly_matched,tau025,10,inverse_variance,transition_SESU3_2016_later,0,,final_robustness_v1,43e09c19323d23af085aacc87203ea5b799c83fe,transition_SESU3_2016_later
transition_SESU3_2016_later__agriculture,agriculture,Neither actor dominant minus Park dominant,0.63647587246797,0.312278247475121,0.0244217542614471,1.24852999067449,1.88980920165057,directly_matched,tau025,10,inverse_variance,transition_SESU3_2016_later,0,,final_robustness_v1,43e09c19323d23af085aacc87203ea5b799c83fe,transition_SESU3_2016_later
transition_SESU3_2016_later__agriculture,agriculture,Militia dominant minus Park dominant,0.570955880863996,0.220640779668854,0.138507899192206,1.00340386253579,1.76995811216817,directly_matched,tau025,10,inverse_variance,transition_SESU3_2016_later,0,,final_robustness_v1,43e09c19323d23af085aacc87203ea5b799c83fe,transition_SESU3_2016_later
omit_SESU1_2001_2003__fire,fire,Neither actor dominant minus Militia dominant,0.120162250476941,0.0448104575656238,,,1.1276798033229,directly_matched,tau025,10,inverse_variance,primary,0,SESU1_2001_2003,final_robustness_v1,43e09c19323d23af085aacc87203ea5b799c83fe,omit_SESU1_2001_2003
omit_SESU1_2001_2003__fire,fire,Neither actor dominant minus Park dominant,0.0630401288854138,0.0431553661335998,,,1.06506957842883,directly_matched,tau025,10,inverse_variance,primary,0,SESU1_2001_2003,final_robustness_v1,43e09c19323d23af085aacc87203ea5b799c83fe,omit_SESU1_2001_2003
omit_SESU1_2001_2003__fire,fire,Militia dominant minus Park dominant,-0.0571221215915273,0.0433879075254851,,,0.944478721078827,directly_matched,tau025,10,inverse_variance,primary,0,SESU1_2001_2003,final_robustness_v1,43e09c19323d23af085aacc87203ea5b799c83fe,omit_SESU1_2001_2003
omit_SESU1_2001_2003__tree_cover_loss,tree_cover_loss,Neither actor dominant minus Militia dominant,-0.0546783482526769,0.343965873239012,-0.72883907171201,0.619482375206656,0.946789635521992,directly_matched,tau025,10,inverse_variance,primary,0,SESU1_2001_2003,final_robustness_v1,43e09c19323d23af085aacc87203ea5b799c83fe,omit_SESU1_2001_2003
omit_SESU1_2001_2003__tree_cover_loss,tree_cover_loss,Neither actor dominant minus Park dominant,0.487509581979894,0.302168304134995,-0.104729411394242,1.07974857535403,1.62825612798824,directly_matched,tau025,10,inverse_variance,primary,0,SESU1_2001_2003,final_robustness_v1,43e09c19323d23af085aacc87203ea5b799c83fe,omit_SESU1_2001_2003
omit_SESU1_2001_2003__tree_cover_loss,tree_cover_loss,Militia dominant minus Park dominant,0.542187930232571,0.403820160806177,-0.249285041178709,1.33366090164385,1.7197654757707,directly_matched,tau025,10,inverse_variance,primary,0,SESU1_2001_2003,final_robustness_v1,43e09c19323d23af085aacc87203ea5b799c83fe,omit_SESU1_2001_2003
omit_SESU1_2001_2003__agriculture,agriculture,Neither actor dominant minus Militia dominant,0.331105264159514,0.253446210455617,-0.165640180351655,0.827850708670682,1.39250636560579,directly_matched,tau025,10,inverse_variance,primary,0,SESU1_2001_2003,final_robustness_v1,43e09c19323d23af085aacc87203ea5b799c83fe,omit_SESU1_2001_2003
omit_SESU1_2001_2003__agriculture,agriculture,Neither actor dominant minus Park dominant,0.897784718570382,0.276261569666228,0.356321991712073,1.43924744542869,2.45416042882294,directly_matched,tau025,10,inverse_variance,primary,0,SESU1_2001_2003,final_robustness_v1,43e09c19323d23af085aacc87203ea5b799c83fe,omit_SESU1_2001_2003
omit_SESU1_2001_2003__agriculture,agriculture,Militia dominant minus Park dominant,0.566679454410869,0.21974619847663,0.135984819657084,0.997374089164653,1.76240517777115,directly_matched,tau025,10,inverse_variance,primary,0,SESU1_2001_2003,final_robustness_v1,43e09c19323d23af085aacc87203ea5b799c83fe,omit_SESU1_2001_2003
omit_SESU1_2004_2006__fire,fire,Neither actor dominant minus Militia dominant,0.19678996650036,0.0486202425150965,,,1.21748830052132,directly_matched,tau025,10,inverse_variance,primary,0,SESU1_2004_2006,final_robustness_v1,43e09c19323d23af085aacc87203ea5b799c83fe,omit_SESU1_2004_2006
omit_SESU1_2004_2006__fire,fire,Neither actor dominant minus Park dominant,0.102449953047109,0.042996391938405,,,1.10788185441135,directly_matched,tau025,10,inverse_variance,primary,0,SESU1_2004_2006,final_robustness_v1,43e09c19323d23af085aacc87203ea5b799c83fe,omit_SESU1_2004_2006
omit_SESU1_2004_2006__fire,fire,Militia dominant minus Park dominant,-0.0943400134532509,0.0491268267495084,,,0.909973306467887,directly_matched,tau025,10,inverse_variance,primary,0,SESU1_2004_2006,final_robustness_v1,43e09c19323d23af085aacc87203ea5b799c83fe,omit_SESU1_2004_2006
omit_SESU1_2004_2006__tree_cover_loss,tree_cover_loss,Neither actor dominant minus Militia dominant,0.184748796282661,0.523131781060487,-0.840570653764186,1.21006824632951,1.20291622514312,directly_matched,tau025,10,inverse_variance,primary,0,SESU1_2004_2006,final_robustness_v1,43e09c19323d23af085aacc87203ea5b799c83fe,omit_SESU1_2004_2006
omit_SESU1_2004_2006__tree_cover_loss,tree_cover_loss,Neither actor dominant minus Park dominant,0.592668124522298,0.343844972998051,-0.0812556388190295,1.26659188786363,1.80880810803775,directly_matched,tau025,10,inverse_variance,primary,0,SESU1_2004_2006,final_robustness_v1,43e09c19323d23af085aacc87203ea5b799c83fe,omit_SESU1_2004_2006
omit_SESU1_2004_2006__tree_cover_loss,tree_cover_loss,Militia dominant minus Park dominant,0.407919328239637,0.521522169122353,-0.614245340379381,1.43008399685866,1.50368585129238,directly_matched,tau025,10,inverse_variance,primary,0,SESU1_2004_2006,final_robustness_v1,43e09c19323d23af085aacc87203ea5b799c83fe,omit_SESU1_2004_2006
omit_SESU1_2004_2006__agriculture,agriculture,Neither actor dominant minus Militia dominant,-0.0854783622161868,0.300186414588708,-0.673832923458264,0.50287619902589,0.918073007904512,directly_matched,tau025,10,inverse_variance,primary,0,SESU1_2004_2006,final_robustness_v1,43e09c19323d23af085aacc87203ea5b799c83fe,omit_SESU1_2004_2006
omit_SESU1_2004_2006__agriculture,agriculture,Neither actor dominant minus Park dominant,0.63361376213764,0.311064551975369,0.0239384433988282,1.24328908087645,1.88440809218478,directly_matched,tau025,10,inverse_variance,primary,0,SESU1_2004_2006,final_robustness_v1,43e09c19323d23af085aacc87203ea5b799c83fe,omit_SESU1_2004_2006
omit_SESU1_2004_2006__agriculture,agriculture,Militia dominant minus Park dominant,0.719092124353827,0.233094390810181,0.262235513367567,1.17594873534009,2.05256888718024,directly_matched,tau025,10,inverse_variance,primary,0,SESU1_2004_2006,final_robustness_v1,43e09c19323d23af085aacc87203ea5b799c83fe,omit_SESU1_2004_2006
omit_SESU1_2007_2012__fire,fire,Neither actor dominant minus Militia dominant,0.148743981419335,0.0518232888031973,0.0471722018046501,0.250315761034019,1.16037587339298,directly_matched,tau025,10,inverse_variance,primary,0,SESU1_2007_2012,final_robustness_v1,43e09c19323d23af085aacc87203ea5b799c83fe,omit_SESU1_2007_2012
omit_SESU1_2007_2012__fire,fire,Neither actor dominant minus Park dominant,0.0916281672100025,0.0502107025488092,-0.00678300142411692,0.190039335844122,1.09595723347227,directly_matched,tau025,10,inverse_variance,primary,0,SESU1_2007_2012,final_robustness_v1,43e09c19323d23af085aacc87203ea5b799c83fe,omit_SESU1_2007_2012
omit_SESU1_2007_2012__fire,fire,Militia dominant minus Park dominant,-0.057115814209332,0.0461906956667727,-0.147647914137057,0.0334162857183929,0.944484678285883,directly_matched,tau025,10,inverse_variance,primary,0,SESU1_2007_2012,final_robustness_v1,43e09c19323d23af085aacc87203ea5b799c83fe,omit_SESU1_2007_2012
omit_SESU1_2007_2012__tree_cover_loss,tree_cover_loss,Neither actor dominant minus Militia dominant,0.613765070965327,1.0583367566953,-1.46053685567239,2.68806699760305,1.84737381474809,directly_matched,tau025,10,inverse_variance,primary,0,SESU1_2007_2012,final_robustness_v1,43e09c19323d23af085aacc87203ea5b799c83fe,omit_SESU1_2007_2012
omit_SESU1_2007_2012__tree_cover_loss,tree_cover_loss,Neither actor dominant minus Park dominant,1.09454169077704,0.959142005569121,-0.785342096197956,2.97442547775203,2.98781302728743,directly_matched,tau025,10,inverse_variance,primary,0,SESU1_2007_2012,final_robustness_v1,43e09c19323d23af085aacc87203ea5b799c83fe,omit_SESU1_2007_2012
omit_SESU1_2007_2012__tree_cover_loss,tree_cover_loss,Militia dominant minus Park dominant,0.48077661981171,0.408260428091958,-0.319399115561433,1.28095235518485,1.61732996507523,directly_matched,tau025,10,inverse_variance,primary,0,SESU1_2007_2012,final_robustness_v1,43e09c19323d23af085aacc87203ea5b799c83fe,omit_SESU1_2007_2012
omit_SESU1_2007_2012__agriculture,agriculture,Neither actor dominant minus Militia dominant,-0.501369778863039,0.370588472980035,-1.2277098389896,0.224970281263524,0.605700415590414,directly_matched,tau025,10,inverse_variance,primary,0,SESU1_2007_2012,final_robustness_v1,43e09c19323d23af085aacc87203ea5b799c83fe,omit_SESU1_2007_2012
omit_SESU1_2007_2012__agriculture,agriculture,Neither actor dominant minus Park dominant,0.0716784778664669,0.384600561302963,-0.682124770721231,0.825481726454164,1.07430987412587,directly_matched,tau025,10,inverse_variance,primary,0,SESU1_2007_2012,final_robustness_v1,43e09c19323d23af085aacc87203ea5b799c83fe,omit_SESU1_2007_2012
omit_SESU1_2007_2012__agriculture,agriculture,Militia dominant minus Park dominant,0.573048256729506,0.222420992748472,0.137111121536856,1.00898539192216,1.77366540697958,directly_matched,tau025,10,inverse_variance,primary,0,SESU1_2007_2012,final_robustness_v1,43e09c19323d23af085aacc87203ea5b799c83fe,omit_SESU1_2007_2012
omit_SESU1_2013_2016__fire,fire,Neither actor dominant minus Militia dominant,0.206691856647586,0.0499109911244863,0.108868111610894,0.304515601684277,1.22960361921653,directly_matched,tau025,10,inverse_variance,primary,0,SESU1_2013_2016,final_robustness_v1,43e09c19323d23af085aacc87203ea5b799c83fe,omit_SESU1_2013_2016
omit_SESU1_2013_2016__fire,fire,Neither actor dominant minus Park dominant,0.102455799575774,0.042798342404496,0.0185725898649487,0.1863390092866,1.1078883316933,directly_matched,tau025,10,inverse_variance,primary,0,SESU1_2013_2016,final_robustness_v1,43e09c19323d23af085aacc87203ea5b799c83fe,omit_SESU1_2013_2016
omit_SESU1_2013_2016__fire,fire,Militia dominant minus Park dominant,-0.104236057071811,0.0503997851868544,-0.203017820866601,-0.00545429327702165,0.901012581923939,directly_matched,tau025,10,inverse_variance,primary,0,SESU1_2013_2016,final_robustness_v1,43e09c19323d23af085aacc87203ea5b799c83fe,omit_SESU1_2013_2016
omit_SESU1_2013_2016__tree_cover_loss,tree_cover_loss,Neither actor dominant minus Militia dominant,-0.185540007639999,0.369367903204289,-0.909487794965483,0.538407779685485,0.830655602345833,directly_matched,tau025,10,inverse_variance,primary,0,SESU1_2013_2016,final_robustness_v1,43e09c19323d23af085aacc87203ea5b799c83fe,omit_SESU1_2013_2016
omit_SESU1_2013_2016__tree_cover_loss,tree_cover_loss,Neither actor dominant minus Park dominant,0.569012928020967,0.341606966499095,-0.10052442318524,1.23855027922717,1.76652250571356,directly_matched,tau025,10,inverse_variance,primary,0,SESU1_2013_2016,final_robustness_v1,43e09c19323d23af085aacc87203ea5b799c83fe,omit_SESU1_2013_2016
omit_SESU1_2013_2016__tree_cover_loss,tree_cover_loss,Militia dominant minus Park dominant,0.754552935660966,0.388828612496014,-0.00753714098990188,1.51664301231183,2.12666055670337,directly_matched,tau025,10,inverse_variance,primary,0,SESU1_2013_2016,final_robustness_v1,43e09c19323d23af085aacc87203ea5b799c83fe,omit_SESU1_2013_2016
omit_SESU1_2013_2016__agriculture,agriculture,Neither actor dominant minus Militia dominant,0.461530210738319,0.509459454228124,-0.536991971132235,1.46005239260887,1.58649980755313,directly_matched,tau025,10,inverse_variance,primary,0,SESU1_2013_2016,final_robustness_v1,43e09c19323d23af085aacc87203ea5b799c83fe,omit_SESU1_2013_2016
omit_SESU1_2013_2016__agriculture,agriculture,Neither actor dominant minus Park dominant,0.633006331883272,0.31252760450037,0.0204634828879684,1.24554918087858,1.88326379327409,directly_matched,tau025,10,inverse_variance,primary,0,SESU1_2013_2016,final_robustness_v1,43e09c19323d23af085aacc87203ea5b799c83fe,omit_SESU1_2013_2016
omit_SESU1_2013_2016__agriculture,agriculture,Militia dominant minus Park dominant,0.171476121144953,0.474967647485778,-0.759443361748887,1.10239560403879,1.18705579686055,directly_matched,tau025,10,inverse_variance,primary,0,SESU1_2013_2016,final_robustness_v1,43e09c19323d23af085aacc87203ea5b799c83fe,omit_SESU1_2013_2016
omit_SESU1_2017_2022__fire,fire,Neither actor dominant minus Militia dominant,0.159772310881319,0.0389789663259823,0.0833749407277942,0.236169681034844,1.17324370575229,directly_matched,tau025,10,inverse_variance,primary,0,SESU1_2017_2022,final_robustness_v1,43e09c19323d23af085aacc87203ea5b799c83fe,omit_SESU1_2017_2022
omit_SESU1_2017_2022__fire,fire,Neither actor dominant minus Park dominant,0.202531894586438,0.0430997046088928,0.118058025808693,0.287005763364183,1.22449913939275,directly_matched,tau025,10,inverse_variance,primary,0,SESU1_2017_2022,final_robustness_v1,43e09c19323d23af085aacc87203ea5b799c83fe,omit_SESU1_2017_2022
omit_SESU1_2017_2022__fire,fire,Militia dominant minus Park dominant,0.042759583705119,0.0448914542280403,-0.0452260497954683,0.130745217205706,1.04368694533723,directly_matched,tau025,10,inverse_variance,primary,0,SESU1_2017_2022,final_robustness_v1,43e09c19323d23af085aacc87203ea5b799c83fe,omit_SESU1_2017_2022
omit_SESU1_2017_2022__tree_cover_loss,tree_cover_loss,Neither actor dominant minus Militia dominant,0.0632087112836957,0.389448652064377,-0.700096620590154,0.826514043157546,1.0652491455482,directly_matched,tau025,10,inverse_variance,primary,0,SESU1_2017_2022,final_robustness_v1,43e09c19323d23af085aacc87203ea5b799c83fe,omit_SESU1_2017_2022
omit_SESU1_2017_2022__tree_cover_loss,tree_cover_loss,Neither actor dominant minus Park dominant,0.811398282600736,0.612885587166134,-0.389835394888569,2.01263196009004,2.25105339587528,directly_matched,tau025,10,inverse_variance,primary,0,SESU1_2017_2022,final_robustness_v1,43e09c19323d23af085aacc87203ea5b799c83fe,omit_SESU1_2017_2022
omit_SESU1_2017_2022__tree_cover_loss,tree_cover_loss,Militia dominant minus Park dominant,0.748189571317041,0.654816875385363,-0.535227920907324,2.0316070635414,2.11317080636271,directly_matched,tau025,10,inverse_variance,primary,0,SESU1_2017_2022,final_robustness_v1,43e09c19323d23af085aacc87203ea5b799c83fe,omit_SESU1_2017_2022
omit_SESU1_2017_2022__agriculture,agriculture,Neither actor dominant minus Militia dominant,0.0670410399552822,0.292281219590866,-0.505819623800257,0.639901703710821,1.06933936291372,directly_matched,tau025,10,inverse_variance,primary,0,SESU1_2017_2022,final_robustness_v1,43e09c19323d23af085aacc87203ea5b799c83fe,omit_SESU1_2017_2022
omit_SESU1_2017_2022__agriculture,agriculture,Neither actor dominant minus Park dominant,0.457041039520638,0.317514881527612,-0.165276692828983,1.07935877187026,1.57939370047978,directly_matched,tau025,10,inverse_variance,primary,0,SESU1_2017_2022,final_robustness_v1,43e09c19323d23af085aacc87203ea5b799c83fe,omit_SESU1_2017_2022
omit_SESU1_2017_2022__agriculture,agriculture,Militia dominant minus Park dominant,0.389999999565356,0.32770387086479,-0.252287784923997,1.03228778405471,1.47698079324068,directly_matched,tau025,10,inverse_variance,primary,0,SESU1_2017_2022,final_robustness_v1,43e09c19323d23af085aacc87203ea5b799c83fe,omit_SESU1_2017_2022
omit_SESU3_2001_2003__fire,fire,Neither actor dominant minus Militia dominant,0.168754114920428,0.0468372916009859,0.0769547102490949,0.26055351959176,1.18382901724209,directly_matched,tau025,10,inverse_variance,primary,0,SESU3_2001_2003,final_robustness_v1,43e09c19323d23af085aacc87203ea5b799c83fe,omit_SESU3_2001_2003
omit_SESU3_2001_2003__fire,fire,Neither actor dominant minus Park dominant,0.111634868302129,0.0451295944058214,0.0231824886298192,0.20008724797444,1.11810453069679,directly_matched,tau025,10,inverse_variance,primary,0,SESU3_2001_2003,final_robustness_v1,43e09c19323d23af085aacc87203ea5b799c83fe,omit_SESU3_2001_2003
omit_SESU3_2001_2003__fire,fire,Militia dominant minus Park dominant,-0.0571192466182982,0.0451039355327778,-0.145521335823559,0.0312828425869628,0.944481436433769,directly_matched,tau025,10,inverse_variance,primary,0,SESU3_2001_2003,final_robustness_v1,43e09c19323d23af085aacc87203ea5b799c83fe,omit_SESU3_2001_2003
omit_SESU3_2001_2003__tree_cover_loss,tree_cover_loss,Neither actor dominant minus Militia dominant,0.0338041899406194,0.390428554791508,-0.731421715986759,0.799030095867998,1.03438204448735,directly_matched,tau025,10,inverse_variance,primary,0,SESU3_2001_2003,final_robustness_v1,43e09c19323d23af085aacc87203ea5b799c83fe,omit_SESU3_2001_2003
omit_SESU3_2001_2003__tree_cover_loss,tree_cover_loss,Neither actor dominant minus Park dominant,0.551283381849349,0.34542127148082,-0.125729869747091,1.22829663344579,1.73547887133532,directly_matched,tau025,10,inverse_variance,primary,0,SESU3_2001_2003,final_robustness_v1,43e09c19323d23af085aacc87203ea5b799c83fe,omit_SESU3_2001_2003
omit_SESU3_2001_2003__tree_cover_loss,tree_cover_loss,Militia dominant minus Park dominant,0.51747919190873,0.401018233112523,-0.268502102135702,1.30346048595316,1.67779292050205,directly_matched,tau025,10,inverse_variance,primary,0,SESU3_2001_2003,final_robustness_v1,43e09c19323d23af085aacc87203ea5b799c83fe,omit_SESU3_2001_2003
omit_SESU3_2001_2003__agriculture,agriculture,Neither actor dominant minus Militia dominant,0.0674073716487199,0.295486237812783,-0.511735012391573,0.646549755689013,1.06973116757424,directly_matched,tau025,10,inverse_variance,primary,0,SESU3_2001_2003,final_robustness_v1,43e09c19323d23af085aacc87203ea5b799c83fe,omit_SESU3_2001_2003
omit_SESU3_2001_2003__agriculture,agriculture,Neither actor dominant minus Park dominant,0.636517721071287,0.317395357790129,0.0144342509424303,1.25860119120014,1.88988828918104,directly_matched,tau025,10,inverse_variance,primary,0,SESU3_2001_2003,final_robustness_v1,43e09c19323d23af085aacc87203ea5b799c83fe,omit_SESU3_2001_2003
omit_SESU3_2001_2003__agriculture,agriculture,Militia dominant minus Park dominant,0.569110349422568,0.22094932767957,0.136057624762272,1.00216307408286,1.76669461119527,directly_matched,tau025,10,inverse_variance,primary,0,SESU3_2001_2003,final_robustness_v1,43e09c19323d23af085aacc87203ea5b799c83fe,omit_SESU3_2001_2003
omit_SESU3_2004_2006__fire,fire,Neither actor dominant minus Militia dominant,0.126665467105234,0.048169384240206,,,1.13503724696622,directly_matched,tau025,10,inverse_variance,primary,0,SESU3_2004_2006,final_robustness_v1,43e09c19323d23af085aacc87203ea5b799c83fe,omit_SESU3_2004_2006
omit_SESU3_2004_2006__fire,fire,Neither actor dominant minus Park dominant,0.10244497494445,0.0431382105645141,,,1.10787633927547,directly_matched,tau025,10,inverse_variance,primary,0,SESU3_2004_2006,final_robustness_v1,43e09c19323d23af085aacc87203ea5b799c83fe,omit_SESU3_2004_2006
omit_SESU3_2004_2006__fire,fire,Militia dominant minus Park dominant,-0.0242204921607842,0.048684322049066,,,0.976070470142418,directly_matched,tau025,10,inverse_variance,primary,0,SESU3_2004_2006,final_robustness_v1,43e09c19323d23af085aacc87203ea5b799c83fe,omit_SESU3_2004_2006
omit_SESU3_2004_2006__tree_cover_loss,tree_cover_loss,Neither actor dominant minus Militia dominant,0.067337360844774,0.407884963416415,-0.732102477286837,0.866777198976385,1.06965627745678,directly_matched,tau025,10,inverse_variance,primary,0,SESU3_2004_2006,final_robustness_v1,43e09c19323d23af085aacc87203ea5b799c83fe,omit_SESU3_2004_2006
omit_SESU3_2004_2006__tree_cover_loss,tree_cover_loss,Neither actor dominant minus Park dominant,0.577954690801436,0.342095510977182,-0.0925401899866674,1.24844957158954,1.78238916313115,directly_matched,tau025,10,inverse_variance,primary,0,SESU3_2004_2006,final_robustness_v1,43e09c19323d23af085aacc87203ea5b799c83fe,omit_SESU3_2004_2006
omit_SESU3_2004_2006__tree_cover_loss,tree_cover_loss,Militia dominant minus Park dominant,0.510617329956662,0.423067640826058,-0.318580009086738,1.33981466900006,1.66631954647053,directly_matched,tau025,10,inverse_variance,primary,0,SESU3_2004_2006,final_robustness_v1,43e09c19323d23af085aacc87203ea5b799c83fe,omit_SESU3_2004_2006
omit_SESU3_2004_2006__agriculture,agriculture,Neither actor dominant minus Militia dominant,0.0637968201433704,0.293435570082381,-0.511326329001074,0.638919969287815,1.06587581226452,directly_matched,tau025,10,inverse_variance,primary,0,SESU3_2004_2006,final_robustness_v1,43e09c19323d23af085aacc87203ea5b799c83fe,omit_SESU3_2004_2006
omit_SESU3_2004_2006__agriculture,agriculture,Neither actor dominant minus Park dominant,0.633420132190822,0.311714174800065,0.0224715761120712,1.24436868826957,1.88404324966947,directly_matched,tau025,10,inverse_variance,primary,0,SESU3_2004_2006,final_robustness_v1,43e09c19323d23af085aacc87203ea5b799c83fe,omit_SESU3_2004_2006
omit_SESU3_2004_2006__agriculture,agriculture,Militia dominant minus Park dominant,0.569623312047451,0.223314123810384,0.131935672139981,1.00731095195492,1.7676010919759,directly_matched,tau025,10,inverse_variance,primary,0,SESU3_2004_2006,final_robustness_v1,43e09c19323d23af085aacc87203ea5b799c83fe,omit_SESU3_2004_2006
omit_SESU3_2007_2010__fire,fire,Neither actor dominant minus Militia dominant,0.201702722933118,0.0478761463055001,0.107867200455767,0.295538245410468,1.2234842402378,directly_matched,tau025,10,inverse_variance,primary,0,SESU3_2007_2010,final_robustness_v1,43e09c19323d23af085aacc87203ea5b799c83fe,omit_SESU3_2007_2010
omit_SESU3_2007_2010__fire,fire,Neither actor dominant minus Park dominant,0.144584272078024,0.0461946784035338,0.0540443661296879,0.235124178026361,1.1555590722249,directly_matched,tau025,10,inverse_variance,primary,0,SESU3_2007_2010,final_robustness_v1,43e09c19323d23af085aacc87203ea5b799c83fe,omit_SESU3_2007_2010
omit_SESU3_2007_2010__fire,fire,Militia dominant minus Park dominant,-0.0571184508550933,0.0452687432716254,-0.145843557292869,0.0316066555826824,0.944482188017642,directly_matched,tau025,10,inverse_variance,primary,0,SESU3_2007_2010,final_robustness_v1,43e09c19323d23af085aacc87203ea5b799c83fe,omit_SESU3_2007_2010
omit_SESU3_2007_2010__tree_cover_loss,tree_cover_loss,Neither actor dominant minus Militia dominant,0.0726131675678395,0.41013701789544,-0.731240616233882,0.876466951369561,1.07531448993018,directly_matched,tau025,10,inverse_variance,primary,0,SESU3_2007_2010,final_robustness_v1,43e09c19323d23af085aacc87203ea5b799c83fe,omit_SESU3_2007_2010
omit_SESU3_2007_2010__tree_cover_loss,tree_cover_loss,Neither actor dominant minus Park dominant,0.622354017642424,0.384691315930792,-0.131627106747247,1.3763351420321,1.86330914582776,directly_matched,tau025,10,inverse_variance,primary,0,SESU3_2007_2010,final_robustness_v1,43e09c19323d23af085aacc87203ea5b799c83fe,omit_SESU3_2007_2010
omit_SESU3_2007_2010__tree_cover_loss,tree_cover_loss,Militia dominant minus Park dominant,0.549740850074585,0.409922969267722,-0.25369340612587,1.35317510627504,1.73280390367356,directly_matched,tau025,10,inverse_variance,primary,0,SESU3_2007_2010,final_robustness_v1,43e09c19323d23af085aacc87203ea5b799c83fe,omit_SESU3_2007_2010
omit_SESU3_2007_2010__agriculture,agriculture,Neither actor dominant minus Militia dominant,0.0685151304718706,0.297494788386709,-0.514563940354443,0.651594201298184,1.07091682830534,directly_matched,tau025,10,inverse_variance,primary,0,SESU3_2007_2010,final_robustness_v1,43e09c19323d23af085aacc87203ea5b799c83fe,omit_SESU3_2007_2010
omit_SESU3_2007_2010__agriculture,agriculture,Neither actor dominant minus Park dominant,0.637788061251955,0.319876210604496,0.0108422089559937,1.26473391354792,1.89229061577469,directly_matched,tau025,10,inverse_variance,primary,0,SESU3_2007_2010,final_robustness_v1,43e09c19323d23af085aacc87203ea5b799c83fe,omit_SESU3_2007_2010
omit_SESU3_2007_2010__agriculture,agriculture,Militia dominant minus Park dominant,0.569272930780084,0.221129882101759,0.135866325955048,1.00267953560512,1.76698186615399,directly_matched,tau025,10,inverse_variance,primary,0,SESU3_2007_2010,final_robustness_v1,43e09c19323d23af085aacc87203ea5b799c83fe,omit_SESU3_2007_2010
omit_SESU3_2011_2012__fire,fire,Neither actor dominant minus Militia dominant,0.159619026451971,0.0432115983565834,0.0749258499586571,0.244312202945284,1.173063879543,directly_matched,tau025,10,inverse_variance,primary,0,SESU3_2011_2012,final_robustness_v1,43e09c19323d23af085aacc87203ea5b799c83fe,omit_SESU3_2011_2012
omit_SESU3_2011_2012__fire,fire,Neither actor dominant minus Park dominant,0.0689591155884068,0.043050097615167,-0.0154175252682541,0.153335756445068,1.07139240500483,directly_matched,tau025,10,inverse_variance,primary,0,SESU3_2011_2012,final_robustness_v1,43e09c19323d23af085aacc87203ea5b799c83fe,omit_SESU3_2011_2012
omit_SESU3_2011_2012__fire,fire,Militia dominant minus Park dominant,-0.0906599108635639,0.0452441738920055,-0.179336862202162,-0.00198295952496586,0.9133282711102,directly_matched,tau025,10,inverse_variance,primary,0,SESU3_2011_2012,final_robustness_v1,43e09c19323d23af085aacc87203ea5b799c83fe,omit_SESU3_2011_2012
omit_SESU3_2011_2012__tree_cover_loss,tree_cover_loss,Neither actor dominant minus Militia dominant,0.0351220999047402,0.391337565563281,-0.731885434396873,0.802129634206353,1.03574616558744,directly_matched,tau025,10,inverse_variance,primary,0,SESU3_2011_2012,final_robustness_v1,43e09c19323d23af085aacc87203ea5b799c83fe,omit_SESU3_2011_2012
omit_SESU3_2011_2012__tree_cover_loss,tree_cover_loss,Neither actor dominant minus Park dominant,0.686981359746379,0.374635431923129,-0.0472905941555618,1.42125331364832,1.98770629770342,directly_matched,tau025,10,inverse_variance,primary,0,SESU3_2011_2012,final_robustness_v1,43e09c19323d23af085aacc87203ea5b799c83fe,omit_SESU3_2011_2012
omit_SESU3_2011_2012__tree_cover_loss,tree_cover_loss,Militia dominant minus Park dominant,0.651859259841638,0.423836713670803,-0.17884543427895,1.48256395396223,1.91910563007111,directly_matched,tau025,10,inverse_variance,primary,0,SESU3_2011_2012,final_robustness_v1,43e09c19323d23af085aacc87203ea5b799c83fe,omit_SESU3_2011_2012
omit_SESU3_2011_2012__agriculture,agriculture,Neither actor dominant minus Militia dominant,0.0642706448380049,0.290994165866514,-0.506067439971637,0.634608729647647,1.06638097021449,directly_matched,tau025,10,inverse_variance,primary,0,SESU3_2011_2012,final_robustness_v1,43e09c19323d23af085aacc87203ea5b799c83fe,omit_SESU3_2011_2012
omit_SESU3_2011_2012__agriculture,agriculture,Neither actor dominant minus Park dominant,0.631378974461645,0.313410914709213,0.0171048692698318,1.24565307965346,1.88020154232744,directly_matched,tau025,10,inverse_variance,primary,0,SESU3_2011_2012,final_robustness_v1,43e09c19323d23af085aacc87203ea5b799c83fe,omit_SESU3_2011_2012
omit_SESU3_2011_2012__agriculture,agriculture,Militia dominant minus Park dominant,0.56710832962364,0.221718146547298,0.132548747671963,1.00166791157532,1.763161191773,directly_matched,tau025,10,inverse_variance,primary,0,SESU3_2011_2012,final_robustness_v1,43e09c19323d23af085aacc87203ea5b799c83fe,omit_SESU3_2011_2012
omit_SESU3_2013_2015__fire,fire,Neither actor dominant minus Militia dominant,0.114663353337674,0.046906522806292,0.0227282579973352,0.206598448678013,1.121495826188,directly_matched,tau025,10,inverse_variance,primary,0,SESU3_2013_2015,final_robustness_v1,43e09c19323d23af085aacc87203ea5b799c83fe,omit_SESU3_2013_2015
omit_SESU3_2013_2015__fire,fire,Neither actor dominant minus Park dominant,0.102490705462954,0.0416836715518984,0.0207922104778362,0.184189200448072,1.10792700419336,directly_matched,tau025,10,inverse_variance,primary,0,SESU3_2013_2015,final_robustness_v1,43e09c19323d23af085aacc87203ea5b799c83fe,omit_SESU3_2013_2015
omit_SESU3_2013_2015__fire,fire,Militia dominant minus Park dominant,-0.0121726478747202,0.0473980536849943,-0.105071126034605,0.0807258302851645,0.987901139105656,directly_matched,tau025,10,inverse_variance,primary,0,SESU3_2013_2015,final_robustness_v1,43e09c19323d23af085aacc87203ea5b799c83fe,omit_SESU3_2013_2015
omit_SESU3_2013_2015__tree_cover_loss,tree_cover_loss,Neither actor dominant minus Militia dominant,0.0793535712786658,0.41507393507005,-0.734176392379949,0.892883534937281,1.08258702608883,directly_matched,tau025,10,inverse_variance,primary,0,SESU3_2013_2015,final_robustness_v1,43e09c19323d23af085aacc87203ea5b799c83fe,omit_SESU3_2013_2015
omit_SESU3_2013_2015__tree_cover_loss,tree_cover_loss,Neither actor dominant minus Park dominant,0.57315708218925,0.342595682543596,-0.0983181168551154,1.24463228123362,1.77385843743605,directly_matched,tau025,10,inverse_variance,primary,0,SESU3_2013_2015,final_robustness_v1,43e09c19323d23af085aacc87203ea5b799c83fe,omit_SESU3_2013_2015
omit_SESU3_2013_2015__tree_cover_loss,tree_cover_loss,Militia dominant minus Park dominant,0.493803510910584,0.433401007937273,-0.355646855509828,1.343253877331,1.63853657460189,directly_matched,tau025,10,inverse_variance,primary,0,SESU3_2013_2015,final_robustness_v1,43e09c19323d23af085aacc87203ea5b799c83fe,omit_SESU3_2013_2015
omit_SESU3_2013_2015__agriculture,agriculture,Neither actor dominant minus Militia dominant,0.0637950108495465,0.293435606163489,-0.511328209012572,0.638918230711665,1.06587388378374,directly_matched,tau025,10,inverse_variance,primary,0,SESU3_2013_2015,final_robustness_v1,43e09c19323d23af085aacc87203ea5b799c83fe,omit_SESU3_2013_2015
omit_SESU3_2013_2015__agriculture,agriculture,Neither actor dominant minus Park dominant,0.633420080149684,0.311714295868837,0.0224712867804999,1.24436887351887,1.88404315162172,directly_matched,tau025,10,inverse_variance,primary,0,SESU3_2013_2015,final_robustness_v1,43e09c19323d23af085aacc87203ea5b799c83fe,omit_SESU3_2013_2015
omit_SESU3_2013_2015__agriculture,agriculture,Militia dominant minus Park dominant,0.569625069300137,0.223314247310528,0.131937187336831,1.00731295126344,1.76760419810039,directly_matched,tau025,10,inverse_variance,primary,0,SESU3_2013_2015,final_robustness_v1,43e09c19323d23af085aacc87203ea5b799c83fe,omit_SESU3_2013_2015
omit_SESU3_2016_2022__fire,fire,Neither actor dominant minus Militia dominant,0.159536390151985,0.0458104393972029,0.0697495788175127,0.249323201486457,1.17296694588953,directly_matched,tau025,10,inverse_variance,primary,0,SESU3_2016_2022,final_robustness_v1,43e09c19323d23af085aacc87203ea5b799c83fe,omit_SESU3_2016_2022
omit_SESU3_2016_2022__fire,fire,Neither actor dominant minus Park dominant,0.0416457017420118,0.0532518778776056,-0.0627260610072203,0.146017464491244,1.04252504850179,directly_matched,tau025,10,inverse_variance,primary,0,SESU3_2016_2022,final_robustness_v1,43e09c19323d23af085aacc87203ea5b799c83fe,omit_SESU3_2016_2022
omit_SESU3_2016_2022__fire,fire,Militia dominant minus Park dominant,-0.117890688409973,0.0552584652056249,-0.226195290053958,-0.00958608676598879,0.888793202702898,directly_matched,tau025,10,inverse_variance,primary,0,SESU3_2016_2022,final_robustness_v1,43e09c19323d23af085aacc87203ea5b799c83fe,omit_SESU3_2016_2022
omit_SESU3_2016_2022__tree_cover_loss,tree_cover_loss,Neither actor dominant minus Militia dominant,0.0774295554599533,0.387717688677748,-0.682483150517547,0.837342261437453,1.08050611402131,directly_matched,tau025,10,inverse_variance,primary,0,SESU3_2016_2022,final_robustness_v1,43e09c19323d23af085aacc87203ea5b799c83fe,omit_SESU3_2016_2022
omit_SESU3_2016_2022__tree_cover_loss,tree_cover_loss,Neither actor dominant minus Park dominant,0.42561464788346,0.339617030869902,-0.240022501157976,1.0912517969249,1.53053086817012,directly_matched,tau025,10,inverse_variance,primary,0,SESU3_2016_2022,final_robustness_v1,43e09c19323d23af085aacc87203ea5b799c83fe,omit_SESU3_2016_2022
omit_SESU3_2016_2022__tree_cover_loss,tree_cover_loss,Militia dominant minus Park dominant,0.348185092423507,0.405556883400095,-0.44669179272299,1.14306197757,1.41649440786037,directly_matched,tau025,10,inverse_variance,primary,0,SESU3_2016_2022,final_robustness_v1,43e09c19323d23af085aacc87203ea5b799c83fe,omit_SESU3_2016_2022
omit_SESU3_2016_2022__agriculture,agriculture,Neither actor dominant minus Militia dominant,0.0672584881368763,0.291563796018026,-0.504196051254237,0.63871302752799,1.06957191409669,directly_matched,tau025,10,inverse_variance,primary,0,SESU3_2016_2022,final_robustness_v1,43e09c19323d23af085aacc87203ea5b799c83fe,omit_SESU3_2016_2022
omit_SESU3_2016_2022__agriculture,agriculture,Neither actor dominant minus Park dominant,0.644841296255346,0.320427064634371,0.0168157899000917,1.2728668026106,1.90568456599478,directly_matched,tau025,10,inverse_variance,primary,0,SESU3_2016_2022,final_robustness_v1,43e09c19323d23af085aacc87203ea5b799c83fe,omit_SESU3_2016_2022
omit_SESU3_2016_2022__agriculture,agriculture,Militia dominant minus Park dominant,0.57758280811847,0.227354956678323,0.131975281322292,1.02319033491465,1.78172644670109,directly_matched,tau025,10,inverse_variance,primary,0,SESU3_2016_2022,final_robustness_v1,43e09c19323d23af085aacc87203ea5b799c83fe,omit_SESU3_2016_2022
